offer_id,loyalty_offer_id,offer_type,offer_cash_amount,offer_discount_type,offer_discount_value,offer_partner_id,offer_partner_en,offer_category,offer_gov_primary,offer_gov_set,offer_area_primary,is_waffarha,gift_description,gift_start_date,gift_end_date,gift_customer_price,gtype_discount_voucher,gtype_purchase_voucher,gtype_cash_voucher,gtype_waffarha,gtype_discount_code,cat_food_beverages,cat_health_beauty,cat_travel_hotels,cat_fashion_footwear,cat_gifts,cat_online,cat_services,cat_electronics,cat_groceries,cat_clinics,cat_hospitals,cat_laboratories,cat_telehealth,cat_pharmacies,cat_optics,cat_gaming,cat_entertainment,cat_jewelry_watches,cat_household,cat_books_stationery,cat_bosta,cat_retail_services,cat_startup,cat_transportation,dtype_percentage,dtype_fixed,dtype_unknown,discount_value_norm,cash_amount_norm,popularity,popularity_norm,offer_redemption_rate,offer_purchase_rate,signal_quality
OFFER_0463,6152,DISCOUNT_VOUCHER,0.0,PERCENTAGE,30.0,87103.0,Elmenus,Food & Beverages,NATIONWIDE,,NATIONWIDE,0,Discount 30.0 %  On Any Product  From Elmenus,2022-06-23 00:00:00,2022-08-31 00:00:00,0.0,1,0,0,0,0,1,0,0,0,0,0,0,0,0,0,0,0,0,0,0,0,0,0,0,0,0,0,0,0,1,0,0,0.06451612903225806,0.0,4.0,3.221580292519491e-05,0.0,0.0,0
OFFER_0753,5555,PURCHASE_VOUCHER,1000.0,FIXED,0.0,110052.0,Greleaves,Health & Beauty,Cairo,Cairo|Matruh,مصر الجديدة,0,Purchase Voucher 1000.0 EGP From Green Leaves,2022-08-04 00:00:00,2023-07-31 00:00:00,1000.0,0,1,0,0,0,0,1,0,0,0,0,0,0,0,0,0,0,0,0,0,0,0,0,0,0,0,0,0,0,0,1,0,0.0,0.08333333333333333,1.0,0.0,0.0,0.0,0
OFFER_0856,5602,DISCOUNT_VOUCHER,0.0,PERCENTAGE,5.0,110102.0,Green Sudr,Travel & Hotels,South Sinai,South Sinai|Cairo,مصر الجديدة,0,Discount 5.0 %  On Any Product  From Green Sudr,2022-08-04 00:00:00,2023-07-31 00:00:00,0.0,1,0,0,0,0,0,0,1,0,0,0,0,0,0,0,0,0,0,0,0,0,0,0,0,0,0,0,0,0,1,0,0,0.010752688172043012,0.0,3.0,2.1477201950129936e-05,0.0,0.0,0
OFFER_1312,5604,PURCHASE_VOUCHER,500.0,FIXED,0.0,110102.0,Green Sudr,Travel & Hotels,South Sinai,South Sinai|Cairo,مصر الجديدة,0,Purchase Voucher 500.0 EGP From Green Sudr,2022-08-04 00:00:00,2023-07-31 00:00:00,500.0,0,1,0,0,0,0,0,1,0,0,0,0,0,0,0,0,0,0,0,0,0,0,0,0,0,0,0,0,0,0,1,0,0.0,0.041666666666666664,5.0,4.295440390025987e-05,0.0,0.0,0
OFFER_1285,5805,PURCHASE_VOUCHER,2000.0,FIXED,0.0,80064.0,TRIPTANZA,Travel & Hotels,Cairo,Cairo,مدينة نصر,0,Purchase Voucher 2000.0 EGP From TRIPTANZA,2022-08-07 00:00:00,2024-03-31 00:00:00,2000.0,0,1,0,0,0,0,0,1,0,0,0,0,0,0,0,0,0,0,0,0,0,0,0,0,0,0,0,0,0,0,1,0,0.0,0.16666666666666666,2.0,1.0738600975064968e-05,0.0,0.0,0
OFFER_0037,6004,PURCHASE_VOUCHER,1000.0,FIXED,0.0,122308.0,Levis,Fashion & Footwear,Giza,Giza|Cairo,وسط البلد,0,Purchase Voucher 1000.0 EGP From Ra-Levis,2022-08-22 00:00:00,2023-12-31 00:00:00,1000.0,0,1,0,0,0,0,0,0,1,0,0,0,0,0,0,0,0,0,0,0,0,0,0,0,0,0,0,0,0,0,1,0,0.0,0.08333333333333333,2.0,1.0738600975064968e-05,0.0,0.0,0
OFFER_0842,6059,PURCHASE_VOUCHER,2000.0,FIXED,0.0,120334.0,Rockport,Fashion & Footwear,Alexandria,Alexandria|Giza|Cairo,وسط البلد,0,Purchase Voucher 2000.0 EGP From Ra-Rockport,2022-08-22 00:00:00,2023-12-31 00:00:00,2000.0,0,1,0,0,0,0,0,0,1,0,0,0,0,0,0,0,0,0,0,0,0,0,0,0,0,0,0,0,0,0,1,0,0.0,0.16666666666666666,7.0,6.443160585038982e-05,0.0,0.0,0
OFFER_1038,6153,PURCHASE_VOUCHER,400.0,FIXED,0.0,130455.0,Floward,Gifts,NATIONWIDE,,NATIONWIDE,0,Purchase Voucher 400.0 EGP From Floward,2022-08-23 00:00:00,2024-06-30 00:00:00,400.0,0,1,0,0,0,0,0,0,0,1,0,0,0,0,0,0,0,0,0,0,0,0,0,0,0,0,0,0,0,0,1,0,0.0,0.03333333333333333,1.0,0.0,0.0,0.0,0
OFFER_0966,6203,DISCOUNT_VOUCHER,0.0,PERCENTAGE,10.0,13952.0,Noon,Online,NATIONWIDE,,NATIONWIDE,0,Discount 10.0 %  On Any Product  From Noon,2022-08-31 00:00:00,2022-09-29 00:00:00,0.0,1,0,0,0,0,0,0,0,0,0,1,0,0,0,0,0,0,0,0,0,0,0,0,0,0,0,0,0,0,1,0,0,0.021505376344086023,0.0,2.0,1.0738600975064968e-05,0.0,0.0,0
OFFER_0986,6802,DISCOUNT_VOUCHER,0.0,PERCENTAGE,15.0,132406.0,Two Spoons,Food & Beverages,Cairo,Cairo,القاهرة الجديدة,0,Discount 15.0 %  On Any Product  From Two Spoons,2022-10-17 00:00:00,2024-10-10 00:00:00,0.0,1,0,0,0,0,1,0,0,0,0,0,0,0,0,0,0,0,0,0,0,0,0,0,0,0,0,0,0,0,1,0,0,0.03225806451612903,0.0,1.0,0.0,0.0,0.0,0
OFFER_1243,7053.0,DISCOUNT_VOUCHER,0.0,PERCENTAGE,10.0,128509.0,Delsey,Fashion & Footwear,Alexandria,Alexandria|Giza|Cairo,النزهة,0,Discount 10.0 %  On Any Product  From Delsey,2024-01-15 00:00:00,2025-12-31 00:00:00,0.0,1,0,0,0,0,0,0,0,1,0,0,0,0,0,0,0,0,0,0,0,0,0,0,0,0,0,0,0,0,1,0,0,0.021505376344086023,0.0,539.0,0.005777367324584953,0.0,1.0,1
OFFER_0211,7303,DISCOUNT_VOUCHER,0.0,PERCENTAGE,15.0,114381.0,Anfasic Otour,Health & Beauty,Sharqia,Sharqia|Minya|Dakahlia|Gharbia|Alexandria|Asyut|Qalyubia|Giza|Cairo|Beni Suef,المنتزة اول,0,Discount 15.0 %  On Any Product  From Anfasic Otour,2022-11-17 00:00:00,2023-11-30 00:00:00,0.0,1,0,0,0,0,0,1,0,0,0,0,0,0,0,0,0,0,0,0,0,0,0,0,0,0,0,0,0,0,1,0,0,0.03225806451612903,0.0,1.0,0.0,0.0,0.0,0
OFFER_1001,8002,DISCOUNT_VOUCHER,0.0,PERCENTAGE,25.0,147402.0,Kenzz,Online,NATIONWIDE,,NATIONWIDE,0,Discount 25.0 %  On Any Product  From Kenzz,2023-02-01 00:00:00,2023-02-28 00:00:00,0.0,1,0,0,0,0,0,0,0,0,0,1,0,0,0,0,0,0,0,0,0,0,0,0,0,0,0,0,0,0,1,0,0,0.053763440860215055,0.0,1.0,0.0,0.0,0.0,0
OFFER_1191,8553.0,DISCOUNT_VOUCHER,0.0,PERCENTAGE,10.0,7980.0,NOLA,Food & Beverages,Port Said,Port Said|Sharqia|Dakahlia|Alexandria|Asyut|Giza|Cairo|Suez,السويس,0,Discount 10.0 %  On Any Product  From NOLA,2024-02-19 00:00:00,2025-12-31 00:00:00,0.0,1,0,0,0,0,1,0,0,0,0,0,0,0,0,0,0,0,0,0,0,0,0,0,0,0,0,0,0,0,1,0,0,0.021505376344086023,0.0,286.0,0.003060501277893516,0.007042253521126761,0.9929577464788732,2
OFFER_0486,8555,DISCOUNT_VOUCHER,0.0,PERCENTAGE,10.0,102015.0,Gabys,Food & Beverages,Giza,Giza|Cairo,القاهرة الجديدة,0,Discount 10.0 %  On Any Product  From Gabys,2023-03-23 00:00:00,2023-12-31 00:00:00,0.0,1,0,0,0,0,1,0,0,0,0,0,0,0,0,0,0,0,0,0,0,0,0,0,0,0,0,0,0,0,1,0,0,0.021505376344086023,0.0,2.0,1.0738600975064968e-05,0.0,0.0,0
OFFER_0855,8953.0,DISCOUNT_VOUCHER,0.0,PERCENTAGE,10.0,86053.0,Abu Auf,Food & Beverages,Port Said,Port Said|Sharqia|South Sinai|Minya|Dakahlia|Damietta|Gharbia|Red Sea|Alexandria|Asyut|Giza|Cairo|Suez,السويس,0,Discount 10.0 %  On Any Product  From Abu Auf,2024-01-09 00:00:00,2024-12-31 00:00:00,0.0,1,0,0,0,0,1,0,0,0,0,0,0,0,0,0,0,0,0,0,0,0,0,0,0,0,0,0,0,0,1,0,0,0.021505376344086023,0.0,1.0,0.0,0.0,1.0,1
OFFER_0087,9102,DISCOUNT_VOUCHER,0.0,PERCENTAGE,12.0,17952.0,Abou Shakra,Food & Beverages,Asyut,Asyut|Giza|Cairo,وسط البلد,0,Discount 12.0 %  On Any Product  From Abo Shakra,2023-05-03 00:00:00,2023-06-30 00:00:00,0.0,1,0,0,0,0,1,0,0,0,0,0,0,0,0,0,0,0,0,0,0,0,0,0,0,0,0,0,0,0,1,0,0,0.025806451612903226,0.0,1.0,0.0,0.0,0.0,0
OFFER_0313,17702,DISCOUNT_VOUCHER,0.0,PERCENTAGE,5.0,107002.0,Laser Gallery,Gifts,Cairo,Cairo,القاهرة الجديدة,0,Discount 5.0 %  On Any Product  From Laser Gallery,2023-12-31 00:00:00,2025-12-31 00:00:00,0.0,1,0,0,0,0,0,0,0,0,1,0,0,0,0,0,0,0,0,0,0,0,0,0,0,0,0,0,0,0,1,0,0,0.010752688172043012,0.0,25137.0,0.26992547410923307,0.0,0.0,0
OFFER_0620,9654,DISCOUNT_VOUCHER,0.0,PERCENTAGE,12.0,85008.0,4LEVEL1,Services,Dakahlia,Dakahlia|Alexandria|Giza|Cairo,المعادى,0,Discount 12.0 %  On Any Product  From 4LEVEL1,2023-07-19 00:00:00,2023-12-31 00:00:00,0.0,1,0,0,0,0,0,0,0,0,0,0,1,0,0,0,0,0,0,0,0,0,0,0,0,0,0,0,0,0,1,0,0,0.025806451612903226,0.0,1.0,0.0,0.0,0.0,0
OFFER_0873,9802,PURCHASE_VOUCHER,500.0,FIXED,0.0,151453.0,Talabat,Food & Beverages,NATIONWIDE,,NATIONWIDE,0,Purchase Voucher 500.0 EGP From Talabat,2023-08-10 00:00:00,2024-07-17 00:00:00,500.0,0,1,0,0,0,1,0,0,0,0,0,0,0,0,0,0,0,0,0,0,0,0,0,0,0,0,0,0,0,0,1,0,0.0,0.041666666666666664,1.0,0.0,0.0,0.0,0
OFFER_0145,9952.0,DISCOUNT_VOUCHER,0.0,PERCENTAGE,15.0,90014.0,Zacks,Food & Beverages,Port Said,Port Said|Sharqia|South Sinai|Damietta|Gharbia|Alexandria|Sohag|Giza|Cairo|Beni Suef|Suez,السويس,0,Discount 15 %  On Any Product  From Zack's,2024-01-09 00:00:00,2025-12-31 00:00:00,0.0,1,0,0,0,0,1,0,0,0,0,0,0,0,0,0,0,0,0,0,0,0,0,0,0,0,0,0,0,0,1,0,0,0.03225806451612903,0.0,5334.0,0.05726895900002148,0.0,1.0,1
OFFER_0983,10004,PURCHASE_VOUCHER,1.0,FIXED,0.0,70052.0,Adham Ali,Electronics,Aswan,Aswan|Ismailia|Alexandria|Sohag|Giza|Cairo|Suez,وسط البلد,0,Cash voucher 1 EGP,2023-09-26 00:00:00,2023-09-30 00:00:00,1.0,0,1,0,0,0,0,0,0,0,0,0,0,1,0,0,0,0,0,0,0,0,0,0,0,0,0,0,0,0,0,1,0,0.0,8.333333333333333e-05,1.0,0.0,0.0,0.0,0
OFFER_0990,15609.0,DISCOUNT_VOUCHER,0.0,PERCENTAGE,5.0,163502.0,Elkhadawy,Groceries ,Cairo,Cairo,مدينتى,0,Enjoy 5% discount on Alkhedewy market products except Milk,2024-02-07 00:00:00,2025-12-31 00:00:00,0.0,1,0,0,0,0,0,0,0,0,0,0,0,0,1,0,0,0,0,0,0,0,0,0,0,0,0,0,0,0,1,0,0,0.010752688172043012,0.0,2363.0,0.025364575503103455,0.0,0.9995670995670995,1
OFFER_0401,15659.0,DISCOUNT_VOUCHER,0.0,PERCENTAGE,10.0,165452.0,AlFagala,Services,Qalyubia,Qalyubia|Giza|Cairo,القناطر الخيرية,0,Enjoy 10% discount from Alfagala,2024-02-07 00:00:00,2025-12-31 00:00:00,0.0,1,0,0,0,0,0,0,0,0,0,0,1,0,0,0,0,0,0,0,0,0,0,0,0,0,0,0,0,0,1,0,0,0.021505376344086023,0.0,20552.0,0.22068898863856018,5.1950750688347444e-05,0.16613850070133512,2
OFFER_0272,15658.0,DISCOUNT_VOUCHER,0.0,PERCENTAGE,15.0,165453.0,Fix Hub,Services,Giza,Giza,مدينة 6 اكتوبر,0,Enjoy 15% discount from Fix hub on plumbing services,2024-02-08 00:00:00,2025-12-31 00:00:00,0.0,1,0,0,0,0,0,0,0,0,0,0,1,0,0,0,0,0,0,0,0,0,0,0,0,0,0,0,0,0,1,0,0,0.03225806451612903,0.0,9688.0,0.10402482764545436,0.0,0.13973517063193025,1
OFFER_0495,11204.0,DISCOUNT_VOUCHER,0.0,PERCENTAGE,10.0,174452.0,TASAHEL,Services,Giza,Giza,فيصل,0,Discount 10% from Tasaheel on all services except flight tickets,2024-04-03 00:00:00,2025-03-31 00:00:00,0.0,1,0,0,0,0,0,0,0,0,0,0,1,0,0,0,0,0,0,0,0,0,0,0,0,0,0,0,0,0,1,0,0,0.021505376344086023,0.0,958.0,0.010276841133137175,0.0,1.0,1
OFFER_0740,13452.0,DISCOUNT_VOUCHER,0.0,PERCENTAGE,20.0,175452.0,Dr Nahed Samir Clinic - Ladies Only,Health & Beauty,Cairo,Cairo,القاهرة الجديدة,0,Discount 20% on all services,2024-04-08 00:00:00,2025-12-31 00:00:00,0.0,1,0,0,0,0,0,1,0,0,0,0,0,0,0,0,0,0,0,0,0,0,0,0,0,0,0,0,0,0,1,0,0,0.043010752688172046,0.0,3677.0,0.03947509718433882,0.0,0.899023709902371,1
OFFER_1249,11655.0,DISCOUNT_VOUCHER,0.0,PERCENTAGE,60.0,181507.0,DAWI CLINIC,Clinics ,Sharqia,Sharqia|Dakahlia|Gharbia|Alexandria|Asyut|Qalyubia|Giza|Cairo|Monufia|Faiyum|Beni Suef|Suez,السويس,0,"Just pay 200 EGP for consultation at Dawy clinics for all available specialties. 
•	Pediatrics and Neonatology
•	Obstetrics and Gynecology
•	Orthopedics
•	ENT (Ear, Nose, and Throat)
•	Dermatology
•	Psychiatry and Neurology
•	General Internal Medicine
•	All services of dentistry and oral surgery.",2024-07-30 00:00:00,2030-08-31 00:00:00,0.0,1,0,0,0,0,0,0,0,0,0,0,0,0,0,1,0,0,0,0,0,0,0,0,0,0,0,0,0,0,1,0,0,0.12903225806451613,0.0,67.0,0.000708747664354288,0.0,0.7419354838709677,1
OFFER_0020,11654.0,DISCOUNT_VOUCHER,0.0,PERCENTAGE,40.0,183458.0,City Clinic,Clinics ,Cairo,Cairo,المعادى,0,Enjoy exclusive discounts on outpatient clinics in our medical network providers when you pay with your yellowcard.,2024-08-21 00:00:00,2030-08-31 00:00:00,0.0,1,0,0,0,0,0,0,0,0,0,0,0,0,0,1,0,0,0,0,0,0,0,0,0,0,0,0,0,0,1,0,0,0.08602150537634409,0.0,16.0,0.00016107901462597454,0.0,0.875,1
OFFER_0893,11605.0,DISCOUNT_VOUCHER,0.0,PERCENTAGE,40.0,183455.0,Elgezeera,Hospitals ,Giza,Giza,فيصل,0,"* In case you need surgery, you can utilize your annual medical coverage limit at any of our network hospitals.
* Maternity is covered under Solo pro and Family plans for up to 6,000 EGP 
* For surgeries performed outside the network, a cash reimbursement system will be applied.",2024-08-21 00:00:00,2030-08-31 00:00:00,0.0,1,0,0,0,0,0,0,0,0,0,0,0,0,0,0,1,0,0,0,0,0,0,0,0,0,0,0,0,0,1,0,0,0.08602150537634409,0.0,2.0,1.0738600975064968e-05,0.0,1.0,1
OFFER_1324,11604.0,DISCOUNT_VOUCHER,0.0,PERCENTAGE,40.0,183454.0,Al Akkad,Hospitals ,Cairo,Cairo,المعادى,0,"* In case you need surgery, you can utilize your annual medical coverage limit at any of our network hospitals.
* Maternity is covered under Solo pro and Family plans for up to 6,000 EGP 
* For surgeries performed outside the network, a cash reimbursement system will be applied.",2024-08-21 00:00:00,2030-08-31 00:00:00,0.0,1,0,0,0,0,0,0,0,0,0,0,0,0,0,0,1,0,0,0,0,0,0,0,0,0,0,0,0,0,1,0,0,0.08602150537634409,0.0,3.0,2.1477201950129936e-05,0.0,1.0,1
OFFER_0494,11659.0,DISCOUNT_VOUCHER,0.0,PERCENTAGE,50.0,183457.0,NSALABS,Laboratories,Giza,Giza|Cairo,عابدين,0,Enjoy exclusive discounts on laboratories and scans in our medical network providers when you pay with your yellowcard. ,2024-08-21 00:00:00,2030-08-31 00:00:00,0.0,1,0,0,0,0,0,0,0,0,0,0,0,0,0,0,0,1,0,0,0,0,0,0,0,0,0,0,0,0,1,0,0,0.10752688172043011,0.0,8.0,7.517020682545478e-05,0.0,1.0,1
OFFER_0479,11656.0,DISCOUNT_VOUCHER,0.0,PERCENTAGE,30.0,183478.0,ELBORG,Laboratories,Port Said,Port Said|Sharqia|Aswan|Dakahlia|Ismailia|Red Sea|Damietta|Asyut|Alexandria|Sohag|Beheira|New Valley|Faiyum|Luxor|Suez|Minya|Gharbia|North Coast|Giza|Cairo|Qalyubia|Qena|Matruh|Kafr El Sheikh|Monufia|Beni Suef,السويس,0,Enjoy exclusive discounts on laboratories and scans in our medical network providers when you pay with your yellowcard. ,2024-08-22 00:00:00,2030-08-31 00:00:00,0.0,1,0,0,0,0,0,0,0,0,0,0,0,0,0,0,0,1,0,0,0,0,0,0,0,0,0,0,0,0,1,0,0,0.06451612903225806,0.0,135.0,0.0014389725306587057,0.0,0.8549618320610687,1
OFFER_1199,11652.0,DISCOUNT_VOUCHER,0.0,PERCENTAGE,30.0,183475.0,ALMOKHTBR Lab,Laboratories,Aswan,Aswan|Sharqia|Port Said|Dakahlia|Ismailia|Red Sea|Damietta|Asyut|Alexandria|Sohag|Beheira|New Valley|Faiyum|Luxor|Suez|Minya|Gharbia|Qalyubia|Giza|Cairo|Matruh|Qena|North Coast|Kafr El Sheikh|Monufia|Beni Suef,منيا القمح,0,Enjoy exclusive discounts on laboratories and scans in our medical network providers when you pay with your yellowcard.,2024-08-22 00:00:00,2030-08-31 00:00:00,0.0,1,0,0,0,0,0,0,0,0,0,0,0,0,0,0,0,1,0,0,0,0,0,0,0,0,0,0,0,0,1,0,0,0.06451612903225806,0.0,385.0,0.004123622774424948,0.0,0.7313829787234043,1
OFFER_0724,11653.0,DISCOUNT_VOUCHER,0.0,PERCENTAGE,30.0,183456.0,Borg Scan,Laboratories,Giza,Giza,فيصل,0,Enjoy exclusive discounts on laboratories and scans in our medical network providers when you pay with your yellowcard.,2024-08-22 00:00:00,2030-08-31 00:00:00,0.0,1,0,0,0,0,0,0,0,0,0,0,0,0,0,0,0,1,0,0,0,0,0,0,0,0,0,0,0,0,1,0,0,0.06451612903225806,0.0,69.0,0.0007302248663044179,0.0,0.9117647058823529,1
OFFER_0395,11661.0,DISCOUNT_VOUCHER,0.0,PERCENTAGE,30.0,183459.0,Al Shams Labs,Laboratories,Alexandria,Alexandria,الهانوفيل,0,Enjoy exclusive discounts on laboratories and scans in our medical network providers when you pay with your yellowcard.,2024-08-22 00:00:00,2030-08-31 00:00:00,0.0,1,0,0,0,0,0,0,0,0,0,0,0,0,0,0,0,1,0,0,0,0,0,0,0,0,0,0,0,0,1,0,0,0.06451612903225806,0.0,20.0,0.0002040334185262344,0.0,0.7894736842105263,1
OFFER_1129,11657.0,DISCOUNT_VOUCHER,0.0,PERCENTAGE,30.0,183479.0,NILE LABS,Laboratories,Gharbia,Gharbia|Alexandria|Giza|Cairo|Matruh|Kafr El Sheikh,عابدين,0,Enjoy exclusive discounts on laboratories and scans in our medical network providers when you pay with your yellowcard. ,2024-08-22 00:00:00,2030-08-31 00:00:00,0.0,1,0,0,0,0,0,0,0,0,0,0,0,0,0,0,0,1,0,0,0,0,0,0,0,0,0,0,0,0,1,0,0,0.06451612903225806,0.0,9.0,8.590880780051974e-05,0.0,0.8888888888888888,1
OFFER_0636,11658.0,DISCOUNT_VOUCHER,0.0,PERCENTAGE,30.0,183480.0,NILE SCAN,Laboratories,Giza,Giza|Cairo,القاهرة الجديدة,0,Enjoy exclusive discounts on laboratories and scans in our medical network providers when you pay with your yellowcard. ,2024-08-22 00:00:00,2030-08-31 00:00:00,0.0,1,0,0,0,0,0,0,0,0,0,0,0,0,0,0,0,1,0,0,0,0,0,0,0,0,0,0,0,0,1,0,0,0.06451612903225806,0.0,13.0,0.00012886321170077963,0.0,0.7692307692307693,1
OFFER_0715,11702.0,DISCOUNT_VOUCHER,0.0,PERCENTAGE,100.0,186456.0,Al- Tibbi,Telehealth,NATIONWIDE,,NATIONWIDE,0,Access a virtual clinic 24/7 with our teleconsultation services. 24/7 with highly trained and qualified doctors to answer all your medical inquiries and perform online examination.,2024-09-11 00:00:00,2030-08-30 00:00:00,0.0,1,0,0,0,0,0,0,0,0,0,0,0,0,0,0,0,0,1,0,0,0,0,0,0,0,0,0,0,0,1,0,0,0.21505376344086022,0.0,150.0,0.0016000515452846804,0.0,0.9793103448275862,1
OFFER_1240,11703.0,DISCOUNT_VOUCHER,0.0,PERCENTAGE,15.0,186460.0,Chefaa,Pharmacies  ,NATIONWIDE,,NATIONWIDE,0,"You will buy local and imported medications, as well as all your pharmacy needs such as beauty, care, and baby products, with coverage of up to 15%",2024-09-11 00:00:00,2030-08-30 00:00:00,0.0,1,0,0,0,0,0,0,0,0,0,0,0,0,0,0,0,0,0,1,0,0,0,0,0,0,0,0,0,0,1,0,0,0.03225806451612903,0.0,79.0,0.0008376108760550676,0.0,0.9459459459459459,1
OFFER_0582,11902.0,DISCOUNT_VOUCHER,0.0,PERCENTAGE,20.0,188510.0,Alexandria International Hospital,Hospitals ,Alexandria,Alexandria,سموحة,0,"* In case you need surgery, you can utilize your annual medical coverage limit at any of our network hospitals.
* Maternity is covered under Solo pro and Family plans for up to 6,000 EGP 
* For surgeries performed outside the network, a cash reimbursement system will be applied.",2024-10-13 00:00:00,2030-08-31 00:00:00,0.0,1,0,0,0,0,0,0,0,0,0,0,0,0,0,0,1,0,0,0,0,0,0,0,0,0,0,0,0,0,1,0,0,0.043010752688172046,0.0,10.0,9.664740877558472e-05,0.0,0.9,1
OFFER_0324,11953.0,DISCOUNT_VOUCHER,0.0,PERCENTAGE,10.0,188511.0,Arab Clinic for Surgery,Hospitals ,Dakahlia,Dakahlia|Qalyubia,شبين القناطر,0,"* In case you need surgery, you can utilize your annual medical coverage limit at any of our network hospitals.
* Maternity is covered under Solo pro and Family plans for up to 6,000 EGP 
* For surgeries performed outside the network, a cash reimbursement system will be applied.",2024-10-13 00:00:00,2030-08-31 00:00:00,0.0,1,0,0,0,0,0,0,0,0,0,0,0,0,0,0,1,0,0,0,0,0,0,0,0,0,0,0,0,0,1,0,0,0.021505376344086023,0.0,9.0,8.590880780051974e-05,0.0,0.75,1
OFFER_0506,11903.0,DISCOUNT_VOUCHER,0.0,FIXED,125.0,188512.0,Lady Care Hospital,Hospitals ,Beheira,Beheira,دمنهور,0,"* In case you need surgery, you can utilize your annual medical coverage limit at any of our network hospitals.
* Maternity is covered under Solo pro and Family plans for up to 6,000 EGP 
* For surgeries performed outside the network, a cash reimbursement system will be applied.",2024-10-13 00:00:00,2030-08-31 00:00:00,0.0,1,0,0,0,0,0,0,0,0,0,0,0,0,0,0,1,0,0,0,0,0,0,0,0,0,0,0,0,0,0,1,0,0.26881720430107525,0.0,29.0,0.0003006808273018191,0.0,0.896551724137931,1
OFFER_0151,11904.0,DISCOUNT_VOUCHER,0.0,PERCENTAGE,30.0,189452.0,Arafah Specialized Hospital,Hospitals ,Faiyum,Faiyum,الفيوم,0,"In case you need surgery, you can utilize your annual medical coverage limit at any of our network hospitals.
* Maternity is covered under Solo pro and Family plans for up to 6,000 EGP 
* For surgeries performed outside the network, a cash reimbursement system will be applied.",2024-10-13 00:00:00,2030-08-31 00:00:00,0.0,1,0,0,0,0,0,0,0,0,0,0,0,0,0,0,1,0,0,0,0,0,0,0,0,0,0,0,0,0,1,0,0,0.06451612903225806,0.0,11.0,0.00010738600975064969,0.0,0.9,1
OFFER_1217,11905.0,DISCOUNT_VOUCHER,0.0,PERCENTAGE,30.0,189453.0,Dar Al Hilal Hospital,Hospitals ,Minya,Minya,المنيا,0,"* In case you need surgery, you can utilize your annual medical coverage limit at any of our network hospitals.
* Maternity is covered under Solo pro and Family plans for up to 6,000 EGP 
* For surgeries performed outside the network, a cash reimbursement system will be applied.",2024-10-13 00:00:00,2030-08-31 00:00:00,0.0,1,0,0,0,0,0,0,0,0,0,0,0,0,0,0,1,0,0,0,0,0,0,0,0,0,0,0,0,0,1,0,0,0.06451612903225806,0.0,2.0,1.0738600975064968e-05,0.0,1.0,1
OFFER_0138,11906.0,DISCOUNT_VOUCHER,0.0,PERCENTAGE,30.0,189454.0,Fayoum International Hospital,Hospitals ,Faiyum,Faiyum,الفيوم,0,"* In case you need surgery, you can utilize your annual medical coverage limit at any of our network hospitals.
* Maternity is covered under Solo pro and Family plans for up to 6,000 EGP 
* For surgeries performed outside the network, a cash reimbursement system will be applied.",2024-10-13 00:00:00,2030-08-31 00:00:00,0.0,1,0,0,0,0,0,0,0,0,0,0,0,0,0,0,1,0,0,0,0,0,0,0,0,0,0,0,0,0,1,0,0,0.06451612903225806,0.0,5.0,4.295440390025987e-05,0.0,1.0,1
OFFER_1298,11907.0,DISCOUNT_VOUCHER,0.0,PERCENTAGE,15.0,189455.0,Upper Egypt Specialized Hospital,Hospitals ,Aswan,Aswan,كوم امبو,0,"* In case you need surgery, you can utilize your annual medical coverage limit at any of our network hospitals.
* Maternity is covered under Solo pro and Family plans for up to 6,000 EGP 
* For surgeries performed outside the network, a cash reimbursement system will be applied.",2024-10-13 00:00:00,2030-08-31 00:00:00,0.0,1,0,0,0,0,0,0,0,0,0,0,0,0,0,0,1,0,0,0,0,0,0,0,0,0,0,0,0,0,1,0,0,0.03225806451612903,0.0,5.0,4.295440390025987e-05,0.0,1.0,1
OFFER_0359,11908.0,DISCOUNT_VOUCHER,0.0,PERCENTAGE,10.0,189456.0,Al Badr Specialized Hospital,Hospitals ,Cairo,Cairo,مصر الجديدة,0,"* In case you need surgery, you can utilize your annual medical coverage limit at any of our network hospitals.
* Maternity is covered under Solo pro and Family plans for up to 6,000 EGP 
* For surgeries performed outside the network, a cash reimbursement system will be applied.",2024-10-14 00:00:00,2030-08-31 00:00:00,0.0,1,0,0,0,0,0,0,0,0,0,0,0,0,0,0,1,0,0,0,0,0,0,0,0,0,0,0,0,0,1,0,0,0.021505376344086023,0.0,6.0,5.3693004875324844e-05,0.0,0.8333333333333334,1
OFFER_1163,11952.0,DISCOUNT_VOUCHER,0.0,PERCENTAGE,10.0,189457.0,Shabrawishi Hospital,Hospitals ,Giza,Giza,الدقى,0,"* In case you need surgery, you can utilize your annual medical coverage limit at any of our network hospitals.
* Maternity is covered under Solo pro and Family plans for up to 6,000 EGP 
* For surgeries performed outside the network, a cash reimbursement system will be applied.",2024-10-14 00:00:00,2030-08-31 00:00:00,0.0,1,0,0,0,0,0,0,0,0,0,0,0,0,0,0,1,0,0,0,0,0,0,0,0,0,0,0,0,0,1,0,0,0.021505376344086023,0.0,10.0,9.664740877558472e-05,0.0,1.0,1
OFFER_0464,12104.0,DISCOUNT_VOUCHER,0.0,FIXED,125.0,191502.0,Abu ElHoul Hospital,Hospitals ,Giza,Giza,الهرم,0,"* In case you need surgery, you can utilize your annual medical coverage limit at any of our network hospitals.
* Maternity is covered under Solo pro and Family plans for up to 6,000 EGP 
* For surgeries performed outside the network, a cash reimbursement system will be applied.",2024-11-26 00:00:00,2030-08-31 00:00:00,0.0,1,0,0,0,0,0,0,0,0,0,0,0,0,0,0,1,0,0,0,0,0,0,0,0,0,0,0,0,0,0,1,0,0.26881720430107525,0.0,23.0,0.0002362492214514293,0.0,0.6956521739130435,1
OFFER_0531,12105.0,DISCOUNT_VOUCHER,0.0,FIXED,125.0,191503.0,Dar ElShefaa Hospital,Hospitals ,Kafr El Sheikh,Kafr El Sheikh,سيدى سالم,0,"* In case you need surgery, you can utilize your annual medical coverage limit at any of our network hospitals.
* Maternity is covered under Solo pro and Family plans for up to 6,000 EGP 
* For surgeries performed outside the network, a cash reimbursement system will be applied.",2024-11-26 00:00:00,2030-08-31 00:00:00,0.0,1,0,0,0,0,0,0,0,0,0,0,0,0,0,0,1,0,0,0,0,0,0,0,0,0,0,0,0,0,0,1,0,0.26881720430107525,0.0,9.0,8.590880780051974e-05,0.0,1.0,1
OFFER_1141,12106.0,DISCOUNT_VOUCHER,0.0,FIXED,125.0,191504.0,Okba Bin Nafea Hospital,Hospitals ,Alexandria,Alexandria,المنتزة ثانى,0,"* In case you need surgery, you can utilize your annual medical coverage limit at any of our network hospitals.
* Maternity is covered under Solo pro and Family plans for up to 6,000 EGP 
* For surgeries performed outside the network, a cash reimbursement system will be applied.",2024-11-26 00:00:00,2030-08-31 00:00:00,0.0,1,0,0,0,0,0,0,0,0,0,0,0,0,0,0,1,0,0,0,0,0,0,0,0,0,0,0,0,0,0,1,0,0.26881720430107525,0.0,22.0,0.00022551062047636433,0.0,0.9090909090909091,1
OFFER_1270,12107.0,DISCOUNT_VOUCHER,0.0,FIXED,125.0,191505.0,Vascular Hospital,Hospitals ,Alexandria,Alexandria,سموحة,0,"* In case you need surgery, you can utilize your annual medical coverage limit at any of our network hospitals.
* Maternity is covered under Solo pro and Family plans for up to 6,000 EGP 
* For surgeries performed outside the network, a cash reimbursement system will be applied.",2024-11-26 00:00:00,2030-08-31 00:00:00,0.0,1,0,0,0,0,0,0,0,0,0,0,0,0,0,0,1,0,0,0,0,0,0,0,0,0,0,0,0,0,0,1,0,0.26881720430107525,0.0,13.0,0.00012886321170077963,0.0,0.9230769230769231,1
OFFER_1233,12108.0,DISCOUNT_VOUCHER,0.0,FIXED,125.0,191506.0,Nour ElSherouk Hospital,Hospitals ,Cairo,Cairo,مدينة الشروق,0,"* In case you need surgery, you can utilize your annual medical coverage limit at any of our network hospitals.
* Maternity is covered under Solo pro and Family plans for up to 6,000 EGP 
* For surgeries performed outside the network, a cash reimbursement system will be applied.",2024-11-26 00:00:00,2030-08-31 00:00:00,0.0,1,0,0,0,0,0,0,0,0,0,0,0,0,0,0,1,0,0,0,0,0,0,0,0,0,0,0,0,0,0,1,0,0.26881720430107525,0.0,21.0,0.00021477201950129938,0.0,0.9047619047619048,1
OFFER_0434,12109.0,DISCOUNT_VOUCHER,0.0,FIXED,125.0,191507.0,Tadawi Hospital,Hospitals ,Kafr El Sheikh,Kafr El Sheikh,كفر الشيخ,0,"* In case you need surgery, you can utilize your annual medical coverage limit at any of our network hospitals.
* Maternity is covered under Solo pro and Family plans for up to 6,000 EGP 
* For surgeries performed outside the network, a cash reimbursement system will be applied.",2024-11-26 00:00:00,2030-08-31 00:00:00,0.0,1,0,0,0,0,0,0,0,0,0,0,0,0,0,0,1,0,0,0,0,0,0,0,0,0,0,0,0,0,0,1,0,0.26881720430107525,0.0,15.0,0.00015034041365090956,0.0,1.0,1
OFFER_0548,12110.0,DISCOUNT_VOUCHER,0.0,FIXED,125.0,191508.0,Dorra Hospital,Hospitals ,Monufia,Monufia,شبين الكوم,0,"* In case you need surgery, you can utilize your annual medical coverage limit at any of our network hospitals.
* Maternity is covered under Solo pro and Family plans for up to 6,000 EGP 
* For surgeries performed outside the network, a cash reimbursement system will be applied.",2024-11-26 00:00:00,2030-08-31 00:00:00,0.0,1,0,0,0,0,0,0,0,0,0,0,0,0,0,0,1,0,0,0,0,0,0,0,0,0,0,0,0,0,0,1,0,0.26881720430107525,0.0,17.0,0.0001718176156010395,0.0,1.0,1
OFFER_0952,,DISCOUNT_VOUCHER,0.0,FIXED,80.0,33954.0,Heart Attack,Food & Beverages,Cairo,Cairo,وسط البلد,0,كسبت من Heart Attack وجبة فوري ب 110 بدل من190ج,2024-12-05 00:00:00,2025-02-28 00:00:00,0.0,1,0,0,0,0,1,0,0,0,0,0,0,0,0,0,0,0,0,0,0,0,0,0,0,0,0,0,0,0,0,1,0,0.17204301075268819,0.0,294.0,0.0031464100856940357,1.0,0.1263537906137184,2
OFFER_0647,,DISCOUNT_VOUCHER,0.0,FIXED,101.0,177452.0,Kansas,Food & Beverages,Giza,Giza|Cairo,المعادى,0,كسبت من Kansas وجبة فوري ب 99 بدل من 200ج,2024-12-05 00:00:00,2025-02-28 00:00:00,0.0,1,0,0,0,0,1,0,0,0,0,0,0,0,0,0,0,0,0,0,0,0,0,0,0,0,0,0,0,0,0,1,0,0.2172043010752688,0.0,119.0,0.0012671549150576663,1.0,0.16666666666666666,2
OFFER_0572,,DISCOUNT_VOUCHER,0.0,FIXED,200.0,184455.0,Miami Center ,Electronics,Alexandria,Alexandria|Giza|Cairo,ميامى,0,مبروك كسبت خصم  200ج من فروع Maimi Center,2024-12-09 00:00:00,2025-01-15 00:00:00,0.0,1,0,0,0,0,0,0,0,0,0,0,0,1,0,0,0,0,0,0,0,0,0,0,0,0,0,0,0,0,0,1,0,0.43010752688172044,0.0,21.0,0.00021477201950129938,1.0,0.0,1
OFFER_0388,,DISCOUNT_VOUCHER,0.0,FIXED,30.0,177452.0,Kansas,Food & Beverages,Giza,Giza|Cairo,المعادى,0,كسبت من Kansas وجبة فوري ب 99 بدل من 200ج,2024-12-30 00:00:00,2025-01-31 00:00:00,0.0,1,0,0,0,0,1,0,0,0,0,0,0,0,0,0,0,0,0,0,0,0,0,0,0,0,0,0,0,0,0,1,0,0.06451612903225806,0.0,2.0,1.0738600975064968e-05,1.0,0.5,2
OFFER_0187,,DISCOUNT_VOUCHER,0.0,FIXED,150.0,51952.0,Coup,Fashion & Footwear,Port Said,Port Said|Sharqia|Dakahlia|Damietta|Red Sea|Alexandria|Sohag|Luxor|Gharbia|Qalyubia|Giza|Cairo|Monufia|Beni Suef,الاقصر,0,مبروك كسبت خصم 150ج من فروع Coup,2024-12-31 00:00:00,2025-01-31 00:00:00,0.0,1,0,0,0,0,0,0,0,1,0,0,0,0,0,0,0,0,0,0,0,0,0,0,0,0,0,0,0,0,0,1,0,0.3225806451612903,0.0,5.0,4.295440390025987e-05,1.0,0.0,1
OFFER_0660,,DISCOUNT_VOUCHER,0.0,FIXED,200.0,184455.0,Miami Center ,Electronics,Alexandria,Alexandria|Giza|Cairo,ميامى,0,مبروك كسبت خصم 200ج من فروع Maimi Center,2024-12-31 00:00:00,2025-01-31 00:00:00,0.0,1,0,0,0,0,0,0,0,0,0,0,0,1,0,0,0,0,0,0,0,0,0,0,0,0,0,0,0,0,0,1,0,0.43010752688172044,0.0,16.0,0.00016107901462597454,1.0,0.25,2
OFFER_1169,,DISCOUNT_VOUCHER,0.0,FIXED,80.0,33954.0,Heart Attack,Food & Beverages,Cairo,Cairo,وسط البلد,0,مبروك كسبت من  Heart Attack وجبه فوري ب 110 بدل من190ج,2025-01-01 00:00:00,2025-02-28 00:00:00,0.0,1,0,0,0,0,1,0,0,0,0,0,0,0,0,0,0,0,0,0,0,0,0,0,0,0,0,0,0,0,0,1,0,0.17204301075268819,0.0,485.0,0.005197482871931444,1.0,0.25591397849462366,2
OFFER_0972,,DISCOUNT_VOUCHER,0.0,FIXED,101.0,177452.0,Kansas,Food & Beverages,Giza,Giza|Cairo,المعادى,0,مبروك كسبت من Kansas وجبه فوري ب 99 بدل من 200ج,2025-01-01 00:00:00,2025-03-27 00:00:00,0.0,1,0,0,0,0,1,0,0,0,0,0,0,0,0,0,0,0,0,0,0,0,0,0,0,0,0,0,0,0,0,1,0,0.2172043010752688,0.0,232.0,0.0024806168252400076,1.0,0.25339366515837103,2
OFFER_1297,12202.0,DISCOUNT_VOUCHER,0.0,PERCENTAGE,10.0,190461.0,Defacto,Fashion & Footwear,NATIONWIDE,,NATIONWIDE,0,Use this code: “DF10FWRY” and pay with your yellow card at checkout.,2025-01-23 00:00:00,2025-02-28 00:00:00,0.0,1,0,0,0,0,0,0,0,1,0,0,0,0,0,0,0,0,0,0,0,0,0,0,0,0,0,0,0,0,1,0,0,0.021505376344086023,0.0,2272.0,0.024387362814372544,0.0,1.0,1
OFFER_0556,13054.0,DISCOUNT_VOUCHER,0.0,FIXED,100.0,190502.0,Jumia,Online,NATIONWIDE,,NATIONWIDE,0,Use this code: “O-FAWARYRM” and pay with your yellow card at checkout.,2025-03-01 00:00:00,2025-04-05 00:00:00,0.0,1,0,0,0,0,0,0,0,0,0,1,0,0,0,0,0,0,0,0,0,0,0,0,0,0,0,0,0,0,0,1,0,0.21505376344086022,0.0,10009.0,0.1074719185584502,0.0,1.0,1
OFFER_1247,12204.0,DISCOUNT_VOUCHER,0.0,PERCENTAGE,80.0,179504.0,BOWLINE,Fashion & Footwear,Dakahlia,Dakahlia|Giza|Cairo,المنصورة,0,Show the above QR code to the merchant to enjoy up to 80% off on your purchase from Bowline.,2025-01-26 00:00:00,2025-05-31 00:00:00,0.0,1,0,0,0,0,0,0,0,1,0,0,0,0,0,0,0,0,0,0,0,0,0,0,0,0,0,0,0,0,1,0,0,0.17204301075268819,0.0,21481.0,0.23066514894439552,0.002121855107608366,1.0,2
OFFER_0678,12266.0,DISCOUNT_VOUCHER,0.0,FIXED,25.0,86058.0,Cinnabon,Food & Beverages,Port Said,Port Said|Red Sea|Gharbia|Alexandria|Giza|Cairo,سان استيفانو,0,"Enjoy a warm, gooey Classic Roll paired with a rich, aromatic coffee—pure delight in every bite!",2025-02-04 00:00:00,2025-02-28 00:00:00,5.0,1,0,0,0,0,1,0,0,0,0,0,0,0,0,0,0,0,0,0,0,0,0,0,0,0,0,0,0,0,0,1,0,0.053763440860215055,0.0,6.0,5.3693004875324844e-05,0.0,1.0,1
OFFER_0108,12262.0,PURCHASE_VOUCHER,10.0,UNKNOWN,0.0,161452.0,Dejavu,Fashion & Footwear,Sharqia,Sharqia|Minya|Dakahlia|Red Sea|Gharbia|Alexandria|Asyut|Sohag|Qalyubia|Giza|Cairo|Monufia|Faiyum,المنتزة اول,0,test,2025-02-05 00:00:00,2025-02-28 00:00:00,10.0,0,1,0,0,0,0,0,0,1,0,0,0,0,0,0,0,0,0,0,0,0,0,0,0,0,0,0,0,0,0,0,1,0.0,0.0008333333333333334,1.0,0.0,0.0,1.0,1
OFFER_1061,12304.0,DISCOUNT_VOUCHER,0.0,FIXED,20.0,158452.0,Flyin,Travel & Hotels,NATIONWIDE,,NATIONWIDE,0,"Book the cheapest hotels & flight tickets online from Flyin.com ? We provide 450+ airlines & 3,20000+ hotels list worldwide ? ",2025-02-06 00:00:00,2025-02-28 00:00:00,10.0,1,0,0,0,0,0,0,1,0,0,0,0,0,0,0,0,0,0,0,0,0,0,0,0,0,0,0,0,0,0,1,0,0.043010752688172046,0.0,8.0,7.517020682545478e-05,0.0,1.0,1
OFFER_0735,12352.0,DISCOUNT_VOUCHER,0.0,FIXED,5.0,161452.0,Dejavu,Fashion & Footwear,Sharqia,Sharqia|Minya|Dakahlia|Red Sea|Gharbia|Alexandria|Asyut|Sohag|Qalyubia|Giza|Cairo|Monufia|Faiyum,المنتزة اول,0,test,2025-02-06 00:00:00,2025-02-28 00:00:00,5.0,1,0,0,0,0,0,0,0,1,0,0,0,0,0,0,0,0,0,0,0,0,0,0,0,0,0,0,0,0,0,1,0,0.010752688172043012,0.0,5.0,4.295440390025987e-05,0.0,1.0,1
OFFER_0418,12354.0,DISCOUNT_VOUCHER,0.0,PERCENTAGE,15.0,96004.0,Flowrista,Gifts,NATIONWIDE,,NATIONWIDE,0,Use code FawryGen15 and pay with your Yellow Card to get 15% off (up to 300 EGP) on Flowrista.,2025-02-09 00:00:00,2025-03-31 00:00:00,0.0,1,0,0,0,0,0,0,0,0,1,0,0,0,0,0,0,0,0,0,0,0,0,0,0,0,0,0,0,0,1,0,0,0.03225806451612903,0.0,1228.0,0.013176263396404717,0.0,1.0,1
OFFER_0882,12856.0,PURCHASE_VOUCHER,260.0,UNKNOWN,0.0,14952.0,Khair Zaman,Groceries ,Aswan,Aswan|Port Said|Sharqia|Dakahlia|Ismailia|Red Sea|Alexandria|Asyut|Sohag|Beheira|Luxor|Suez|Minya|Gharbia|Qalyubia|Giza|Cairo|Matruh|Qena|Monufia|Beni Suef,السويس,0,The Gift Card is non-refundable,2025-02-10 00:00:00,2025-02-28 00:00:00,260.0,0,1,0,0,0,0,0,0,0,0,0,0,0,1,0,0,0,0,0,0,0,0,0,0,0,0,0,0,0,0,0,1,0.0,0.021666666666666667,17.0,0.0001718176156010395,0.2,1.0,2
OFFER_0723,12855.0,PURCHASE_VOUCHER,175.0,UNKNOWN,0.0,14952.0,Khair Zaman,Groceries ,Aswan,Aswan|Port Said|Sharqia|Dakahlia|Ismailia|Red Sea|Alexandria|Asyut|Sohag|Beheira|Luxor|Suez|Minya|Gharbia|Qalyubia|Giza|Cairo|Matruh|Qena|Monufia|Beni Suef,السويس,0,The Gift Card is non-refundable,2025-02-10 00:00:00,2025-02-28 00:00:00,175.0,0,1,0,0,0,0,0,0,0,0,0,0,0,1,0,0,0,0,0,0,0,0,0,0,0,0,0,0,0,0,0,1,0.0,0.014583333333333334,39.0,0.0004080668370524688,0.2727272727272727,1.0,2
OFFER_0300,13053.0,DISCOUNT_VOUCHER,0.0,FIXED,100.0,155452.0,Rabbit,Groceries ,NATIONWIDE,,NATIONWIDE,0,Use code FW1 and pay with your Yellow Card to get 100 EGP off your first Rabbit order!,2025-02-12 00:00:00,2025-03-31 00:00:00,0.0,1,0,0,0,0,0,0,0,0,0,0,0,0,1,0,0,0,0,0,0,0,0,0,0,0,0,0,0,0,0,1,0,0.21505376344086022,0.0,3648.0,0.03916367775606194,0.0,0.9997103128621089,1
OFFER_0827,12504.0,DISCOUNT_VOUCHER,0.0,FIXED,100.0,91005.0,Breadfast,Food & Beverages,Giza,Giza|Cairo,عابدين,0,Use code BreadfastxFawry and pay with your Yellow Card to get 100 EGP off your first Breadfast order,2025-02-12 00:00:00,2025-04-05 00:00:00,0.0,1,0,0,0,0,1,0,0,0,0,0,0,0,0,0,0,0,0,0,0,0,0,0,0,0,0,0,0,0,0,1,0,0.21505376344086022,0.0,3736.0,0.04010867464186766,0.0,1.0,1
OFFER_0581,15607.0,DISCOUNT_VOUCHER,0.0,FIXED,22.0,193510.0,Batata,Food & Beverages,Giza,Giza,الدقى,0,Enjoy 22 EGP off on your purchase from Batata.,2025-02-12 00:00:00,2025-12-31 00:00:00,0.0,1,0,0,0,0,1,0,0,0,0,0,0,0,0,0,0,0,0,0,0,0,0,0,0,0,0,0,0,0,0,1,0,0.047311827956989246,0.0,9625.0,0.10334829578402525,0.0,0.36472119765675853,1
OFFER_0504,12505.0,DISCOUNT_VOUCHER,0.0,FIXED,60.0,185452.0,Aboullabn,Food & Beverages,Giza,Giza|Cairo,مدينة العبور,0,Show this QR at the store to enjoy 60 EGP off on your Bouquet of red roses food from Aboullaban.,2025-02-13 00:00:00,2025-02-28 00:00:00,0.0,1,0,0,0,0,1,0,0,0,0,0,0,0,0,0,0,0,0,0,0,0,0,0,0,0,0,0,0,0,0,1,0,0.12903225806451613,0.0,977.0,0.010480874551663409,0.0031185031185031187,1.0,2
OFFER_1307,12555.0,PURCHASE_VOUCHER,100.0,UNKNOWN,0.0,161452.0,Dejavu,Fashion & Footwear,Sharqia,Sharqia|Minya|Dakahlia|Red Sea|Gharbia|Alexandria|Asyut|Sohag|Qalyubia|Giza|Cairo|Monufia|Faiyum,المنتزة اول,0,test,2025-02-17 00:00:00,2025-02-28 00:00:00,,0,1,0,0,0,0,0,0,1,0,0,0,0,0,0,0,0,0,0,0,0,0,0,0,0,0,0,0,0,0,0,1,0.0,0.008333333333333333,1.0,0.0,0.0,1.0,1
OFFER_1308,15608.0,DISCOUNT_VOUCHER,0.0,PERCENTAGE,10.0,195502.0,Rockets,Food & Beverages,Qalyubia,Qalyubia|Cairo|Monufia,شبين القناطر,0,"Show this QR at the store. 
Enjoy 10% off on your purchase from Rockets",2025-02-18 00:00:00,2025-12-31 00:00:00,0.0,1,0,0,0,0,1,0,0,0,0,0,0,0,0,0,0,0,0,0,0,0,0,0,0,0,0,0,0,0,1,0,0,0.021505376344086023,0.0,47864.0,0.5139816584695346,0.001457520334759509,0.31802153368752645,2
OFFER_0677,12652.0,PURCHASE_VOUCHER,11.0,UNKNOWN,0.0,161452.0,Dejavu,Fashion & Footwear,Sharqia,Sharqia|Minya|Dakahlia|Red Sea|Gharbia|Alexandria|Asyut|Sohag|Qalyubia|Giza|Cairo|Monufia|Faiyum,المنتزة اول,0,.,2025-02-19 00:00:00,2025-02-28 00:00:00,10.99,0,1,0,0,0,0,0,0,1,0,0,0,0,0,0,0,0,0,0,0,0,0,0,0,0,0,0,0,0,0,0,1,0.0,0.0009166666666666666,1.0,0.0,0.0,1.0,1
OFFER_0323,12702.0,PURCHASE_VOUCHER,500.0,UNKNOWN,0.0,94003.0,Happy Vision,Optics,Alexandria,Alexandria|Giza|Cairo,سان استيفانو,0,The Gift Card is non-refundable.,2025-02-19 00:00:00,2025-12-31 00:00:00,500.0,0,1,0,0,0,0,0,0,0,0,0,0,0,0,0,0,0,0,0,1,0,0,0,0,0,0,0,0,0,0,0,1,0.0,0.041666666666666664,21.0,0.00021477201950129938,0.0,1.0,1
OFFER_0380,12654.0,DISCOUNT_VOUCHER,0.0,FIXED,10.0,86053.0,Abu Auf,Food & Beverages,Port Said,Port Said|Sharqia|South Sinai|Minya|Dakahlia|Damietta|Gharbia|Red Sea|Alexandria|Asyut|Giza|Cairo|Suez,السويس,0,test,2025-02-20 00:00:00,2025-02-28 00:00:00,10.0,1,0,0,0,0,1,0,0,0,0,0,0,0,0,0,0,0,0,0,0,0,0,0,0,0,0,0,0,0,0,1,0,0.021505376344086023,0.0,2.0,1.0738600975064968e-05,0.0,1.0,1
OFFER_1304,16253.0,PURCHASE_VOUCHER,250.0,UNKNOWN,0.0,197505.0,Cortefiel ,Fashion & Footwear,NATIONWIDE,,NATIONWIDE,0,The Gift Card is non-refundable.,2025-02-26 00:00:00,2025-12-31 00:00:00,250.0,0,1,0,0,0,0,0,0,1,0,0,0,0,0,0,0,0,0,0,0,0,0,0,0,0,0,0,0,0,0,0,1,0.0,0.020833333333333332,442.0,0.004735723030003651,0.0,1.0,1
OFFER_1037,12858.0,PURCHASE_VOUCHER,260.0,UNKNOWN,0.0,14952.0,Khair Zaman,Groceries ,Aswan,Aswan|Port Said|Sharqia|Dakahlia|Ismailia|Red Sea|Alexandria|Asyut|Sohag|Beheira|Luxor|Suez|Minya|Gharbia|Qalyubia|Giza|Cairo|Matruh|Qena|Monufia|Beni Suef,السويس,0,The Gift Card is non-refundable.,2025-02-26 00:00:00,2025-02-28 00:00:00,260.0,0,1,0,0,0,0,0,0,0,0,0,0,0,1,0,0,0,0,0,0,0,0,0,0,0,0,0,0,0,0,0,1,0.0,0.021666666666666667,5.0,4.295440390025987e-05,0.2,1.0,2
OFFER_0186,12857.0,PURCHASE_VOUCHER,175.0,UNKNOWN,0.0,14952.0,Khair Zaman,Groceries ,Aswan,Aswan|Port Said|Sharqia|Dakahlia|Ismailia|Red Sea|Alexandria|Asyut|Sohag|Beheira|Luxor|Suez|Minya|Gharbia|Qalyubia|Giza|Cairo|Matruh|Qena|Monufia|Beni Suef,السويس,0,The Gift Card is non-refundable.,2025-02-26 00:00:00,2025-02-28 00:00:00,175.0,0,1,0,0,0,0,0,0,0,0,0,0,0,1,0,0,0,0,0,0,0,0,0,0,0,0,0,0,0,0,0,1,0.0,0.014583333333333334,11.0,0.00010738600975064969,0.1,1.0,2
OFFER_0961,13002.0,PURCHASE_VOUCHER,100.0,UNKNOWN,0.0,197505.0,Cortefiel ,Fashion & Footwear,NATIONWIDE,,NATIONWIDE,0,The Gift Card is non-refundable.,2025-02-26 00:00:00,2025-12-31 00:00:00,,0,1,0,0,0,0,0,0,1,0,0,0,0,0,0,0,0,0,0,0,0,0,0,0,0,0,0,0,0,0,0,1,0.0,0.008333333333333333,52.0,0.0005476686497283134,0.0,1.0,1
OFFER_1131,16405.0,DISCOUNT_VOUCHER,0.0,PERCENTAGE,44.0,192502.0,CHUCK E CHEESE,Food & Beverages,Giza,Giza,قسم الشيخ زايد,0,Get a 1600 EGP balance and level up your gaming experience!,2025-02-26 00:00:00,2025-12-31 00:00:00,900.0,1,0,0,0,0,1,0,0,0,0,0,0,0,0,0,0,0,0,0,0,0,0,0,0,0,0,0,0,0,1,0,0,0.09462365591397849,0.0,7613.0,0.08174223062219454,0.0,0.0002737101409607226,1
OFFER_0633,16302.0,DISCOUNT_VOUCHER,0.0,FIXED,380.0,192502.0,CHUCK E CHEESE,Food & Beverages,Giza,Giza,قسم الشيخ زايد,0,Enjoy the perfect combo! A delicious medium pizza paired with crispy golden wedges and 3 soft drinks.,2025-02-27 00:00:00,2025-12-31 00:00:00,380.0,1,0,0,0,0,1,0,0,0,0,0,0,0,0,0,0,0,0,0,0,0,0,0,0,0,0,0,0,0,0,1,0,0.8172043010752689,0.0,8231.0,0.08837868602478469,0.00012738853503184712,0.001910828025477707,2
OFFER_0847,12956.0,DISCOUNT_VOUCHER,0.0,PERCENTAGE,10.0,198502.0,Sedra,Food & Beverages,Cairo,Cairo,القاهرة الجديدة,0,Pay with your Yellow Card at checkout on Sedra and enjoy a 10% discount,2025-03-02 00:00:00,2025-04-05 00:00:00,0.0,1,0,0,0,0,1,0,0,0,0,0,0,0,0,0,0,0,0,0,0,0,0,0,0,0,0,0,0,0,1,0,0,0.021505376344086023,0.0,4.0,3.221580292519491e-05,0.0,1.0,1
OFFER_0301,12953.0,DISCOUNT_VOUCHER,0.0,PERCENTAGE,10.0,176452.0,LAPOMME,Food & Beverages,Red Sea,Red Sea|Giza|Cairo,الغردقة,0,Indulge in your favorite desserts with 10% off at La pomme —just pay with your Yellow Card,2025-03-02 00:00:00,2025-04-05 00:00:00,0.0,1,0,0,0,0,1,0,0,0,0,0,0,0,0,0,0,0,0,0,0,0,0,0,0,0,0,0,0,0,1,0,0,0.021505376344086023,0.0,965.0,0.01035201133996263,0.0,1.0,1
OFFER_1253,12954.0,DISCOUNT_VOUCHER,0.0,FIXED,15.0,17992.0,TBS,Food & Beverages,Alexandria,Alexandria|Giza|Cairo,وسط البلد,0,"From Our Oven To Your Hearts, Explore Our Freshly Made Bakeries.",2025-03-02 00:00:00,2025-03-31 00:00:00,15.0,1,0,0,0,0,1,0,0,0,0,0,0,0,0,0,0,0,0,0,0,0,0,0,0,0,0,0,0,0,0,1,0,0.03225806451612903,0.0,1.0,0.0,0.0,1.0,1
OFFER_0439,12955.0,DISCOUNT_VOUCHER,0.0,PERCENTAGE,10.0,195502.0,Rockets,Food & Beverages,Qalyubia,Qalyubia|Cairo|Monufia,شبين القناطر,0,Enjoy 10% off your Rockets fried chicken —just pay with your Yellow Card,2025-03-03 00:00:00,2025-04-05 00:00:00,0.0,1,0,0,0,0,1,0,0,0,0,0,0,0,0,0,0,0,0,0,0,0,0,0,0,0,0,0,0,0,1,0,0,0.021505376344086023,0.0,68.0,0.0007194862653293529,0.0,1.0,1
OFFER_0894,12959.0,DISCOUNT_VOUCHER,0.0,PERCENTAGE,10.0,185452.0,Aboullabn,Food & Beverages,Giza,Giza|Cairo,مدينة العبور,0,Satisfy your sweet tooth with 10% off at Abouellaban—just pay with your Yellow Card,2025-03-02 00:00:00,2025-03-31 00:00:00,0.0,1,0,0,0,0,1,0,0,0,0,0,0,0,0,0,0,0,0,0,0,0,0,0,0,0,0,0,0,0,1,0,0,0.021505376344086023,0.0,143.0,0.0015248813384592256,0.0,1.0,1
OFFER_0932,12960.0,DISCOUNT_VOUCHER,0.0,PERCENTAGE,3.0,198503.0,El Madina El Monawara,Food & Beverages,NATIONWIDE,,NATIONWIDE,0,Sweeten your day with 3% off at El Madina El Monawara —just pay with your Yellow Card,2025-03-06 00:00:00,2025-04-05 00:00:00,0.0,1,0,0,0,0,1,0,0,0,0,0,0,0,0,0,0,0,0,0,0,0,0,0,0,0,0,0,0,0,1,0,0,0.0064516129032258064,0.0,7.0,6.443160585038982e-05,0.0,1.0,1
OFFER_1239,,DISCOUNT_VOUCHER,0.0,PERCENTAGE,10.0,198502.0,Sedra,Food & Beverages,Cairo,Cairo,القاهرة الجديدة,0,مبروك كسبت خصم 10%  على حلويات رمضان من سدرة بحد أدنى 1000ج  في فروع أرض الجولف وشارع 90 ,2025-03-12 00:00:00,2025-03-31 00:00:00,0.0,1,0,0,0,0,1,0,0,0,0,0,0,0,0,0,0,0,0,0,0,0,0,0,0,0,0,0,0,0,1,0,0,0.021505376344086023,0.0,1.0,0.0,1.0,0.0,1
OFFER_0367,13154.0,DISCOUNT_VOUCHER,0.0,FIXED,15.0,176453.0,WATCH IT,Online,NATIONWIDE,,NATIONWIDE,0,Subscribe now at a discounted price and enjoy all Ramadan series on Watch It!,2025-03-13 00:00:00,2025-03-31 00:00:00,15.0,1,0,0,0,0,0,0,0,0,0,1,0,0,0,0,0,0,0,0,0,0,0,0,0,0,0,0,0,0,0,1,0,0.03225806451612903,0.0,140.0,0.0014926655355340305,0.0,1.0,1
OFFER_0555,13156.0,DISCOUNT_VOUCHER,0.0,PERCENTAGE,25.0,200503.0,KOI,Food & Beverages,NATIONWIDE,,NATIONWIDE,0,Pay with your Yellow Card at Koi Sushi and get 25% off any Combo!,2025-03-17 00:00:00,2025-04-05 00:00:00,0.0,1,0,0,0,0,1,0,0,0,0,0,0,0,0,0,0,0,0,0,0,0,0,0,0,0,0,0,0,0,1,0,0,0.053763440860215055,0.0,334.0,0.0035759541246966346,0.0,1.0,1
OFFER_0092,13158.0,DISCOUNT_VOUCHER,0.0,PERCENTAGE,15.0,200512.0,ARYAF,Food & Beverages,Qalyubia,Qalyubia,مدينة العبور,0,Enjoy 15% off your favorite meals at Aryaf—just pay with your Yellow Card,2025-03-17 00:00:00,2025-03-31 00:00:00,0.0,1,0,0,0,0,1,0,0,0,0,0,0,0,0,0,0,0,0,0,0,0,0,0,0,0,0,0,0,0,1,0,0,0.03225806451612903,0.0,134.0,0.0014282339296836407,0.0,1.0,1
OFFER_1130,13157.0,DISCOUNT_VOUCHER,0.0,PERCENTAGE,10.0,200507.0,Tamys,Food & Beverages,NATIONWIDE,,NATIONWIDE,0,Pay with your Yellow Card at Tamy’s and get 10% off your order,2025-03-17 00:00:00,2025-04-05 00:00:00,0.0,1,0,0,0,0,1,0,0,0,0,0,0,0,0,0,0,0,0,0,0,0,0,0,0,0,0,0,0,0,1,0,0,0.021505376344086023,0.0,78.0,0.0008268722750800026,0.0,1.0,1
OFFER_1048,13155.0,DISCOUNT_VOUCHER,0.0,PERCENTAGE,10.0,200502.0,MAZAK,Food & Beverages,NATIONWIDE,,NATIONWIDE,0,Enjoy 10% off at Mazaq —just pay with your Yellow Card,2025-03-17 00:00:00,2025-04-05 00:00:00,0.0,1,0,0,0,0,1,0,0,0,0,0,0,0,0,0,0,0,0,0,0,0,0,0,0,0,0,0,0,0,1,0,0,0.021505376344086023,0.0,154.0,0.0016430059491849402,0.0,1.0,1
OFFER_0853,13202.0,DISCOUNT_VOUCHER,0.0,PERCENTAGE,15.0,200508.0,Fill Fino,Food & Beverages,NATIONWIDE,,NATIONWIDE,0,Pay with your Yellow Card at Fill Fino and get 15% off your order,2025-03-17 00:00:00,2025-03-31 00:00:00,0.0,1,0,0,0,0,1,0,0,0,0,0,0,0,0,0,0,0,0,0,0,0,0,0,0,0,0,0,0,0,1,0,0,0.03225806451612903,0.0,407.0,0.004359871995876377,0.0,1.0,1
OFFER_0415,13203.0,DISCOUNT_VOUCHER,0.0,PERCENTAGE,15.0,200509.0,BarsBay,Food & Beverages,NATIONWIDE,,NATIONWIDE,0,Treat yourself to 15% off on your favorite desserts at BarsBay Cairo—just pay with your Yellow Card,2025-03-17 00:00:00,2025-04-05 00:00:00,0.0,1,0,0,0,0,1,0,0,0,0,0,0,0,0,0,0,0,0,0,0,0,0,0,0,0,0,0,0,0,1,0,0,0.03225806451612903,0.0,209.0,0.0022336290028135133,0.0,1.0,1
OFFER_0558,13253.0,DISCOUNT_VOUCHER,0.0,PERCENTAGE,15.0,163552.0,Carina,Fashion & Footwear,NATIONWIDE,,NATIONWIDE,0,Pay with your Yellow Card on Carina’s app or website and get 15% off your order (Max discount: 200 EGP),2025-03-18 00:00:00,2025-04-05 00:00:00,0.0,1,0,0,0,0,0,0,0,1,0,0,0,0,0,0,0,0,0,0,0,0,0,0,0,0,0,0,0,0,1,0,0,0.03225806451612903,0.0,748.0,0.008021734928373532,0.0,1.0,1
OFFER_0869,13252.0,DISCOUNT_VOUCHER,0.0,PERCENTAGE,15.0,163504.0,Clue,Fashion & Footwear,NATIONWIDE,,NATIONWIDE,0,Pay with your Yellow Card on Clue’s app or website and get 15% off your order (Max discount: 200 EGP)!,2025-03-18 00:00:00,2025-04-05 00:00:00,0.0,1,0,0,0,0,0,0,0,1,0,0,0,0,0,0,0,0,0,0,0,0,0,0,0,0,0,0,0,0,1,0,0,0.03225806451612903,0.0,425.0,0.004553166813427547,0.0,1.0,1
OFFER_1320,13302.0,DISCOUNT_VOUCHER,0.0,PERCENTAGE,15.0,13952.0,Noon,Online,NATIONWIDE,,NATIONWIDE,0,Pay with your Yellow Card at NOON and get 15% off your order (Max discount: 100 EGP)!,2025-03-18 00:00:00,2025-03-21 00:00:00,0.0,1,0,0,0,0,0,0,0,0,0,1,0,0,0,0,0,0,0,0,0,0,0,0,0,0,0,0,0,0,1,0,0,0.03225806451612903,0.0,1685.0,0.01808380404200941,0.0,1.0,1
OFFER_0920,13303.0,DISCOUNT_VOUCHER,0.0,FIXED,47.0,200552.0,PUBG,Gaming,NATIONWIDE,,NATIONWIDE,0,Top up your PUBG Mobile with our voucher! Redeem UC for exclusive skins and more!,2025-03-18 00:00:00,2025-12-31 00:00:00,47.0,1,0,0,0,0,0,0,0,0,0,0,0,0,0,0,0,0,0,0,0,1,0,0,0,0,0,0,0,0,0,1,0,0.1010752688172043,0.0,150.0,0.0016000515452846804,0.0,1.0,1
OFFER_0341,13304.0,DISCOUNT_VOUCHER,0.0,FIXED,233.0,200552.0,PUBG,Gaming,NATIONWIDE,,NATIONWIDE,0,Top up your PUBG Mobile with our voucher! Redeem UC for exclusive skins and more!,2025-03-18 00:00:00,2025-12-31 00:00:00,233.0,1,0,0,0,0,0,0,0,0,0,0,0,0,0,0,0,0,0,0,0,1,0,0,0,0,0,0,0,0,0,1,0,0.5010752688172043,0.0,136.0,0.0014497111316337707,0.0,1.0,1
OFFER_0400,13352.0,DISCOUNT_VOUCHER,0.0,FIXED,465.0,200552.0,PUBG,Gaming,NATIONWIDE,,NATIONWIDE,0,Top up your PUBG Mobile with our voucher! Redeem UC for exclusive skins and more!,2025-03-18 00:00:00,2025-12-31 00:00:00,465.0,1,0,0,0,0,0,0,0,0,0,0,0,0,0,0,0,0,0,0,0,1,0,0,0,0,0,0,0,0,0,1,0,1.0,0.0,101.0,0.0010738600975064968,0.0,1.0,1
OFFER_0987,13353.0,DISCOUNT_VOUCHER,0.0,PERCENTAGE,25.0,200504.0,Tuliba Clusiana,Gifts,NATIONWIDE,,NATIONWIDE,0,Pay with your Yellow Card on Tuliba’s app or website and get 25% off your order,2025-03-19 00:00:00,2025-03-21 00:00:00,0.0,1,0,0,0,0,0,0,0,0,1,0,0,0,0,0,0,0,0,0,0,0,0,0,0,0,0,0,0,0,1,0,0,0.053763440860215055,0.0,82.0,0.0008698266789802624,0.0,1.0,1
OFFER_0041,13354.0,DISCOUNT_VOUCHER,0.0,PERCENTAGE,15.0,130455.0,Floward,Gifts,NATIONWIDE,,NATIONWIDE,0,Pay with your Yellow Card at FLOWERD and get 15% off your order!,2025-03-19 00:00:00,2025-03-21 00:00:00,0.0,1,0,0,0,0,0,0,0,0,1,0,0,0,0,0,0,0,0,0,0,0,0,0,0,0,0,0,0,0,1,0,0,0.03225806451612903,0.0,153.0,0.0016322673482098752,0.0,1.0,1
OFFER_0408,13402.0,DISCOUNT_VOUCHER,0.0,PERCENTAGE,15.0,200506.0,GC Stores,Gifts,NATIONWIDE,,NATIONWIDE,0,Pay with your Yellow Card at GC STORES and get 15% off your order!,2025-03-20 00:00:00,2025-04-05 00:00:00,0.0,1,0,0,0,0,0,0,0,0,1,0,0,0,0,0,0,0,0,0,0,0,0,0,0,0,0,0,0,0,1,0,0,0.03225806451612903,0.0,957.0,0.01026610253216211,0.0,1.0,1
OFFER_0206,13403.0,DISCOUNT_VOUCHER,0.0,PERCENTAGE,30.0,190466.0,Fresh,Electronics,Asyut,Asyut|Alexandria|Giza|Cairo|Beni Suef,بنى سويف,0,Pay with your Yellow Card at Fresh branches through Fawry POS and get 30% off your order!,2025-03-20 00:00:00,2025-03-31 00:00:00,0.0,1,0,0,0,0,0,0,0,0,0,0,0,1,0,0,0,0,0,0,0,0,0,0,0,0,0,0,0,0,1,0,0,0.06451612903225806,0.0,4978.0,0.05344601705289835,0.0,1.0,1
OFFER_0295,13453.0,DISCOUNT_VOUCHER,0.0,FIXED,100.0,91005.0,Breadfast,Food & Beverages,Giza,Giza|Cairo,عابدين,0,Use code BreadfastxFawry and pay with your Yellow Card to get 100 EGP off your first Breadfast order,2025-03-26 00:00:00,2025-04-05 00:00:00,0.0,1,0,0,0,0,1,0,0,0,0,0,0,0,0,0,0,0,0,0,0,0,0,0,0,0,0,0,0,0,0,1,0,0.21505376344086022,0.0,1447.0,0.015528017009943945,0.0,1.0,1
OFFER_0086,,DISCOUNT_VOUCHER,0.0,FIXED,101.0,177452.0,Kansas,Food & Beverages,Giza,Giza|Cairo,المعادى,0,مبروك كسبت من Kansas وجبة فوري ب 99 بدل من 200ج,2025-03-27 00:00:00,2025-04-30 00:00:00,0.0,1,0,0,0,0,1,0,0,0,0,0,0,0,0,0,0,0,0,0,0,0,0,0,0,0,0,0,0,0,0,1,0,0.2172043010752688,0.0,110.0,0.0011705075062820815,1.0,0.1650485436893204,2
OFFER_1024,,DISCOUNT_VOUCHER,0.0,FIXED,80.0,33954.0,Heart Attack,Food & Beverages,Cairo,Cairo,وسط البلد,0,مبروك كسبت من Heart Attack وجبة فوري ب 110 بدل من190ج,2025-03-27 00:00:00,2025-04-30 00:00:00,0.0,1,0,0,0,0,1,0,0,0,0,0,0,0,0,0,0,0,0,0,0,0,0,0,0,0,0,0,0,0,0,1,0,0.17204301075268819,0.0,267.0,0.0028564678593672814,1.0,0.22813688212927757,2
OFFER_0435,13455.0,DISCOUNT_VOUCHER,0.0,PERCENTAGE,20.0,158452.0,Flyin,Travel & Hotels,NATIONWIDE,,NATIONWIDE,0,Pay with your Yellow Card and use FLYFAWRY on Flyin’s website or app,2025-03-27 00:00:00,2025-04-05 00:00:00,0.0,1,0,0,0,0,0,0,1,0,0,0,0,0,0,0,0,0,0,0,0,0,0,0,0,0,0,0,0,0,1,0,0,0.043010752688172046,0.0,304.0,0.0032537960954446853,0.0,1.0,1
OFFER_0172,13454.0,DISCOUNT_VOUCHER,0.0,FIXED,10.0,176453.0,WATCH IT,Online,NATIONWIDE,,NATIONWIDE,0,Subscribe now at a discounted price and enjoy all Ramadan series on Watch It!,2025-03-27 00:00:00,2025-04-10 00:00:00,10.0,1,0,0,0,0,0,0,0,0,0,1,0,0,0,0,0,0,0,0,0,0,0,0,0,0,0,0,0,0,0,1,0,0.021505376344086023,0.0,1471.0,0.015785743433345503,0.0,1.0,1
OFFER_0552,13503.0,DISCOUNT_VOUCHER,0.0,PERCENTAGE,5.0,161452.0,Dejavu,Fashion & Footwear,Sharqia,Sharqia|Minya|Dakahlia|Red Sea|Gharbia|Alexandria|Asyut|Sohag|Qalyubia|Giza|Cairo|Monufia|Faiyum,المنتزة اول,0,"Pay with your Yellow Card at Dejavu and get 5% off instantly, offer until April 5 only!",2025-03-27 00:00:00,2025-04-05 00:00:00,0.0,1,0,0,0,0,0,0,0,1,0,0,0,0,0,0,0,0,0,0,0,0,0,0,0,0,0,0,0,0,1,0,0,0.010752688172043012,0.0,188.0,0.002008118382337149,0.0,1.0,1
OFFER_1152,13504.0,DISCOUNT_VOUCHER,0.0,PERCENTAGE,20.0,200606.0,HIPPO HIDEOUT,Entertainment,NATIONWIDE,,NATIONWIDE,0,Pay with your Yellow Card at HIPPO HIDEOUT and enjoy 20% off instantly,2025-03-27 00:00:00,2025-04-05 00:00:00,0.0,1,0,0,0,0,0,0,0,0,0,0,0,0,0,0,0,0,0,0,0,0,1,0,0,0,0,0,0,0,1,0,0,0.043010752688172046,0.0,154.0,0.0016430059491849402,0.0,1.0,1
OFFER_0954,13505.0,DISCOUNT_VOUCHER,0.0,PERCENTAGE,15.0,200607.0,Kids Planet,Entertainment,NATIONWIDE,,NATIONWIDE,0,Pay with your Yellow Card at Kids Planet and enjoy 15% off instantly.,2025-03-27 00:00:00,2025-04-05 00:00:00,0.0,1,0,0,0,0,0,0,0,0,0,0,0,0,0,0,0,0,0,0,0,0,1,0,0,0,0,0,0,0,1,0,0,0.03225806451612903,0.0,482.0,0.00516526706900625,0.0,1.0,1
OFFER_0744,13502.0,DISCOUNT_VOUCHER,0.0,PERCENTAGE,15.0,190487.0,Diva Wear,Fashion & Footwear,Sharqia,Sharqia|Cairo,فاقوس,0,Pay with your Yellow Card at Diva Wear and enjoy 15% off instantly,2025-03-27 00:00:00,2025-04-05 00:00:00,0.0,1,0,0,0,0,0,0,0,1,0,0,0,0,0,0,0,0,0,0,0,0,0,0,0,0,0,0,0,0,1,0,0,0.03225806451612903,0.0,267.0,0.0028564678593672814,0.0,1.0,1
OFFER_0943,13552.0,DISCOUNT_VOUCHER,0.0,FIXED,168.47,200552.0,PUBG,Gaming,NATIONWIDE,,NATIONWIDE,0,Top up your PUBG Mobile with our voucher! Redeem UC for exclusive skins and more!,2025-04-10 00:00:00,2025-12-31 00:00:00,1161.87,1,0,0,0,0,0,0,0,0,0,0,0,0,0,0,0,0,0,0,0,1,0,0,0,0,0,0,0,0,0,1,0,0.3623010752688172,0.0,10.0,9.664740877558472e-05,0.0,1.0,1
OFFER_1110,13553.0,DISCOUNT_VOUCHER,0.0,FIXED,336.94,200552.0,PUBG,Gaming,NATIONWIDE,,NATIONWIDE,0,Top up your PUBG Mobile with our voucher! Redeem UC for exclusive skins and more!,2025-04-10 00:00:00,2025-12-31 00:00:00,2323.74,1,0,0,0,0,0,0,0,0,0,0,0,0,0,0,0,0,0,0,0,1,0,0,0,0,0,0,0,0,0,1,0,0.7246021505376344,0.0,5.0,4.295440390025987e-05,0.0,1.0,1
OFFER_0311,13554.0,DISCOUNT_VOUCHER,0.0,PERCENTAGE,10.0,190461.0,Defacto,Fashion & Footwear,NATIONWIDE,,NATIONWIDE,0,Use code FWRDF10 and pay with your Yellow Card to get 10% off your order at DeFacto valid until April 30.,2025-04-17 00:00:00,2025-04-30 00:00:00,0.0,1,0,0,0,0,0,0,0,1,0,0,0,0,0,0,0,0,0,0,0,0,0,0,0,0,0,0,0,0,1,0,0,0.021505376344086023,0.0,1990.0,0.021359077339404224,0.0,1.0,1
OFFER_0113,13602.0,DISCOUNT_VOUCHER,0.0,FIXED,285.0,203502.0,Rabbit.,Groceries ,NATIONWIDE,,NATIONWIDE,0,"Don’t miss Koffee Kulture’s delicious coffee, Pao’s tasty boba drinks, fresh groceries, home basics, stationery, and fun stuff—all in one place for your daily needs! ",2025-04-23 00:00:00,2025-04-30 00:00:00,285.0,1,0,0,0,0,0,0,0,0,0,0,0,0,1,0,0,0,0,0,0,0,0,0,0,0,0,0,0,0,0,1,0,0.6129032258064516,0.0,1.0,0.0,0.0,1.0,1
OFFER_0852,13652.0,DISCOUNT_VOUCHER,0.0,FIXED,100.0,190502.0,Jumia,Online,NATIONWIDE,,NATIONWIDE,0,Use code O-FAWARYJA and pay with your Yellow Card to get 100 EGP off your Jumia order,2025-04-28 00:00:00,2025-05-31 00:00:00,0.0,1,0,0,0,0,0,0,0,0,0,1,0,0,0,0,0,0,0,0,0,0,0,0,0,0,0,0,0,0,0,1,0,0.21505376344086022,0.0,6326.0,0.06792165116728592,0.0,1.0,1
OFFER_0225,13863.0,DISCOUNT_VOUCHER,0.0,FIXED,305.0,202553.0,Semsema,Food & Beverages,Giza,Giza,قسم الشيخ زايد,0,"An offer you can’t miss! 6 sandwichs (chicken, shrimp, shish tawook, kofta & panee), plus 2 fries, 2 colas, and 1 pickle — all in one tasty, satisfying meal!",2025-04-28 00:00:00,2025-05-31 00:00:00,305.0,1,0,0,0,0,1,0,0,0,0,0,0,0,0,0,0,0,0,0,0,0,0,0,0,0,0,0,0,0,0,1,0,0.6559139784946236,0.0,34.0,0.000354373832177144,0.6785714285714286,1.0,2
OFFER_0306,,DISCOUNT_VOUCHER,0.0,FIXED,76.0,33954.0,Heart Attack,Food & Beverages,Cairo,Cairo,وسط البلد,0,مبروك كسبت من Heart Attack وجبة فوري ب 99ج بدل من 175ج,2025-05-01 00:00:00,2025-06-05 00:00:00,0.0,1,0,0,0,0,1,0,0,0,0,0,0,0,0,0,0,0,0,0,0,0,0,0,0,0,0,0,0,0,0,1,0,0.16344086021505377,0.0,646.0,0.006926397628916905,1.0,0.2717041800643087,2
OFFER_0912,,DISCOUNT_VOUCHER,0.0,FIXED,101.0,177452.0,Kansas,Food & Beverages,Giza,Giza|Cairo,المعادى,0,مبروك كسبت من Kansas وجبة فوري ب 99 بدل من 200ج,2025-05-01 00:00:00,2025-06-05 00:00:00,0.0,1,0,0,0,0,1,0,0,0,0,0,0,0,0,0,0,0,0,0,0,0,0,0,0,0,0,0,0,0,0,1,0,0.2172043010752688,0.0,165.0,0.0017611305599106548,1.0,0.16129032258064516,2
OFFER_1258,16555.0,DISCOUNT_VOUCHER,0.0,PERCENTAGE,23.0,184455.0,Miami Center ,Electronics,Alexandria,Alexandria|Giza|Cairo,ميامى,0,"A stylish, affordable smartwatch with a vivid high-contrast display, fitness tracking, and Bluetooth calling",2025-07-28 00:00:00,2025-09-30 00:00:00,2600.0,1,0,0,0,0,0,0,0,0,0,0,0,1,0,0,0,0,0,0,0,0,0,0,0,0,0,0,0,0,1,0,0,0.04946236559139785,0.0,1764.0,0.01893215351903954,0.0,0.0011648223645894002,1
OFFER_0220,16556.0,DISCOUNT_VOUCHER,0.0,PERCENTAGE,23.0,184455.0,Miami Center ,Electronics,Alexandria,Alexandria|Giza|Cairo,ميامى,0,"An upgraded version of the Watch Pro — now with a faster interface, improved health sensors, sleeker design, and smoother Bluetooth calling for an even better everyday experience.",2025-07-28 00:00:00,2025-09-30 00:00:00,3200.0,1,0,0,0,0,0,0,0,0,0,0,0,1,0,0,0,0,0,0,0,0,0,0,0,0,0,0,0,0,1,0,0,0.04946236559139785,0.0,1150.0,0.012338652520349649,0.0008880994671403197,0.0008880994671403197,2
OFFER_1273,16602,DISCOUNT_VOUCHER,0.0,PERCENTAGE,23.0,184455.0,Miami Center ,Electronics,Alexandria,Alexandria|Giza|Cairo,ميامى,0,"A stylish and elegant smartwatch designed specifically for women, offering fitness tracking, heart rate monitoring, and a sleek design with customizable watch faces.",2025-07-28 00:00:00,2025-09-30 00:00:00,2450.0,1,0,0,0,0,0,0,0,0,0,0,0,1,0,0,0,0,0,0,0,0,0,0,0,0,0,0,0,0,1,0,0,0.04946236559139785,0.0,308.0,0.0032967504993449454,0.0,0.0,0
OFFER_1327,16553.0,DISCOUNT_VOUCHER,0.0,PERCENTAGE,23.0,184455.0,Miami Center ,Electronics,Alexandria,Alexandria|Giza|Cairo,ميامى,0,"Compact, stylish wireless earbuds with clear sound, deep bass, and long battery life for all-day listening.",2025-07-28 00:00:00,2025-09-30 00:00:00,2100.0,1,0,0,0,0,0,0,0,0,0,0,0,1,0,0,0,0,0,0,0,0,0,0,0,0,0,0,0,0,1,0,0,0.04946236559139785,0.0,450.0,0.0048216318378041705,0.0,0.0022624434389140274,1
OFFER_1085,16503,DISCOUNT_VOUCHER,0.0,PERCENTAGE,23.0,184455.0,Miami Center ,Electronics,Alexandria,Alexandria|Giza|Cairo,ميامى,0,"A sleek metallic silver smartwatch with a vibrant display, health tracking, Bluetooth calling, and long battery life.",2025-07-28 00:00:00,2025-09-30 00:00:00,2600.0,1,0,0,0,0,0,0,0,0,0,0,0,1,0,0,0,0,0,0,0,0,0,0,0,0,0,0,0,0,1,0,0,0.04946236559139785,0.0,643.0,0.00689418182599171,0.0,0.0,0
OFFER_0250,16502,DISCOUNT_VOUCHER,0.0,PERCENTAGE,23.0,184455.0,Miami Center ,Electronics,Alexandria,Alexandria|Giza|Cairo,ميامى,0,"lightweight smartwatch with a large HD display, advanced health tracking (heart rate, sleep, SpO?), built-in GPS, Bluetooth calling, and a battery that lasts up to 11 days",2025-07-28 00:00:00,2025-09-30 00:00:00,2600.0,1,0,0,0,0,0,0,0,0,0,0,0,1,0,0,0,0,0,0,0,0,0,0,0,0,0,0,0,0,1,0,0,0.04946236559139785,0.0,527.0,0.005648504112884174,0.0,0.0,0
OFFER_0688,16554.0,DISCOUNT_VOUCHER,0.0,PERCENTAGE,23.0,184455.0,Miami Center ,Electronics,Alexandria,Alexandria|Giza|Cairo,ميامى,0,"Clear sound, strong noise cancellation, and long battery life",2025-07-28 00:00:00,2025-09-30 00:00:00,2750.0,1,0,0,0,0,0,0,0,0,0,0,0,1,0,0,0,0,0,0,0,0,0,0,0,0,0,0,0,0,1,0,0,0.04946236559139785,0.0,567.0,0.006078048151886772,0.0,0.005434782608695652,1
OFFER_0772,16506.0,DISCOUNT_VOUCHER,0.0,PERCENTAGE,23.0,184455.0,Miami Center ,Electronics,Alexandria,Alexandria|Giza|Cairo,ميامى,0,Compact design with clear sound and easy controls.,2025-07-28 00:00:00,2025-09-30 00:00:00,850.0,1,0,0,0,0,0,0,0,0,0,0,0,1,0,0,0,0,0,0,0,0,0,0,0,0,0,0,0,0,1,0,0,0.04946236559139785,0.0,968.0,0.010384227142887824,0.0010660980810234541,0.008528784648187633,2
OFFER_1126,16552.0,DISCOUNT_VOUCHER,0.0,PERCENTAGE,23.0,184455.0,Miami Center ,Electronics,Alexandria,Alexandria|Giza|Cairo,ميامى,0,"Powerful bass, clear calls, and compact design.",2025-07-28 00:00:00,2025-09-30 00:00:00,1300.0,1,0,0,0,0,0,0,0,0,0,0,0,1,0,0,0,0,0,0,0,0,0,0,0,0,0,0,0,0,1,0,0,0.04946236559139785,0.0,896.0,0.009611047872683147,0.0011507479861910242,0.0023014959723820483,2
OFFER_1103,13802.0,DISCOUNT_VOUCHER,0.0,FIXED,200.0,204602.0,Bright Jewelry,Jewelry & watches,Cairo,Cairo,مصر الجديدة,0,"Enjoy 200 EGP off on purchases over 25,000 EGP at BRIGHT Jewelry.",2025-05-12 00:00:00,2025-05-17 00:00:00,0.0,1,0,0,0,0,0,0,0,0,0,0,0,0,0,0,0,0,0,0,0,0,0,1,0,0,0,0,0,0,0,1,0,0.43010752688172044,0.0,88.0,0.0009342582848306522,0.0,1.0,1
OFFER_1300,13803.0,DISCOUNT_VOUCHER,0.0,PERCENTAGE,10.0,204554.0,Curlit,Health & Beauty,NATIONWIDE,,NATIONWIDE,0,Use code Fawry10 to get 10% off on Curlit. ,2025-05-12 00:00:00,2025-05-17 00:00:00,0.0,1,0,0,0,0,0,1,0,0,0,0,0,0,0,0,0,0,0,0,0,0,0,0,0,0,0,0,0,0,1,0,0,0.021505376344086023,0.0,69.0,0.0007302248663044179,0.0,1.0,1
OFFER_0296,13804.0,DISCOUNT_VOUCHER,0.0,FIXED,200.0,204553.0,Jewelry Box,Gifts,Giza,Giza|Cairo,القاهرة الجديدة,0,"Enjoy 200 EGP off on purchases over 20,000 EGP at Jewelry Box",2025-05-12 00:00:00,2025-05-17 00:00:00,0.0,1,0,0,0,0,0,0,0,0,1,0,0,0,0,0,0,0,0,0,0,0,0,0,0,0,0,0,0,0,0,1,0,0.43010752688172044,0.0,258.0,0.002759820450591697,0.0,1.0,1
OFFER_0621,13806.0,DISCOUNT_VOUCHER,0.0,PERCENTAGE,10.0,175452.0,Dr Nahed Samir Clinic - Ladies Only,Health & Beauty,Cairo,Cairo,القاهرة الجديدة,0,"Get 10% off at Ladies Only Beauty Center when you pay with your Yellow Card. Offer valid from May 11 to May 17.
",2025-05-12 00:00:00,2025-05-17 00:00:00,0.0,1,0,0,0,0,0,1,0,0,0,0,0,0,0,0,0,0,0,0,0,0,0,0,0,0,0,0,0,0,1,0,0,0.021505376344086023,0.0,176.0,0.0018792551706363694,0.0,1.0,1
OFFER_0543,13805.0,DISCOUNT_VOUCHER,0.0,PERCENTAGE,20.0,200611.0,Toi,Health & Beauty,NATIONWIDE,,NATIONWIDE,0,"Enjoy 20% off on all beauty services at Toi with your Yellow Card.
Offer valid from May 11 to May 17.",2025-05-12 00:00:00,2025-05-17 00:00:00,0.0,1,0,0,0,0,0,1,0,0,0,0,0,0,0,0,0,0,0,0,0,0,0,0,0,0,0,0,0,0,1,0,0,0.043010752688172046,0.0,96.0,0.001020167092631172,0.0,1.0,1
OFFER_0349,13904.0,DISCOUNT_VOUCHER,0.0,PERCENTAGE,8.0,205502.0,Exotic Cars Service,Services,NATIONWIDE,,NATIONWIDE,0,"Enjoy 8% off on premium car services at Exotic Cars Services with your Yellow Card.
Offer valid from May 18 to May 31.",2025-05-22 00:00:00,2025-05-31 00:00:00,0.0,1,0,0,0,0,0,0,0,0,0,0,1,0,0,0,0,0,0,0,0,0,0,0,0,0,0,0,0,0,1,0,0,0.017204301075268817,0.0,157.0,0.0016752217521101352,0.0,1.0,1
OFFER_0234,13903.0,DISCOUNT_VOUCHER,0.0,PERCENTAGE,5.0,205511.0,EL Hashem,Services,Giza,Giza|Cairo,المعادى,0,"Get 5% off on car services at ALHASHEM when paying with your Yellow Card.
Offer valid from May 18 to May 31.",2025-05-22 00:00:00,2025-05-31 00:00:00,0.0,1,0,0,0,0,0,0,0,0,0,0,1,0,0,0,0,0,0,0,0,0,0,0,0,0,0,0,0,0,1,0,0,0.010752688172043012,0.0,67.0,0.000708747664354288,0.0,1.0,1
OFFER_0142,13905.0,DISCOUNT_VOUCHER,0.0,PERCENTAGE,5.0,205506.0,Aca AUTO- El aksa,Services,NATIONWIDE,,NATIONWIDE,0,"Get 5% off on car services at Alaksa – Maadi branch when paying with your Yellow Card.
Offer valid from May 18 to May 31.",2025-05-25 00:00:00,2025-05-31 00:00:00,0.0,1,0,0,0,0,0,0,0,0,0,0,1,0,0,0,0,0,0,0,0,0,0,0,0,0,0,0,0,0,1,0,0,0.010752688172043012,0.0,102.0,0.0010845986984815619,0.0,1.0,1
OFFER_0928,16652.0,DISCOUNT_VOUCHER,0.0,PERCENTAGE,10.0,184455.0,Miami Center ,Electronics,Alexandria,Alexandria|Giza|Cairo,ميامى,0,"Samsung A05s mobile, 128GB, 6GB RAM – smooth, powerful, and reliable.",2025-07-28 00:00:00,2025-09-30 00:00:00,6050.0,1,0,0,0,0,0,0,0,0,0,0,0,1,0,0,0,0,0,0,0,0,0,0,0,0,0,0,0,0,1,0,0,0.021505376344086023,0.0,9298.0,0.09983677326517901,0.0008107482047718323,0.000926569376882094,2
OFFER_0904,13907.0,DISCOUNT_VOUCHER,0.0,PERCENTAGE,70.0,179504.0,BOWLINE,Fashion & Footwear,Dakahlia,Dakahlia|Giza|Cairo,المنصورة,0, Show the QR code to the cashier to get up to 70% off your purchase.,2025-08-17 00:00:00,2025-09-30 00:00:00,0.0,1,0,0,0,0,0,0,0,1,0,0,0,0,0,0,0,0,0,0,0,0,0,0,0,0,0,0,0,0,1,0,0,0.15053763440860216,0.0,3743.0,0.04018384484869311,0.0011013215859030838,0.9826541850220264,2
OFFER_1261,16852.0,DISCOUNT_VOUCHER,0.0,PERCENTAGE,65.0,51952.0,Coup,Fashion & Footwear,Port Said,Port Said|Sharqia|Dakahlia|Damietta|Red Sea|Alexandria|Sohag|Luxor|Gharbia|Qalyubia|Giza|Cairo|Monufia|Beni Suef,الاقصر,0,Show the QR code to the cashier to get up to 65% off your purchase.,2025-05-29 00:00:00,2025-09-30 00:00:00,0.0,1,0,0,0,0,0,0,0,1,0,0,0,0,0,0,0,0,0,0,0,0,0,0,0,0,0,0,0,0,1,0,0,0.13978494623655913,0.0,8601.0,0.09235196838555873,0.002106045589692765,0.944623389494549,2
OFFER_0093,,DISCOUNT_VOUCHER,0.0,FIXED,76.0,33954.0,Heart Attack,Food & Beverages,Cairo,Cairo,وسط البلد,0,مبروك كسبت من Heart Attack وجبة فوري ب 99ج بدل من 175ج ,2025-05-29 00:00:00,2025-07-07 00:00:00,0.0,1,0,0,0,0,1,0,0,0,0,0,0,0,0,0,0,0,0,0,0,0,0,0,0,0,0,0,0,0,0,1,0,0.16344086021505377,0.0,190.0,0.002029595584287279,1.0,0.2594594594594595,2
OFFER_0064,,DISCOUNT_VOUCHER,0.0,FIXED,101.0,177452.0,Kansas,Food & Beverages,Giza,Giza|Cairo,المعادى,0,مبروك كسبت من Kansas وجبة فوري ب 99 بدل من 200ج,2025-05-29 00:00:00,2025-07-07 00:00:00,0.0,1,0,0,0,0,1,0,0,0,0,0,0,0,0,0,0,0,0,0,0,0,0,0,0,0,0,0,0,0,0,1,0,0.2172043010752688,0.0,72.0,0.0007624406692296128,1.0,0.3582089552238806,2
OFFER_0773,13909.0,DISCOUNT_VOUCHER,0.0,PERCENTAGE,10.0,163504.0,Clue,Fashion & Footwear,NATIONWIDE,,NATIONWIDE,0,Pay with your Yellow Card on Clue’s website and get 10% off your order (Max discount: 100 EGP). Offer valid until 10 June.,2025-06-01 00:00:00,2025-06-10 00:00:00,0.0,1,0,0,0,0,0,0,0,1,0,0,0,0,0,0,0,0,0,0,0,0,0,0,0,0,0,0,0,0,1,0,0,0.021505376344086023,0.0,112.0,0.0011919847082322115,0.0,1.0,1
OFFER_0277,13910.0,DISCOUNT_VOUCHER,0.0,PERCENTAGE,10.0,163552.0,Carina,Fashion & Footwear,NATIONWIDE,,NATIONWIDE,0,Pay with your Yellow Card on Carina’s app or website and get 10% off your order (Max discount: 100 EGP). Offer valid until 10 June.,2025-06-01 00:00:00,2025-06-10 00:00:00,0.0,1,0,0,0,0,0,0,0,1,0,0,0,0,0,0,0,0,0,0,0,0,0,0,0,0,0,0,0,0,1,0,0,0.021505376344086023,0.0,188.0,0.002008118382337149,0.0,1.0,1
OFFER_0748,13911.0,DISCOUNT_VOUCHER,0.0,PERCENTAGE,5.0,42955.0,kazary,Fashion & Footwear,Sharqia,Sharqia|Dakahlia|Ismailia|Red Sea|Damietta|Alexandria|Sohag|Beheira|Gharbia|Qalyubia|Giza|Cairo|Kafr El Sheikh|Monufia,وسط البلد,0,Pay with your Yellow Card at Kazary stores and enjoy an extra 5% off sale items. Offer valid until 10 June.,2025-06-01 00:00:00,2025-06-10 00:00:00,0.0,1,0,0,0,0,0,0,0,1,0,0,0,0,0,0,0,0,0,0,0,0,0,0,0,0,0,0,0,0,1,0,0,0.010752688172043012,0.0,281.0,0.003006808273018191,0.0,1.0,1
OFFER_0826,13912.0,DISCOUNT_VOUCHER,0.0,PERCENTAGE,5.0,190460.0,Mens Club,Fashion & Footwear,Aswan,Aswan|Sharqia|South Sinai|Port Said|Dakahlia|Damietta|Red Sea|Ismailia|Asyut|Alexandria|Sohag|Beheira|Faiyum|Luxor|Suez|Minya|Gharbia|Qalyubia|Giza|Cairo|Qena|Kafr El Sheikh|Monufia|Beni Suef,السويس,0,Pay with your Yellow Card at Men’s Club stores and enjoy an extra 5% off sale items. Offer valid until 10 June.,2025-06-02 00:00:00,2025-06-10 00:00:00,0.0,1,0,0,0,0,0,0,0,1,0,0,0,0,0,0,0,0,0,0,0,0,0,0,0,0,0,0,0,0,1,0,0,0.010752688172043012,0.0,471.0,0.005047142458280535,0.0,1.0,1
OFFER_1223,13913.0,DISCOUNT_VOUCHER,0.0,PERCENTAGE,10.0,190461.0,Defacto,Fashion & Footwear,NATIONWIDE,,NATIONWIDE,0,Use code DFEID10 and pay with your Yellow Card to get a 10% off sale items at DeFacto. Offer valid until June 30.,2025-06-04 00:00:00,2025-06-30 00:00:00,0.0,1,0,0,0,0,0,0,0,1,0,0,0,0,0,0,0,0,0,0,0,0,0,0,0,0,0,0,0,0,1,0,0,0.021505376344086023,0.0,2793.0,0.02998217392238139,0.0,1.0,1
OFFER_0727,13914.0,DISCOUNT_VOUCHER,0.0,PERCENTAGE,10.0,205527.0,Eagle,Fashion & Footwear,NATIONWIDE,,NATIONWIDE,0,"Shop at any Eagle store and pay with your Yellow Card to get 10% off instantly, Offer valid until June 10.
",2025-06-04 00:00:00,2025-06-10 00:00:00,0.0,1,0,0,0,0,0,0,0,1,0,0,0,0,0,0,0,0,0,0,0,0,0,0,0,0,0,0,0,0,1,0,0,0.021505376344086023,0.0,292.0,0.0031249328837439057,0.0,1.0,1
OFFER_0384,13915.0,DISCOUNT_VOUCHER,0.0,PERCENTAGE,10.0,205524.0,MEHRAIL,Fashion & Footwear,NATIONWIDE,,NATIONWIDE,0,"Shop at Mehrail and get 10% off when you pay with your Yellow Card, Offer valid until June 10.",2025-06-04 00:00:00,2025-06-10 00:00:00,0.0,1,0,0,0,0,0,0,0,1,0,0,0,0,0,0,0,0,0,0,0,0,0,0,0,0,0,0,0,0,1,0,0,0.021505376344086023,0.0,267.0,0.0028564678593672814,0.0,1.0,1
OFFER_0181,16404.0,DISCOUNT_VOUCHER,0.0,PERCENTAGE,4.5,200552.0,PUBG,Gaming,NATIONWIDE,,NATIONWIDE,0,Top up your PUBG Mobile with our voucher! Redeem UC for exclusive skins and more!,2025-10-30 00:00:00,2026-01-01 00:00:00,522.5,1,0,0,0,0,0,0,0,0,0,0,0,0,0,0,0,0,0,0,0,1,0,0,0,0,0,0,0,0,1,0,0,0.00967741935483871,0.0,14363.0,0.15422778720388308,0.0,0.0003792188092529389,1
OFFER_1301,21357.0,PURCHASE_VOUCHER,1000.0,UNKNOWN,0.0,51952.0,Coup,Fashion & Footwear,Port Said,Port Said|Sharqia|Dakahlia|Damietta|Red Sea|Alexandria|Sohag|Luxor|Gharbia|Qalyubia|Giza|Cairo|Monufia|Beni Suef,الاقصر,0,"The Gift Card is non-refundable.
Not eligible with Meeza.",2026-03-31 00:00:00,2026-10-31 00:00:00,1000.0,0,1,0,0,0,0,0,0,1,0,0,0,0,0,0,0,0,0,0,0,0,0,0,0,0,0,0,0,0,0,0,1,0.0,0.08333333333333333,86.0,0.0009127810828805223,0.07692307692307693,0.9871794871794872,2
OFFER_0465,21358.0,PURCHASE_VOUCHER,1500.0,UNKNOWN,0.0,51952.0,Coup,Fashion & Footwear,Port Said,Port Said|Sharqia|Dakahlia|Damietta|Red Sea|Alexandria|Sohag|Luxor|Gharbia|Qalyubia|Giza|Cairo|Monufia|Beni Suef,الاقصر,0,"The Gift Card is non-refundable.
Not eligible with Meeza.",2026-03-31 00:00:00,2026-10-31 00:00:00,1500.0,0,1,0,0,0,0,0,0,1,0,0,0,0,0,0,0,0,0,0,0,0,0,0,0,0,0,0,0,0,0,0,1,0.0,0.125,23.0,0.0002362492214514293,0.11764705882352941,1.0,2
OFFER_0016,21359.0,PURCHASE_VOUCHER,2000.0,UNKNOWN,0.0,51952.0,Coup,Fashion & Footwear,Port Said,Port Said|Sharqia|Dakahlia|Damietta|Red Sea|Alexandria|Sohag|Luxor|Gharbia|Qalyubia|Giza|Cairo|Monufia|Beni Suef,الاقصر,0,"The Gift Card is non-refundable.
Not eligible with Meeza.",2026-03-31 00:00:00,2026-10-31 00:00:00,2000.0,0,1,0,0,0,0,0,0,1,0,0,0,0,0,0,0,0,0,0,0,0,0,0,0,0,0,0,0,0,0,0,1,0.0,0.16666666666666666,123.0,0.001310109318957926,0.3020833333333333,0.9479166666666666,2
OFFER_1067,14206.0,DISCOUNT_VOUCHER,0.0,PERCENTAGE,15.0,144480.0,IQSTORE,Electronics,Giza,Giza|Cairo,القاهرة الجديدة,0,Samsung A05s smartphone with 128GB storage and 6GB RAM – fast and dependable.,2025-09-07 00:00:00,2025-12-31 00:00:00,6333.0,1,0,0,0,0,0,0,0,0,0,0,0,1,0,0,0,0,0,0,0,0,0,0,0,0,0,0,0,0,1,0,0,0.03225806451612903,0.0,774.0,0.008300938553725221,0.0013513513513513514,0.012162162162162163,2
OFFER_0357,14207.0,DISCOUNT_VOUCHER,0.0,PERCENTAGE,13.0,144480.0,IQSTORE,Electronics,Giza,Giza|Cairo,القاهرة الجديدة,0,Redmi Note 14 with 256GB storage and 8GB RAM – powerful and stylish.,2025-09-07 00:00:00,2025-12-31 00:00:00,9944.0,1,0,0,0,0,0,0,0,0,0,0,0,1,0,0,0,0,0,0,0,0,0,0,0,0,0,0,0,0,1,0,0,0.02795698924731183,0.0,908.0,0.009739911084383926,0.0,0.009153318077803204,1
OFFER_1246,14208.0,DISCOUNT_VOUCHER,0.0,PERCENTAGE,13.0,144480.0,IQSTORE,Electronics,Giza,Giza|Cairo,القاهرة الجديدة,0,OPPO Reno13 F 4G with 256GB and 8GB RAM – elegant and efficient.,2025-09-07 00:00:00,2025-12-31 00:00:00,14444.0,1,0,0,0,0,0,0,0,0,0,0,0,1,0,0,0,0,0,0,0,0,0,0,0,0,0,0,0,0,1,0,0,0.02795698924731183,0.0,1200.0,0.012875582569102897,0.0,0.006102877070619006,1
OFFER_0347,14209.0,DISCOUNT_VOUCHER,0.0,PERCENTAGE,13.0,144480.0,IQSTORE,Electronics,Giza,Giza|Cairo,القاهرة الجديدة,0,VIVO Y29 with 256GB and 8GB RAM – smooth performance and sleek look.,2025-09-07 00:00:00,2025-12-31 00:00:00,9199.0,1,0,0,0,0,0,0,0,0,0,0,0,1,0,0,0,0,0,0,0,0,0,0,0,0,0,0,0,0,1,0,0,0.02795698924731183,0.0,452.0,0.0048431090397543005,0.0,0.009174311926605505,1
OFFER_0529,16403.0,DISCOUNT_VOUCHER,0.0,PERCENTAGE,10.0,144480.0,IQSTORE,Electronics,Giza,Giza|Cairo,القاهرة الجديدة,0,HONOR X9C 5G with 12GB RAM and 256GB – ultra-fast and future-ready,2025-09-07 00:00:00,2025-12-31 00:00:00,18399.0,1,0,0,0,0,0,0,0,0,0,0,0,1,0,0,0,0,0,0,0,0,0,0,0,0,0,0,0,0,1,0,0,0.021505376344086023,0.0,33267.0,0.35723030003651124,6.93625580911424e-05,0.00020808767427342721,2
OFFER_0639,14211.0,DISCOUNT_VOUCHER,0.0,PERCENTAGE,28.0,144480.0,IQSTORE,Electronics,Giza,Giza|Cairo,القاهرة الجديدة,0,Oraimo Freepods Lite – clear sound and comfy fit in Phantom Black.,2025-09-07 00:00:00,2025-12-31 00:00:00,555.0,1,0,0,0,0,0,0,0,0,0,0,0,1,0,0,0,0,0,0,0,0,0,0,0,0,0,0,0,0,1,0,0,0.060215053763440864,0.0,1046.0,0.011221838018942892,0.004892367906066536,0.007827788649706457,2
OFFER_1082,14154.0,DISCOUNT_VOUCHER,0.0,PERCENTAGE,50.0,156452.0,Blue Rewards,Online,Cairo,Cairo,القاهرة الجديدة,0,"Al-Futtaim brings many of the world's most cherished brands into markets across the Middle East, Africa & Asia",2025-06-17 00:00:00,2025-06-30 00:00:00,5.0,1,0,0,0,0,0,0,0,0,0,1,0,0,0,0,0,0,0,0,0,0,0,0,0,0,0,0,0,0,1,0,0,0.10752688172043011,0.0,5.0,4.295440390025987e-05,0.0,1.0,1
OFFER_0573,14212.0,DISCOUNT_VOUCHER,0.0,PERCENTAGE,31.0,144480.0,IQSTORE,Electronics,Giza,Giza|Cairo,القاهرة الجديدة,0,Smart Watch 5 Lite with 2.01” screen – sleek and water-resistant (IP68).,2025-09-07 00:00:00,2025-12-31 00:00:00,919.0,1,0,0,0,0,0,0,0,0,0,0,0,1,0,0,0,0,0,0,0,0,0,0,0,0,0,0,0,0,1,0,0,0.06666666666666667,0.0,342.0,0.0036618629324971542,0.0060790273556231,0.030395136778115502,2
OFFER_1101,14213,DISCOUNT_VOUCHER,0.0,PERCENTAGE,21.0,144480.0,IQSTORE,Electronics,Giza,Giza|Cairo,القاهرة الجديدة,0,PS5 Slim Edition – next-gen gaming with a 2-year warranty.,2025-09-07 00:00:00,2025-12-31 00:00:00,30555.0,1,0,0,0,0,0,0,0,0,0,0,0,1,0,0,0,0,0,0,0,0,0,0,0,0,0,0,0,0,1,0,0,0.04516129032258064,0.0,819.0,0.008784175597603144,0.0,0.0,0
OFFER_1140,16402.0,DISCOUNT_VOUCHER,0.0,PERCENTAGE,28.0,144480.0,IQSTORE,Electronics,Giza,Giza|Cairo,القاهرة الجديدة,0,"Anker R50i NC earbuds – clear sound, noise canceling, and sleek design.",2025-09-07 00:00:00,2025-12-31 00:00:00,1350.0,1,0,0,0,0,0,0,0,0,0,0,0,1,0,0,0,0,0,0,0,0,0,0,0,0,0,0,0,0,1,0,0,0.060215053763440864,0.0,20401.0,0.21906745989132537,0.0008045483801759279,0.0009118214975327183,2
OFFER_0365,14214.0,DISCOUNT_VOUCHER,0.0,PERCENTAGE,70.0,144480.0,IQSTORE,Electronics,Giza,Giza|Cairo,القاهرة الجديدة,0,Samsung 25W Power Adapter – fast charging with 2-pin plug.,2025-09-07 00:00:00,2025-12-31 00:00:00,222.0,1,0,0,0,0,0,0,0,0,0,0,0,1,0,0,0,0,0,0,0,0,0,0,0,0,0,0,0,0,1,0,0,0.15053763440860216,0.0,1177.0,0.012628594746676403,0.0410958904109589,0.0547945205479452,2
OFFER_0646,14153.0,DISCOUNT_VOUCHER,0.0,PERCENTAGE,10.0,206502.0,M.Sou,Fashion & Footwear,NATIONWIDE,,NATIONWIDE,0,Get 10% off everything when you shop online at M.Sou,2025-06-25 00:00:00,2026-06-23 00:00:00,0.0,1,0,0,0,0,0,0,0,1,0,0,0,0,0,0,0,0,0,0,0,0,0,0,0,0,0,0,0,0,1,0,0,0.021505376344086023,0.0,3.0,2.1477201950129936e-05,0.0,1.0,1
OFFER_0527,14155.0,DISCOUNT_VOUCHER,0.0,PERCENTAGE,10.0,206502.0,M.Sou,Fashion & Footwear,NATIONWIDE,,NATIONWIDE,0,Get 10% off everything when you shop online at M.Sou,2025-06-25 00:00:00,2026-06-23 00:00:00,0.0,1,0,0,0,0,0,0,0,1,0,0,0,0,0,0,0,0,0,0,0,0,0,0,0,0,0,0,0,0,1,0,0,0.021505376344086023,0.0,263.0,0.002813513455467022,0.0,1.0,1
OFFER_0645,14402.0,DISCOUNT_VOUCHER,0.0,PERCENTAGE,10.0,200512.0,ARYAF,Food & Beverages,Qalyubia,Qalyubia,مدينة العبور,0,Enjoy 10% off your favorite meals at Aryaf—just pay with your Yellow Card,2025-06-30 00:00:00,2025-08-15 00:00:00,0.0,1,0,0,0,0,1,0,0,0,0,0,0,0,0,0,0,0,0,0,0,0,0,0,0,0,0,0,0,0,1,0,0,0.021505376344086023,0.0,95.0,0.001009428491656107,0.0,1.0,1
OFFER_1254,18153.0,DISCOUNT_VOUCHER,0.0,PERCENTAGE,10.0,207502.0,Monginis,Food & Beverages,Matruh,Matruh|Cairo|Suez,السويس,0,Enjoy 10% off in-store at Monginis.,2025-07-01 00:00:00,2025-12-31 00:00:00,0.0,1,0,0,0,0,1,0,0,0,0,0,0,0,0,0,0,0,0,0,0,0,0,0,0,0,0,0,0,0,1,0,0,0.021505376344086023,0.0,6781.0,0.07280771461094049,0.0,0.3193625498007968,1
OFFER_0071,15558.0,DISCOUNT_VOUCHER,0.0,PERCENTAGE,25.0,190466.0,Fresh,Electronics,Asyut,Asyut|Alexandria|Giza|Cairo|Beni Suef,بنى سويف,0,Make your day fresher! Enjoy 25% off your favorite products at Fresh when you pay with your Yellow Card.,2025-08-17 00:00:00,2025-09-30 00:00:00,0.0,1,0,0,0,0,0,0,0,0,0,0,0,1,0,0,0,0,0,0,0,0,0,0,0,0,0,0,0,0,1,0,0,0.053763440860215055,0.0,37473.0,0.4023968557376345,0.0,0.5924545317901698,1
OFFER_0136,,DISCOUNT_VOUCHER,0.0,FIXED,76.0,33954.0,Heart Attack,Food & Beverages,Cairo,Cairo,وسط البلد,0,مبروك كسبت من Heart Attack وجبة فوري ب 99ج بدل من 175ج ,2025-10-01 00:00:00,2025-10-07 00:00:00,0.0,1,0,0,0,0,1,0,0,0,0,0,0,0,0,0,0,0,0,0,0,0,0,0,0,0,0,0,0,0,0,1,0,0.16344086021505377,0.0,45.0,0.0004724984429028586,1.0,0.28888888888888886,2
OFFER_0551,,DISCOUNT_VOUCHER,0.0,FIXED,101.0,177452.0,Kansas,Food & Beverages,Giza,Giza|Cairo,المعادى,0,مبروك كسبت من Kansas وجبة فوري ب 99 بدل من 200ج,2025-10-01 00:00:00,2025-10-07 00:00:00,0.0,1,0,0,0,0,1,0,0,0,0,0,0,0,0,0,0,0,0,0,0,0,0,0,0,0,0,0,0,0,0,1,0,0.2172043010752688,0.0,94.0,0.000998689890681042,1.0,0.27472527472527475,2
OFFER_1117,16802.0,DISCOUNT_VOUCHER,0.0,PERCENTAGE,15.0,163552.0,Carina,Fashion & Footwear,NATIONWIDE,,NATIONWIDE,0,Pay with your yellowcard on Carina’s app or website and get 15% off your order. Offer valid until end of September ,2025-08-17 00:00:00,2025-09-30 00:00:00,0.0,1,0,0,0,0,0,0,0,1,0,0,0,0,0,0,0,0,0,0,0,0,0,0,0,0,0,0,0,0,1,0,0,0.03225806451612903,0.0,1094.0,0.01173729086574601,0.0,0.3477038425492034,1
OFFER_0075,16853.0,DISCOUNT_VOUCHER,0.0,PERCENTAGE,5.0,190460.0,Mens Club,Fashion & Footwear,Aswan,Aswan|Sharqia|South Sinai|Port Said|Dakahlia|Damietta|Red Sea|Ismailia|Asyut|Alexandria|Sohag|Beheira|Faiyum|Luxor|Suez|Minya|Gharbia|Qalyubia|Giza|Cairo|Qena|Kafr El Sheikh|Monufia|Beni Suef,السويس,0,Pay with your Yellow Card at Men’s Club stores and enjoy an extra 5% off sale items.,2025-08-17 00:00:00,2025-09-30 00:00:00,0.0,1,0,0,0,0,0,0,0,1,0,0,0,0,0,0,0,0,0,0,0,0,0,0,0,0,0,0,0,0,1,0,0,0.010752688172043012,0.0,1607.0,0.01724619316595434,0.0,0.3667774086378738,1
OFFER_0168,14354.0,DISCOUNT_VOUCHER,0.0,PERCENTAGE,20.0,200606.0,HIPPO HIDEOUT,Entertainment,NATIONWIDE,,NATIONWIDE,0,Enjoy 20% off at Hippo Hideout!,2025-07-02 00:00:00,2025-08-15 00:00:00,0.0,1,0,0,0,0,0,0,0,0,0,0,0,0,0,0,0,0,0,0,0,0,1,0,0,0,0,0,0,0,1,0,0,0.043010752688172046,0.0,108.0,0.0011490303043319517,0.0,1.0,1
OFFER_0118,14355.0,DISCOUNT_VOUCHER,0.0,PERCENTAGE,10.0,176452.0,LAPOMME,Food & Beverages,Red Sea,Red Sea|Giza|Cairo,الغردقة,0,Indulge in your favorite desserts with 10% off at La pomme —just pay with your Yellow Card,2025-07-02 00:00:00,2025-08-15 00:00:00,0.0,1,0,0,0,0,1,0,0,0,0,0,0,0,0,0,0,0,0,0,0,0,0,0,0,0,0,0,0,0,1,0,0,0.021505376344086023,0.0,245.0,0.002620218637915852,0.0,1.0,1
OFFER_1225,14403.0,DISCOUNT_VOUCHER,0.0,PERCENTAGE,10.0,207557.0,Om Abdo,Food & Beverages,Qalyubia,Qalyubia,مدينة العبور,0,Pay with your Yellow Card at Om Abdo and get 10% off your order.,2025-07-06 00:00:00,2025-08-15 00:00:00,0.0,1,0,0,0,0,1,0,0,0,0,0,0,0,0,0,0,0,0,0,0,0,0,0,0,0,0,0,0,0,1,0,0,0.021505376344086023,0.0,93.0,0.000987951289705977,0.0,1.0,1
OFFER_0634,14404.0,DISCOUNT_VOUCHER,0.0,PERCENTAGE,10.0,204554.0,Curlit,Health & Beauty,NATIONWIDE,,NATIONWIDE,0,Use code Fawry10 to get 10% off on Curlit.,2025-07-06 00:00:00,2025-08-15 00:00:00,0.0,1,0,0,0,0,0,1,0,0,0,0,0,0,0,0,0,0,0,0,0,0,0,0,0,0,0,0,0,0,1,0,0,0.021505376344086023,0.0,67.0,0.000708747664354288,0.0,1.0,1
OFFER_0603,14405.0,DISCOUNT_VOUCHER,0.0,PERCENTAGE,5.0,200503.0,KOI,Food & Beverages,NATIONWIDE,,NATIONWIDE,0,Pay with your Yellow Card at Koi Sushi and get 5% off any Combo!,2025-07-07 00:00:00,2025-08-15 00:00:00,0.0,1,0,0,0,0,1,0,0,0,0,0,0,0,0,0,0,0,0,0,0,0,0,0,0,0,0,0,0,0,1,0,0,0.010752688172043012,0.0,147.0,0.0015678357423594854,0.0,1.0,1
OFFER_1000,14406.0,DISCOUNT_VOUCHER,0.0,PERCENTAGE,10.0,175452.0,Dr Nahed Samir Clinic - Ladies Only,Health & Beauty,Cairo,Cairo,القاهرة الجديدة,0,"Get 10% off at Ladies Only Beauty Center when you pay with your Yellow Card.
Offer valid until July 31.",2025-07-07 00:00:00,2025-07-31 00:00:00,0.0,1,0,0,0,0,0,1,0,0,0,0,0,0,0,0,0,0,0,0,0,0,0,0,0,0,0,0,0,0,1,0,0,0.021505376344086023,0.0,100.0,0.0010631214965314318,0.0,1.0,1
OFFER_1237,15552.0,DISCOUNT_VOUCHER,0.0,PERCENTAGE,50.0,155452.0,Rabbit,Groceries ,NATIONWIDE,,NATIONWIDE,0,Use code YCF25 and pay with your Yellow Card to get 50% OFF up to 150 EGP on your first Rabbit order!,2025-08-17 00:00:00,2025-09-30 00:00:00,0.0,1,0,0,0,0,0,0,0,0,0,0,0,0,1,0,0,0,0,0,0,0,0,0,0,0,0,0,0,0,1,0,0,0.10752688172043011,0.0,17900.0,0.19221021885268788,0.0,0.12150759422463904,1
OFFER_1256,14810.0,DISCOUNT_VOUCHER,0.0,PERCENTAGE,20.0,190464.0,Bosch.,Household,Giza,Giza|Cairo,النزهة,0,Spacious black stainless steel fridge with 505 liter capacity.,2025-07-20 00:00:00,2025-08-31 00:00:00,51199.0,1,0,0,0,0,0,0,0,0,0,0,0,0,0,0,0,0,0,0,0,0,0,0,1,0,0,0,0,0,1,0,0,0.043010752688172046,0.0,434.0,0.004649814222203131,0.0,0.01160092807424594,1
OFFER_1086,14505.0,DISCOUNT_VOUCHER,0.0,PERCENTAGE,20.0,158452.0,Flyin,Travel & Hotels,NATIONWIDE,,NATIONWIDE,0,"Pay with your Yellow Card and use FAWRY on Flyin’s website or app to get:
 10% off flights (Max 2,000 EGP)
15% off hotels (Max 3,000 EGP)
20% off packages (Max 4,000 EGP)",2025-07-07 00:00:00,2025-08-15 00:00:00,0.0,1,0,0,0,0,0,0,1,0,0,0,0,0,0,0,0,0,0,0,0,0,0,0,0,0,0,0,0,0,1,0,0,0.043010752688172046,0.0,626.0,0.006711625609415605,0.0,1.0,1
OFFER_0480,15553.0,DISCOUNT_VOUCHER,0.0,PERCENTAGE,15.0,163504.0,Clue,Fashion & Footwear,NATIONWIDE,,NATIONWIDE,0,Pay with your yellowcard on Clue’s website and get 15% off your order Offer valid until 30 September ,2025-08-17 00:00:00,2025-09-30 00:00:00,0.0,1,0,0,0,0,0,0,0,1,0,0,0,0,0,0,0,0,0,0,0,0,0,0,0,0,0,0,0,0,1,0,0,0.03225806451612903,0.0,1141.0,0.012242005111574064,0.0,0.14453477868112014,1
OFFER_1175,14759.0,DISCOUNT_VOUCHER,0.0,PERCENTAGE,5.0,190464.0,Bosch.,Household,Giza,Giza|Cairo,النزهة,0,Sleek tempered glass gas hob with precision burners.,2025-07-08 00:00:00,2025-08-31 00:00:00,33249.0,1,0,0,0,0,0,0,0,0,0,0,0,0,0,0,0,0,0,0,0,0,0,0,1,0,0,0,0,0,1,0,0,0.010752688172043012,0.0,62.0,0.000655054659478963,0.0,0.016129032258064516,1
OFFER_0144,14760,DISCOUNT_VOUCHER,0.0,PERCENTAGE,5.0,190464.0,Bosch.,Household,Giza,Giza|Cairo,النزهة,0,Stainless steel gas hob with modern functionality.,2025-07-08 00:00:00,2025-08-31 00:00:00,30399.0,1,0,0,0,0,0,0,0,0,0,0,0,0,0,0,0,0,0,0,0,0,0,0,1,0,0,0,0,0,1,0,0,0.010752688172043012,0.0,47.0,0.0004939756448529885,0.0,0.0,0
OFFER_0640,14761.0,DISCOUNT_VOUCHER,0.0,PERCENTAGE,5.0,190464.0,Bosch.,Household,Giza,Giza|Cairo,النزهة,0,Wide stainless steel gas hob for professional cooking.,2025-07-08 00:00:00,2025-08-31 00:00:00,35149.0,1,0,0,0,0,0,0,0,0,0,0,0,0,0,0,0,0,0,0,0,0,0,0,1,0,0,0,0,0,1,0,0,0.010752688172043012,0.0,57.0,0.0006013616546036382,0.0,0.017543859649122806,1
OFFER_0536,14852,DISCOUNT_VOUCHER,0.0,PERCENTAGE,15.0,190464.0,Bosch.,Household,Giza,Giza|Cairo,النزهة,0,Efficient electric oven with a sleek stainless steel design.,2025-07-20 00:00:00,2025-08-31 00:00:00,35349.0,1,0,0,0,0,0,0,0,0,0,0,0,0,0,0,0,0,0,0,0,0,0,0,1,0,0,0,0,0,1,0,0,0.03225806451612903,0.0,275.0,0.0029423766671678015,0.0,0.0,0
OFFER_0828,14762,DISCOUNT_VOUCHER,0.0,PERCENTAGE,13.0,190464.0,Bosch.,Household,Giza,Giza|Cairo,النزهة,0,Frameless electric hob with sleek surface design.,2025-07-08 00:00:00,2025-08-31 00:00:00,30299.0,1,0,0,0,0,0,0,0,0,0,0,0,0,0,0,0,0,0,0,0,0,0,0,1,0,0,0,0,0,1,0,0,0.02795698924731183,0.0,50.0,0.0005261914477781834,0.0,0.0,0
OFFER_0201,15554.0,DISCOUNT_VOUCHER,0.0,PERCENTAGE,5.0,42955.0,kazary,Fashion & Footwear,Sharqia,Sharqia|Dakahlia|Ismailia|Red Sea|Damietta|Alexandria|Sohag|Beheira|Gharbia|Qalyubia|Giza|Cairo|Kafr El Sheikh|Monufia,وسط البلد,0,Pay with your Yellow Card at Kazary stores and enjoy an extra 5% off sale items. ,2025-08-17 00:00:00,2025-09-30 00:00:00,0.0,1,0,0,0,0,0,0,0,1,0,0,0,0,0,0,0,0,0,0,0,0,0,0,0,0,0,0,0,0,1,0,0,0.010752688172043012,0.0,2246.0,0.024108159189020855,0.0,0.10627340823970037,1
OFFER_0297,15555.0,DISCOUNT_VOUCHER,0.0,PERCENTAGE,10.0,205527.0,Eagle,Fashion & Footwear,NATIONWIDE,,NATIONWIDE,0,Shop at any Eagle store and pay with your Yellow Card to get 10% off instantly.,2025-08-17 00:00:00,2025-09-30 00:00:00,0.0,1,0,0,0,0,0,0,0,1,0,0,0,0,0,0,0,0,0,0,0,0,0,0,0,0,0,0,0,0,1,0,0,0.021505376344086023,0.0,2542.0,0.027286785077640086,0.0,0.23330515638207946,1
OFFER_0781,14763,DISCOUNT_VOUCHER,0.0,PERCENTAGE,6.0,190464.0,Bosch.,Household,Giza,Giza|Cairo,النزهة,0,Premium stainless steel refrigerator with 542L capacity.,2025-07-09 00:00:00,2025-08-31 00:00:00,59999.0,1,0,0,0,0,0,0,0,0,0,0,0,0,0,0,0,0,0,0,0,0,0,0,1,0,0,0,0,0,1,0,0,0.012903225806451613,0.0,27.0,0.00027920362535168916,0.0,0.0,0
OFFER_0476,14764,DISCOUNT_VOUCHER,0.0,PERCENTAGE,4.0,190464.0,Bosch.,Household,Giza,Giza|Cairo,النزهة,0,Luxury side-by-side refrigerator with 641L capacity.,2025-07-09 00:00:00,2025-08-31 00:00:00,69999.0,1,0,0,0,0,0,0,0,0,0,0,0,0,0,0,0,0,0,0,0,0,0,0,1,0,0,0,0,0,1,0,0,0.008602150537634409,0.0,19.0,0.00019329481755116945,0.0,0.0,0
OFFER_0100,14561.0,DISCOUNT_VOUCHER,0.0,PERCENTAGE,10.0,207556.0,Moishi,Food & Beverages,Giza,Giza|Cairo,المعادى,0,Shop at any Moishi store and pay with your Yellow Card to get 10% off instantly.,2025-07-09 00:00:00,2025-08-15 00:00:00,0.0,1,0,0,0,0,1,0,0,0,0,0,0,0,0,0,0,0,0,0,0,0,0,0,0,0,0,0,0,0,1,0,0,0.021505376344086023,0.0,155.0,0.0016537445501600052,0.0,1.0,1
OFFER_0202,15556.0,DISCOUNT_VOUCHER,0.0,PERCENTAGE,10.0,205524.0,MEHRAIL,Fashion & Footwear,NATIONWIDE,,NATIONWIDE,0,Shop at any MEHRAIL store and pay with your Yellow Card to get 10% off instantly.,2025-08-17 00:00:00,2025-09-30 00:00:00,0.0,1,0,0,0,0,0,0,0,1,0,0,0,0,0,0,0,0,0,0,0,0,0,0,0,0,0,0,0,0,1,0,0,0.021505376344086023,0.0,762.0,0.008172075342024441,0.0,0.20557029177718833,1
OFFER_0672,14765,DISCOUNT_VOUCHER,0.0,PERCENTAGE,8.0,190464.0,Bosch.,Household,Giza,Giza|Cairo,النزهة,0,Smart washing machine with Home Connect and 9kg capacity.,2025-07-09 00:00:00,2025-08-31 00:00:00,47999.0,1,0,0,0,0,0,0,0,0,0,0,0,0,0,0,0,0,0,0,0,0,0,0,1,0,0,0,0,0,1,0,0,0.017204301075268817,0.0,56.0,0.0005906230536285732,0.0,0.0,0
OFFER_0889,14809,DISCOUNT_VOUCHER,0.0,PERCENTAGE,18.0,190464.0,Bosch.,Household,Giza,Giza|Cairo,النزهة,0,Energy-efficient front load washing machine with 8kg capacity.,2025-07-20 00:00:00,2025-08-31 00:00:00,27880.0,1,0,0,0,0,0,0,0,0,0,0,0,0,0,0,0,0,0,0,0,0,0,0,1,0,0,0,0,0,1,0,0,0.03870967741935484,0.0,246.0,0.002630957238890917,0.0,0.0,0
OFFER_0974,14766,DISCOUNT_VOUCHER,0.0,PERCENTAGE,7.0,190464.0,Bosch.,Household,Giza,Giza|Cairo,النزهة,0,Extra large side-by-side refrigerator with 631L capacity.,2025-07-10 00:00:00,2025-08-31 00:00:00,77499.0,1,0,0,0,0,0,0,0,0,0,0,0,0,0,0,0,0,0,0,0,0,0,0,1,0,0,0,0,0,1,0,0,0.015053763440860216,0.0,16.0,0.00016107901462597454,0.0,0.0,0
OFFER_0616,14767.0,DISCOUNT_VOUCHER,0.0,PERCENTAGE,16.0,190464.0,Bosch.,Household,Giza,Giza|Cairo,النزهة,0,Luxury black mirror refrigerator with 505L capacity.,2025-07-10 00:00:00,2025-08-31 00:00:00,56999.0,1,0,0,0,0,0,0,0,0,0,0,0,0,0,0,0,0,0,0,0,0,0,0,1,0,0,0,0,0,1,0,0,0.034408602150537634,0.0,24.0,0.00024698782242649426,0.0,0.041666666666666664,1
OFFER_0317,14768,DISCOUNT_VOUCHER,0.0,PERCENTAGE,10.0,190464.0,Bosch.,Household,Giza,Giza|Cairo,النزهة,0,Large capacity refrigerator with premium stainless steel look.,2025-07-10 00:00:00,2025-08-31 00:00:00,46999.0,1,0,0,0,0,0,0,0,0,0,0,0,0,0,0,0,0,0,0,0,0,0,0,1,0,0,0,0,0,1,0,0,0.021505376344086023,0.0,21.0,0.00021477201950129938,0.0,0.0,0
OFFER_1020,14565.0,DISCOUNT_VOUCHER,0.0,PERCENTAGE,25.0,207554.0,War Zone,Entertainment,Giza,Giza,مدينة 6 اكتوبر,0,"Get 25% off on gaming at War Zone when you pay with your Yellow Card!
Preferably book one day in advance.
Offer valid until August 15.",2025-07-10 00:00:00,2025-08-15 00:00:00,0.0,1,0,0,0,0,0,0,0,0,0,0,0,0,0,0,0,0,0,0,0,0,1,0,0,0,0,0,0,0,1,0,0,0.053763440860215055,0.0,138.0,0.0014711883335839007,0.0,1.0,1
OFFER_0946,14769,DISCOUNT_VOUCHER,0.0,PERCENTAGE,5.0,190464.0,Bosch.,Household,Giza,Giza|Cairo,النزهة,0,Premium black mirror refrigerator with 435L capacity.,2025-07-13 00:00:00,2025-08-31 00:00:00,47499.0,1,0,0,0,0,0,0,0,0,0,0,0,0,0,0,0,0,0,0,0,0,0,0,1,0,0,0,0,0,1,0,0,0.010752688172043012,0.0,20.0,0.0002040334185262344,0.0,0.0,0
OFFER_1044,14569.0,DISCOUNT_VOUCHER,0.0,PERCENTAGE,10.0,204602.0,Bright Jewelry,Jewelry & watches,Cairo,Cairo,مصر الجديدة,0,Your offer has been activated: Enjoy 10% OFF on all diamonds in-store.,2025-07-13 00:00:00,2025-08-15 00:00:00,0.0,1,0,0,0,0,0,0,0,0,0,0,0,0,0,0,0,0,0,0,0,0,0,1,0,0,0,0,0,0,1,0,0,0.021505376344086023,0.0,170.0,0.0018148235647859796,0.0,1.0,1
OFFER_1229,14570.0,DISCOUNT_VOUCHER,0.0,PERCENTAGE,60.0,204604.0,Gigi Jewelry,Jewelry & watches,Cairo,Cairo,شبرا,0,Your offer has been activated: Enjoy 60% OFF on all diamonds in-store.,2025-07-13 00:00:00,2025-08-15 00:00:00,0.0,1,0,0,0,0,0,0,0,0,0,0,0,0,0,0,0,0,0,0,0,0,0,1,0,0,0,0,0,0,1,0,0,0.12903225806451613,0.0,928.0,0.009954683103885226,0.0,1.0,1
OFFER_0459,14571.0,DISCOUNT_VOUCHER,0.0,PERCENTAGE,25.0,204552.0,Diamond Zone,Jewelry & watches,Cairo,Cairo,القاهرة الجديدة,0,"Your offer has been activated: Enjoy 25% OFF on all diamonds in-store.
",2025-07-13 00:00:00,2025-08-15 00:00:00,0.0,1,0,0,0,0,0,0,0,0,0,0,0,0,0,0,0,0,0,0,0,0,0,1,0,0,0,0,0,0,1,0,0,0.053763440860215055,0.0,321.0,0.00343635231202079,0.0,1.0,1
OFFER_0027,14568.0,DISCOUNT_VOUCHER,0.0,PERCENTAGE,10.0,207553.0,Planet X,Entertainment,Giza,Giza,قسم الشيخ زايد,0,Enjoy a full VR experience at Planet X and get 10% off instantly when you pay with your Yellow Card.,2025-07-13 00:00:00,2025-08-15 00:00:00,0.0,1,0,0,0,0,0,0,0,0,0,0,0,0,0,0,0,0,0,0,0,0,1,0,0,0,0,0,0,0,1,0,0,0.021505376344086023,0.0,62.0,0.000655054659478963,0.0,1.0,1
OFFER_1266,14567.0,DISCOUNT_VOUCHER,0.0,PERCENTAGE,10.0,201502.0,COW,Gifts,Giza,Giza|Cairo,المعادى,0,Shop from Cow Gifts and get 10% off instantly when you pay with your Yellow Card.,2025-07-13 00:00:00,2025-08-15 00:00:00,0.0,1,0,0,0,0,0,0,0,0,1,0,0,0,0,0,0,0,0,0,0,0,0,0,0,0,0,0,0,0,1,0,0,0.021505376344086023,0.0,50.0,0.0005261914477781834,0.0,1.0,1
OFFER_0288,14602.0,DISCOUNT_VOUCHER,0.0,PERCENTAGE,25.0,207552.0,Mounir Nassif,Optics,Giza,Giza|Cairo,وسط البلد,0,Get 25% off instantly at Mounir Nassif when you pay with your Yellow Card.,2025-07-14 00:00:00,2025-08-15 00:00:00,0.0,1,0,0,0,0,0,0,0,0,0,0,0,0,0,0,0,0,0,0,1,0,0,0,0,0,0,0,0,0,1,0,0,0.053763440860215055,0.0,594.0,0.006367990378213526,0.0,1.0,1
OFFER_0328,14603.0,DISCOUNT_VOUCHER,0.0,PERCENTAGE,15.0,162502.0,Pink & Blue,Fashion & Footwear,Giza,Giza,حدائق الاهرام,0,Enjoy 15% off at Pink & Blue when you pay with your Yellow Card.,2025-07-14 00:00:00,2025-08-15 00:00:00,0.0,1,0,0,0,0,0,0,0,1,0,0,0,0,0,0,0,0,0,0,0,0,0,0,0,0,0,0,0,0,1,0,0,0.03225806451612903,0.0,267.0,0.0028564678593672814,0.0,1.0,1
OFFER_1179,14604.0,DISCOUNT_VOUCHER,0.0,PERCENTAGE,20.0,200610.0,Victory Land,Entertainment,NATIONWIDE,,NATIONWIDE,0,Enjoy 20% off instantly at Victory Land when you pay with your Yellow Card.,2025-07-14 00:00:00,2025-08-15 00:00:00,0.0,1,0,0,0,0,0,0,0,0,0,0,0,0,0,0,0,0,0,0,0,0,1,0,0,0,0,0,0,0,1,0,0,0.043010752688172046,0.0,105.0,0.0011168145014067567,0.0,1.0,1
OFFER_0223,14954.0,DISCOUNT_VOUCHER,0.0,PERCENTAGE,10.0,200611.0,Toi,Health & Beauty,NATIONWIDE,,NATIONWIDE,0,Enjoy 10% off on all beauty services at Toi with your Yellow Card.,2025-07-14 00:00:00,2025-08-15 00:00:00,0.0,1,0,0,0,0,0,1,0,0,0,0,0,0,0,0,0,0,0,0,0,0,0,0,0,0,0,0,0,0,1,0,0,0.021505376344086023,0.0,247.0,0.002641695839865982,0.0,1.0,1
OFFER_0462,14606.0,DISCOUNT_VOUCHER,0.0,PERCENTAGE,20.0,200609.0,War End Game,Entertainment,Giza,Giza|Cairo,القاهرة الجديدة,0,Get an extra 20% off on top of sale prices at War End Game when you pay with your Yellow Card — valid on 30-minute experiences only.,2025-07-14 00:00:00,2025-08-15 00:00:00,0.0,1,0,0,0,0,0,0,0,0,0,0,0,0,0,0,0,0,0,0,0,0,1,0,0,0,0,0,0,0,1,0,0,0.043010752688172046,0.0,144.0,0.0015356199394342906,0.0,1.0,1
OFFER_0579,14652.0,DISCOUNT_VOUCHER,0.0,PERCENTAGE,25.0,208602.0,Funny Ride,Entertainment,NATIONWIDE,,NATIONWIDE,0,Enjoy 25% off instantly at Funny Ride when you pay with your Yellow Card.,2025-07-15 00:00:00,2025-08-15 00:00:00,0.0,1,0,0,0,0,0,0,0,0,0,0,0,0,0,0,0,0,0,0,0,0,1,0,0,0,0,0,0,0,1,0,0,0.053763440860215055,0.0,443.0,0.004746461630978716,0.0,1.0,1
OFFER_1060,14802,DISCOUNT_VOUCHER,0.0,PERCENTAGE,5.0,190464.0,Bosch.,Household,Giza,Giza|Cairo,النزهة,0,Large capacity stainless steel gas oven.,2025-07-16 00:00:00,2025-08-31 00:00:00,47499.0,1,0,0,0,0,0,0,0,0,0,0,0,0,0,0,0,0,0,0,0,0,0,0,1,0,0,0,0,0,1,0,0,0.010752688172043012,0.0,34.0,0.000354373832177144,0.0,0.0,0
OFFER_1003,14803,DISCOUNT_VOUCHER,0.0,PERCENTAGE,5.0,190464.0,Bosch.,Household,Giza,Giza|Cairo,النزهة,0,Stylish black electric oven for modern kitchens.,2025-07-16 00:00:00,2025-08-31 00:00:00,39899.0,1,0,0,0,0,0,0,0,0,0,0,0,0,0,0,0,0,0,0,0,0,0,0,1,0,0,0,0,0,1,0,0,0.010752688172043012,0.0,16.0,0.00016107901462597454,0.0,0.0,0
OFFER_0776,14705.0,DISCOUNT_VOUCHER,0.0,PERCENTAGE,10.0,208503.0,Paint Ball,Entertainment,Cairo,Cairo,القاهرة الجديدة,0,Enjoy a Paintball experience and get 10% off instantly when you pay with your Yellow Card.,2025-07-16 00:00:00,2025-08-15 00:00:00,0.0,1,0,0,0,0,0,0,0,0,0,0,0,0,0,0,0,0,0,0,0,0,1,0,0,0,0,0,0,0,1,0,0,0.021505376344086023,0.0,178.0,0.0019007323725864994,0.0,1.0,1
OFFER_0143,14706.0,DISCOUNT_VOUCHER,0.0,PERCENTAGE,20.0,207555.0,Golden Gate,Entertainment,Cairo,Cairo,جسر السويس,0,Get 20% off instantly at Golden Gate Toys when you pay with your Yellow Card.,2025-07-16 00:00:00,2025-08-15 00:00:00,0.0,1,0,0,0,0,0,0,0,0,0,0,0,0,0,0,0,0,0,0,0,0,1,0,0,0,0,0,0,0,1,0,0,0.043010752688172046,0.0,408.0,0.004370610596851442,0.0,1.0,1
OFFER_1213,15557.0,DISCOUNT_VOUCHER,0.0,PERCENTAGE,30.0,208502.0,Jeanzy,Fashion & Footwear,NATIONWIDE,,NATIONWIDE,0,Use promo code Jeanzfawry30 on the Jeanzy app or website and pay with your Yellow Card to receive 30% off full-priced items.,2025-08-17 00:00:00,2025-09-30 00:00:00,0.0,1,0,0,0,0,0,0,0,1,0,0,0,0,0,0,0,0,0,0,0,0,0,0,0,0,0,0,0,0,1,0,0,0.06451612903225806,0.0,3252.0,0.03491119176993621,0.0,0.4543147208121827,1
OFFER_0446,14804,DISCOUNT_VOUCHER,0.0,PERCENTAGE,5.0,190464.0,Bosch.,Household,Giza,Giza|Cairo,النزهة,0,Compact integrated dishwasher with 5 washing programs.,2025-07-16 00:00:00,2025-08-31 00:00:00,42179.0,1,0,0,0,0,0,0,0,0,0,0,0,0,0,0,0,0,0,0,0,0,0,0,1,0,0,0,0,0,1,0,0,0.010752688172043012,0.0,30.0,0.00031141942827688407,0.0,0.0,0
OFFER_0830,14805,DISCOUNT_VOUCHER,0.0,PERCENTAGE,5.0,190464.0,Bosch.,Household,Giza,Giza|Cairo,النزهة,0,Energy-efficient freestanding dishwasher with 13 place settings.,2025-07-16 00:00:00,2025-08-31 00:00:00,39999.0,1,0,0,0,0,0,0,0,0,0,0,0,0,0,0,0,0,0,0,0,0,0,0,1,0,0,0,0,0,1,0,0,0.010752688172043012,0.0,21.0,0.00021477201950129938,0.0,0.0,0
OFFER_1226,14755.0,DISCOUNT_VOUCHER,0.0,FIXED,10.0,156452.0,Blue Rewards,Online,Cairo,Cairo,القاهرة الجديدة,0,"Al Futtaim is a leading integrated lifestyle provider with brands across industries such as shopping malls, Hotels, Cinema, Hypermarket & much more",2025-07-21 00:00:00,2025-07-22 00:00:00,10.0,1,0,0,0,0,0,0,0,0,0,1,0,0,0,0,0,0,0,0,0,0,0,0,0,0,0,0,0,0,0,1,0,0.021505376344086023,0.0,2.0,1.0738600975064968e-05,0.0,1.0,1
OFFER_0681,14806,DISCOUNT_VOUCHER,0.0,PERCENTAGE,5.0,190464.0,Bosch.,Household,Giza,Giza|Cairo,النزهة,0,Stainless steel refrigerator with 346L capacity.,2025-07-17 00:00:00,2025-08-31 00:00:00,47499.0,1,0,0,0,0,0,0,0,0,0,0,0,0,0,0,0,0,0,0,0,0,0,0,1,0,0,0,0,0,1,0,0,0.010752688172043012,0.0,38.0,0.00039732823607740384,0.0,0.0,0
OFFER_0815,14807,DISCOUNT_VOUCHER,0.0,PERCENTAGE,5.0,190464.0,Bosch.,Household,Giza,Giza|Cairo,النزهة,0,Water-saving champion dishwasher with 13 place settings.,2025-07-17 00:00:00,2025-08-31 00:00:00,46549.0,1,0,0,0,0,0,0,0,0,0,0,0,0,0,0,0,0,0,0,0,0,0,0,1,0,0,0,0,0,1,0,0,0.010752688172043012,0.0,42.0,0.0004402826399776637,0.0,0.0,0
OFFER_1291,14902,DISCOUNT_VOUCHER,0.0,PERCENTAGE,5.0,190464.0,Bosch.,Household,Giza,Giza|Cairo,النزهة,0,Large capacity freezer with efficient cooling system.,2025-07-17 00:00:00,2025-08-31 00:00:00,47499.0,1,0,0,0,0,0,0,0,0,0,0,0,0,0,0,0,0,0,0,0,0,0,0,1,0,0,0,0,0,1,0,0,0.010752688172043012,0.0,35.0,0.00036511243315220894,0.0,0.0,0
OFFER_0680,14903,DISCOUNT_VOUCHER,0.0,PERCENTAGE,7.0,190464.0,Bosch.,Household,Giza,Giza|Cairo,النزهة,0,Slim stainless steel refrigerator with 328L capacity.,2025-07-17 00:00:00,2025-08-31 00:00:00,27999.0,1,0,0,0,0,0,0,0,0,0,0,0,0,0,0,0,0,0,0,0,0,0,0,1,0,0,0,0,0,1,0,0,0.015053763440860216,0.0,30.0,0.00031141942827688407,0.0,0.0,0
OFFER_0736,14904,DISCOUNT_VOUCHER,0.0,PERCENTAGE,16.0,190464.0,Bosch.,Household,Giza,Giza|Cairo,النزهة,0,Modern refrigerator with stainless steel finish and 302L capacity.,2025-07-17 00:00:00,2025-08-31 00:00:00,28999.0,1,0,0,0,0,0,0,0,0,0,0,0,0,0,0,0,0,0,0,0,0,0,0,1,0,0,0,0,0,1,0,0,0.034408602150537634,0.0,41.0,0.00042954403900259875,0.0,0.0,0
OFFER_0899,14905,DISCOUNT_VOUCHER,0.0,PERCENTAGE,15.0,190464.0,Bosch.,Household,Giza,Giza|Cairo,النزهة,0,Spacious refrigerator with premium finish and 453L capacity.,2025-07-17 00:00:00,2025-08-31 00:00:00,34999.0,1,0,0,0,0,0,0,0,0,0,0,0,0,0,0,0,0,0,0,0,0,0,0,1,0,0,0,0,0,1,0,0,0.03225806451612903,0.0,37.0,0.0003865896351023389,0.0,0.0,0
OFFER_0293,14952.0,DISCOUNT_VOUCHER,0.0,PERCENTAGE,10.0,190464.0,Bosch.,Household,Giza,Giza|Cairo,النزهة,0,Bosch develops innovations that provide solutions to the major challenges of our time.,2025-07-20 00:00:00,2025-07-21 00:00:00,0.0,1,0,0,0,0,0,0,0,0,0,0,0,0,0,0,0,0,0,0,0,0,0,0,1,0,0,0,0,0,1,0,0,0.021505376344086023,0.0,92.0,0.0009772126887309122,0.0,1.0,1
OFFER_0398,14953.0,DISCOUNT_VOUCHER,0.0,PERCENTAGE,20.0,190464.0,Bosch.,Household,Giza,Giza|Cairo,النزهة,0,"Bosch Free Offer2
Bosch Free Offer2",2025-07-20 00:00:00,2025-07-31 00:00:00,0.0,1,0,0,0,0,0,0,0,0,0,0,0,0,0,0,0,0,0,0,0,0,0,0,1,0,0,0,0,0,1,0,0,0.043010752688172046,0.0,37.0,0.0003865896351023389,0.0,1.0,1
OFFER_0200,18397.0,PURCHASE_VOUCHER,2000.0,UNKNOWN,0.0,26962.0,Dubai Phone ,Electronics,Alexandria,Alexandria|Qalyubia|Giza|Cairo,المنتزة اول,0,"The Gift Card is non-refundable.
Not eligible with Meeza.",2025-07-21 00:00:00,2025-12-31 00:00:00,2000.0,0,1,0,0,0,0,0,0,0,0,0,0,1,0,0,0,0,0,0,0,0,0,0,0,0,0,0,0,0,0,0,1,0.0,0.16666666666666666,257.0,0.002749081849616632,0.355,0.92,2
OFFER_0413,18395.0,PURCHASE_VOUCHER,3000.0,UNKNOWN,0.0,26962.0,Dubai Phone ,Electronics,Alexandria,Alexandria|Qalyubia|Giza|Cairo,المنتزة اول,0,"The Gift Card is non-refundable.
Not eligible with Meeza.",2025-07-21 00:00:00,2025-12-31 00:00:00,3000.0,0,1,0,0,0,0,0,0,0,0,0,0,1,0,0,0,0,0,0,0,0,0,0,0,0,0,0,0,0,0,0,1,0.0,0.25,15.0,0.00015034041365090956,0.4166666666666667,0.9166666666666666,2
OFFER_0969,18396.0,PURCHASE_VOUCHER,5000.0,UNKNOWN,0.0,26962.0,Dubai Phone ,Electronics,Alexandria,Alexandria|Qalyubia|Giza|Cairo,المنتزة اول,0,"The Gift Card is non-refundable.
Not eligible with Meeza.",2025-07-21 00:00:00,2025-12-31 00:00:00,5000.0,0,1,0,0,0,0,0,0,0,0,0,0,1,0,0,0,0,0,0,0,0,0,0,0,0,0,0,0,0,0,0,1,0.0,0.4166666666666667,57.0,0.0006013616546036382,0.3333333333333333,0.8888888888888888,2
OFFER_0285,16354.0,PURCHASE_VOUCHER,1000.0,UNKNOWN,0.0,184455.0,Miami Center ,Electronics,Alexandria,Alexandria|Giza|Cairo,ميامى,0,"The Gift Card is non-refundable.
Not eligible with Meeza.",2025-07-22 00:00:00,2025-12-31 00:00:00,1000.0,0,1,0,0,0,0,0,0,0,0,0,0,1,0,0,0,0,0,0,0,0,0,0,0,0,0,0,0,0,0,0,1,0.0,0.08333333333333333,5.0,4.295440390025987e-05,0.0,1.0,1
OFFER_0775,16352.0,PURCHASE_VOUCHER,2000.0,UNKNOWN,0.0,184455.0,Miami Center ,Electronics,Alexandria,Alexandria|Giza|Cairo,ميامى,0,"The Gift Card is non-refundable.
Not eligible with Meeza.",2025-07-22 00:00:00,2025-12-31 00:00:00,2000.0,0,1,0,0,0,0,0,0,0,0,0,0,1,0,0,0,0,0,0,0,0,0,0,0,0,0,0,0,0,0,0,1,0.0,0.16666666666666666,18.0,0.00018255621657610447,0.375,0.75,2
OFFER_0030,16353.0,PURCHASE_VOUCHER,5000.0,UNKNOWN,0.0,184455.0,Miami Center ,Electronics,Alexandria,Alexandria|Giza|Cairo,ميامى,0,"The Gift Card is non-refundable.
Not eligible with Meeza.",2025-07-22 00:00:00,2025-12-31 00:00:00,5000.0,0,1,0,0,0,0,0,0,0,0,0,0,1,0,0,0,0,0,0,0,0,0,0,0,0,0,0,0,0,0,0,1,0.0,0.4166666666666667,5.0,4.295440390025987e-05,0.2,0.8,2
OFFER_0028,15009.0,DISCOUNT_VOUCHER,0.0,PERCENTAGE,4.0,200552.0,PUBG,Gaming,NATIONWIDE,,NATIONWIDE,0,Top up your PUBG Mobile with our voucher! Redeem UC for exclusive skins and more!,2025-07-23 00:00:00,2025-12-31 00:00:00,52.5,1,0,0,0,0,0,0,0,0,0,0,0,0,0,0,0,0,0,0,0,1,0,0,0,0,0,0,0,0,1,0,0,0.008602150537634409,0.0,26.0,0.0002684650243766242,0.0,1.0,1
OFFER_0006,15656.0,DISCOUNT_VOUCHER,0.0,PERCENTAGE,20.0,210554.0,Profit,Health & Beauty,NATIONWIDE,,NATIONWIDE,0,Enjoy a 20% online discount on your Profit purchase ,2025-07-28 00:00:00,2026-06-30 00:00:00,0.0,1,0,0,0,0,0,1,0,0,0,0,0,0,0,0,0,0,0,0,0,0,0,0,0,0,0,0,0,0,1,0,0,0.043010752688172046,0.0,1151.0,0.012349391121324714,0.0,0.33392382639503987,1
OFFER_0812,17854.0,DISCOUNT_VOUCHER,0.0,PERCENTAGE,20.0,210505.0,Azha,Health & Beauty,NATIONWIDE,,NATIONWIDE,0,Enjoy a 20% online discount on your Azha purchase ,2025-07-28 00:00:00,2026-06-30 00:00:00,0.0,1,0,0,0,0,0,1,0,0,0,0,0,0,0,0,0,0,0,0,0,0,0,0,0,0,0,0,0,0,1,0,0,0.043010752688172046,0.0,17485.0,0.1877536994480359,0.0,0.2070926322225619,1
OFFER_0310,15654.0,DISCOUNT_VOUCHER,0.0,PERCENTAGE,20.0,210504.0,Argento,Health & Beauty,NATIONWIDE,,NATIONWIDE,0,Enjoy a 20% online discount on your Argento purchase ,2025-07-28 00:00:00,2026-06-30 00:00:00,0.0,1,0,0,0,0,0,1,0,0,0,0,0,0,0,0,0,0,0,0,0,0,0,0,0,0,0,0,0,0,1,0,0,0.043010752688172046,0.0,4402.0,0.04726058289126093,0.0,0.23135033050047216,1
OFFER_0217,15653.0,DISCOUNT_VOUCHER,0.0,PERCENTAGE,20.0,210552.0,Samra,Health & Beauty,NATIONWIDE,,NATIONWIDE,0,Enjoy a 20% online discount on your Samra purchase ,2025-07-29 00:00:00,2026-06-30 00:00:00,0.0,1,0,0,0,0,0,1,0,0,0,0,0,0,0,0,0,0,0,0,0,0,0,0,0,0,0,0,0,0,1,0,0,0.043010752688172046,0.0,12144.0,0.1303988316402139,0.0,0.12926871334943082,1
OFFER_1171,17853.0,DISCOUNT_VOUCHER,0.0,PERCENTAGE,20.0,210553.0,Tola,Health & Beauty,NATIONWIDE,,NATIONWIDE,0,Enjoy a 20% online discount on your Tola purchase ,2025-07-29 00:00:00,2026-06-30 00:00:00,0.0,1,0,0,0,0,0,1,0,0,0,0,0,0,0,0,0,0,0,0,0,0,0,0,0,0,0,0,0,0,1,0,0,0.043010752688172046,0.0,21077.0,0.22632675415046927,0.0,0.20027511717953944,1
OFFER_0356,16803.0,DISCOUNT_VOUCHER,0.0,PERCENTAGE,10.0,208603.0,NAS Trends,Fashion & Footwear,Cairo,Cairo,مدينة نصر,0,Enjoy 10% off your NASTREND purchase on the app or website,2025-07-30 00:00:00,2026-07-31 00:00:00,0.0,1,0,0,0,0,0,0,0,1,0,0,0,0,0,0,0,0,0,0,0,0,0,0,0,0,0,0,0,0,1,0,0,0.021505376344086023,0.0,3547.0,0.03807907905758038,0.0,0.22203147353361946,1
OFFER_0227,15605.0,DISCOUNT_VOUCHER,0.0,PERCENTAGE,10.0,211553.0,Les Secrets,Food & Beverages,NATIONWIDE,,NATIONWIDE,0,Enjoy 10% off your Les Secrets purchase online,2025-08-03 00:00:00,2026-06-30 00:00:00,0.0,1,0,0,0,0,1,0,0,0,0,0,0,0,0,0,0,0,0,0,0,0,0,0,0,0,0,0,0,0,1,0,0,0.021505376344086023,0.0,20041.0,0.21520156354030198,0.0,0.08368113522537562,1
OFFER_1180,17856.0,DISCOUNT_VOUCHER,0.0,PERCENTAGE,5.0,210503.0,IFIT,Health & Beauty,NATIONWIDE,,NATIONWIDE,0,Enjoy a 5% online discount on your IFIT purchase ,2025-08-03 00:00:00,2026-06-30 00:00:00,0.0,1,0,0,0,0,0,1,0,0,0,0,0,0,0,0,0,0,0,0,0,0,0,0,0,0,0,0,0,0,1,0,0,0.010752688172043012,0.0,83551.0,0.8972101114666782,0.0,0.21192644170683805,1
OFFER_0871,15703.0,DISCOUNT_VOUCHER,0.0,PERCENTAGE,10.0,211552.0,Duck Donuts,Food & Beverages,Cairo,Cairo|Matruh,العلمين,0,Enjoy a 10% discount on your Duck Donuts purchase,2025-08-04 00:00:00,2026-06-30 00:00:00,0.0,1,0,0,0,0,1,0,0,0,0,0,0,0,0,0,0,0,0,0,0,0,0,0,0,0,0,0,0,0,1,0,0,0.021505376344086023,0.0,56157.0,0.6030368763557483,0.0,0.13211242777396925,1
OFFER_0857,15352.0,DISCOUNT_VOUCHER,0.0,PERCENTAGE,4.5,200552.0,PUBG,Gaming,NATIONWIDE,,NATIONWIDE,0,Top up your PUBG Mobile with our voucher! Redeem UC for exclusive skins and more!,2025-08-05 00:00:00,2025-10-31 00:00:00,261.25,1,0,0,0,0,0,0,0,0,0,0,0,0,0,0,0,0,0,0,0,1,0,0,0,0,0,0,0,0,1,0,0,0.00967741935483871,0.0,15.0,0.00015034041365090956,0.0,1.0,1
OFFER_0385,15402,DISCOUNT_VOUCHER,0.0,PERCENTAGE,21.0,211552.0,Duck Donuts,Food & Beverages,Cairo,Cairo|Matruh,العلمين,0,"Buy One Dozen, Get a Box of 3 for Free",2025-08-05 00:00:00,2025-08-31 00:00:00,400.0,1,0,0,0,0,1,0,0,0,0,0,0,0,0,0,0,0,0,0,0,0,0,0,0,0,0,0,0,0,1,0,0,0.04516129032258064,0.0,512.0,0.005487425098258199,0.0,0.0,0
OFFER_0702,15606.0,DISCOUNT_VOUCHER,0.0,PERCENTAGE,15.0,209553.0,Bait Dalida,Food & Beverages,Giza,Giza|Cairo,المهندسين,0,Enjoy a 15% discount on your Beit Dalida purchase ,2025-08-05 00:00:00,2025-12-31 00:00:00,0.0,1,0,0,0,0,1,0,0,0,0,0,0,0,0,0,0,0,0,0,0,0,0,0,0,0,0,0,0,0,1,0,0,0.03225806451612903,0.0,13173.0,0.14144885204355576,0.0,0.1445744251714401,1
OFFER_0665,21867.0,DISCOUNT_VOUCHER,0.0,PERCENTAGE,10.0,208603.0,NAS Trends,Fashion & Footwear,Cairo,Cairo,مدينة نصر,0,Pay with your yellowcard at NAS Trends and get 10% off instantly.,2025-08-10 00:00:00,2026-07-13 00:00:00,0.0,1,0,0,0,0,0,0,0,1,0,0,0,0,0,0,0,0,0,0,0,0,0,0,0,0,0,0,0,0,1,0,0,0.021505376344086023,0.0,52888.0,0.567932389768261,0.0,0.13431822390485793,1
OFFER_0656,18258.0,PURCHASE_VOUCHER,500.0,UNKNOWN,0.0,7980.0,NOLA,Food & Beverages,Port Said,Port Said|Sharqia|Dakahlia|Alexandria|Asyut|Giza|Cairo|Suez,السويس,0,"The Gift Card is non-refundable.
Not eligible with Meeza.",2025-08-13 00:00:00,2025-12-31 00:00:00,500.0,0,1,0,0,0,1,0,0,0,0,0,0,0,0,0,0,0,0,0,0,0,0,0,0,0,0,0,0,0,0,0,1,0.0,0.041666666666666664,15.0,0.00015034041365090956,0.23076923076923078,0.9230769230769231,2
OFFER_0779,18257.0,PURCHASE_VOUCHER,1000.0,UNKNOWN,0.0,7980.0,NOLA,Food & Beverages,Port Said,Port Said|Sharqia|Dakahlia|Alexandria|Asyut|Giza|Cairo|Suez,السويس,0,"The Gift Card is non-refundable.
Not eligible with Meeza.",2025-08-13 00:00:00,2025-12-31 00:00:00,1000.0,0,1,0,0,0,1,0,0,0,0,0,0,0,0,0,0,0,0,0,0,0,0,0,0,0,0,0,0,0,0,0,1,0.0,0.08333333333333333,73.0,0.0007731792702046778,0.49122807017543857,0.8070175438596491,2
OFFER_0473,15452,DISCOUNT_VOUCHER,0.0,PERCENTAGE,47.0,211552.0,Duck Donuts,Food & Beverages,Cairo,Cairo|Matruh,العلمين,0,"Buy One Donut, Get One Coffee for Free",2025-08-13 00:00:00,2025-08-31 00:00:00,45.0,1,0,0,0,0,1,0,0,0,0,0,0,0,0,0,0,0,0,0,0,0,0,0,0,0,0,0,0,0,1,0,0,0.1010752688172043,0.0,1103.0,0.011833938274521595,0.0,0.0,0
OFFER_0844,17054.0,PURCHASE_VOUCHER,500.0,UNKNOWN,0.0,196510.0,Goumla Market,Groceries ,Sharqia,Sharqia|Dakahlia|Red Sea|Alexandria|North Coast|Giza|Cairo|Matruh|Beheira|Monufia,المنتزة اول,0,"The Gift Card is non-refundable.
Not eligible with Meeza.",2025-08-13 00:00:00,2025-12-31 00:00:00,500.0,0,1,0,0,0,0,0,0,0,0,0,0,0,1,0,0,0,0,0,0,0,0,0,0,0,0,0,0,0,0,0,1,0.0,0.041666666666666664,37.0,0.0003865896351023389,0.7586206896551724,0.41379310344827586,2
OFFER_0101,17053.0,PURCHASE_VOUCHER,1000.0,UNKNOWN,0.0,196510.0,Goumla Market,Groceries ,Sharqia,Sharqia|Dakahlia|Red Sea|Alexandria|North Coast|Giza|Cairo|Matruh|Beheira|Monufia,المنتزة اول,0,"The Gift Card is non-refundable.
Not eligible with Meeza.",2025-08-13 00:00:00,2025-12-31 00:00:00,1000.0,0,1,0,0,0,0,0,0,0,0,0,0,0,1,0,0,0,0,0,0,0,0,0,0,0,0,0,0,0,0,0,1,0.0,0.08333333333333333,3.0,2.1477201950129936e-05,1.0,1.0,2
OFFER_1222,17052.0,PURCHASE_VOUCHER,1500.0,UNKNOWN,0.0,196510.0,Goumla Market,Groceries ,Sharqia,Sharqia|Dakahlia|Red Sea|Alexandria|North Coast|Giza|Cairo|Matruh|Beheira|Monufia,المنتزة اول,0,"The Gift Card is non-refundable.
Not eligible with Meeza.",2025-08-13 00:00:00,2025-12-31 00:00:00,1500.0,0,1,0,0,0,0,0,0,0,0,0,0,0,1,0,0,0,0,0,0,0,0,0,0,0,0,0,0,0,0,0,1,0.0,0.125,25.0,0.00025772642340155926,1.0,0.09090909090909091,2
OFFER_0602,15602.0,DISCOUNT_VOUCHER,0.0,PERCENTAGE,15.0,208702.0,Yawza,Fashion & Footwear,Cairo,Cairo,القاهرة الجديدة,0,Shop at any Yawza branch and pay with your Yellow Card to get 15% off instantly.,2025-08-18 00:00:00,2025-09-30 00:00:00,0.0,1,0,0,0,0,0,0,0,1,0,0,0,0,0,0,0,0,0,0,0,0,0,0,0,0,0,0,0,0,1,0,0,0.03225806451612903,0.0,782.0,0.008386847361525741,0.0,0.005221932114882507,1
OFFER_0937,15603.0,DISCOUNT_VOUCHER,0.0,PERCENTAGE,10.0,190502.0,Jumia,Online,NATIONWIDE,,NATIONWIDE,0,Use code OFAWRY and pay with your Yellow Card to get 10% off (up to EGP 100) on your Jumia order.,2025-08-18 00:00:00,2025-09-30 00:00:00,0.0,1,0,0,0,0,0,0,0,0,0,1,0,0,0,0,0,0,0,0,0,0,0,0,0,0,0,0,0,0,1,0,0,0.021505376344086023,0.0,18882.0,0.20275552501020166,0.0,0.003939155202714987,1
OFFER_0005,15752.0,DISCOUNT_VOUCHER,0.0,PERCENTAGE,10.0,207558.0,Spex,Electronics,Dakahlia,Dakahlia|Alexandria|Cairo,المعادى,0,Pay with your yellowcard at Spex and get 10% off instantly.,2025-08-21 00:00:00,2025-09-30 00:00:00,0.0,1,0,0,0,0,0,0,0,0,0,0,0,1,0,0,0,0,0,0,0,0,0,0,0,0,0,0,0,0,1,0,0,0.021505376344086023,0.0,52771.0,0.5666759734541784,0.0,0.005532053368044257,1
OFFER_0559,15802.0,DISCOUNT_VOUCHER,0.0,PERCENTAGE,10.0,165452.0,AlFagala,Services,Qalyubia,Qalyubia|Giza|Cairo,القناطر الخيرية,0,Pay with your yellowcard at Fagala and get 10% off instantly.,2025-08-21 00:00:00,2025-09-30 00:00:00,0.0,1,0,0,0,0,0,0,0,0,0,0,1,0,0,0,0,0,0,0,0,0,0,0,0,0,0,0,0,0,1,0,0,0.021505376344086023,0.0,3485.0,0.03741328579712635,0.0,0.004511278195488722,1
OFFER_1144,15803.0,DISCOUNT_VOUCHER,0.0,PERCENTAGE,5.0,184463.0,Bernasos Stationery,Books & Stationery,Sharqia,Sharqia|Damietta|Alexandria|Asyut|Giza|Cairo,وسط البلد,0,-Pay with your Yellow Card at Bernasos and get 5% off instantly.,2025-08-21 00:00:00,2025-09-30 00:00:00,0.0,1,0,0,0,0,0,0,0,0,0,0,0,0,0,0,0,0,0,0,0,0,0,0,0,1,0,0,0,0,1,0,0,0.010752688172043012,0.0,1566.0,0.016805910525976676,0.0,0.019933554817275746,1
OFFER_0521,17652,DISCOUNT_VOUCHER,0.0,PERCENTAGE,25.0,110052.0,Greleaves,Health & Beauty,Matruh,Matruh|Cairo,مصر الجديدة,0,Complete hair care: cleanse and hydrate,2025-09-01 00:00:00,2025-10-31 00:00:00,658.0,1,0,0,0,0,0,1,0,0,0,0,0,0,0,0,0,0,0,0,0,0,0,0,0,0,0,0,0,0,1,0,0,0.053763440860215055,0.0,1336.0,0.014336032301711732,0.0,0.0,0
OFFER_0825,15903,DISCOUNT_VOUCHER,0.0,PERCENTAGE,20.0,214552.0,Dr panda,Health & Beauty,NATIONWIDE,,NATIONWIDE,0,Gentle protection and moisture for baby’s skin,2025-09-01 00:00:00,2025-10-31 00:00:00,103.0,1,0,0,0,0,0,1,0,0,0,0,0,0,0,0,0,0,0,0,0,0,0,0,0,0,0,0,0,0,1,0,0,0.043010752688172046,0.0,116.0,0.0012349391121324713,0.0,0.0,0
OFFER_1160,15904,DISCOUNT_VOUCHER,0.0,PERCENTAGE,25.0,214552.0,Dr panda,Health & Beauty,NATIONWIDE,,NATIONWIDE,0,Gentle care for baby's skin and hair,2025-09-01 00:00:00,2025-10-31 00:00:00,418.0,1,0,0,0,0,0,1,0,0,0,0,0,0,0,0,0,0,0,0,0,0,0,0,0,0,0,0,0,0,1,0,0,0.053763440860215055,0.0,117.0,0.0012456777131075363,0.0,0.0,0
OFFER_0254,17110,DISCOUNT_VOUCHER,0.0,PERCENTAGE,20.0,184455.0,Miami Center ,Electronics,Alexandria,Alexandria|Giza|Cairo,ميامى,0,Compact and travel-ready espresso machine for easy brewing on the go,2025-09-02 00:00:00,2025-10-31 00:00:00,3000.0,1,0,0,0,0,0,0,0,0,0,0,0,1,0,0,0,0,0,0,0,0,0,0,0,0,0,0,0,0,1,0,0,0.043010752688172046,0.0,1113.0,0.011941324284272244,0.0,0.0,0
OFFER_0942,17108.0,DISCOUNT_VOUCHER,0.0,PERCENTAGE,20.0,184455.0,Miami Center ,Electronics,Alexandria,Alexandria|Giza|Cairo,ميامى,0,"Powerful 20-bar coffee machine with 500ml capacity and built-in storage for fast, rich brewing",2025-09-02 00:00:00,2025-10-31 00:00:00,4000.0,1,0,0,0,0,0,0,0,0,0,0,0,1,0,0,0,0,0,0,0,0,0,0,0,0,0,0,0,0,1,0,0,0.043010752688172046,0.0,3865.0,0.04149395416765104,0.0005405405405405405,0.0005405405405405405,2
OFFER_0574,17055,DISCOUNT_VOUCHER,0.0,PERCENTAGE,20.0,184455.0,Miami Center ,Electronics,Alexandria,Alexandria|Giza|Cairo,ميامى,0,"Powerful 20-bar coffee machine with 500ml capacity and built-in storage for fast, rich brewing.",2025-09-02 00:00:00,2025-10-31 00:00:00,4000.0,1,0,0,0,0,0,0,0,0,0,0,0,1,0,0,0,0,0,0,0,0,0,0,0,0,0,0,0,0,1,0,0,0.043010752688172046,0.0,1588.0,0.017042159747428107,0.0,0.0,0
OFFER_0993,16607,DISCOUNT_VOUCHER,0.0,PERCENTAGE,20.0,184455.0,Miami Center ,Electronics,Alexandria,Alexandria|Giza|Cairo,ميامى,0,Portable espresso machine for fast coffee brewing anywhere,2025-09-03 00:00:00,2025-10-31 00:00:00,5000.0,1,0,0,0,0,0,0,0,0,0,0,0,1,0,0,0,0,0,0,0,0,0,0,0,0,0,0,0,0,1,0,0,0.043010752688172046,0.0,149.0,0.0015893129443096154,0.0,0.0,0
OFFER_0591,16609,DISCOUNT_VOUCHER,0.0,PERCENTAGE,20.0,184455.0,Miami Center ,Electronics,Alexandria,Alexandria|Giza|Cairo,ميامى,0,Stylish smartwatch with health and sport features,2025-09-03 00:00:00,2025-10-31 00:00:00,2200.0,1,0,0,0,0,0,0,0,0,0,0,0,1,0,0,0,0,0,0,0,0,0,0,0,0,0,0,0,0,1,0,0,0.043010752688172046,0.0,3086.0,0.033128584008075425,0.0,0.0,0
OFFER_0238,16608,DISCOUNT_VOUCHER,0.0,PERCENTAGE,20.0,184455.0,Miami Center ,Electronics,Alexandria,Alexandria|Giza|Cairo,ميامى,0,Lepresso Turkish Coffee Maker 250ml - Sleek design for quick and easy brewing of authentic Turkish coffee.,2025-09-03 00:00:00,2025-10-31 00:00:00,1000.0,1,0,0,0,0,0,0,0,0,0,0,0,1,0,0,0,0,0,0,0,0,0,0,0,0,0,0,0,0,1,0,0,0.043010752688172046,0.0,338.0,0.0036189085285968942,0.0,0.0,0
OFFER_0458,16557,DISCOUNT_VOUCHER,0.0,PERCENTAGE,20.0,184455.0,Miami Center ,Electronics,Alexandria,Alexandria|Giza|Cairo,ميامى,0,"Tiny body, mighty sound.",2025-09-07 00:00:00,2025-10-31 00:00:00,2750.0,1,0,0,0,0,0,0,0,0,0,0,0,1,0,0,0,0,0,0,0,0,0,0,0,0,0,0,0,0,1,0,0,0.043010752688172046,0.0,1431.0,0.015356199394342905,0.0,0.0,0
OFFER_0275,16505,DISCOUNT_VOUCHER,0.0,PERCENTAGE,20.0,184455.0,Miami Center ,Electronics,Alexandria,Alexandria|Giza|Cairo,ميامى,0,Slim magnetic power bank with built-in stand and 7.5W fast charging.,2025-09-07 00:00:00,2025-10-31 00:00:00,1500.0,1,0,0,0,0,0,0,0,0,0,0,0,1,0,0,0,0,0,0,0,0,0,0,0,0,0,0,0,0,1,0,0,0.043010752688172046,0.0,2719.0,0.029187517450226585,0.0,0.0,0
OFFER_0729,16504,DISCOUNT_VOUCHER,0.0,PERCENTAGE,20.0,184455.0,Miami Center ,Electronics,Alexandria,Alexandria|Giza|Cairo,ميامى,0,Sleek watch with big screen and premium strap,2025-09-07 00:00:00,2025-10-31 00:00:00,2600.0,1,0,0,0,0,0,0,0,0,0,0,0,1,0,0,0,0,0,0,0,0,0,0,0,0,0,0,0,0,1,0,0,0.043010752688172046,0.0,1339.0,0.014368248104636928,0.0,0.0,0
OFFER_0304,17109,DISCOUNT_VOUCHER,0.0,PERCENTAGE,20.0,184455.0,Miami Center ,Electronics,Alexandria,Alexandria|Giza|Cairo,ميامى,0,"Rich, ready-to-brew coffee in seconds",2025-09-08 00:00:00,2025-10-31 00:00:00,2000.0,1,0,0,0,0,0,0,0,0,0,0,0,1,0,0,0,0,0,0,0,0,0,0,0,0,0,0,0,0,1,0,0,0.043010752688172046,0.0,1333.0,0.014303816498786539,0.0,0.0,0
OFFER_0658,21143.0,PURCHASE_VOUCHER,3000.0,UNKNOWN,0.0,191554.0,ElAraby,Electronics,Aswan,Aswan|Port Said|Red Sea|Asyut|Alexandria|Suez|Minya|Gharbia|Qalyubia|Giza|Cairo|Matruh|Monufia|Beni Suef,اسيوط,0,"The Gift Card is non-refundable.
Not eligible with Meeza.",2025-09-09 00:00:00,2026-03-31 00:00:00,3000.0,0,1,0,0,0,0,0,0,0,0,0,0,1,0,0,0,0,0,0,0,0,0,0,0,0,0,0,0,0,0,0,1,0.0,0.25,2.0,1.0738600975064968e-05,1.0,1.0,2
OFFER_0717,21142.0,PURCHASE_VOUCHER,1000.0,UNKNOWN,0.0,191554.0,ElAraby,Electronics,Aswan,Aswan|Port Said|Red Sea|Asyut|Alexandria|Suez|Minya|Gharbia|Qalyubia|Giza|Cairo|Matruh|Monufia|Beni Suef,اسيوط,0,"The Gift Card is non-refundable.
Not eligible with Meeza.",2025-09-09 00:00:00,2026-03-31 00:00:00,1000.0,0,1,0,0,0,0,0,0,0,0,0,0,1,0,0,0,0,0,0,0,0,0,0,0,0,0,0,0,0,0,0,1,0.0,0.08333333333333333,9.0,8.590880780051974e-05,0.3333333333333333,1.0,2
OFFER_1265,16153.0,DISCOUNT_VOUCHER,0.0,FIXED,125.0,215557.0,Al Delta Hospital,Hospitals ,Dakahlia,Dakahlia,المنصورة,0,"* In case you need surgery, you can utilize your annual medical coverage limit at any of our network hospitals.
* Maternity is covered under Solo pro and Family plans for up to 6,000 EGP 
* For surgeries performed outside the network, a cash reimbursement system will be applied.",2025-09-14 00:00:00,2030-08-31 00:00:00,0.0,1,0,0,0,0,0,0,0,0,0,0,0,0,0,0,1,0,0,0,0,0,0,0,0,0,0,0,0,0,0,1,0,0.26881720430107525,0.0,3.0,2.1477201950129936e-05,0.0,0.3333333333333333,1
OFFER_0570,16152.0,DISCOUNT_VOUCHER,0.0,FIXED,125.0,215558.0,Al Menia National Hospital,Hospitals ,Minya,Minya,المنيا,0,"* In case you need surgery, you can utilize your annual medical coverage limit at any of our network hospitals.
* Maternity is covered under Solo pro and Family plans for up to 6,000 EGP 
* For surgeries performed outside the network, a cash reimbursement system will be applied.",2025-09-14 00:00:00,2030-08-31 00:00:00,0.0,1,0,0,0,0,0,0,0,0,0,0,0,0,0,0,1,0,0,0,0,0,0,0,0,0,0,0,0,0,0,1,0,0.26881720430107525,0.0,1.0,0.0,0.0,1.0,1
OFFER_0451,16203.0,DISCOUNT_VOUCHER,0.0,FIXED,125.0,216552.0,Ibn Sina,Hospitals ,Sohag,Sohag,سوهاج,0,"* In case you need surgery, you can utilize your annual medical coverage limit at any of our network hospitals.
* Maternity is covered under Solo pro and Family plans for up to 6,000 EGP 
* For surgeries performed outside the network, a cash reimbursement system will be applied.",2025-09-16 00:00:00,2030-08-31 00:00:00,0.0,1,0,0,0,0,0,0,0,0,0,0,0,0,0,0,1,0,0,0,0,0,0,0,0,0,0,0,0,0,0,1,0,0.26881720430107525,0.0,4.0,3.221580292519491e-05,0.0,0.25,1
OFFER_0679,16204.0,DISCOUNT_VOUCHER,0.0,FIXED,125.0,216553.0,AR Razzi Medical Center,Hospitals ,Qena,Qena,بندر قنا,0,"* In case you need surgery, you can utilize your annual medical coverage limit at any of our network hospitals.
* Maternity is covered under Solo pro and Family plans for up to 6,000 EGP 
* For surgeries performed outside the network, a cash reimbursement system will be applied.",2025-09-16 00:00:00,2030-08-31 00:00:00,0.0,1,0,0,0,0,0,0,0,0,0,0,0,0,0,0,1,0,0,0,0,0,0,0,0,0,0,0,0,0,0,1,0,0.26881720430107525,0.0,3.0,2.1477201950129936e-05,0.0,0.6666666666666666,1
OFFER_0902,16452.0,DISCOUNT_VOUCHER,0.0,FIXED,125.0,215553.0,Al Nokhba Center,Hospitals ,Asyut,Asyut,اسيوط,0,"* In case you need surgery, you can utilize your annual medical coverage limit at any of our network hospitals.
* Maternity is covered under Solo pro and Family plans for up to 6,000 EGP 
* For surgeries performed outside the network, a cash reimbursement system will be applied.",2025-09-17 00:00:00,2030-08-31 00:00:00,0.0,1,0,0,0,0,0,0,0,0,0,0,0,0,0,0,1,0,0,0,0,0,0,0,0,0,0,0,0,0,0,1,0,0.26881720430107525,0.0,4.0,3.221580292519491e-05,0.0,0.25,1
OFFER_0962,16453.0,DISCOUNT_VOUCHER,0.0,FIXED,125.0,215555.0,Al Waha Hospital,Hospitals ,Giza,Giza,حدائق الاهرام,0,"* In case you need surgery, you can utilize your annual medical coverage limit at any of our network hospitals.
* Maternity is covered under Solo pro and Family plans for up to 6,000 EGP 
* For surgeries performed outside the network, a cash reimbursement system will be applied.",2025-09-17 00:00:00,2030-08-31 00:00:00,0.0,1,0,0,0,0,0,0,0,0,0,0,0,0,0,0,1,0,0,0,0,0,0,0,0,0,0,0,0,0,0,1,0,0.26881720430107525,0.0,1.0,0.0,0.0,1.0,1
OFFER_0460,21137.0,PURCHASE_VOUCHER,1000.0,UNKNOWN,0.0,190460.0,Mens Club,Fashion & Footwear,Aswan,Aswan|Sharqia|South Sinai|Port Said|Dakahlia|Damietta|Red Sea|Ismailia|Asyut|Alexandria|Sohag|Beheira|Faiyum|Luxor|Suez|Minya|Gharbia|Qalyubia|Giza|Cairo|Qena|Kafr El Sheikh|Monufia|Beni Suef,السويس,0,The Gift Card is non-refundable,2026-03-31 00:00:00,2026-10-31 00:00:00,1000.0,0,1,0,0,0,0,0,0,1,0,0,0,0,0,0,0,0,0,0,0,0,0,0,0,0,0,0,0,0,0,0,1,0.0,0.08333333333333333,25.0,0.00025772642340155926,0.7333333333333333,1.0,2
OFFER_1280,21138.0,PURCHASE_VOUCHER,1500.0,UNKNOWN,0.0,190460.0,Mens Club,Fashion & Footwear,Aswan,Aswan|Sharqia|South Sinai|Port Said|Dakahlia|Damietta|Red Sea|Ismailia|Asyut|Alexandria|Sohag|Beheira|Faiyum|Luxor|Suez|Minya|Gharbia|Qalyubia|Giza|Cairo|Qena|Kafr El Sheikh|Monufia|Beni Suef,السويس,0,The Gift Card is non-refundable,2026-03-31 00:00:00,2026-10-31 00:00:00,1500.0,0,1,0,0,0,0,0,0,1,0,0,0,0,0,0,0,0,0,0,0,0,0,0,0,0,0,0,0,0,0,0,1,0.0,0.125,3.0,2.1477201950129936e-05,0.5,0.5,2
OFFER_1050,21139.0,PURCHASE_VOUCHER,2000.0,UNKNOWN,0.0,190460.0,Mens Club,Fashion & Footwear,Aswan,Aswan|Sharqia|South Sinai|Port Said|Dakahlia|Damietta|Red Sea|Ismailia|Asyut|Alexandria|Sohag|Beheira|Faiyum|Luxor|Suez|Minya|Gharbia|Qalyubia|Giza|Cairo|Qena|Kafr El Sheikh|Monufia|Beni Suef,السويس,0,The Gift Card is non-refundable,2026-03-31 00:00:00,2026-10-31 00:00:00,2000.0,0,1,0,0,0,0,0,0,1,0,0,0,0,0,0,0,0,0,0,0,0,0,0,0,0,0,0,0,0,0,0,1,0.0,0.16666666666666666,1.0,0.0,0.0,1.0,1
OFFER_1068,17002.0,PURCHASE_VOUCHER,7000.0,UNKNOWN,0.0,199502.0,Sharaf DG,Electronics,Giza,Giza|Cairo,المعادى,0,This Gift Card is non-refundable,2025-09-24 00:00:00,2025-12-31 00:00:00,7000.0,0,1,0,0,0,0,0,0,0,0,0,0,1,0,0,0,0,0,0,0,0,0,0,0,0,0,0,0,0,0,0,1,0.0,0.5833333333333334,1.0,0.0,0.0,1.0,1
OFFER_0631,21133.0,PURCHASE_VOUCHER,1000.0,UNKNOWN,0.0,179504.0,BOWLINE,Fashion & Footwear,Dakahlia,Dakahlia|Giza|Cairo,المنصورة,0,The Gift Card is non-refundable.,2026-03-31 00:00:00,2026-10-31 00:00:00,1000.0,0,1,0,0,0,0,0,0,1,0,0,0,0,0,0,0,0,0,0,0,0,0,0,0,0,0,0,0,0,0,0,1,0.0,0.08333333333333333,11.0,0.00010738600975064969,0.375,1.0,2
OFFER_0252,21131.0,PURCHASE_VOUCHER,1500.0,UNKNOWN,0.0,179504.0,BOWLINE,Fashion & Footwear,Dakahlia,Dakahlia|Giza|Cairo,المنصورة,0,The Gift Card is non-refundable.,2026-03-31 00:00:00,2026-10-31 00:00:00,1500.0,0,1,0,0,0,0,0,0,1,0,0,0,0,0,0,0,0,0,0,0,0,0,0,0,0,0,0,0,0,0,0,1,0.0,0.125,12.0,0.00011812461072571465,0.2,1.0,2
OFFER_0010,21132.0,PURCHASE_VOUCHER,2500.0,UNKNOWN,0.0,179504.0,BOWLINE,Fashion & Footwear,Dakahlia,Dakahlia|Giza|Cairo,المنصورة,0,The Gift Card is non-refundable.,2026-03-31 00:00:00,2026-10-31 00:00:00,2500.0,0,1,0,0,0,0,0,0,1,0,0,0,0,0,0,0,0,0,0,0,0,0,0,0,0,0,0,0,0,0,0,1,0.0,0.20833333333333334,1.0,0.0,0.0,1.0,1
OFFER_0189,17105.0,PURCHASE_VOUCHER,3000.0,UNKNOWN,0.0,193508.0,Sadko,Electronics,Alexandria,Alexandria|North Coast|Giza|Cairo,ماسبيرو,0,The Gift Card is non-refundable.,2025-09-28 00:00:00,2025-12-31 00:00:00,3000.0,0,1,0,0,0,0,0,0,0,0,0,0,1,0,0,0,0,0,0,0,0,0,0,0,0,0,0,0,0,0,0,1,0.0,0.25,1.0,0.0,0.0,1.0,1
OFFER_1059,17152.0,DISCOUNT_VOUCHER,0.0,PERCENTAGE,37.0,218552.0,Prego,Online,Sharqia,Sharqia|Qalyubia|Giza|Cairo,الوايلى,0,"3 Shish Tawook + 2 Kofta + Rice + Sauce + Bread
",2025-11-03 00:00:00,2026-06-30 00:00:00,125.0,1,0,0,0,0,0,0,0,0,0,1,0,0,0,0,0,0,0,0,0,0,0,0,0,0,0,0,0,0,1,0,0,0.07956989247311828,0.0,25893.0,0.2780438564463822,0.0,0.0045219913826201955,1
OFFER_0850,17153.0,DISCOUNT_VOUCHER,0.0,PERCENTAGE,33.0,218552.0,Prego,Online,Sharqia,Sharqia|Qalyubia|Giza|Cairo,الوايلى,0,"4 Drums + 4 Wings + Fries + 2 Sauces
",2025-11-03 00:00:00,2026-06-30 00:00:00,100.0,1,0,0,0,0,0,0,0,0,0,1,0,0,0,0,0,0,0,0,0,0,0,0,0,0,0,0,0,0,1,0,0,0.07096774193548387,0.0,15220.0,0.16343076823951375,0.0,0.0039609562880181075,1
OFFER_0009,17202.0,DISCOUNT_VOUCHER,0.0,PERCENTAGE,34.0,218552.0,Prego,Online,Sharqia,Sharqia|Qalyubia|Giza|Cairo,الوايلى,0,"Oriental Kofta + Shish Tawook (Regular/Spicy) + Fries + Drink + Sauce
",2025-11-03 00:00:00,2026-06-30 00:00:00,135.0,1,0,0,0,0,0,0,0,0,0,1,0,0,0,0,0,0,0,0,0,0,0,0,0,0,0,0,0,0,1,0,0,0.07311827956989247,0.0,4228.0,0.045392066321599624,0.0,0.0015151515151515152,1
OFFER_0073,17252.0,DISCOUNT_VOUCHER,0.0,PERCENTAGE,15.0,206502.0,M.Sou,Fashion & Footwear,NATIONWIDE,,NATIONWIDE,0,Get 15% off your total bill at M.SOU !,2025-09-30 00:00:00,2026-09-30 00:00:00,0.0,1,0,0,0,0,0,0,0,1,0,0,0,0,0,0,0,0,0,0,0,0,0,0,0,0,0,0,0,0,1,0,0,0.03225806451612903,0.0,41256.0,0.4430209832263053,0.0,0.1237920168067227,1
OFFER_1054,21150.0,PURCHASE_VOUCHER,1000.0,UNKNOWN,0.0,190466.0,Fresh,Electronics,Asyut,Asyut|Alexandria|Giza|Cairo|Beni Suef,بنى سويف,0,The Gift Card is non-refundable.,2026-03-31 00:00:00,2026-10-31 00:00:00,1000.0,0,1,0,0,0,0,0,0,0,0,0,0,1,0,0,0,0,0,0,0,0,0,0,0,0,0,0,0,0,0,0,1,0.0,0.08333333333333333,24.0,0.00024698782242649426,0.0,0.8333333333333334,1
OFFER_0960,21149.0,PURCHASE_VOUCHER,3000.0,UNKNOWN,0.0,190466.0,Fresh,Electronics,Asyut,Asyut|Alexandria|Giza|Cairo|Beni Suef,بنى سويف,0,The Gift Card is non-refundable.,2026-03-31 00:00:00,2026-10-31 00:00:00,3000.0,0,1,0,0,0,0,0,0,0,0,0,0,1,0,0,0,0,0,0,0,0,0,0,0,0,0,0,0,0,0,0,1,0.0,0.25,13.0,0.00012886321170077963,0.0,0.3076923076923077,1
OFFER_0693,21148.0,PURCHASE_VOUCHER,10000.0,UNKNOWN,0.0,190466.0,Fresh,Electronics,Asyut,Asyut|Alexandria|Giza|Cairo|Beni Suef,بنى سويف,0,The Gift Card is non-refundable.,2026-03-31 00:00:00,2026-10-31 00:00:00,10000.0,0,1,0,0,0,0,0,0,0,0,0,0,1,0,0,0,0,0,0,0,0,0,0,0,0,0,0,0,0,0,0,1,0.0,0.8333333333333334,35.0,0.00036511243315220894,0.0,0.8571428571428571,1
OFFER_0066,21354.0,PURCHASE_VOUCHER,2000.0,UNKNOWN,0.0,190478.0,Xiaomi,Electronics,Aswan,Aswan|Port Said|Sharqia|Dakahlia|Damietta|Ismailia|Red Sea|Alexandria|Asyut|Sohag|Beheira|Faiyum|Luxor|Suez|Minya|Gharbia|Qalyubia|Giza|Cairo|Qena|Kafr El Sheikh|Monufia|Beni Suef,السويس,0,This Gift Card is non-refundable.,2026-03-31 00:00:00,2026-10-31 00:00:00,2000.0,0,1,0,0,0,0,0,0,0,0,0,0,1,0,0,0,0,0,0,0,0,0,0,0,0,0,0,0,0,0,0,1,0.0,0.16666666666666666,8.0,7.517020682545478e-05,0.125,1.0,2
OFFER_0024,21151.0,PURCHASE_VOUCHER,2000.0,UNKNOWN,0.0,190477.0,Switch Plus,Electronics,Sharqia,Sharqia|Gharbia|Red Sea|Alexandria|Giza|Cairo|Matruh,الغردقة,0,"The Gift Card is non-refundable.
",2026-03-31 00:00:00,2026-10-31 00:00:00,2000.0,0,1,0,0,0,0,0,0,0,0,0,0,1,0,0,0,0,0,0,0,0,0,0,0,0,0,0,0,0,0,0,1,0.0,0.16666666666666666,1.0,0.0,0.0,1.0,1
OFFER_1058,21136.0,PURCHASE_VOUCHER,2000.0,UNKNOWN,0.0,207558.0,Spex,Electronics,Dakahlia,Dakahlia|Alexandria|Cairo,المعادى,0,The Gift Card is non-refundable.,2026-03-31 00:00:00,2026-10-31 00:00:00,2000.0,0,1,0,0,0,0,0,0,0,0,0,0,1,0,0,0,0,0,0,0,0,0,0,0,0,0,0,0,0,0,0,1,0.0,0.16666666666666666,4.0,3.221580292519491e-05,0.0,0.5,1
OFFER_0454,21134.0,PURCHASE_VOUCHER,10000.0,UNKNOWN,0.0,207558.0,Spex,Electronics,Dakahlia,Dakahlia|Alexandria|Cairo,المعادى,0,The Gift Card is non-refundable.,2026-03-31 00:00:00,2026-10-31 00:00:00,10000.0,0,1,0,0,0,0,0,0,0,0,0,0,1,0,0,0,0,0,0,0,0,0,0,0,0,0,0,0,0,0,0,1,0.0,0.8333333333333334,1.0,0.0,0.0,1.0,1
OFFER_0150,17602.0,PURCHASE_VOUCHER,1000.0,UNKNOWN,0.0,144480.0,IQSTORE,Electronics,Giza,Giza|Cairo,القاهرة الجديدة,0,"The Gift Card is non-refundable.
",2025-10-02 00:00:00,2026-10-01 00:00:00,1000.0,0,1,0,0,0,0,0,0,0,0,0,0,1,0,0,0,0,0,0,0,0,0,0,0,0,0,0,0,0,0,0,1,0.0,0.08333333333333333,4.0,3.221580292519491e-05,0.3333333333333333,1.0,2
OFFER_0497,17604.0,PURCHASE_VOUCHER,3000.0,UNKNOWN,0.0,144480.0,IQSTORE,Electronics,Giza,Giza|Cairo,القاهرة الجديدة,0,"The Gift Card is non-refundable.
",2025-10-02 00:00:00,2026-10-01 00:00:00,3000.0,0,1,0,0,0,0,0,0,0,0,0,0,1,0,0,0,0,0,0,0,0,0,0,0,0,0,0,0,0,0,0,1,0.0,0.25,17.0,0.0001718176156010395,0.5833333333333334,1.0,2
OFFER_1186,18152.0,DISCOUNT_VOUCHER,0.0,PERCENTAGE,10.0,17992.0,TBS,Food & Beverages,Alexandria,Alexandria|Giza|Cairo,وسط البلد,0,Congrats you won 10% discount from TBS use this code:,2025-10-14 00:00:00,2026-10-31 00:00:00,0.0,1,0,0,0,0,1,0,0,0,0,0,0,0,0,0,0,0,0,0,0,0,0,0,0,0,0,0,0,0,1,0,0,0.021505376344086023,0.0,18338.0,0.19691372607976632,0.0,0.14059948682062048,1
OFFER_1090,18154.0,DISCOUNT_VOUCHER,0.0,PERCENTAGE,10.0,17952.0,Abou Shakra,Food & Beverages,Asyut,Asyut|Giza|Cairo,وسط البلد,0,Congrats you won 10% discount from Abou Shakra use this code:,2025-10-28 00:00:00,2026-10-31 00:00:00,0.0,1,0,0,0,0,1,0,0,0,0,0,0,0,0,0,0,0,0,0,0,0,0,0,0,0,0,0,0,0,1,0,0,0.021505376344086023,0.0,70382.0,0.7557934752260476,0.0,0.18036180648448946,1
OFFER_1173,17852.0,DISCOUNT_VOUCHER,0.0,PERCENTAGE,20.0,210504.0,Argento,Health & Beauty,NATIONWIDE,,NATIONWIDE,0,Enjoy a 20% online discount on your Argento purchase,2025-10-28 00:00:00,2026-06-30 00:00:00,0.0,1,0,0,0,0,0,1,0,0,0,0,0,0,0,0,0,0,0,0,0,0,0,0,0,0,0,0,0,0,1,0,0,0.043010752688172046,0.0,6790.0,0.07290436201971608,0.0,0.21825895663104966,1
OFFER_0271,17902.0,DISCOUNT_VOUCHER,0.0,PERCENTAGE,17.0,221553.0,Zahia,Health & Beauty,NATIONWIDE,,NATIONWIDE,0,Congrats you won 17% discount from Zahia use this code: FawryZahia,2025-10-30 00:00:00,2026-10-31 00:00:00,0.0,1,0,0,0,0,0,1,0,0,0,0,0,0,0,0,0,0,0,0,0,0,0,0,0,0,0,0,0,0,1,0,0,0.03655913978494624,0.0,7538.0,0.08093683554906467,0.0,0.17985115766262402,1
OFFER_0662,,DISCOUNT_VOUCHER,0.0,FIXED,101.0,177452.0,Kansas,Food & Beverages,Giza,Giza|Cairo,المعادى,0,مبروك كسبت من Kansas وجبة فوري ب 99 بدل من 200ج,2025-10-30 00:00:00,2025-11-30 00:00:00,0.0,1,0,0,0,0,1,0,0,0,0,0,0,0,0,0,0,0,0,0,0,0,0,0,0,0,0,0,0,0,0,1,0,0.2172043010752688,0.0,201.0,0.0021477201950129937,1.0,0.16417910447761194,2
OFFER_1277,,DISCOUNT_VOUCHER,0.0,FIXED,76.0,33954.0,Heart Attack,Food & Beverages,Cairo,Cairo,وسط البلد,0,مبروك كسبت من Heart Attack وجبة فوري ب 99ج بدل من 175ج,2025-10-30 00:00:00,2025-11-30 00:00:00,0.0,1,0,0,0,0,1,0,0,0,0,0,0,0,0,0,0,0,0,0,0,0,0,0,0,0,0,0,0,0,0,1,0,0.16344086021505377,0.0,2.0,1.0738600975064968e-05,1.0,0.0,1
OFFER_0915,17955.0,DISCOUNT_VOUCHER,0.0,PERCENTAGE,100.0,222552.0,Twist ,Online,NATIONWIDE,,NATIONWIDE,0,Get 4 Months free subscription on Twist Music Premium,2025-11-02 00:00:00,2026-06-30 00:00:00,0.0,1,0,0,0,0,0,0,0,0,0,1,0,0,0,0,0,0,0,0,0,0,0,0,0,0,0,0,0,0,1,0,0,0.21505376344086022,0.0,17463.0,0.18751745022658448,0.0,0.3964846202134338,1
OFFER_0690,18003.0,DISCOUNT_VOUCHER,0.0,PERCENTAGE,20.0,13952.0,Noon,Online,NATIONWIDE,,NATIONWIDE,0,"Get 20% discount, up to 200 EGP, when you pay with your yellowcard.",2025-11-07 00:00:00,2025-11-13 00:00:00,0.0,1,0,0,0,0,0,0,0,0,0,1,0,0,0,0,0,0,0,0,0,0,0,0,0,0,0,0,0,0,1,0,0,0.043010752688172046,0.0,28661.0,0.307768303945362,0.0,0.013207777913660266,1
OFFER_0667,17954.0,PURCHASE_VOUCHER,1000.0,UNKNOWN,0.0,129453.0,Venus,Electronics,Aswan,Aswan|Sharqia|Port Said|South Sinai|Dakahlia|Ismailia|Red Sea|Damietta|Asyut|Alexandria|Sohag|Beheira|Faiyum|Luxor|Suez|Minya|Gharbia|Qalyubia|North Coast|Giza|Cairo|Matruh|Qena|Kafr El Sheikh|Monufia|Beni Suef,البدرشين,0,This Gift Card is non-refundable.,2025-11-03 00:00:00,2026-10-31 00:00:00,1000.0,0,1,0,0,0,0,0,0,0,0,0,0,1,0,0,0,0,0,0,0,0,0,0,0,0,0,0,0,0,0,0,1,0.0,0.08333333333333333,14.0,0.00013960181267584458,0.75,1.0,2
OFFER_0309,17952.0,PURCHASE_VOUCHER,2500.0,UNKNOWN,0.0,129453.0,Venus,Electronics,Aswan,Aswan|Sharqia|Port Said|South Sinai|Dakahlia|Ismailia|Red Sea|Damietta|Asyut|Alexandria|Sohag|Beheira|Faiyum|Luxor|Suez|Minya|Gharbia|Qalyubia|North Coast|Giza|Cairo|Matruh|Qena|Kafr El Sheikh|Monufia|Beni Suef,البدرشين,0,This Gift Card is non-refundable.,2025-11-03 00:00:00,2026-10-31 00:00:00,2500.0,0,1,0,0,0,0,0,0,0,0,0,0,1,0,0,0,0,0,0,0,0,0,0,0,0,0,0,0,0,0,0,1,0.0,0.20833333333333334,24.0,0.00024698782242649426,0.3333333333333333,1.0,2
OFFER_0595,18002.0,DISCOUNT_VOUCHER,0.0,PERCENTAGE,15.0,222602.0,Aroma Oil,Health & Beauty,NATIONWIDE,,NATIONWIDE,0,Congrats you got 15% discount from Aroma use this code:,2025-11-04 00:00:00,2026-06-30 00:00:00,0.0,1,0,0,0,0,0,1,0,0,0,0,0,0,0,0,0,0,0,0,0,0,0,0,0,0,0,0,0,0,1,0,0,0.03225806451612903,0.0,6936.0,0.07447219776207556,0.0,0.13947603453408752,1
OFFER_0651,18004.0,DISCOUNT_VOUCHER,0.0,PERCENTAGE,10.0,190483.0,Amazon ,Online,NATIONWIDE,,NATIONWIDE,0,Shopping from Amazon? Enjoy 10% off (up to 150 EGP) when you pay with your yellowcard — minimum order value 400 EGP.,2025-11-08 00:00:00,2025-11-12 00:00:00,0.0,1,0,0,0,0,0,0,0,0,0,1,0,0,0,0,0,0,0,0,0,0,0,0,0,0,0,0,0,0,1,0,0,0.021505376344086023,0.0,16489.0,0.1770580528768712,0.0,0.01127365454301436,1
OFFER_0767,18508.0,DISCOUNT_VOUCHER,0.0,PERCENTAGE,15.0,222605.0,Lucky Owl,Health & Beauty,NATIONWIDE,,NATIONWIDE,0,Congrats you got 15% discount from Lucky Owl use this code:,2025-11-05 00:00:00,2026-06-30 00:00:00,0.0,1,0,0,0,0,0,1,0,0,0,0,0,0,0,0,0,0,0,0,0,0,0,0,0,0,0,0,0,0,1,0,0,0.03225806451612903,0.0,814.0,0.00873048259272782,0.0,0.09600997506234414,1
OFFER_1095,18509.0,DISCOUNT_VOUCHER,0.0,PERCENTAGE,15.0,222604.0,Orga+,Health & Beauty,NATIONWIDE,,NATIONWIDE,0,Congrats you got 15% discount from Orga+ use this code:,2025-11-05 00:00:00,2026-06-30 00:00:00,0.0,1,0,0,0,0,0,1,0,0,0,0,0,0,0,0,0,0,0,0,0,0,0,0,0,0,0,0,0,0,1,0,0,0.03225806451612903,0.0,1186.0,0.012725242155451988,0.0,0.13522825150732126,1
OFFER_1114,18510.0,DISCOUNT_VOUCHER,0.0,PERCENTAGE,15.0,222606.0,Richie,Health & Beauty,NATIONWIDE,,NATIONWIDE,0,Congrats you got 15% discount from Richie use this code:,2025-11-05 00:00:00,2026-06-30 00:00:00,0.0,1,0,0,0,0,0,1,0,0,0,0,0,0,0,0,0,0,0,0,0,0,0,0,0,0,0,0,0,0,1,0,0,0.03225806451612903,0.0,875.0,0.009385537252206783,0.0,0.1353558926487748,1
OFFER_0553,18007.0,DISCOUNT_VOUCHER,0.0,PERCENTAGE,5.0,190475.0,Mobilaty,Electronics,Sharqia,Sharqia|Dakahlia|Gharbia|Alexandria|Asyut|Sohag|Giza|Cairo,سان استيفانو,0,Get 5% discount when you pay with your yellowcard.,2025-11-11 00:00:00,2025-11-30 00:00:00,0.0,1,0,0,0,0,0,0,0,0,0,0,0,1,0,0,0,0,0,0,0,0,0,0,0,0,0,0,0,0,1,0,0,0.010752688172043012,0.0,24697.0,0.2652004896802045,0.0,4.4138418079096045e-05,1
OFFER_0184,18006.0,DISCOUNT_VOUCHER,0.0,PERCENTAGE,2.5,190477.0,Switch Plus,Electronics,Sharqia,Sharqia|Red Sea|Gharbia|Alexandria|Giza|Cairo|Matruh,الغردقة,0,Get 2.5% discount when you pay with your yellowcard.,2025-11-12 00:00:00,2025-11-30 00:00:00,0.0,1,0,0,0,0,0,0,0,0,0,0,0,1,0,0,0,0,0,0,0,0,0,0,0,0,0,0,0,0,1,0,0,0.005376344086021506,0.0,16161.0,0.1735357917570499,0.0,6.585012511523772e-05,1
OFFER_0102,18005,DISCOUNT_VOUCHER,0.0,PERCENTAGE,10.0,190466.0,Fresh,Electronics,Asyut,Asyut|Alexandria|Giza|Cairo|Beni Suef,بنى سويف,0,Get 10% discount when you pay with your yellowcard.,2025-11-12 00:00:00,2025-11-30 00:00:00,0.0,1,0,0,0,0,0,0,0,0,0,0,0,1,0,0,0,0,0,0,0,0,0,0,0,0,0,0,0,0,1,0,0,0.021505376344086023,0.0,20235.0,0.21728485212946458,0.0,0.0,0
OFFER_1120,18052,DISCOUNT_VOUCHER,0.0,PERCENTAGE,10.0,207558.0,Spex,Electronics,Dakahlia,Dakahlia|Alexandria|Cairo,المعادى,0,Get 10% off when you pay with your yellowcard.,2025-11-12 00:00:00,2025-11-30 00:00:00,0.0,1,0,0,0,0,0,0,0,0,0,0,0,1,0,0,0,0,0,0,0,0,0,0,0,0,0,0,0,0,1,0,0,0.021505376344086023,0.0,27138.0,0.29141341466033804,0.0,0.0,0
OFFER_1216,18102,DISCOUNT_VOUCHER,0.0,PERCENTAGE,15.0,219552.0,Joviality,Health & Beauty,Red Sea,Red Sea|Alexandria|Giza|Cairo|Matruh,الجونة,0,Get 15% off when you pay with your Yellow Card.,2025-11-17 00:00:00,2025-11-30 00:00:00,0.0,1,0,0,0,0,0,1,0,0,0,0,0,0,0,0,0,0,0,0,0,0,0,0,0,0,0,0,0,0,1,0,0,0.03225806451612903,0.0,904.0,0.009696956680483667,0.0,0.0,0
OFFER_0483,18302,DISCOUNT_VOUCHER,0.0,PERCENTAGE,5.0,42955.0,kazary,Fashion & Footwear,Sharqia,Sharqia|Dakahlia|Ismailia|Red Sea|Damietta|Alexandria|Sohag|Beheira|Gharbia|Qalyubia|Giza|Cairo|Kafr El Sheikh|Monufia,وسط البلد,0,Get 5% off when you pay with your yellowcard.,2025-11-21 00:00:00,2025-11-30 00:00:00,0.0,1,0,0,0,0,0,0,0,1,0,0,0,0,0,0,0,0,0,0,0,0,0,0,0,0,0,0,0,0,1,0,0,0.010752688172043012,0.0,1103.0,0.011833938274521595,0.0,0.0,0
OFFER_0137,18202,DISCOUNT_VOUCHER,0.0,PERCENTAGE,15.0,208702.0,Yawza,Fashion & Footwear,Cairo,Cairo,القاهرة الجديدة,0,Get 15% off when you pay with your Yellow Card.,2025-11-21 00:00:00,2025-11-30 00:00:00,0.0,1,0,0,0,0,0,0,0,1,0,0,0,0,0,0,0,0,0,0,0,0,0,0,0,0,0,0,0,0,1,0,0,0.03225806451612903,0.0,1410.0,0.01513068877386654,0.0,0.0,0
OFFER_0513,18203,DISCOUNT_VOUCHER,0.0,PERCENTAGE,10.0,205527.0,Eagle,Fashion & Footwear,NATIONWIDE,,NATIONWIDE,0,Get 10% off when you pay with your Yellow Card.,2025-11-21 00:00:00,2025-11-30 00:00:00,0.0,1,0,0,0,0,0,0,0,1,0,0,0,0,0,0,0,0,0,0,0,0,0,0,0,0,0,0,0,0,1,0,0,0.021505376344086023,0.0,1920.0,0.020607375271149676,0.0,0.0,0
OFFER_1181,21876.0,PURCHASE_VOUCHER,2000.0,UNKNOWN,0.0,51952.0,Coup,Fashion & Footwear,Port Said,Port Said|Sharqia|Dakahlia|Damietta|Red Sea|Alexandria|Sohag|Luxor|Gharbia|Qalyubia|Giza|Cairo|Monufia|Beni Suef,الاقصر,0,"The Gift Card is non-refundable.
",2025-12-02 00:00:00,2026-12-01 00:00:00,2000.0,0,1,0,0,0,0,0,0,1,0,0,0,0,0,0,0,0,0,0,0,0,0,0,0,0,0,0,0,0,0,0,1,0.0,0.16666666666666666,1.0,0.0,0.0,1.0,1
OFFER_1296,21874.0,PURCHASE_VOUCHER,5000.0,UNKNOWN,0.0,51952.0,Coup,Fashion & Footwear,Port Said,Port Said|Sharqia|Dakahlia|Damietta|Red Sea|Alexandria|Sohag|Luxor|Gharbia|Qalyubia|Giza|Cairo|Monufia|Beni Suef,الاقصر,0,"The Gift Card is non-refundable.
",2025-12-02 00:00:00,2026-12-01 00:00:00,5000.0,0,1,0,0,0,0,0,0,1,0,0,0,0,0,0,0,0,0,0,0,0,0,0,0,0,0,0,0,0,0,0,1,0.0,0.4166666666666667,5.0,4.295440390025987e-05,0.6666666666666666,1.0,2
OFFER_1318,21146.0,PURCHASE_VOUCHER,3000.0,UNKNOWN,0.0,144480.0,IQSTORE,Electronics,Giza,Giza|Cairo,القاهرة الجديدة,0,The Gift Card is non-refundable.,2026-03-31 00:00:00,2026-10-31 00:00:00,3000.0,0,1,0,0,0,0,0,0,0,0,0,0,1,0,0,0,0,0,0,0,0,0,0,0,0,0,0,0,0,0,0,1,0.0,0.25,30.0,0.00031141942827688407,0.38095238095238093,0.9523809523809523,2
OFFER_1057,21147.0,PURCHASE_VOUCHER,12000.0,UNKNOWN,0.0,144480.0,IQSTORE,Electronics,Giza,Giza|Cairo,القاهرة الجديدة,0,The Gift Card is non-refundable.,2026-03-31 00:00:00,2026-10-31 00:00:00,12000.0,0,1,0,0,0,0,0,0,0,0,0,0,1,0,0,0,0,0,0,0,0,0,0,0,0,0,0,0,0,0,0,1,0.0,1.0,4.0,3.221580292519491e-05,0.3333333333333333,1.0,2
OFFER_1069,21144.0,PURCHASE_VOUCHER,2500.0,UNKNOWN,0.0,191554.0,ElAraby,Electronics,Aswan,Aswan|Port Said|Red Sea|Asyut|Alexandria|Suez|Minya|Gharbia|Qalyubia|Giza|Cairo|Matruh|Monufia|Beni Suef,اسيوط,0,The Gift Card is non-refundable.,2026-03-31 00:00:00,2026-10-31 00:00:00,2500.0,0,1,0,0,0,0,0,0,0,0,0,0,1,0,0,0,0,0,0,0,0,0,0,0,0,0,0,0,0,0,0,1,0.0,0.20833333333333334,23.0,0.0002362492214514293,0.045454545454545456,0.4090909090909091,2
OFFER_0346,21141.0,PURCHASE_VOUCHER,10000.0,UNKNOWN,0.0,191554.0,ElAraby,Electronics,Aswan,Aswan|Port Said|Red Sea|Asyut|Alexandria|Suez|Minya|Gharbia|Qalyubia|Giza|Cairo|Matruh|Monufia|Beni Suef,اسيوط,0,The Gift Card is non-refundable.,2026-03-31 00:00:00,2026-10-31 00:00:00,10000.0,0,1,0,0,0,0,0,0,0,0,0,0,1,0,0,0,0,0,0,0,0,0,0,0,0,0,0,0,0,0,0,1,0.0,0.8333333333333334,70.0,0.0007409634672794829,0.078125,0.84375,2
OFFER_0499,21130.0,PURCHASE_VOUCHER,2000.0,UNKNOWN,0.0,26962.0,Dubai Phone ,Electronics,Alexandria,Alexandria|Qalyubia|Giza|Cairo,المنتزة اول,0,The Gift Card is non-refundable.,2026-03-31 00:00:00,2026-10-31 00:00:00,2000.0,0,1,0,0,0,0,0,0,0,0,0,0,1,0,0,0,0,0,0,0,0,0,0,0,0,0,0,0,0,0,0,1,0.0,0.16666666666666666,61.0,0.0006443160585038982,0.17307692307692307,1.0,2
OFFER_0257,21129.0,PURCHASE_VOUCHER,10000.0,UNKNOWN,0.0,26962.0,Dubai Phone ,Electronics,Alexandria,Alexandria|Qalyubia|Giza|Cairo,المنتزة اول,0,The Gift Card is non-refundable.,2026-03-31 00:00:00,2026-10-31 00:00:00,10000.0,0,1,0,0,0,0,0,0,0,0,0,0,1,0,0,0,0,0,0,0,0,0,0,0,0,0,0,0,0,0,0,1,0.0,0.8333333333333334,7.0,6.443160585038982e-05,0.3333333333333333,1.0,2
OFFER_0908,18452.0,DISCOUNT_VOUCHER,0.0,PERCENTAGE,5.0,222607.0,Keep Going,Health & Beauty,NATIONWIDE,,NATIONWIDE,0,Enjoy 5% discount from Keep Going use this code:,2025-12-18 00:00:00,2026-06-30 00:00:00,0.0,1,0,0,0,0,0,1,0,0,0,0,0,0,0,0,0,0,0,0,0,0,0,0,0,0,0,0,0,0,1,0,0,0.010752688172043012,0.0,14730.0,0.15816885376173193,0.0,0.15391777682280475,1
OFFER_1084,18511.0,DISCOUNT_VOUCHER,0.0,PERCENTAGE,10.0,176452.0,LAPOMME,Food & Beverages,Red Sea,Red Sea|Giza|Cairo,الغردقة,0,Get 10% off when you pay with your yellowcard.,2026-01-25 00:00:00,2026-03-20 00:00:00,0.0,1,0,0,0,0,1,0,0,0,0,0,0,0,0,0,0,0,0,0,0,0,0,0,0,0,0,0,0,0,1,0,0,0.021505376344086023,0.0,6722.0,0.07217413715341166,0.0,0.0003096934035305048,1
OFFER_1310,18512,DISCOUNT_VOUCHER,0.0,PERCENTAGE,10.0,207556.0,Moishi,Food & Beverages,Giza,Giza|Cairo,المعادى,0,Get 10% off when you pay with your Yellow Card.,2026-01-25 00:00:00,2026-03-20 00:00:00,0.0,1,0,0,0,0,1,0,0,0,0,0,0,0,0,0,0,0,0,0,0,0,0,0,0,0,0,0,0,0,1,0,0,0.021505376344086023,0.0,3931.0,0.04220270183200533,0.0,0.0,0
OFFER_0710,18515,DISCOUNT_VOUCHER,0.0,PERCENTAGE,5.0,220602.0,Ehab Group,Electronics,Cairo,Cairo,باب اللوق,0,Get 5% off when you pay with your Yellow Card.,2026-01-27 00:00:00,2026-03-20 00:00:00,0.0,1,0,0,0,0,0,0,0,0,0,0,0,1,0,0,0,0,0,0,0,0,0,0,0,0,0,0,0,0,1,0,0,0.010752688172043012,0.0,17576.0,0.18873091213676682,0.0,0.0,0
OFFER_0721,18537.0,PURCHASE_VOUCHER,160.0,UNKNOWN,0.0,14952.0,Khair Zaman,Groceries ,Port Said,Port Said|Sharqia|Aswan|Dakahlia|Ismailia|Red Sea|Alexandria|Asyut|Sohag|Beheira|Luxor|Suez|Minya|Gharbia|Qalyubia|Giza|Cairo|Matruh|Qena|Monufia|Beni Suef,السويس,0,"Ramadan box has been successfully purchased. Collect it from the nearest branch using this code.
This Ramadan box is non-refundable.",2026-02-01 00:00:00,2026-03-13 00:00:00,160.0,0,1,0,0,0,0,0,0,0,0,0,0,0,1,0,0,0,0,0,0,0,0,0,0,0,0,0,0,0,0,0,1,0.0,0.013333333333333334,329.0,0.0035222611198213096,0.27734375,0.984375,2
OFFER_0298,18538.0,PURCHASE_VOUCHER,240.0,UNKNOWN,0.0,14952.0,Khair Zaman,Groceries ,Port Said,Port Said|Aswan|Sharqia|Dakahlia|Ismailia|Red Sea|Alexandria|Asyut|Sohag|Beheira|Luxor|Suez|Minya|Gharbia|Qalyubia|Giza|Cairo|Matruh|Qena|Monufia|Beni Suef,السويس,0,"Ramadan box has been successfully purchased. Collect it from the nearest branch using this code.
This Ramadan box is non-refundable.",2026-02-01 00:00:00,2026-03-13 00:00:00,240.0,0,1,0,0,0,0,0,0,0,0,0,0,0,1,0,0,0,0,0,0,0,0,0,0,0,0,0,0,0,0,0,1,0.0,0.02,90.0,0.0009557354867807822,0.25,0.9861111111111112,2
OFFER_0105,18536.0,PURCHASE_VOUCHER,175.0,UNKNOWN,0.0,196510.0,Goumla Market,Groceries ,Sharqia,Sharqia|Dakahlia|Red Sea|Alexandria|North Coast|Giza|Cairo|Matruh|Beheira|Monufia,المنتزة اول,0,"Ramadan box has been successfully purchased. Collect it from the nearest branch using this code.
This Ramadan box is non-refundable.",2026-02-15 00:00:00,2026-03-13 00:00:00,175.0,0,1,0,0,0,0,0,0,0,0,0,0,0,1,0,0,0,0,0,0,0,0,0,0,0,0,0,0,0,0,0,1,0.0,0.014583333333333334,23.0,0.0002362492214514293,0.21052631578947367,1.0,2
OFFER_0466,18534.0,PURCHASE_VOUCHER,375.0,UNKNOWN,0.0,196510.0,Goumla Market,Groceries ,Sharqia,Sharqia|Dakahlia|Red Sea|Alexandria|North Coast|Giza|Cairo|Matruh|Beheira|Monufia,المنتزة اول,0,"Ramadan box has been successfully purchased. Collect it from the nearest branch using this code.
This Ramadan box is non-refundable.",2026-02-15 00:00:00,2026-03-13 00:00:00,375.0,0,1,0,0,0,0,0,0,0,0,0,0,0,1,0,0,0,0,0,0,0,0,0,0,0,0,0,0,0,0,0,1,0.0,0.03125,38.0,0.00039732823607740384,0.4642857142857143,1.0,2
OFFER_0130,18535.0,PURCHASE_VOUCHER,640.0,UNKNOWN,0.0,196510.0,Goumla Market,Groceries ,Sharqia,Sharqia|Dakahlia|Red Sea|Alexandria|North Coast|Giza|Cairo|Matruh|Beheira|Monufia,المنتزة اول,0,"Ramadan box has been successfully purchased. Collect it from the nearest branch using this code.
This Ramadan box is non-refundable.",2026-02-15 00:00:00,2026-03-13 00:00:00,640.0,0,1,0,0,0,0,0,0,0,0,0,0,0,1,0,0,0,0,0,0,0,0,0,0,0,0,0,0,0,0,0,1,0.0,0.05333333333333334,110.0,0.0011705075062820815,0.5512820512820513,1.0,2
OFFER_0503,18513,DISCOUNT_VOUCHER,0.0,PERCENTAGE,5.0,207558.0,Spex,Electronics,Dakahlia,Dakahlia|Alexandria|Cairo,المعادى,0,Get 5% off when you pay with your yellowcard.,2026-01-27 00:00:00,2026-03-20 00:00:00,0.0,1,0,0,0,0,0,0,0,0,0,0,0,1,0,0,0,0,0,0,0,0,0,0,0,0,0,0,0,0,1,0,0,0.010752688172043012,0.0,57446.0,0.6168789330126071,0.0,0.0,0
OFFER_0841,18514,DISCOUNT_VOUCHER,0.0,PERCENTAGE,5.0,190475.0,Mobilaty,Electronics,Sharqia,Sharqia|Dakahlia|Gharbia|Asyut|Alexandria|Sohag|Giza|Cairo,سان استيفانو,0,Get 5% discount when you pay with your yellowcard.,2026-01-27 00:00:00,2026-03-20 00:00:00,0.0,1,0,0,0,0,0,0,0,0,0,0,0,1,0,0,0,0,0,0,0,0,0,0,0,0,0,0,0,0,1,0,0,0.010752688172043012,0.0,33301.0,0.3575954124696635,0.0,0.0,0
OFFER_0560,19008.0,PURCHASE_VOUCHER,200.0,UNKNOWN,0.0,205526.0,Hyper One,Groceries ,Sharqia,Sharqia|Giza|Cairo,مدينة بدر,0,"Ramadan box has been successfully purchased. Collect it from the nearest branch using this code.
This Ramadan box is non-refundable.",2026-02-15 00:00:00,2026-03-13 00:00:00,200.0,0,1,0,0,0,0,0,0,0,0,0,0,0,1,0,0,0,0,0,0,0,0,0,0,0,0,0,0,0,0,0,1,0.0,0.016666666666666666,8.0,7.517020682545478e-05,0.14285714285714285,1.0,2
OFFER_0405,19007.0,PURCHASE_VOUCHER,315.0,UNKNOWN,0.0,205526.0,Hyper One,Groceries ,Sharqia,Sharqia|Giza|Cairo,مدينة بدر,0,"Ramadan box has been successfully purchased. Collect it from the nearest branch using this code.
This Ramadan box is non-refundable.",2026-02-15 00:00:00,2026-03-13 00:00:00,315.0,0,1,0,0,0,0,0,0,0,0,0,0,0,1,0,0,0,0,0,0,0,0,0,0,0,0,0,0,0,0,0,1,0.0,0.02625,34.0,0.000354373832177144,0.27586206896551724,1.0,2
OFFER_0592,24508.0,DISCOUNT_VOUCHER,0.0,PERCENTAGE,50.0,225555.0,Magic Planet,Entertainment,NATIONWIDE,,NATIONWIDE,0,"Pay 950 EGP and Get 1700 EGP Credit + 5 blue swipers games worth 1900
Use promo code: MagicxFawry at checkout",2026-02-11 00:00:00,2026-11-11 00:00:00,0.0,1,0,0,0,0,0,0,0,0,0,0,0,0,0,0,0,0,0,0,0,0,1,0,0,0,0,0,0,0,1,0,0,0.10752688172043011,0.0,55225.0,0.5930285002469878,0.0,0.11848680976568901,1
OFFER_0703,19012.0,PURCHASE_VOUCHER,200.0,UNKNOWN,0.0,205526.0,Hyper One,Groceries ,Sharqia,Sharqia|Giza|Cairo,مدينة بدر,0,"Ramadan box has been successfully purchased. Collect it from the nearest branch using this code.
This Ramadan box is non-refundable.",2026-02-15 00:00:00,2026-03-13 00:00:00,200.0,0,1,0,0,0,0,0,0,0,0,0,0,0,1,0,0,0,0,0,0,0,0,0,0,0,0,0,0,0,0,0,1,0.0,0.016666666666666666,316.0,0.003382659307145465,0.22568093385214008,0.9922178988326849,2
OFFER_1154,19037.0,DISCOUNT_VOUCHER,140.0,PERCENTAGE,30.0,176453.0,WATCH IT,Online,NATIONWIDE,,NATIONWIDE,0,Stream your favorite Ramadan series without ads with WATCH IT-Premium,2026-02-15 00:00:00,2026-03-20 00:00:00,70.0,1,0,0,0,0,0,0,0,0,0,1,0,0,0,0,0,0,0,0,0,0,0,0,0,0,0,0,0,0,1,0,0,0.06451612903225806,0.011666666666666667,24284.0,0.26076544747750263,0.0,0.10469549046954904,1
OFFER_0382,18548.0,DISCOUNT_VOUCHER,110.0,PERCENTAGE,50.0,176453.0,WATCH IT,Online,NATIONWIDE,,NATIONWIDE,0,Enjoy your favorite Ramadan series with WATCH IT subscription for only 10 EGP,2026-02-15 00:00:00,2026-03-20 00:00:00,10.0,1,0,0,0,0,0,0,0,0,0,1,0,0,0,0,0,0,0,0,0,0,0,0,0,0,0,0,0,0,1,0,0,0.10752688172043011,0.009166666666666667,31062.0,0.333551684886493,0.0,0.2125958136792453,1
OFFER_1029,19864.0,CASH_VOUCHER,250.0,UNKNOWN,0.0,225556.0,Cartonet ElKheir,Groceries ,NATIONWIDE,,NATIONWIDE,0,This code can be used one time at any supermarket that has a Fawry sign,2026-03-16 00:00:00,2026-12-31 00:00:00,250.0,0,0,1,0,0,0,0,0,0,0,0,0,0,1,0,0,0,0,0,0,0,0,0,0,0,0,0,0,0,0,0,1,0.0,0.020833333333333332,47.0,0.0004939756448529885,0.11363636363636363,1.0,2
OFFER_0040,19863.0,CASH_VOUCHER,500.0,UNKNOWN,0.0,225556.0,Cartonet ElKheir,Groceries ,NATIONWIDE,,NATIONWIDE,0,This code can be used one time at any supermarket that has a Fawry sign,2026-03-16 00:00:00,2026-12-31 00:00:00,500.0,0,0,1,0,0,0,0,0,0,0,0,0,0,1,0,0,0,0,0,0,0,0,0,0,0,0,0,0,0,0,0,1,0.0,0.041666666666666664,13.0,0.00012886321170077963,0.45454545454545453,1.0,2
OFFER_0635,19862.0,CASH_VOUCHER,750.0,UNKNOWN,0.0,225556.0,Cartonet ElKheir,Groceries ,NATIONWIDE,,NATIONWIDE,0,This code can be used one time at any supermarket that has a Fawry sign,2026-03-16 00:00:00,2026-12-31 00:00:00,750.0,0,0,1,0,0,0,0,0,0,0,0,0,0,1,0,0,0,0,0,0,0,0,0,0,0,0,0,0,0,0,0,1,0.0,0.0625,49.0,0.0005154528468031185,0.27906976744186046,0.9534883720930233,2
OFFER_0117,18908,WAFFARHA,0.0,PERCENTAGE,28.6624203821656,226552.0,Jumanji MerryLand park,Entertainment,NATIONWIDE,,NATIONWIDE,1,"Unforgettable adventure games with 30% off @Jumanji Park, inside Merryland Park - Heliopolis!",2026-02-23 00:00:00,2026-03-01 00:00:00,336.0,0,0,0,1,0,0,0,0,0,0,0,0,0,0,0,0,0,0,0,0,0,1,0,0,0,0,0,0,0,1,0,0,0.06163961372508731,0.0,5.0,4.295440390025987e-05,0.0,0.0,0
OFFER_0111,19304,WAFFARHA,0.0,PERCENTAGE,30.0500834724541,226553.0,ElMalahy,Entertainment,NATIONWIDE,,NATIONWIDE,1,"Thrill rides, arcade challenges, ice skating, and non-stop fun @ElMalahy, Kattameya - Ain Sokhna Road!",2026-02-23 00:00:00,2026-03-01 00:00:00,419.0,0,0,0,1,0,0,0,0,0,0,0,0,0,0,0,0,0,0,0,0,0,1,0,0,0,0,0,0,0,1,0,0,0.06462383542463247,0.0,14.0,0.00013960181267584458,0.0,0.0,0
OFFER_0611,19204,WAFFARHA,0.0,PERCENTAGE,36.986301369863,226554.0,Funny Rides,Entertainment,NATIONWIDE,,NATIONWIDE,1,Enjoy a unique shopping experience with your child Fun driving with 39% off @Funny Rides!  EGP 215 instead of EGP 350,2026-02-23 00:00:00,2026-03-01 00:00:00,230.0,0,0,0,1,0,0,0,0,0,0,0,0,0,0,0,0,0,0,0,0,0,1,0,0,0,0,0,0,0,1,0,0,0.07954043305346882,0.0,9.0,8.590880780051974e-05,0.0,0.0,0
OFFER_1234,19052,WAFFARHA,0.0,PERCENTAGE,32.258064516129,226555.0,Fun Family,Entertainment,NATIONWIDE,,NATIONWIDE,1,"Overdose of fun for kids with 33% off @Fun Family PARK, inside Merryland Park - Heliopolis!",2026-02-23 00:00:00,2026-03-01 00:00:00,210.0,0,0,0,1,0,0,0,0,0,0,0,0,0,0,0,0,0,0,0,0,0,1,0,0,0,0,0,0,0,1,0,0,0.06937218175511613,0.0,6.0,5.3693004875324844e-05,0.0,0.0,0
OFFER_0644,19305.0,WAFFARHA,0.0,PERCENTAGE,26.9230769230769,226606.0,My Town,Entertainment,NATIONWIDE,,NATIONWIDE,1,"Entry ticket for your kid with 29% off at My Town, City Stars Mall & Dandy Mega Mall branches!",2026-02-23 00:00:00,2026-03-01 00:00:00,190.0,0,0,0,1,0,0,0,0,0,0,0,0,0,0,0,0,0,0,0,0,0,1,0,0,0,0,0,0,0,1,0,0,0.05789909015715462,0.0,13.0,0.00012886321170077963,0.0,0.9230769230769231,2
OFFER_0342,19355.0,WAFFARHA,0.0,PERCENTAGE,34.5982142857143,226607.0,Vinny's Pizza,Food & Beverages,NATIONWIDE,,NATIONWIDE,1,Tasty pizza with appetizers & desserts with up to 49% off @Vinny's Pizza branches!,2026-02-23 00:00:00,2026-03-01 00:00:00,293.0,0,0,0,1,0,1,0,0,0,0,0,0,0,0,0,0,0,0,0,0,0,0,0,0,0,0,0,0,0,1,0,0,0.07440476190476193,0.0,15.0,0.00015034041365090956,0.0,0.07142857142857142,2
OFFER_0951,19024,WAFFARHA,0.0,PERCENTAGE,28.2331511839708,226556.0,E-ZONE,Entertainment,NATIONWIDE,,NATIONWIDE,1,"Amusing times for kids & adults with 30% off @E-ZONE, Citystars Mall! EGP 370 worth of games balance with the value of EGP 525",2026-02-23 00:00:00,2026-03-01 00:00:00,394.0,0,0,0,1,0,0,0,0,0,0,0,0,0,0,0,0,0,0,0,0,0,1,0,0,0,0,0,0,0,1,0,0,0.06071645415907699,0.0,12.0,0.00011812461072571465,0.0,0.0,0
OFFER_0290,19803.0,WAFFARHA,0.0,PERCENTAGE,48.7577639751553,226557.0,Shawerma el Reem,Food & Beverages,NATIONWIDE,,NATIONWIDE,1,Hawawshi & Kofta mix box @Shawerma ElReem!,2026-03-17 00:00:00,2026-04-01 00:00:00,165.0,0,0,0,1,0,1,0,0,0,0,0,0,0,0,0,0,0,0,0,0,0,0,0,0,0,0,0,0,0,1,0,0,0.10485540639818344,0.0,2894.0,0.031066772620862954,0.0,0.0061283345349675555,2
OFFER_0260,19853.0,WAFFARHA,0.0,PERCENTAGE,23.8549618320611,226608.0,Cold Stone Creamery,Food & Beverages,NATIONWIDE,,NATIONWIDE,1,Ice cream cakes with different flavors @Cold Stone Creamery Egypt!,2026-03-17 00:00:00,2026-04-01 00:00:00,399.0,0,0,0,1,0,1,0,0,0,0,0,0,0,0,0,0,0,0,0,0,0,0,0,0,0,0,0,0,0,1,0,0,0.051300993187228174,0.0,966.0,0.010362749940937695,0.0,0.003264417845484222,2
OFFER_0782,19022,WAFFARHA,0.0,PERCENTAGE,48.5436893203883,226602.0,Faby Land,Entertainment,NATIONWIDE,,NATIONWIDE,1,"All Fun with Games credit with 50% off at Faby land, Dandy Megamall! EGP 250 instead of EGP 500",2026-02-23 00:00:00,2026-03-01 00:00:00,265.0,0,0,0,1,0,0,0,0,0,0,0,0,0,0,0,0,0,0,0,0,0,1,0,0,0,0,0,0,0,1,0,0,0.10439503079653399,0.0,7.0,6.443160585038982e-05,0.0,0.0,0
OFFER_0171,19255.0,WAFFARHA,0.0,PERCENTAGE,28.8461538461538,226603.0,FunVentures,Entertainment,NATIONWIDE,,NATIONWIDE,1,"Unlimited Fun time with 30% off at FunVentures, Merryland Park! EGP 175 instead of EGP 250",2026-02-23 00:00:00,2026-03-01 00:00:00,185.0,0,0,0,1,0,0,0,0,0,0,0,0,0,0,0,0,0,0,0,0,0,1,0,0,0,0,0,0,0,1,0,0,0.06203473945409419,0.0,4.0,3.221580292519491e-05,0.0,0.5,2
OFFER_1322,19354,WAFFARHA,0.0,PERCENTAGE,28.2331511839708,226604.0,Magic Galaxy,Entertainment,NATIONWIDE,,NATIONWIDE,1,30% off games balance for Kids & Adults @Magic Galaxy! EGP 370 worth of games balance with the value of EGP 525,2026-02-23 00:00:00,2026-03-01 00:00:00,394.0,0,0,0,1,0,0,0,0,0,0,0,0,0,0,0,0,0,0,0,0,0,1,0,0,0,0,0,0,0,1,0,0,0.06071645415907699,0.0,4.0,3.221580292519491e-05,0.0,0.0,0
OFFER_0879,19003,WAFFARHA,0.0,PERCENTAGE,31.9444444444444,226605.0,Chicken & Ribs,Food & Beverages,NATIONWIDE,,NATIONWIDE,1,Tremendously delicious chicken dishes choices with 33% off @Chicken & Ribs branches! EGP 460 instead of EGP 690,2026-02-17 00:00:00,2026-02-18 00:00:00,490.0,0,0,0,1,0,1,0,0,0,0,0,0,0,0,0,0,0,0,0,0,0,0,0,0,0,0,0,0,0,1,0,0,0.06869772998805247,0.0,11.0,0.00010738600975064969,0.0,0.0,0
OFFER_0892,19256,WAFFARHA,0.0,PERCENTAGE,27.3972602739726,226606.0,My Town,Entertainment,NATIONWIDE,,NATIONWIDE,1,"Entry ticket for your kid with 29% off at My Town, City Stars Mall & Dandy Mega Mall branches!",2026-02-23 00:00:00,2026-03-01 00:00:00,265.0,0,0,0,1,0,0,0,0,0,0,0,0,0,0,0,0,0,0,0,0,0,1,0,0,0,0,0,0,0,1,0,0,0.0589188392988658,0.0,3.0,2.1477201950129936e-05,0.0,0.0,0
OFFER_0351,19205,WAFFARHA,0.0,PERCENTAGE,47.3021582733813,226607.0,Vinny's Pizza,Food & Beverages,NATIONWIDE,,NATIONWIDE,1,Tasty pizza with appetizers & desserts with up to 49% off @Vinny's Pizza branches!,2026-02-23 00:00:00,2026-03-01 00:00:00,293.0,0,0,0,1,0,1,0,0,0,0,0,0,0,0,0,0,0,0,0,0,0,0,0,0,0,0,0,0,0,1,0,0,0.10172507155565871,0.0,21.0,0.00021477201950129938,0.0,0.0,0
OFFER_0608,19257,WAFFARHA,0.0,PERCENTAGE,23.9234449760765,226608.0,Cold Stone Creamery,Food & Beverages,NATIONWIDE,,NATIONWIDE,1,Ice cream cakes with different flavors with 25% off @Cold Stone Creamery Egypt! Only EGP 450 instead of EGP 600,2026-02-23 00:00:00,2026-04-01 00:00:00,477.0,0,0,0,1,0,1,0,0,0,0,0,0,0,0,0,0,0,0,0,0,0,0,0,0,0,0,0,0,0,1,0,0,0.051448268765755915,0.0,21.0,0.00021477201950129938,0.0,0.0,0
OFFER_0350,19004,DISCOUNT_CODE,0.0,PERCENTAGE,1.0,226702.0,nada b27 again,Bosta,NATIONWIDE,,NATIONWIDE,0,nada b27 again,2026-02-17 00:00:00,2026-02-18 00:00:00,,0,0,0,0,1,0,0,0,0,0,0,0,0,0,0,0,0,0,0,0,0,0,0,0,0,1,0,0,0,1,0,0,0.002150537634408602,0.0,11.0,0.00010738600975064969,0.0,0.0,0
OFFER_1031,19013.0,PURCHASE_VOUCHER,315.0,UNKNOWN,0.0,205526.0,Hyper One,Groceries ,Sharqia,Sharqia|Giza|Cairo,مدينة بدر,0,"Ramadan box has been successfully purchased. Collect it from the nearest branch using this code.
This Ramadan box is non-refundable.",2026-02-17 00:00:00,2026-03-13 00:00:00,315.0,0,1,0,0,0,0,0,0,0,0,0,0,0,1,0,0,0,0,0,0,0,0,0,0,0,0,0,0,0,0,0,1,0.0,0.02625,49.0,0.0005154528468031185,0.2,0.85,2
OFFER_0919,19014.0,DISCOUNT_VOUCHER,0.0,PERCENTAGE,25.0,190466.0,Fresh,Electronics,Asyut,Asyut|Alexandria|Giza|Cairo|Beni Suef,بنى سويف,0,Get 25% off when you pay with your Yellow Card.,2026-02-19 00:00:00,2026-03-25 00:00:00,0.0,1,0,0,0,0,0,0,0,0,0,0,0,1,0,0,0,0,0,0,0,0,0,0,0,0,0,0,0,0,1,0,0,0.053763440860215055,0.0,35822.0,0.38466742552780225,0.0,3.2036906516306786e-05,1
OFFER_1210,19032.0,DISCOUNT_VOUCHER,0.0,PERCENTAGE,55.0,222552.0,Twist ,Online,NATIONWIDE,,NATIONWIDE,0,Enjoy the special Ramadan bundle: 90 days of Twist Premium and 90 days of MBC Shahid VIP Mobile for just 19.99 EGP.,2026-02-19 00:00:00,2026-03-31 00:00:00,20.0,1,0,0,0,0,0,0,0,0,0,1,0,0,0,0,0,0,0,0,0,0,0,0,0,0,0,0,0,0,1,0,0,0.11827956989247312,0.0,16844.0,0.18087025622301928,0.0,0.12719239523363235,1
OFFER_0214,19027.0,CASH_VOUCHER,500.0,UNKNOWN,0.0,225556.0,Cartonet ElKheir,Groceries ,NATIONWIDE,,NATIONWIDE,0,Cartonet ElKheir 250.,2026-02-24 00:00:00,2026-02-25 00:00:00,500.0,0,0,1,0,0,0,0,0,0,0,0,0,0,1,0,0,0,0,0,0,0,0,0,0,0,0,0,0,0,0,0,1,0.0,0.041666666666666664,2.0,1.0738600975064968e-05,1.0,1.0,2
OFFER_0929,19023,WAFFARHA,0.0,PERCENTAGE,45.8452722063037,227552.0,Magic Planet,Entertainment,NATIONWIDE,,NATIONWIDE,1,47% off Games & credit package @Magic Planet branches!,2026-02-23 00:00:00,2026-03-01 00:00:00,945.0,0,0,0,1,0,0,0,0,0,0,0,0,0,0,0,0,0,0,0,0,0,1,0,0,0,0,0,0,0,1,0,0,0.09859198323936279,0.0,6.0,5.3693004875324844e-05,0.0,0.0,0
OFFER_0048,18910,WAFFARHA,0.0,PERCENTAGE,23.8549618320611,226608.0,Cold Stone Creamery,Food & Beverages,NATIONWIDE,,NATIONWIDE,1,Ice cream cakes with different flavors with 25% off @Cold Stone Creamery Egypt! Only EGP 450 instead of EGP 600,2026-02-23 00:00:00,2026-04-01 00:00:00,399.0,0,0,0,1,0,1,0,0,0,0,0,0,0,0,0,0,0,0,0,0,0,0,0,0,0,0,0,0,0,1,0,0,0.051300993187228174,0.0,13.0,0.00012886321170077963,0.0,0.0,0
OFFER_0468,20002.0,WAFFARHA,0.0,PERCENTAGE,38.9078498293515,227553.0,Kansas Fried Chicken,Food & Beverages,NATIONWIDE,,NATIONWIDE,1,Fried chicken meals @Kansas Fried Chicken,2026-03-17 00:00:00,2026-04-01 00:00:00,179.0,0,0,0,1,0,1,0,0,0,0,0,0,0,0,0,0,0,0,0,0,0,0,0,0,0,0,0,0,0,1,0,0,0.0836727953319387,0.0,1489.0,0.015979038250896672,0.0,0.035211267605633804,2
OFFER_1142,19206.0,WAFFARHA,0.0,PERCENTAGE,42.7397260273973,227554.0,Shima Japanese cuisine,Food & Beverages,NATIONWIDE,,NATIONWIDE,1,Combo Sushi meal @Shima Japanese branches,2026-03-17 00:00:00,2026-04-01 00:00:00,209.0,0,0,0,1,0,1,0,0,0,0,0,0,0,0,0,0,0,0,0,0,0,0,0,0,0,0,0,0,0,1,0,0,0.09191338930623076,0.0,914.0,0.009804342690234316,0.0,0.0011402508551881414,2
OFFER_0802,19904.0,WAFFARHA,0.0,PERCENTAGE,43.8931297709924,227555.0,Willy's Kitchen,Food & Beverages,NATIONWIDE,,NATIONWIDE,1,Mighty great burger meal @Willy's Kitchen branches,2026-03-17 00:00:00,2026-04-01 00:00:00,147.0,0,0,0,1,0,1,0,0,0,0,0,0,0,0,0,0,0,0,0,0,0,0,0,0,0,0,0,0,0,1,0,0,0.09439382746449979,0.0,1242.0,0.013326603810055626,0.0,0.031959629941127,2
OFFER_1147,21126.0,CASH_VOUCHER,1.0,UNKNOWN,0.0,225556.0,Cartonet ElKheir,Groceries ,NATIONWIDE,,NATIONWIDE,0,Cartonet ElKheir test 1,2026-03-01 00:00:00,2026-03-31 00:00:00,1.0,0,0,1,0,0,0,0,0,0,0,0,0,0,1,0,0,0,0,0,0,0,0,0,0,0,0,0,0,0,0,0,1,0.0,8.333333333333333e-05,3.0,2.1477201950129936e-05,1.0,1.0,2
OFFER_0706,21125.0,CASH_VOUCHER,1.0,UNKNOWN,0.0,225556.0,Cartonet ElKheir,Groceries ,NATIONWIDE,,NATIONWIDE,0,Cartonet ElKheir 1test,2026-03-02 00:00:00,2026-03-31 00:00:00,1.0,0,0,1,0,0,0,0,0,0,0,0,0,0,1,0,0,0,0,0,0,0,0,0,0,0,0,0,0,0,0,0,1,0.0,8.333333333333333e-05,3.0,2.1477201950129936e-05,0.5,1.0,2
OFFER_0545,19031.0,CASH_VOUCHER,25.0,UNKNOWN,0.0,225556.0,Cartonet ElKheir,Groceries ,NATIONWIDE,,NATIONWIDE,0,Cartonet ElKheir 25 test 2,2026-03-01 00:00:00,2026-03-31 00:00:00,25.0,0,0,1,0,0,0,0,0,0,0,0,0,0,1,0,0,0,0,0,0,0,0,0,0,0,0,0,0,0,0,0,1,0.0,0.0020833333333333333,4.0,3.221580292519491e-05,1.0,1.0,2
OFFER_0160,19307.0,WAFFARHA,0.0,PERCENTAGE,58.2010582010582,227556.0,Dream Park,Entertainment,NATIONWIDE,,NATIONWIDE,1,"59% off Silver entry ticket, paid ride & Zoo entry @Dream Park!",2026-03-17 00:00:00,2026-03-20 00:00:00,158.0,0,0,0,1,0,0,0,0,0,0,0,0,0,0,0,0,0,0,0,0,0,1,0,0,0,0,0,0,0,1,0,0,0.1251635660237811,0.0,4408.0,0.047325014497111316,0.0,0.0023452157598499064,2
OFFER_0623,19034.0,CASH_VOUCHER,25.0,UNKNOWN,0.0,225556.0,Cartonet ElKheir,Groceries ,NATIONWIDE,,NATIONWIDE,0,Cartonet ElKheir 25 EGP,2026-03-02 00:00:00,2026-03-31 00:00:00,25.0,0,0,1,0,0,0,0,0,0,0,0,0,0,1,0,0,0,0,0,0,0,0,0,0,0,0,0,0,0,0,0,1,0.0,0.0020833333333333333,1.0,0.0,1.0,1.0,2
OFFER_0901,19857.0,DISCOUNT_VOUCHER,0.0,PERCENTAGE,40.0,190462.0,Yango Play,Online,NATIONWIDE,,NATIONWIDE,0,Enjoy three months of access to exclusive Ramadan shows and a wide library of content for 180 EGP.,2026-03-04 00:00:00,2026-03-31 00:00:00,180.0,1,0,0,0,0,0,0,0,0,0,1,0,0,0,0,0,0,0,0,0,0,0,0,0,0,0,0,0,0,1,0,0,0.08602150537634409,0.0,5657.0,0.06073752711496746,0.0,0.042665659807438173,1
OFFER_1201,20203.0,WAFFARHA,0.0,PERCENTAGE,50.3205128205128,226557.0,Shawerma el Reem,Food & Beverages,NATIONWIDE,,NATIONWIDE,1,Hawawshi & Kofta mix box @Shawerma ElReem!,2026-03-17 00:00:00,2026-04-01 00:00:00,155.0,0,0,0,1,0,1,0,0,0,0,0,0,0,0,0,0,0,0,0,0,0,0,0,0,0,0,0,0,0,1,0,0,0.10821615660325334,0.0,342.0,0.0036618629324971542,0.0,0.015015015015015015,2
OFFER_1146,20303,WAFFARHA,0.0,PERCENTAGE,25.0,226608.0,Cold Stone Creamery,Food & Beverages,NATIONWIDE,,NATIONWIDE,1,Ice cream cakes with different flavors @Cold Stone Creamery Egypt!,2026-03-17 00:00:00,2026-04-01 00:00:00,375.0,0,0,0,1,0,1,0,0,0,0,0,0,0,0,0,0,0,0,0,0,0,0,0,0,0,0,0,0,0,1,0,0,0.053763440860215055,0.0,130.0,0.001385279525783381,0.0,0.0,0
OFFER_0140,20154.0,WAFFARHA,0.0,PERCENTAGE,45.2755905511811,227555.0,Willy's Kitchen,Food & Beverages,NATIONWIDE,,NATIONWIDE,1,Mighty great burger meal @Willy's Kitchen branches,2026-03-17 00:00:00,2026-04-01 00:00:00,139.0,0,0,0,1,0,1,0,0,0,0,0,0,0,0,0,0,0,0,0,0,0,0,0,0,0,0,0,0,0,1,0,0,0.09736686140038946,0.0,393.0,0.004209531582225467,0.0,0.6695156695156695,2
OFFER_0897,20153,WAFFARHA,0.0,PERCENTAGE,40.2826855123675,227553.0,Kansas Fried Chicken,Food & Beverages,NATIONWIDE,,NATIONWIDE,1,Fried chicken meals @Kansas Fried Chicken,2026-03-17 00:00:00,2026-04-01 00:00:00,169.0,0,0,0,1,0,1,0,0,0,0,0,0,0,0,0,0,0,0,0,0,0,0,0,0,0,0,0,0,0,1,0,0,0.08662943120939247,0.0,26.0,0.0002684650243766242,0.0,0.0,0
OFFER_1033,20253,WAFFARHA,0.0,PERCENTAGE,43.943661971831,227554.0,Shima Japanese cuisine,Food & Beverages,NATIONWIDE,,NATIONWIDE,1,Combo Sushi meal @Shima Japanese branches,2026-03-17 00:00:00,2026-04-01 00:00:00,199.0,0,0,0,1,0,1,0,0,0,0,0,0,0,0,0,0,0,0,0,0,0,0,0,0,0,0,0,0,0,1,0,0,0.09450249886415268,0.0,16.0,0.00016107901462597454,0.0,0.0,0
OFFER_0859,20302.0,WAFFARHA,0.0,PERCENTAGE,59.4594594594594,227556.0,Dream Park,Entertainment,NATIONWIDE,,NATIONWIDE,1,"Silver entry ticket, paid ride & Zoo entry @Dream Park!",2026-05-10 00:00:00,2026-05-21 00:00:00,290.0,0,0,0,1,0,0,0,0,0,0,0,0,0,0,0,0,0,0,0,0,0,1,0,0,0,0,0,0,0,1,0,0,0.12786980528916,0.0,12807.0,0.137518524086682,0.0,0.024348422496570644,2
OFFER_0147,19865.0,DISCOUNT_VOUCHER,0.0,PERCENTAGE,50.0,190462.0,Yango Play,Online,NATIONWIDE,,NATIONWIDE,0,Get six months of uninterrupted access to Ramadan series and premium content for 300 EGP.,2026-03-05 00:00:00,2026-03-31 00:00:00,300.0,1,0,0,0,0,0,0,0,0,0,1,0,0,0,0,0,0,0,0,0,0,0,0,0,0,0,0,0,0,1,0,0,0.10752688172043011,0.0,6444.0,0.0691888060823436,0.0,0.03383084577114428,1
OFFER_0698,23912.0,WAFFARHA,0.0,PERCENTAGE,31.3725490196078,228702.0,Holmes Burgers,Food & Beverages,NATIONWIDE,,NATIONWIDE,1,"Juicy, melty & flavorful burger meals with 31% off @Holmes branches!",2026-08-18 00:00:00,2026-10-01 00:00:00,179.0,0,0,0,1,0,1,0,0,0,0,0,0,0,0,0,0,0,0,0,0,0,0,0,0,0,0,0,0,0,1,0,0,0.06746784735399526,0.0,32874.0,0.3530100298533107,0.0,0.007536504945831371,2
OFFER_0423,20304.0,WAFFARHA,0.0,PERCENTAGE,62.8571428571428,228703.0,Beauty Treatment Lounge,Clinics ,NATIONWIDE,,NATIONWIDE,1,Up to 64% off Haircare restoration & coloring packages @ Beauty Treatment Lounge!,2026-08-18 00:00:00,2026-10-01 00:00:00,800.0,0,0,0,1,0,0,0,0,0,0,0,0,0,0,1,0,0,0,0,0,0,0,0,0,0,0,0,0,0,1,0,0,0.13517665130568343,0.0,1.0,0.0,0.0,1.0,2
OFFER_0877,20105.0,WAFFARHA,0.0,PERCENTAGE,32.3308270676692,226553.0,ElMalahy,Entertainment,NATIONWIDE,,NATIONWIDE,1,"Thrill rides, arcade challenges, ice skating, and non-stop fun @ElMalahy, Kattameya - Ain Sokhna Road!",2026-08-18 00:00:00,2026-10-01 00:00:00,450.0,0,0,0,1,0,0,0,0,0,0,0,0,0,0,0,0,0,0,0,0,0,1,0,0,0,0,0,0,0,1,0,0,0.06952866036057892,0.0,31513.0,0.3383947939262473,0.0,0.009335131210455348,2
OFFER_0924,20155.0,WAFFARHA,0.0,PERCENTAGE,45.4545454545454,228704.0,Gul Beauty,Clinics ,NATIONWIDE,,NATIONWIDE,1,"Full hair & skincare by detox & hydraFacial sessions with up to 50% off @Gul Beauty Clinic, Nozha!",2026-08-18 00:00:00,2026-10-01 00:00:00,299.0,0,0,0,1,0,0,0,0,0,0,0,0,0,0,1,0,0,0,0,0,0,0,0,0,0,0,0,0,0,1,0,0,0.09775171065493635,0.0,1.0,0.0,0.0,1.0,2
OFFER_1192,20204.0,WAFFARHA,0.0,PERCENTAGE,20.0,228705.0,Bernasos,Retail & Services,NATIONWIDE,,NATIONWIDE,1,Get 20% off Stationery supplies @Bernasos Stationary! EGP 160 instead of EGP 200,2026-08-18 00:00:00,2026-10-01 00:00:00,160.0,0,0,0,1,0,0,0,0,0,0,0,0,0,0,0,0,0,0,0,0,0,0,0,0,0,0,1,0,0,1,0,0,0.043010752688172046,0.0,7561.0,0.08118382337149116,0.0,0.005367231638418079,2
OFFER_0922,25402.0,WAFFARHA,0.0,PERCENTAGE,24.6395806028833,228707.0,Haj Arafa,Food & Beverages,NATIONWIDE,,NATIONWIDE,1,Natural pampering cosmetics with essential oils with 25% off @Haj Arafa branches!,2026-08-18 00:00:00,2026-10-01 00:00:00,215.0,0,0,0,1,0,1,0,0,0,0,0,0,0,0,0,0,0,0,0,0,0,0,0,0,0,0,0,0,0,1,0,0,0.05298834538254473,0.0,11889.0,0.12766048839157235,0.0,0.005167498218104063,2
OFFER_0076,20106.0,WAFFARHA,0.0,PERCENTAGE,24.7058823529412,228708.0,Tseppas MG,Food & Beverages,NATIONWIDE,,NATIONWIDE,1,Mix Kahk & Eid treats boxes with 25% off from Tseppas branches!,2026-03-22 00:00:00,2026-03-23 00:00:00,320.0,0,0,0,1,0,1,0,0,0,0,0,0,0,0,0,0,0,0,0,0,0,0,0,0,0,0,0,0,0,1,0,0,0.053130929791271396,0.0,1817.0,0.019501299370717984,0.0,0.07231638418079096,2
OFFER_0085,22859.0,WAFFARHA,0.0,PERCENTAGE,47.2222222222222,227552.0,Magic Planet,Entertainment,NATIONWIDE,,NATIONWIDE,1,47% off Games & credit package @Magic Planet branches!,2026-06-05 00:00:00,2026-07-01 00:00:00,950.0,0,0,0,1,0,0,0,0,0,0,0,0,0,0,0,0,0,0,0,0,0,1,0,0,0,0,0,0,0,1,0,0,0.10155316606929506,0.0,12318.0,0.1322673482098752,0.0,0.016272189349112426,2
OFFER_0788,24252.0,WAFFARHA,0.0,PERCENTAGE,25.6756756756757,227556.0,Dream Park,Entertainment,NATIONWIDE,,NATIONWIDE,1,"25% off Silver entry ticket, paid ride & Zoo entry @Dream Park!!",2026-08-18 00:00:00,2026-10-01 00:00:00,279.0,0,0,0,1,0,0,0,0,0,0,0,0,0,0,0,0,0,0,0,0,0,1,0,0,0,0,0,0,0,1,0,0,0.0552165068294101,0.0,44913.0,0.48229204699211786,0.0,0.01713095146230419,2
OFFER_0888,20306.0,WAFFARHA,0.0,PERCENTAGE,25.0,228710.0,Aqua Decorations,Retail & Services,NATIONWIDE,,NATIONWIDE,1,Different-shaped fish aquariums for a modern touch to your home with 25% off @Aqua Decorations!,2026-08-18 00:00:00,2026-10-01 00:00:00,1125.0,0,0,0,1,0,0,0,0,0,0,0,0,0,0,0,0,0,0,0,0,0,0,0,0,0,0,1,0,0,1,0,0,0.053763440860215055,0.0,6667.0,0.07158351409978309,0.0,0.0006212144742972511,2
OFFER_0481,20107.0,WAFFARHA,0.0,PERCENTAGE,37.2727272727273,228711.0,Adel & Eid Salon,Clinics ,NATIONWIDE,,NATIONWIDE,1,"Best haircut, facial cleansing & groom full care packages with up to 57% off @Adel & Eid Salon branches!",2026-07-09 00:00:00,2026-08-01 00:00:00,99.0,0,0,0,1,0,0,0,0,0,0,0,0,0,0,1,0,0,0,0,0,0,0,0,0,0,0,0,0,0,1,0,0,0.08015640273704797,0.0,4.0,3.221580292519491e-05,0.0,1.0,2
OFFER_0453,20157.0,WAFFARHA,0.0,PERCENTAGE,50.7142857142857,228712.0,Shams Clinic,Clinics ,NATIONWIDE,,NATIONWIDE,1,"Comprehensive dental care packages including check-up, filling & cosmetic treatments with up to 51% off @Shams clinic, 6th of October!",2026-08-18 00:00:00,2026-10-01 00:00:00,345.0,0,0,0,1,0,0,0,0,0,0,0,0,0,0,1,0,0,0,0,0,0,0,0,0,0,0,0,0,0,1,0,0,0.10906298003072194,0.0,1.0,0.0,0.0,1.0,2
OFFER_0433,20206.0,WAFFARHA,0.0,PERCENTAGE,42.7083333333333,228713.0,ZED Park,Entertainment,NATIONWIDE,,NATIONWIDE,1,Entry & games package with 43% off at Zed Park - Sheikh Zayed!,2026-08-18 00:00:00,2026-10-01 00:00:00,275.0,0,0,0,1,0,0,0,0,0,0,0,0,0,0,0,0,0,0,0,0,0,1,0,0,0,0,0,0,0,1,0,0,0.09184587813620064,0.0,11766.0,0.12633964047163934,0.0,0.018962530768529492,2
OFFER_1118,20307.0,WAFFARHA,0.0,PERCENTAGE,30.0111982082867,228714.0,Madghout Dajaj,Food & Beverages,NATIONWIDE,,NATIONWIDE,1,"Try Madghout, Tandoori, and Mbakbaka meals with authentic Arabic flavors that will steal your heart with 30% off @Madghout Dajaj branches!",2026-03-19 00:00:00,2026-03-19 00:00:00,625.0,0,0,0,1,0,1,0,0,0,0,0,0,0,0,0,0,0,0,0,0,0,0,0,0,0,0,0,0,0,1,0,0,0.06454021120061657,0.0,172.0,0.0018363007667361096,0.0,0.046511627906976744,2
OFFER_0705,20108.0,WAFFARHA,0.0,PERCENTAGE,25.0,228715.0,Nahdet Misr,Retail & Services,NATIONWIDE,,NATIONWIDE,1,Various entertaining & scientific magazines for children & youth with up to 30% off from Nahdet Misr Journalism!,2026-08-18 00:00:00,2026-10-01 00:00:00,225.0,0,0,0,1,0,0,0,0,0,0,0,0,0,0,0,0,0,0,0,0,0,0,0,0,0,0,1,0,0,1,0,0,0.053763440860215055,0.0,2706.0,0.02904791563755074,0.0,0.001145475372279496,2
OFFER_1289,20158.0,WAFFARHA,0.0,PERCENTAGE,0.0,228716.0,Paradise Pool,Travel & Hotels,NATIONWIDE,,NATIONWIDE,1,"Spend an enjoyable day with your family on the pool @Paradise Pool, inside Misr Insurance Club - 6th of October!",2026-08-18 00:00:00,2026-10-01 00:00:00,125.0,0,0,0,1,0,0,0,1,0,0,0,0,0,0,0,0,0,0,0,0,0,0,0,0,0,0,0,0,0,1,0,0,0.0,0.0,29812.0,0.3201284336676618,0.0,0.0012050392550666423,2
OFFER_0525,20207.0,WAFFARHA,0.0,PERCENTAGE,0.0,228717.0,ElReef ElAraby Village,Travel & Hotels,NATIONWIDE,,NATIONWIDE,1,"Family Day use includes meals, pool, aqua park & double rooms @ElReef ElAraby Village - Maryotia & Fayoum branches",2026-08-18 00:00:00,2026-10-01 00:00:00,450.0,0,0,0,1,0,0,0,1,0,0,0,0,0,0,0,0,0,0,0,0,0,0,0,0,0,0,0,0,0,1,0,0,0.0,0.0,17303.0,0.1857992740705741,0.0,0.0016309120562037385,2
OFFER_0421,20257,WAFFARHA,0.0,PERCENTAGE,40.1,228718.0,Fiori Flower,Retail & Services,NATIONWIDE,,NATIONWIDE,1,"Chic and cheerful flower bouquets for all occasions with up to 41% off @Fiori Flower, Sheikh Zayed!",2026-04-16 00:00:00,2026-05-01 00:00:00,599.0,0,0,0,1,0,0,0,0,0,0,0,0,0,0,0,0,0,0,0,0,0,0,0,0,0,0,1,0,0,1,0,0,0.08623655913978495,0.0,120.0,0.0012778935160327313,0.0,0.0,0
OFFER_1204,20109.0,WAFFARHA,0.0,PERCENTAGE,45.2173913043478,228720.0,Tuliba Clusiana,Retail & Services,NATIONWIDE,,NATIONWIDE,1,"Precious gifts of aesthetic colorful flowers with up to 4% off @Tuliba Clusiana, Maadi Corniche!",2026-08-18 00:00:00,2026-10-01 00:00:00,290.0,0,0,0,1,0,0,0,0,0,0,0,0,0,0,0,0,0,0,0,0,0,0,0,0,0,0,1,0,0,1,0,0,0.09724170172978021,0.0,2371.0,0.025450484310903975,0.0,0.0038860103626943004,2
OFFER_1139,20159.0,WAFFARHA,0.0,PERCENTAGE,50.0,228721.0,Radiance Medical Center,Clinics ,NATIONWIDE,,NATIONWIDE,1,"Facial & body care sessions and laser hair removal with up to 74% off @Radiance Medical Center, all branches!",2026-08-02 00:00:00,2026-09-01 00:00:00,90.0,0,0,0,1,0,0,0,0,0,0,0,0,0,0,1,0,0,0,0,0,0,0,0,0,0,0,0,0,0,1,0,0,0.10752688172043011,0.0,3.0,2.1477201950129936e-05,0.0,1.0,2
OFFER_0352,24112.0,WAFFARHA,0.0,PERCENTAGE,45.2764976958525,228722.0,AMA Sushi,Food & Beverages,NATIONWIDE,,NATIONWIDE,1,Delicious and high-quality sushi meals with up to 43% off @AMA Sushi branches!,2026-08-18 00:00:00,2026-10-01 00:00:00,345.0,0,0,0,1,0,1,0,0,0,0,0,0,0,0,0,0,0,0,0,0,0,0,0,0,0,0,0,0,0,1,0,0,0.09736881224914516,0.0,22633.0,0.24303601726767038,0.0,0.018666138535426053,2
OFFER_0411,22856.0,WAFFARHA,0.0,PERCENTAGE,42.3684210526316,228723.0,Anas El Demeshky,Food & Beverages,NATIONWIDE,,NATIONWIDE,1,Savor the best of Syrian and Egyptian dishes with up 42% off @Anas El Demeshky branches!,2026-08-18 00:00:00,2026-10-01 00:00:00,95.0,0,0,0,1,0,1,0,0,0,0,0,0,0,0,0,0,0,0,0,0,0,0,0,0,0,0,0,0,0,1,0,0,0.09111488398415397,0.0,93123.0,1.0,0.0,0.030502842605332158,2
OFFER_0719,20309.0,WAFFARHA,0.0,PERCENTAGE,40.0,228724.0,BOUNCEinc,Entertainment,NATIONWIDE,,NATIONWIDE,1,"Leading freestyle playground to unleash your Free Spirit with up to 31% off @BOUNCEinc, CFC mall",2026-08-18 00:00:00,2026-10-01 00:00:00,415.0,0,0,0,1,0,0,0,0,0,0,0,0,0,0,0,0,0,0,0,0,0,1,0,0,0,0,0,0,0,1,0,0,0.08602150537634409,0.0,1876.0,0.020134876828246814,0.0,0.03718309859154929,2
OFFER_1156,20160.0,WAFFARHA,0.0,PERCENTAGE,52.5,228726.0,Türkan Beauty & Spa,Clinics ,NATIONWIDE,,NATIONWIDE,1,"Hair straightening & restoration session with 53% off @Türkan Beauty & Spa, Sheikh Zayed!",2026-08-18 00:00:00,2026-10-01 00:00:00,550.0,0,0,0,1,0,0,0,0,0,0,0,0,0,0,1,0,0,0,0,0,0,0,0,0,0,0,0,0,0,1,0,0,0.11290322580645161,0.0,1.0,0.0,0.0,1.0,2
OFFER_0233,24109.0,WAFFARHA,0.0,PERCENTAGE,48.0633802816901,226607.0,Vinny's Pizza,Food & Beverages,NATIONWIDE,,NATIONWIDE,1,Tasty pizza with appetizers & desserts with up to 48% off @Vinny's Pizza branches!,2026-08-18 00:00:00,2026-10-01 00:00:00,285.0,0,0,0,1,0,1,0,0,0,0,0,0,0,0,0,0,0,0,0,0,0,0,0,0,0,0,0,0,0,1,0,0,0.10336210813266689,0.0,13681.0,0.14690406133888878,0.0,0.03947693066864051,2
OFFER_0642,20259.0,WAFFARHA,0.0,PERCENTAGE,42.8571428571428,228727.0,Opel Kingdom,Retail & Services,NATIONWIDE,,NATIONWIDE,1,"Inspection, painting, and regular maintenance for your car with up to 43% off @Opel Kingdom branches!",2026-08-18 00:00:00,2026-10-01 00:00:00,200.0,0,0,0,1,0,0,0,0,0,0,0,0,0,0,0,0,0,0,0,0,0,0,0,0,0,0,1,0,0,1,0,0,0.09216589861751139,0.0,2945.0,0.031614441270591265,0.0,0.0017812611328820805,2
OFFER_0858,20310.0,WAFFARHA,0.0,PERCENTAGE,25.2873563218391,228728.0,DUKES,Food & Beverages,NATIONWIDE,,NATIONWIDE,1,Assorted Kahk mix boxes to sweeten your Eid with your loved ones with 25% off @Dukes branches!,2026-03-22 00:00:00,2026-03-23 00:00:00,325.0,0,0,0,1,0,1,0,0,0,0,0,0,0,0,0,0,0,0,0,0,0,0,0,0,0,0,0,0,0,1,0,0,0.054381411444815266,0.0,194.0,0.002072549988187539,0.0,0.08333333333333333,2
OFFER_0437,24514.0,WAFFARHA,0.0,PERCENTAGE,25.0,228730.0,Ski Egypt,Entertainment,NATIONWIDE,,NATIONWIDE,1,"Learn the art of skiing & snowboarding only with a 25% off @Ski Egypt, inside Mall of Egypt!",2026-08-18 00:00:00,2026-10-01 00:00:00,600.0,0,0,0,1,0,0,0,0,0,0,0,0,0,0,0,0,0,0,0,0,0,1,0,0,0,0,0,0,0,1,0,0,0.053763440860215055,0.0,14240.0,0.15290693928395008,0.0,0.0014852220406950838,2
OFFER_0813,20210,WAFFARHA,0.0,PERCENTAGE,30.0,228731.0,Wild Wash,Retail & Services,NATIONWIDE,,NATIONWIDE,1,"Comprehensive car care services with up to 34% off @Wild Wash, Fifth Settlement!",2026-06-15 00:00:00,2026-07-01 00:00:00,175.0,0,0,0,1,0,0,0,0,0,0,0,0,0,0,0,0,0,0,0,0,0,0,0,0,0,0,1,0,0,1,0,0,0.06451612903225806,0.0,703.0,0.007538497884495608,0.0,0.0,0
OFFER_1224,20260.0,WAFFARHA,0.0,PERCENTAGE,0.0,228732.0,Ramage Hotel & Resort,Travel & Hotels,NATIONWIDE,,NATIONWIDE,1,"Spend a whole day of relaxation, Pool use fun & Spring vibes @Ramage Hotel & Resort, 5th Settlement!",2026-08-18 00:00:00,2026-10-01 00:00:00,430.0,0,0,0,1,0,0,0,1,0,0,0,0,0,0,0,0,0,0,0,0,0,0,0,0,0,0,0,0,0,1,0,0,0.0,0.0,13336.0,0.14319924400249134,0.0,0.00047942469037155414,2
OFFER_0805,20311.0,WAFFARHA,0.0,PERCENTAGE,26.6666666666667,228733.0,Delight Sweet House,Food & Beverages,NATIONWIDE,,NATIONWIDE,1,Eid begins with Kahk boxes with up to 27% off @Delight Sweet House branches!,2026-03-22 00:00:00,2026-03-23 00:00:00,110.0,0,0,0,1,0,1,0,0,0,0,0,0,0,0,0,0,0,0,0,0,0,0,0,0,0,0,0,0,0,1,0,0,0.05734767025089613,0.0,188.0,0.002008118382337149,0.0,0.010752688172043012,2
OFFER_0493,24142.0,WAFFARHA,0.0,PERCENTAGE,44.0,228734.0,3amohm,Food & Beverages,NATIONWIDE,,NATIONWIDE,1,"Authentic street eats & snacks, from liver, sausages, casseroles, & grilled items, straight from the heart of Downtown with up to 45% off @3amohm, Down Town!",2026-08-18 00:00:00,2026-10-01 00:00:00,100.0,0,0,0,1,0,1,0,0,0,0,0,0,0,0,0,0,0,0,0,0,0,0,0,0,0,0,0,0,0,1,0,0,0.09462365591397849,0.0,10318.0,0.11079014625974529,0.0,0.0037209302325581397,2
OFFER_0089,20162,WAFFARHA,0.0,PERCENTAGE,0.0,228735.0,Veranda Cafe,Travel & Hotels,NATIONWIDE,,NATIONWIDE,1,"Day use on the pool with tasty meals @Veranda cafe - inside Club House Hotel, Obour City!",2026-04-06 00:00:00,2026-05-01 00:00:00,299.0,0,0,0,1,0,0,0,1,0,0,0,0,0,0,0,0,0,0,0,0,0,0,0,0,0,0,0,0,0,1,0,0,0.0,0.0,831.0,0.008913038809303924,0.0,0.0,0
OFFER_0759,20211.0,WAFFARHA,0.0,PERCENTAGE,26.6666666666667,228736.0,Teta,Food & Beverages,NATIONWIDE,,NATIONWIDE,1,Classic tradional kahk taste with up to 27% off @Teta branches,2026-03-22 00:00:00,2026-03-23 00:00:00,110.0,0,0,0,1,0,1,0,0,0,0,0,0,0,0,0,0,0,0,0,0,0,0,0,0,0,0,0,0,0,1,0,0,0.05734767025089613,0.0,140.0,0.0014926655355340305,0.0,0.007352941176470588,2
OFFER_0716,20261,WAFFARHA,0.0,PERCENTAGE,34.7826086956522,228737.0,Auto Zone,Retail & Services,NATIONWIDE,,NATIONWIDE,1,"Full car checkup, maintenance & wash packages with up to 35% off @Auto Zone, AlSalam City!",2026-08-18 00:00:00,2026-10-01 00:00:00,150.0,0,0,0,1,0,0,0,0,0,0,0,0,0,0,0,0,0,0,0,0,0,0,0,0,0,0,1,0,0,1,0,0,0.07480130902290796,0.0,1368.0,0.014679667532913812,0.0,0.0,0
OFFER_1184,20312.0,WAFFARHA,0.0,PERCENTAGE,33.3333333333333,228738.0,Billy Beez,Entertainment,NATIONWIDE,,NATIONWIDE,1,"A full day of fun & joy, tasty meals with 33% off @Billy Beez branches, Mall of Arabia, Point 90 & Mall of Tanta!",2026-03-31 00:00:00,2026-05-01 00:00:00,280.0,0,0,0,1,0,0,0,0,0,0,0,0,0,0,0,0,0,0,0,0,0,1,0,0,0,0,0,0,0,1,0,0,0.07168458781362,0.0,586.0,0.006282081570413007,0.0,0.6350806451612904,2
OFFER_0420,24468.0,WAFFARHA,0.0,PERCENTAGE,46.0606060606061,228739.0,Kofta X Shish,Food & Beverages,NATIONWIDE,,NATIONWIDE,1,Kofta & Hawawshi Sandwich combo with up to 46% off at Kofta X Sheesh,2026-08-09 00:00:00,2026-09-01 00:00:00,89.0,0,0,0,1,0,1,0,0,0,0,0,0,0,0,0,0,0,0,0,0,0,0,0,0,0,0,0,0,0,1,0,0,0.09905506679700236,0.0,8443.0,0.09065526943149846,0.0,0.003552397868561279,2
OFFER_0282,24465.0,WAFFARHA,0.0,PERCENTAGE,30.9090909090909,228740.0,Kufta,Food & Beverages,NATIONWIDE,,NATIONWIDE,1,"Kofta, Hawawshi, & appetizers boxes with 31% off @Kufta restaurants!",2026-08-18 00:00:00,2026-10-01 00:00:00,140.0,0,0,0,1,0,1,0,0,0,0,0,0,0,0,0,0,0,0,0,0,0,0,0,0,0,0,0,0,0,1,0,0,0.06647116324535678,0.0,25318.0,0.27186916088571983,0.0,0.07471264367816093,2
OFFER_1279,20212,WAFFARHA,0.0,PERCENTAGE,36.8367862556847,228741.0,Tayba Gourmet,Food & Beverages,NATIONWIDE,,NATIONWIDE,1,"Experience the spirit of Ramadan with an open Iftar buffet featuring a delicious variety of dishes with 37% off @Tayba Gourmet Restaurant, 5th Settlement!",2026-03-19 00:00:00,2026-03-19 00:00:00,1250.0,0,0,0,1,0,1,0,0,0,0,0,0,0,0,0,0,0,0,0,0,0,0,0,0,0,0,0,0,0,1,0,0,0.07921889517351548,0.0,12.0,0.00011812461072571465,0.0,0.0,0
OFFER_0948,20262.0,WAFFARHA,0.0,PERCENTAGE,30.0,228742.0,Dr. Khaled Autoglass,Retail & Services,NATIONWIDE,,NATIONWIDE,1,Say goodbye to the hassle of repairing or replacing your car glass with up to 33% off @Dr. Khaled Autoglass branches!,2026-08-18 00:00:00,2026-10-01 00:00:00,280.0,0,0,0,1,0,0,0,0,0,0,0,0,0,0,0,0,0,0,0,0,0,0,0,0,0,0,1,0,0,1,0,0,0.06451612903225806,0.0,1103.0,0.011833938274521595,0.0,0.000945179584120983,2
OFFER_0049,24513.0,WAFFARHA,0.0,PERCENTAGE,22.1428571428571,228730.0,Ski Egypt,Entertainment,NATIONWIDE,,NATIONWIDE,1,22% off snow fun & penguin meet @Ski Egypt,2026-08-18 00:00:00,2026-10-01 00:00:00,545.0,0,0,0,1,0,0,0,0,0,0,0,0,0,0,0,0,0,0,0,0,0,1,0,0,0,0,0,0,0,1,0,0,0.047619047619047526,0.0,8679.0,0.0931895792616138,0.0,0.004663721158566519,2
OFFER_1200,20114,WAFFARHA,0.0,PERCENTAGE,31.578947368421,228743.0,Rally Motors,Retail & Services,NATIONWIDE,,NATIONWIDE,1,"All services for your Fuel or electric car with up to 33% off @Rally Motors, 6th of October!",2026-06-15 00:00:00,2026-07-01 00:00:00,650.0,0,0,0,1,0,0,0,0,0,0,0,0,0,0,0,0,0,0,0,0,0,0,0,0,0,0,1,0,0,1,0,0,0.06791171477079785,0.0,1050.0,0.011264792422843152,0.0,0.0,0
OFFER_1104,20164.0,WAFFARHA,0.0,PERCENTAGE,30.0,228744.0,Shinefy,Retail & Services,NATIONWIDE,,NATIONWIDE,1,Car wash services with multiple levels to suit your car’s needs with 30% off @Shinefy!,2026-07-20 00:00:00,2026-09-01 00:00:00,70.0,0,0,0,1,0,0,0,0,0,0,0,0,0,0,0,0,0,0,0,0,0,0,0,0,0,0,1,0,0,1,0,0,0.06451612903225806,0.0,912.0,0.009782865488284186,0.0,0.004602991944764097,2
OFFER_1092,20213,WAFFARHA,0.0,PERCENTAGE,32.5,228745.0,Automeeza,Retail & Services,NATIONWIDE,,NATIONWIDE,1,"Paint & fault inspection services with up to 34% off @Automeeza, Sheraton!",2026-08-18 00:00:00,2026-10-01 00:00:00,675.0,0,0,0,1,0,0,0,0,0,0,0,0,0,0,0,0,0,0,0,0,0,0,0,0,0,0,1,0,0,1,0,0,0.06989247311827956,0.0,836.0,0.008966731814179249,0.0,0.0,0
OFFER_0528,20314.0,WAFFARHA,0.0,PERCENTAGE,0.0,228746.0,La Rosa Empire Hotel,Travel & Hotels,NATIONWIDE,,NATIONWIDE,1,"Enjoy a day use with a sea & pool view, including a lunch meal @La Rosa Empire, Ain Sokhna!",2026-06-25 00:00:00,2026-08-01 00:00:00,559.0,0,0,0,1,0,0,0,1,0,0,0,0,0,0,0,0,0,0,0,0,0,0,0,0,0,0,0,0,0,1,0,0,0.0,0.0,3043.0,0.032666824166147634,0.0,0.0010302197802197802,2
OFFER_1215,24868.0,WAFFARHA,0.0,PERCENTAGE,38.2133995037221,228747.0,Pizza Hut,Food & Beverages,NATIONWIDE,,NATIONWIDE,1,Medium & large pizza with salad & appetizer with up to 35% off @Pizza Hut branches!,2026-08-18 00:00:00,2026-10-01 00:00:00,275.0,0,0,0,1,0,1,0,0,0,0,0,0,0,0,0,0,0,0,0,0,0,0,0,0,0,0,0,0,0,1,0,0,0.08217935377144538,0.0,13008.0,0.13967698288267005,0.0,0.0700120710467322,2
OFFER_0340,20165.0,WAFFARHA,0.0,PERCENTAGE,0.0,228748.0,Utopia Ellie An Resort,Travel & Hotels,NATIONWIDE,,NATIONWIDE,1,"Spend an unforgettable day use with your family on the beach & the pool @Utopia Ellie An Resort, Ain Sokhna!",2026-08-18 00:00:00,2026-10-01 00:00:00,425.0,0,0,0,1,0,0,0,1,0,0,0,0,0,0,0,0,0,0,0,0,0,0,0,0,0,0,0,0,0,1,0,0,0.0,0.0,2100.0,0.02254032344666137,0.0,0.0015045135406218655,2
OFFER_0963,20214.0,WAFFARHA,0.0,PERCENTAGE,48.3870967741935,228739.0,Kofta X Shish,Food & Beverages,NATIONWIDE,,NATIONWIDE,1,Oriental suhoor with a variety of sandwiches with 48% off @Kofta X Sheesh,2026-03-19 00:00:00,2026-03-19 00:00:00,80.0,0,0,0,1,0,1,0,0,0,0,0,0,0,0,0,0,0,0,0,0,0,0,0,0,0,0,0,0,0,1,0,0,0.1040582726326742,0.0,16.0,0.00016107901462597454,0.0,0.125,2
OFFER_0757,20263.0,WAFFARHA,0.0,PERCENTAGE,35.2941176470588,228749.0,Mazbot,Food & Beverages,NATIONWIDE,,NATIONWIDE,1,"Liver & sausage meals with 35% off @Mazbot, 5th Settlement",2026-05-03 00:00:00,2026-06-01 00:00:00,165.0,0,0,0,1,0,1,0,0,0,0,0,0,0,0,0,0,0,0,0,0,0,0,0,0,0,0,0,0,0,1,0,0,0.07590132827324472,0.0,479.0,0.005133051266081055,0.0,0.0021645021645021645,2
OFFER_0907,20315.0,WAFFARHA,0.0,PERCENTAGE,35.0,228750.0,Dolphina,Entertainment,NATIONWIDE,,NATIONWIDE,1,"Dolphins interesting shows and interactive activities with up to 35% off @Dolphina, 6th of October!",2026-08-18 00:00:00,2026-10-01 00:00:00,325.0,0,0,0,1,0,0,0,0,0,0,0,0,0,0,0,0,0,0,0,0,0,1,0,0,0,0,0,0,0,1,0,0,0.07526881720430108,0.0,3535.0,0.0379502158458796,0.0,0.024680344930121913,2
OFFER_1011,20116,WAFFARHA,0.0,PERCENTAGE,30.0,228751.0,Lala Land Aqua park,Travel & Hotels,NATIONWIDE,,NATIONWIDE,1,"Day use with the ultimate joy & relaxation directly on Qarun Lake with 30% off @Lala Land Aqua Park, Fayoum!",2026-08-18 00:00:00,2026-10-01 00:00:00,350.0,0,0,0,1,0,0,0,1,0,0,0,0,0,0,0,0,0,0,0,0,0,0,0,0,0,0,0,0,0,1,0,0,0.06451612903225806,0.0,3905.0,0.041923498206653635,0.0,0.0,0
OFFER_0578,20166.0,WAFFARHA,0.0,PERCENTAGE,33.3333333333333,228751.0,Lala Land Aqua park,Travel & Hotels,NATIONWIDE,,NATIONWIDE,1,"Enjoy your vacation with a direct view on Qarun Lake & breakfast with up to 33% off @Lala Land Aqua Park, Fayoum!",2026-08-18 00:00:00,2026-10-01 00:00:00,1600.0,0,0,0,1,0,0,0,1,0,0,0,0,0,0,0,0,0,0,0,0,0,0,0,0,0,0,0,0,0,1,0,0,0.07168458781362,0.0,3267.0,0.03507227078456219,0.0,0.00032310177705977385,2
OFFER_0442,20215.0,WAFFARHA,0.0,PERCENTAGE,76.5098039215686,228752.0,Ghazal Spa,Clinics ,NATIONWIDE,,NATIONWIDE,1,77% off Moroccan bath package for men @Ghazal Spa!,2026-08-18 00:00:00,2026-10-01 00:00:00,599.0,0,0,0,1,0,0,0,0,0,0,0,0,0,0,1,0,0,0,0,0,0,0,0,0,0,0,0,0,0,1,0,0,0.16453721273455613,0.0,51.0,0.0005369300487532484,0.0,1.0,2
OFFER_1157,20264.0,WAFFARHA,0.0,PERCENTAGE,31.578947368421,228753.0,Balance Clinic,Clinics ,NATIONWIDE,,NATIONWIDE,1,"Various packages for healing sessions, cupping & full body care with up to 32% off @Balance Clinic branches by Dr. Enas Omran!",2026-08-18 00:00:00,2026-10-01 00:00:00,700.0,0,0,0,1,0,0,0,0,0,0,0,0,0,0,1,0,0,0,0,0,0,0,0,0,0,0,0,0,0,1,0,0,0.06791171477079785,0.0,1.0,0.0,0.0,1.0,2
OFFER_0792,20316.0,WAFFARHA,0.0,PERCENTAGE,39.2857142857143,228754.0,Pretty Spa & Massage,Clinics ,NATIONWIDE,,NATIONWIDE,1,"Various baths & massage packages with up to 60% off @Pretty Spa & Massage, inside Cairo Sporting Club!",2026-08-18 00:00:00,2026-10-01 00:00:00,250.0,0,0,0,1,0,0,0,0,0,0,0,0,0,0,1,0,0,0,0,0,0,0,0,0,0,0,0,0,0,1,0,0,0.08448540706605226,0.0,4.0,3.221580292519491e-05,0.0,1.0,2
OFFER_0683,20167.0,WAFFARHA,0.0,PERCENTAGE,70.0,228756.0,Almokattam spa,Clinics ,NATIONWIDE,,NATIONWIDE,1,Up to 70% off on Moroccan & Turkish Bath packages for women @Almokattam spa!,2026-08-18 00:00:00,2026-10-01 00:00:00,450.0,0,0,0,1,0,0,0,0,0,0,0,0,0,0,1,0,0,0,0,0,0,0,0,0,0,0,0,0,0,1,0,0,0.15053763440860216,0.0,1.0,0.0,0.0,1.0,2
OFFER_0305,20216.0,WAFFARHA,0.0,PERCENTAGE,26.0,228757.0,Aboullaban Sweets,Food & Beverages,NATIONWIDE,,NATIONWIDE,1,"Various boxes of all lovely Eid treats of Kahk, Petit Four & biscuit with up to 26% off @Aboullaban Sweets",2026-03-22 00:00:00,2026-03-23 00:00:00,165.0,0,0,0,1,0,1,0,0,0,0,0,0,0,0,0,0,0,0,0,0,0,0,0,0,0,0,0,0,0,1,0,0,0.05591397849462366,0.0,136.0,0.0014497111316337707,0.0,0.051470588235294115,2
OFFER_0917,20265.0,WAFFARHA,0.0,PERCENTAGE,26.2857142857143,228758.0,Snow City,Entertainment,NATIONWIDE,,NATIONWIDE,1,"26% off entry, fun packages & souvenirs @Snow City, City Stars Mall!",2026-08-18 00:00:00,2026-10-01 00:00:00,445.0,0,0,0,1,0,0,0,0,0,0,0,0,0,0,0,0,0,0,0,0,0,1,0,0,0,0,0,0,0,1,0,0,0.05652841781874043,0.0,3468.0,0.037230729580550244,0.0,0.05192425167990226,2
OFFER_0761,20317.0,WAFFARHA,0.0,PERCENTAGE,34.5238095238095,228759.0,Andrea,Food & Beverages,NATIONWIDE,,NATIONWIDE,1,Open Iftar Buffet & Andrea special grills with 51% off @Andrea Restaurants!,2026-03-19 00:00:00,2026-03-19 00:00:00,550.0,0,0,0,1,0,1,0,0,0,0,0,0,0,0,0,0,0,0,0,0,0,0,0,0,0,0,0,0,0,1,0,0,0.07424475166410645,0.0,31.0,0.0003221580292519491,0.0,0.4482758620689655,2
OFFER_0711,20118.0,WAFFARHA,0.0,PERCENTAGE,55.0,228760.0,Chuck E. Cheese,Entertainment,NATIONWIDE,,NATIONWIDE,1,"Unlimited Fun time & tasty meals with up to 45% off @Chuck E. Cheese, Royal park Mall - Sheikh Zayed!",2026-08-18 00:00:00,2026-10-01 00:00:00,450.0,0,0,0,1,0,0,0,0,0,0,0,0,0,0,0,0,0,0,0,0,0,1,0,0,0,0,0,0,0,1,0,0,0.11827956989247312,0.0,3462.0,0.037166297974699856,0.0,0.03378582202111614,2
OFFER_1091,23928.0,WAFFARHA,0.0,PERCENTAGE,33.3333333333333,228761.0,Cilantro,Food & Beverages,NATIONWIDE,,NATIONWIDE,1,The best combo of drinks & caffeine with 30% off @Cilantro branches!,2026-08-18 00:00:00,2026-10-01 00:00:00,180.0,0,0,0,1,0,1,0,0,0,0,0,0,0,0,0,0,0,0,0,0,0,0,0,0,0,0,0,0,0,1,0,0,0.07168458781362,0.0,19017.0,0.20420523614183544,0.0,0.08577993362267042,2
OFFER_0449,20217.0,WAFFARHA,0.0,PERCENTAGE,50.0,228762.0,Chums Specialty Coffee,Food & Beverages,NATIONWIDE,,NATIONWIDE,1,Experience the true taste of coffee with a dessert or baked item with up to 36% off @Chums Specialty Coffee,2026-08-18 00:00:00,2026-10-01 00:00:00,185.0,0,0,0,1,0,1,0,0,0,0,0,0,0,0,0,0,0,0,0,0,0,0,0,0,0,0,0,0,0,1,0,0,0.10752688172043011,0.0,1323.0,0.014196430489035888,0.0,0.001579778830963665,2
OFFER_0722,20318.0,WAFFARHA,0.0,PERCENTAGE,47.6973684210526,228763.0,Mado Egypt,Food & Beverages,NATIONWIDE,,NATIONWIDE,1,A Turkish-style Ramadan Suhoor with up to 48% off @Mado branches,2026-03-19 00:00:00,2026-03-19 00:00:00,159.0,0,0,0,1,0,1,0,0,0,0,0,0,0,0,0,0,0,0,0,0,0,0,0,0,0,0,0,0,0,1,0,0,0.10257498585172603,0.0,11.0,0.00010738600975064969,0.0,0.09090909090909091,2
OFFER_0607,20119,WAFFARHA,0.0,PERCENTAGE,30.1630434782609,228764.0,Al Hallab,Food & Beverages,NATIONWIDE,,NATIONWIDE,1,"Immerse yourself in a luxurious Ramadan Iftar buffet experience combining authentic Turkish & Lebanese flavors with 30% off @Al Hallab, Cairo Festival Mall!",2026-03-19 00:00:00,2026-03-19 00:00:00,1285.0,0,0,0,1,0,1,0,0,0,0,0,0,0,0,0,0,0,0,0,0,0,0,0,0,0,0,0,0,0,1,0,0,0.064866760168303,0.0,7.0,6.443160585038982e-05,0.0,0.0,0
OFFER_0599,20218,WAFFARHA,0.0,PERCENTAGE,30.188679245283,228764.0,Al Hallab,Food & Beverages,NATIONWIDE,,NATIONWIDE,1,"Ramadan Suhoor buffet experience combining authentic Turkish & Lebanese flavors with 30% off @Al Hallab, Cairo Festival Mall!",2026-03-19 00:00:00,2026-03-19 00:00:00,740.0,0,0,0,1,0,1,0,0,0,0,0,0,0,0,0,0,0,0,0,0,0,0,0,0,0,0,0,0,0,1,0,0,0.06492189085007097,0.0,4.0,3.221580292519491e-05,0.0,0.0,0
OFFER_0036,20266.0,WAFFARHA,0.0,PERCENTAGE,25.2100840336134,228766.0,Sedra,Food & Beverages,NATIONWIDE,,NATIONWIDE,1,"Various boxes of all lovely Eid treats of Kahk, Petit Four, biscuit and more with 25% off @Sedra branches!",2026-03-22 00:00:00,2026-03-23 00:00:00,445.0,0,0,0,1,0,1,0,0,0,0,0,0,0,0,0,0,0,0,0,0,0,0,0,0,0,0,0,0,0,1,0,0,0.05421523448088903,0.0,182.0,0.0019436867764867592,0.0,0.10112359550561797,2
OFFER_0054,20319,WAFFARHA,0.0,PERCENTAGE,30.2521008403361,228767.0,Bake My Day,Food & Beverages,NATIONWIDE,,NATIONWIDE,1,Luxurious Iftar set menu with 30% off @Bake My Day!,2026-03-19 00:00:00,2026-03-19 00:00:00,830.0,0,0,0,1,0,1,0,0,0,0,0,0,0,0,0,0,0,0,0,0,0,0,0,0,0,0,0,0,0,1,0,0,0.06505828137706689,0.0,6.0,5.3693004875324844e-05,0.0,0.0,0
OFFER_0287,20120.0,WAFFARHA,0.0,PERCENTAGE,33.1908831908832,228768.0,Ayadina,Food & Beverages,NATIONWIDE,,NATIONWIDE,1,Ramadan Suhoor buffet with distinctive Lebanese dishes with 33% off @Ayadina Restaurant branches,2026-03-19 00:00:00,2026-03-19 00:00:00,469.0,0,0,0,1,0,1,0,0,0,0,0,0,0,0,0,0,0,0,0,0,0,0,0,0,0,0,0,0,0,1,0,0,0.07137824342125419,0.0,6.0,5.3693004875324844e-05,0.0,0.3333333333333333,2
OFFER_0900,20170.0,WAFFARHA,0.0,PERCENTAGE,33.3333333333333,228768.0,Ayadina,Food & Beverages,NATIONWIDE,,NATIONWIDE,1,Ramadan Iftar buffet with distinctive Lebanese dishes with 30% off @Ayadina Restaurant branches,2026-03-19 00:00:00,2026-03-19 00:00:00,1000.0,0,0,0,1,0,1,0,0,0,0,0,0,0,0,0,0,0,0,0,0,0,0,0,0,0,0,0,0,0,1,0,0,0.07168458781362,0.0,19.0,0.00019329481755116945,0.0,0.4666666666666667,2
OFFER_0079,20219.0,WAFFARHA,0.0,PERCENTAGE,0.0,228769.0,El Wadi Aquapark Hotel,Travel & Hotels,NATIONWIDE,,NATIONWIDE,1,"Enjoy a day use with Aqua Park games & open buffet @El Wadi Aquapark, Ain Sokhna!",2026-08-18 00:00:00,2026-10-01 00:00:00,840.0,0,0,0,1,0,0,0,1,0,0,0,0,0,0,0,0,0,0,0,0,0,0,0,0,0,0,0,0,0,1,0,0,0.0,0.0,2893.0,0.03105603401988789,0.0,0.0003695491500369549,2
OFFER_1290,20267.0,WAFFARHA,0.0,PERCENTAGE,0.0,228770.0,Amarante Pyramids Hotel,Travel & Hotels,NATIONWIDE,,NATIONWIDE,1,"Enjoy an unforgettable day use and endless fun @Amarante Pyramids Hotel, Haram!",2026-08-18 00:00:00,2026-10-01 00:00:00,2210.0,0,0,0,1,0,0,0,1,0,0,0,0,0,0,0,0,0,0,0,0,0,0,0,0,0,0,0,0,0,1,0,0,0.0,0.0,2133.0,0.022894697278838513,0.0,0.003954522985664854,2
OFFER_0319,20320,WAFFARHA,0.0,PERCENTAGE,0.0,228771.0,Regency Pyramids Hotel,Travel & Hotels,NATIONWIDE,,NATIONWIDE,1,"Enjoy a day use with Pyramids view including open buffet @Regency Pyramids Hotel, Alex- Cairo Rd!",2026-08-18 00:00:00,2026-10-01 00:00:00,780.0,0,0,0,1,0,0,0,1,0,0,0,0,0,0,0,0,0,0,0,0,0,0,0,0,0,0,0,0,0,1,0,0,0.0,0.0,5109.0,0.05485277378063186,0.0,0.0,0
OFFER_1299,20121.0,WAFFARHA,0.0,PERCENTAGE,77.3181818181818,228772.0,Doaa EL-Assar Beauty Center,Clinics ,NATIONWIDE,,NATIONWIDE,1,"Moroccan bath & full body care package with up to 77% off @Doaa El-Assar Beauty Center, Nasr City!",2026-08-18 00:00:00,2026-10-01 00:00:00,199.0,0,0,0,1,0,0,0,0,0,0,0,0,0,0,1,0,0,0,0,0,0,0,0,0,0,0,0,0,0,1,0,0,0.16627565982404688,0.0,5.0,4.295440390025987e-05,0.0,1.0,2
OFFER_1133,20171.0,WAFFARHA,0.0,PERCENTAGE,30.2536231884058,228773.0,Bon Appetit,Food & Beverages,NATIONWIDE,,NATIONWIDE,1,Enjoy a complete Ramadan Iftar experience with an open buffet with 30% off @Bon Appetit Restaurants branches!,2026-03-19 00:00:00,2026-03-19 00:00:00,385.0,0,0,0,1,0,1,0,0,0,0,0,0,0,0,0,0,0,0,0,0,0,0,0,0,0,0,0,0,0,1,0,0,0.06506155524388345,0.0,13.0,0.00012886321170077963,0.0,0.08333333333333333,2
OFFER_0652,20220.0,WAFFARHA,0.0,PERCENTAGE,54.5454545454545,228774.0,Cityscape Mall,Entertainment,NATIONWIDE,,NATIONWIDE,1,"41% off on Bowling rounds with your friends @Play Max, Cityscape Mall!",2026-08-18 00:00:00,2026-10-01 00:00:00,65.0,0,0,0,1,0,0,0,0,0,0,0,0,0,0,0,0,0,0,0,0,0,1,0,0,0,0,0,0,0,1,0,0,0.11730205278592365,0.0,1771.0,0.019007323725864993,0.0,0.07100591715976332,2
OFFER_0547,20268.0,WAFFARHA,0.0,PERCENTAGE,43.019943019943,228775.0,Rush Hub,Entertainment,NATIONWIDE,,NATIONWIDE,1,"Games balance to level up your gaming experience & meals with up to 33% off @Rush Hub, All branches!",2026-08-18 00:00:00,2026-10-01 00:00:00,400.0,0,0,0,1,0,0,0,0,0,0,0,0,0,0,0,0,0,0,0,0,0,1,0,0,0,0,0,0,0,1,0,0,0.09251600649450108,0.0,1184.0,0.012703764953501858,0.0,0.0975609756097561,2
OFFER_0829,20321.0,WAFFARHA,0.0,PERCENTAGE,28.4,228772.0,Doaa EL-Assar Beauty Center,Clinics ,NATIONWIDE,,NATIONWIDE,1,"Hair care packages with up to 61% off @Doaa El-Assar Beauty Center, Nasr City!",2026-08-18 00:00:00,2026-10-01 00:00:00,179.0,0,0,0,1,0,0,0,0,0,0,0,0,0,0,1,0,0,0,0,0,0,0,0,0,0,0,0,0,0,1,0,0,0.0610752688172043,0.0,2.0,1.0738600975064968e-05,0.0,1.0,2
OFFER_0864,20122.0,WAFFARHA,0.0,PERCENTAGE,38.4615384615385,228776.0,Lane 9,Entertainment,NATIONWIDE,,NATIONWIDE,1,"Step in, game on! all your favorite arcade games & bowling challenges with up to 38% off @Lane 9, Alexandria!",2026-08-18 00:00:00,2026-10-01 00:00:00,350.0,0,0,0,1,0,0,0,0,0,0,0,0,0,0,0,0,0,0,0,0,0,1,0,0,0,0,0,0,0,1,0,0,0.08271298593879248,0.0,1102.0,0.01182319967354653,0.0,0.00946073793755913,2
OFFER_0045,20172.0,WAFFARHA,0.0,PERCENTAGE,78.5714285714286,228777.0,Dodo Beauty Center & Spa,Clinics ,NATIONWIDE,,NATIONWIDE,1,"Glow up with massage & beauty care packages with up to 79% off @Dodo Beauty Center & Spa, Zahraa Maadi!",2026-08-18 00:00:00,2026-10-01 00:00:00,150.0,0,0,0,1,0,0,0,0,0,0,0,0,0,0,1,0,0,0,0,0,0,0,0,0,0,0,0,0,0,1,0,0,0.16897081413210452,0.0,10.0,9.664740877558472e-05,0.0,1.0,2
OFFER_1102,24858.0,WAFFARHA,0.0,PERCENTAGE,50.7142857142857,228773.0,Bon Appetit,Food & Beverages,NATIONWIDE,,NATIONWIDE,1,A variety of sandwiches & desserts with an irresistible taste with 47% off @Bon Appetit Restaurants branches!,2026-08-18 00:00:00,2026-10-01 00:00:00,149.0,0,0,0,1,0,1,0,0,0,0,0,0,0,0,0,0,0,0,0,0,0,0,0,0,0,0,0,0,0,1,0,0,0.10906298003072194,0.0,11611.0,0.12467515732050428,0.0,0.010485651214128035,2
OFFER_0063,20322,WAFFARHA,0.0,PERCENTAGE,40.2,228779.0,Baladina,Food & Beverages,NATIONWIDE,,NATIONWIDE,1,Satisfying Egyptian sohour meal with 40% off @Baladina branches!,2026-03-19 00:00:00,2026-03-19 00:00:00,299.0,0,0,0,1,0,1,0,0,0,0,0,0,0,0,0,0,0,0,0,0,0,0,0,0,0,0,0,0,0,1,0,0,0.08645161290322581,0.0,3.0,2.1477201950129936e-05,0.0,0.0,0
OFFER_0755,20123.0,WAFFARHA,0.0,PERCENTAGE,0.0,228770.0,Amarante Pyramids Hotel,Travel & Hotels,NATIONWIDE,,NATIONWIDE,1,"Special Ramadan Iftar @Amarante Pyramids Hotel, Haram",2026-03-19 00:00:00,2026-03-19 00:00:00,559.0,0,0,0,1,0,0,0,1,0,0,0,0,0,0,0,0,0,0,0,0,0,0,0,0,0,0,0,0,0,1,0,0,0.0,0.0,35.0,0.00036511243315220894,0.0,0.7142857142857143,2
OFFER_1098,20173.0,WAFFARHA,0.0,PERCENTAGE,40.0,228780.0,Esraa ELSherif Beauty Salon,Clinics ,NATIONWIDE,,NATIONWIDE,1,"Skin & hair beauty packages with up to 63% @Esraa ELSherif Beauty Salon, Maadi!",2026-08-18 00:00:00,2026-10-01 00:00:00,150.0,0,0,0,1,0,0,0,0,0,0,0,0,0,0,1,0,0,0,0,0,0,0,0,0,0,0,0,0,0,1,0,0,0.08602150537634409,0.0,1.0,0.0,0.0,1.0,2
OFFER_0061,20222,WAFFARHA,0.0,PERCENTAGE,0.0,228781.0,Helnan Auberge Hotel,Travel & Hotels,NATIONWIDE,,NATIONWIDE,1,"Enjoy a fun day use with lunch meal @Helnan Auberge Hotel, Fayoum!",2026-08-18 00:00:00,2026-10-01 00:00:00,720.0,0,0,0,1,0,0,0,1,0,0,0,0,0,0,0,0,0,0,0,0,0,0,0,0,0,0,0,0,0,1,0,0,0.0,0.0,2154.0,0.023120207899314876,0.0,0.0,0
OFFER_0452,20270.0,WAFFARHA,0.0,PERCENTAGE,29.5238095238095,226604.0,Magic Galaxy,Entertainment,NATIONWIDE,,NATIONWIDE,1,30% off games balance for Kids & Adults @Magic Galaxy! EGP 370 worth of games balance with the value of EGP 525,2026-07-21 00:00:00,2026-09-01 00:00:00,370.0,0,0,0,1,0,0,0,0,0,0,0,0,0,0,0,0,0,0,0,0,0,1,0,0,0,0,0,0,0,1,0,0,0.06349206349206345,0.0,1024.0,0.010985588797491463,0.0,0.12849740932642487,2
OFFER_0713,20323.0,WAFFARHA,0.0,PERCENTAGE,25.0,228782.0,Noon By Fagnoon,Entertainment,NATIONWIDE,,NATIONWIDE,1,Hand Crafts & Art Activities for all ages with up to 25% off @Fagnoon!,2026-08-18 00:00:00,2026-10-01 00:00:00,270.0,0,0,0,1,0,0,0,0,0,0,0,0,0,0,0,0,0,0,0,0,0,1,0,0,0,0,0,0,0,1,0,0,0.053763440860215055,0.0,1171.0,0.012564163140826014,0.0,0.029438001784121322,2
OFFER_0746,20124,WAFFARHA,0.0,PERCENTAGE,0.0,228770.0,Amarante Pyramids Hotel,Travel & Hotels,NATIONWIDE,,NATIONWIDE,1,"Special Suhoor @Amarante Pyramids Hotel, Haram",2026-03-19 00:00:00,2026-03-19 00:00:00,265.0,0,0,0,1,0,0,0,1,0,0,0,0,0,0,0,0,0,0,0,0,0,0,0,0,0,0,0,0,0,1,0,0,0.0,0.0,7.0,6.443160585038982e-05,0.0,0.0,0
OFFER_0203,20223.0,WAFFARHA,0.0,PERCENTAGE,38.125,228784.0,Cozy Corner,Food & Beverages,NATIONWIDE,,NATIONWIDE,1,"Various Choices of drinks, desserts & baked items with up to 38% off @Cozy Corner, Heliopolis!",2026-08-18 00:00:00,2026-10-01 00:00:00,65.0,0,0,0,1,0,1,0,0,0,0,0,0,0,0,0,0,0,0,0,0,0,0,0,0,0,0,0,0,0,1,0,0,0.08198924731182795,0.0,882.0,0.009460707459032238,0.0,0.007075471698113208,2
OFFER_0215,20271,WAFFARHA,0.0,PERCENTAGE,37.1428571428571,228785.0,Le Doux Patisserie,Food & Beverages,NATIONWIDE,,NATIONWIDE,1,A tasty suhoor meal with up to 37% off @Le Doux branches!,2026-03-19 00:00:00,2026-03-19 00:00:00,220.0,0,0,0,1,0,1,0,0,0,0,0,0,0,0,0,0,0,0,0,0,0,0,0,0,0,0,0,0,0,1,0,0,0.07987711213517656,0.0,3.0,2.1477201950129936e-05,0.0,0.0,0
OFFER_0714,20324,WAFFARHA,0.0,PERCENTAGE,35.5555555555555,228786.0,Seecos,Food & Beverages,NATIONWIDE,,NATIONWIDE,1,"Iftar meals to suit every taste in a Greek-inspired atmosphere with 39% off @Seecos, Maadi!",2026-03-19 00:00:00,2026-03-19 00:00:00,145.0,0,0,0,1,0,1,0,0,0,0,0,0,0,0,0,0,0,0,0,0,0,0,0,0,0,0,0,0,0,1,0,0,0.07646356033452796,0.0,4.0,3.221580292519491e-05,0.0,0.0,0
OFFER_0883,24126.0,WAFFARHA,0.0,PERCENTAGE,35.8974358974359,228787.0,Shawarma Street,Food & Beverages,NATIONWIDE,,NATIONWIDE,1,Shawarma choices from sandwiches to fattah with a taste that exceeds expectations with up to 36% off @Shawarma Street branches!,2026-08-18 00:00:00,2026-10-01 00:00:00,110.0,0,0,0,1,0,1,0,0,0,0,0,0,0,0,0,0,0,0,0,0,0,0,0,0,0,0,0,0,0,1,0,0,0.07719878687620624,0.0,3841.0,0.04123622774424948,0.0,0.004137931034482759,2
OFFER_1002,20224.0,WAFFARHA,0.0,PERCENTAGE,30.0,228788.0,Museum of Illusions,Entertainment,NATIONWIDE,,NATIONWIDE,1,Experience of visual & mental illusions with 30% off at the Museum of Illusions!,2026-08-18 00:00:00,2026-10-01 00:00:00,265.0,0,0,0,1,0,0,0,0,0,0,0,0,0,0,0,0,0,0,0,0,0,1,0,0,0,0,0,0,0,1,0,0,0.06451612903225806,0.0,1605.0,0.017224715964004208,0.0,0.03383214053350683,2
OFFER_0959,20272.0,WAFFARHA,0.0,PERCENTAGE,68.8125,228756.0,Almokattam spa,Clinics ,NATIONWIDE,,NATIONWIDE,1,69% off on Moroccan bath & massage for men @Almokattam spa! EGP 499 instead of EGP 1600,2026-08-18 00:00:00,2026-10-01 00:00:00,499.0,0,0,0,1,0,0,0,0,0,0,0,0,0,0,1,0,0,0,0,0,0,0,0,0,0,0,0,0,0,1,0,0,0.14798387096774193,0.0,2.0,1.0738600975064968e-05,0.0,1.0,2
OFFER_0771,20325.0,WAFFARHA,0.0,PERCENTAGE,33.3333333333333,228789.0,Xtreme Land,Entertainment,NATIONWIDE,,NATIONWIDE,1,"Variety of games & fun time for all family members with up to 33% off @Xtreme Land, Madinaty!",2026-08-18 00:00:00,2026-10-01 00:00:00,270.0,0,0,0,1,0,0,0,0,0,0,0,0,0,0,0,0,0,0,0,0,0,1,0,0,0,0,0,0,0,1,0,0,0.07168458781362,0.0,1213.0,0.013015184381778741,0.0,0.20837043633125557,2
OFFER_1323,24127.0,WAFFARHA,0.0,PERCENTAGE,50.3205128205128,226557.0,Shawerma el Reem,Food & Beverages,NATIONWIDE,,NATIONWIDE,1,"Complete the gathering with Shawerma, Hawawshi & Kofta mix boxes with up to 51% off  @Shawerma ElReem!",2026-08-18 00:00:00,2026-10-01 00:00:00,155.0,0,0,0,1,0,1,0,0,0,0,0,0,0,0,0,0,0,0,0,0,0,0,0,0,0,0,0,0,0,1,0,0,0.10821615660325334,0.0,14286.0,0.1534009149288031,0.0,0.089633542423242,2
OFFER_1049,20176,WAFFARHA,0.0,PERCENTAGE,31.4285714285714,228785.0,Le Doux Patisserie,Food & Beverages,NATIONWIDE,,NATIONWIDE,1,A range of Ramadan iftar meals with up to 38% off @Le Doux branches!,2026-03-19 00:00:00,2026-03-19 00:00:00,360.0,0,0,0,1,0,1,0,0,0,0,0,0,0,0,0,0,0,0,0,0,0,0,0,0,0,0,0,0,0,1,0,0,0.06758832565284172,0.0,3.0,2.1477201950129936e-05,0.0,0.0,0
OFFER_0674,20225,WAFFARHA,0.0,PERCENTAGE,33.7209302325581,228790.0,Food District by Delimart,Food & Beverages,NATIONWIDE,,NATIONWIDE,1,"A distinctive Ramadan Iftar with Nile view with 34% off @Food District by Delimart, El Manyal!",2026-03-19 00:00:00,2026-03-19 00:00:00,285.0,0,0,0,1,0,1,0,0,0,0,0,0,0,0,0,0,0,0,0,0,0,0,0,0,0,0,0,0,0,1,0,0,0.07251812953238301,0.0,8.0,7.517020682545478e-05,0.0,0.0,0
OFFER_0684,20273.0,WAFFARHA,0.0,PERCENTAGE,30.0218818380744,228791.0,Enab Beirut,Food & Beverages,NATIONWIDE,,NATIONWIDE,1,"Experience the Lebanese taste of Ramadan with special Lebanese iftar meals at 30% off @Enab Beirut, Madinaty & City Centre Almaza branches!",2026-03-19 00:00:00,2026-03-19 00:00:00,1599.0,0,0,0,1,0,1,0,0,0,0,0,0,0,0,0,0,0,0,0,0,0,0,0,0,0,0,0,0,0,1,0,0,0.0645631867485471,0.0,6.0,5.3693004875324844e-05,0.0,0.16666666666666666,2
OFFER_0424,20326.0,WAFFARHA,0.0,PERCENTAGE,46.9387755102041,228792.0,Cloud Masr,Food & Beverages,NATIONWIDE,,NATIONWIDE,1,"Grill meals, pizza & desserts with up to 47% off @Cloud Masr, Mohandessin!",2026-08-18 00:00:00,2026-10-01 00:00:00,130.0,0,0,0,1,0,1,0,0,0,0,0,0,0,0,0,0,0,0,0,0,0,0,0,0,0,0,0,0,0,1,0,0,0.10094360324775076,0.0,978.0,0.010491613152638475,0.0,0.0021436227224008574,2
OFFER_1087,20127.0,WAFFARHA,0.0,PERCENTAGE,40.3508771929824,228793.0,Playtobia Cafe,Food & Beverages,NATIONWIDE,,NATIONWIDE,1,Delicious Ramadan iftar trays with up to 40% off @Playtobia Cafe,2026-03-19 00:00:00,2026-03-19 00:00:00,145.0,0,0,0,1,0,1,0,0,0,0,0,0,0,0,0,0,0,0,0,0,0,0,0,0,0,0,0,0,0,1,0,0,0.0867760799849084,0.0,8.0,7.517020682545478e-05,0.0,0.25,2
OFFER_0047,20177,WAFFARHA,0.0,PERCENTAGE,43.6860068259386,228794.0,Farida Lounge,Food & Beverages,NATIONWIDE,,NATIONWIDE,1,Generous Iftar set menus await you with up to 44% off @Farida Lounge branches!,2026-03-19 00:00:00,2026-03-19 00:00:00,495.0,0,0,0,1,0,1,0,0,0,0,0,0,0,0,0,0,0,0,0,0,0,0,0,0,0,0,0,0,0,1,0,0,0.09394840177621204,0.0,6.0,5.3693004875324844e-05,0.0,0.0,0
OFFER_0522,20226,WAFFARHA,0.0,PERCENTAGE,36.1290322580645,228793.0,Playtobia Cafe,Food & Beverages,NATIONWIDE,,NATIONWIDE,1,"Ultimate Suhoor meal with 36% off @Playtobia Cafe, Nasr City!",2026-03-19 00:00:00,2026-03-19 00:00:00,99.0,0,0,0,1,0,1,0,0,0,0,0,0,0,0,0,0,0,0,0,0,0,0,0,0,0,0,0,0,0,1,0,0,0.0776968435657301,0.0,2.0,1.0738600975064968e-05,0.0,0.0,0
OFFER_0265,20274.0,WAFFARHA,0.0,PERCENTAGE,30.0,228795.0,Trapped Egypt,Entertainment,NATIONWIDE,,NATIONWIDE,1,"Live the Best Escape room experience with up to 30% off @Trapped Egypt, 5th Settlement branch!",2026-08-18 00:00:00,2026-10-01 00:00:00,385.0,0,0,0,1,0,0,0,0,0,0,0,0,0,0,0,0,0,0,0,0,0,1,0,0,0,0,0,0,0,1,0,0,0.06451612903225806,0.0,1128.0,0.01210240329889822,0.0,0.014828544949026877,2
OFFER_0080,20128.0,WAFFARHA,0.0,PERCENTAGE,32.3232323232323,228797.0,Blaze Egypt,Food & Beverages,NATIONWIDE,,NATIONWIDE,1,Satisfying Ramadan iftar offering options for every taste with 32% off @Blaze restaurants!,2026-03-19 00:00:00,2026-03-19 00:00:00,670.0,0,0,0,1,0,1,0,0,0,0,0,0,0,0,0,0,0,0,0,0,0,0,0,0,0,0,0,0,0,1,0,0,0.06951232757684365,0.0,10.0,9.664740877558472e-05,0.0,0.5,2
OFFER_0949,20178,WAFFARHA,0.0,PERCENTAGE,35.5072463768116,228798.0,Picual,Food & Beverages,NATIONWIDE,,NATIONWIDE,1,2 Pax Suhoor tray with 36% off @Picual,2026-03-19 00:00:00,2026-03-19 00:00:00,445.0,0,0,0,1,0,1,0,0,0,0,0,0,0,0,0,0,0,0,0,0,0,0,0,0,0,0,0,0,0,1,0,0,0.07635966962755183,0.0,4.0,3.221580292519491e-05,0.0,0.0,0
OFFER_0046,20227.0,WAFFARHA,0.0,PERCENTAGE,47.0588235294118,228797.0,Blaze Egypt,Food & Beverages,NATIONWIDE,,NATIONWIDE,1,Complete your Ramadan night over suhoor with 47% off @Blaze restaurants!,2026-03-19 00:00:00,2026-03-19 00:00:00,495.0,0,0,0,1,0,1,0,0,0,0,0,0,0,0,0,0,0,0,0,0,0,0,0,0,0,0,0,0,0,1,0,0,0.1012017710309931,0.0,8.0,7.517020682545478e-05,0.0,0.375,2
OFFER_0269,20275,WAFFARHA,0.0,PERCENTAGE,32.9268292682927,228799.0,Libeirut,Food & Beverages,NATIONWIDE,,NATIONWIDE,1,"Authentic Ramadan Iftar meals with Lebanese flavors with up to 33% off @Libeirut Restaurant, Zamalek!",2026-03-19 00:00:00,2026-03-19 00:00:00,550.0,0,0,0,1,0,1,0,0,0,0,0,0,0,0,0,0,0,0,0,0,0,0,0,0,0,0,0,0,0,1,0,0,0.0708103855232101,0.0,1.0,0.0,0.0,0.0,0
OFFER_1041,20328,WAFFARHA,0.0,PERCENTAGE,37.9746835443038,228799.0,Libeirut,Food & Beverages,NATIONWIDE,,NATIONWIDE,1,Lebanese Ramadan Suhoorr by the Nile with 38% off @Libeirut branches,2026-03-19 00:00:00,2026-03-19 00:00:00,245.0,0,0,0,1,0,1,0,0,0,0,0,0,0,0,0,0,0,0,0,0,0,0,0,0,0,0,0,0,0,1,0,0,0.08166598611678237,0.0,2.0,1.0738600975064968e-05,0.0,0.0,0
OFFER_1212,20129.0,WAFFARHA,0.0,PERCENTAGE,34.375,228794.0,Farida Lounge,Food & Beverages,NATIONWIDE,,NATIONWIDE,1,Suhoor nights hit different with 34% off @Farida Lounge branches!,2026-03-19 00:00:00,2026-03-19 00:00:00,210.0,0,0,0,1,0,1,0,0,0,0,0,0,0,0,0,0,0,0,0,0,0,0,0,0,0,0,0,0,0,1,0,0,0.0739247311827957,0.0,5.0,4.295440390025987e-05,0.0,0.2,2
OFFER_0947,20179.0,WAFFARHA,0.0,PERCENTAGE,50.0,228800.0,Zid Escape Room,Entertainment,NATIONWIDE,,NATIONWIDE,1,"Face your fears by entering adventure & escape rooms with your friends with up to 50% off @Zid Escape Room, 6th of October!",2026-08-18 00:00:00,2026-10-01 00:00:00,160.0,0,0,0,1,0,0,0,0,0,0,0,0,0,0,0,0,0,0,0,0,0,1,0,0,0,0,0,0,0,1,0,0,0.10752688172043011,0.0,1738.0,0.01865294989368785,0.0,0.0006038647342995169,2
OFFER_1170,20228,WAFFARHA,0.0,PERCENTAGE,0.0,228801.0,Royal Day Plaza Hotel,Travel & Hotels,NATIONWIDE,,NATIONWIDE,1,"Enjoy a tranquil day use on the pool including a meal @Royal Day Plaza Hotel, 6th of October",2026-08-18 00:00:00,2026-10-01 00:00:00,730.0,0,0,0,1,0,0,0,1,0,0,0,0,0,0,0,0,0,0,0,0,0,0,0,0,0,0,0,0,0,1,0,0,0.0,0.0,3554.0,0.03815424926440583,0.0,0.0,0
OFFER_0550,20329.0,WAFFARHA,0.0,PERCENTAGE,26.9230769230769,228803.0,Nouvel Age Clinics,Clinics ,NATIONWIDE,,NATIONWIDE,1,Enhance your confidence with laser hair removal pulses with up to 36% off @Nouvel Âge Clinics!,2026-08-18 00:00:00,2026-10-01 00:00:00,950.0,0,0,0,1,0,0,0,0,0,0,0,0,0,0,1,0,0,0,0,0,0,0,0,0,0,0,0,0,0,1,0,0,0.05789909015715462,0.0,3.0,2.1477201950129936e-05,0.0,1.0,2
OFFER_1035,20130.0,WAFFARHA,0.0,PERCENTAGE,66.6666666666666,228803.0,Nouvel Age Clinics,Clinics ,NATIONWIDE,,NATIONWIDE,1,Everything your skin and hair need from Mesotherapy and Skin Booster treatments to more with up to 22% off @Nouvel Age Clinics!,2026-08-18 00:00:00,2026-10-01 00:00:00,620.0,0,0,0,1,0,0,0,0,0,0,0,0,0,0,1,0,0,0,0,0,0,0,0,0,0,0,0,0,0,1,0,0,0.14336917562724,0.0,6.0,5.3693004875324844e-05,0.0,1.0,2
OFFER_0083,20180.0,WAFFARHA,0.0,PERCENTAGE,32.8947368421053,228804.0,Hall of Selfies,Entertainment,NATIONWIDE,,NATIONWIDE,1,"Fun & Joy with Special selfies with up to 33% off @Hall of Selfies, Cairo Festival City Mall!",2026-08-18 00:00:00,2026-10-01 00:00:00,255.0,0,0,0,1,0,0,0,0,0,0,0,0,0,0,0,0,0,0,0,0,0,1,0,0,0,0,0,0,0,1,0,0,0.07074136955291463,0.0,541.0,0.005798844526535083,0.0,0.009615384615384616,2
OFFER_0568,20277.0,WAFFARHA,0.0,PERCENTAGE,35.0,228712.0,Shams Clinic,Clinics ,NATIONWIDE,,NATIONWIDE,1,"Take care of your health with a variety of comprehensive check-up packages with up to 47% off @Shams Clinic, 6th of October!",2026-08-18 00:00:00,2026-10-01 00:00:00,650.0,0,0,0,1,0,0,0,0,0,0,0,0,0,0,1,0,0,0,0,0,0,0,0,0,0,0,0,0,0,1,0,0,0.07526881720430108,0.0,2.0,1.0738600975064968e-05,0.0,1.0,2
OFFER_0803,20131.0,WAFFARHA,0.0,PERCENTAGE,32.1428571428571,228806.0,Infantry House,Entertainment,NATIONWIDE,,NATIONWIDE,1,"Varies of games for all ages with up to 33% off @Disneyland Infantry House, Manshiyat Al-Bakri!",2026-08-18 00:00:00,2026-10-01 00:00:00,95.0,0,0,0,1,0,0,0,0,0,0,0,0,0,0,0,0,0,0,0,0,0,1,0,0,0,0,0,0,0,1,0,0,0.06912442396313355,0.0,814.0,0.00873048259272782,0.0,0.002554278416347382,2
OFFER_1305,20181,WAFFARHA,0.0,PERCENTAGE,30.3030303030303,228807.0,Tutu Kids,Entertainment,NATIONWIDE,,NATIONWIDE,1,Games package & popcorn with 31% off @Tutu Kids,2026-08-18 00:00:00,2026-10-01 00:00:00,115.0,0,0,0,1,0,0,0,0,0,0,0,0,0,0,0,0,0,0,0,0,0,1,0,0,0,0,0,0,0,1,0,0,0.06516780710329097,0.0,493.0,0.005283391679731964,0.0,0.0,0
OFFER_0343,20229.0,WAFFARHA,0.0,PERCENTAGE,35.0,228808.0,Tails of Cairo,Entertainment,NATIONWIDE,,NATIONWIDE,1,"Visit & feed the most adorable animals with 34% off @Tails of Cairo, Sheikh Zayed! EGP",2026-08-18 00:00:00,2026-10-01 00:00:00,198.0,0,0,0,1,0,0,0,0,0,0,0,0,0,0,0,0,0,0,0,0,0,1,0,0,0,0,0,0,0,1,0,0,0.07526881720430108,0.0,836.0,0.008966731814179249,0.0,0.04648241206030151,2
OFFER_1017,20278.0,WAFFARHA,0.0,PERCENTAGE,30.0,228809.0,Go kart Zone,Entertainment,NATIONWIDE,,NATIONWIDE,1,"Challenge the speed & feel the thrill with 30% off car racing @Go Kart Zone, inside Tolip Family Park Hotel - Al Rehab!",2026-08-18 00:00:00,2026-10-01 00:00:00,210.0,0,0,0,1,0,0,0,0,0,0,0,0,0,0,0,0,0,0,0,0,0,1,0,0,0,0,0,0,0,1,0,0,0.06451612903225806,0.0,1605.0,0.017224715964004208,0.0,0.0013218770654329147,2
OFFER_0109,20331.0,WAFFARHA,0.0,PERCENTAGE,58.7719298245614,228810.0,Secret Men Club,Clinics ,NATIONWIDE,,NATIONWIDE,1,Men's hair trimming & styling package with 48% Off @Secret Men Club branches!,2026-08-18 00:00:00,2026-10-01 00:00:00,350.0,0,0,0,1,0,0,0,0,0,0,0,0,0,0,1,0,0,0,0,0,0,0,0,0,0,0,0,0,0,1,0,0,0.12639124693454065,0.0,13.0,0.00012886321170077963,0.0,1.0,2
OFFER_0898,20182,WAFFARHA,0.0,PERCENTAGE,30.4347826086956,228812.0,Al Khan By Granita,Food & Beverages,NATIONWIDE,,NATIONWIDE,1,"Ramadan Iftar buffet with a lake view & 30% off @Al Khan by Granita Restaurant, inside Al-Azhar Park.",2026-03-19 00:00:00,2026-03-19 00:00:00,1200.0,0,0,0,1,0,1,0,0,0,0,0,0,0,0,0,0,0,0,0,0,0,0,0,0,0,0,0,0,0,1,0,0,0.0654511453950443,0.0,4.0,3.221580292519491e-05,0.0,0.0,0
OFFER_0823,20230.0,WAFFARHA,0.0,PERCENTAGE,31.1724137931034,228813.0,Bosporus,Food & Beverages,NATIONWIDE,,NATIONWIDE,1,"Heartwarming Ramadan Iftar buffet with 30% off @Bosporus, Citystars Mall!",2026-03-19 00:00:00,2026-03-19 00:00:00,990.0,0,0,0,1,0,1,0,0,0,0,0,0,0,0,0,0,0,0,0,0,0,0,0,0,0,0,0,0,0,1,0,0,0.06703744901742667,0.0,11.0,0.00010738600975064969,0.0,0.7272727272727273,2
OFFER_0467,20279,WAFFARHA,0.0,PERCENTAGE,30.2439024390244,228812.0,Al Khan By Granita,Food & Beverages,NATIONWIDE,,NATIONWIDE,1,"Special Ramadan Suhoor buffet by the lake with 30% off @Al Khan Restaurant, inside Al Azhar Park",2026-03-19 00:00:00,2026-03-19 00:00:00,715.0,0,0,0,1,0,1,0,0,0,0,0,0,0,0,0,0,0,0,0,0,0,0,0,0,0,0,0,0,0,1,0,0,0.06504065040650409,0.0,1.0,0.0,0.0,0.0,0
OFFER_0863,23911.0,WAFFARHA,0.0,PERCENTAGE,56.910569105691,228814.0,McDonald's,Food & Beverages,NATIONWIDE,,NATIONWIDE,1,Exclusive! the delicious sandwiches with fries & ice cream at 57% off @McDonald's branches!,2026-08-18 00:00:00,2026-10-01 00:00:00,79.0,0,0,0,1,0,1,0,0,0,0,0,0,0,0,0,0,0,0,0,0,0,0,0,0,0,0,0,0,0,1,0,0,0.1223883206574,0.0,48792.0,0.5239470801743948,0.0,0.028483829492631788,2
OFFER_0739,23755.0,WAFFARHA,0.0,PERCENTAGE,55.0,227553.0,Kansas Fried Chicken,Food & Beverages,NATIONWIDE,,NATIONWIDE,1,"Crunchy choices from Wraps, Sandwiches to Fried Chicken & Shrimp with up to 55% off from Kansas Fried Chicken!",2026-08-18 00:00:00,2026-10-01 00:00:00,169.0,0,0,0,1,0,1,0,0,0,0,0,0,0,0,0,0,0,0,0,0,0,0,0,0,0,0,0,0,0,1,0,0,0.11827956989247312,0.0,13344.0,0.1432851528102919,0.0,0.09245330854390264,2
OFFER_0426,20183,WAFFARHA,0.0,PERCENTAGE,36.4364364364364,228815.0,M'OISHI EG,Food & Beverages,NATIONWIDE,,NATIONWIDE,1,Japanese mochi cake delights in a various flavors with 36% off @Moishi branches,2026-08-18 00:00:00,2026-10-01 00:00:00,635.0,0,0,0,1,0,1,0,0,0,0,0,0,0,0,0,0,0,0,0,0,0,0,0,0,0,0,0,0,0,1,0,0,0.07835792782029334,0.0,983.0,0.0105453061575138,0.0,0.0,0
OFFER_0379,20231.0,WAFFARHA,0.0,PERCENTAGE,36.0,228816.0,Row Crew,Entertainment,NATIONWIDE,,NATIONWIDE,1,"Enjoy rowing adventures with up to 36% off @Row Crew, Dokki!",2026-08-18 00:00:00,2026-10-01 00:00:00,160.0,0,0,0,1,0,0,0,0,0,0,0,0,0,0,0,0,0,0,0,0,0,1,0,0,0,0,0,0,0,1,0,0,0.07741935483870968,0.0,1247.0,0.01338029681493095,0.0,0.0008340283569641367,2
OFFER_0650,20280.0,WAFFARHA,0.0,PERCENTAGE,0.0,228781.0,Helnan Auberge Hotel,Travel & Hotels,NATIONWIDE,,NATIONWIDE,1,"Enjoy a night stay on the lake & garden view with a breakfast & dinner meal @Helnan Auberge Hotel, Fayoum!",2026-08-18 00:00:00,2026-10-01 00:00:00,4675.0,0,0,0,1,0,0,0,1,0,0,0,0,0,0,0,0,0,0,0,0,0,0,0,0,0,0,0,0,0,1,0,0,0.0,0.0,3014.0,0.03235540473787075,0.0,0.000709471443774388,2
OFFER_0097,20333.0,WAFFARHA,0.0,PERCENTAGE,62.7777777777778,228817.0,Jaafar Salon,Clinics ,NATIONWIDE,,NATIONWIDE,1,"Various packages for beard shaving, skin cleansing & groom care with up to 63% off @Jaafar Salon, Sheraton!",2026-08-18 00:00:00,2026-10-01 00:00:00,250.0,0,0,0,1,0,0,0,0,0,0,0,0,0,0,1,0,0,0,0,0,0,0,0,0,0,0,0,0,0,1,0,0,0.13500597371565118,0.0,7.0,6.443160585038982e-05,0.0,1.0,2
OFFER_0648,20134.0,WAFFARHA,0.0,PERCENTAGE,35.0,228818.0,Cairow Water Sports,Entertainment,NATIONWIDE,,NATIONWIDE,1,Kayak & Windsurfing adventure with up to 35% off  @Cairow Water Sports!,2026-08-18 00:00:00,2026-10-01 00:00:00,130.0,0,0,0,1,0,0,0,0,0,0,0,0,0,0,0,0,0,0,0,0,0,1,0,0,0,0,0,0,0,1,0,0,0.07526881720430108,0.0,1164.0,0.012488992934000558,0.0,0.0035714285714285713,2
OFFER_0219,20184.0,WAFFARHA,0.0,PERCENTAGE,0.0,228732.0,Ramage Hotel & Resort,Travel & Hotels,NATIONWIDE,,NATIONWIDE,1,"Enjoy a night stay on the pool & garden view with a breakfast meal @Ramage Hotel & Resort, 5th Settlement!",2026-08-18 00:00:00,2026-10-01 00:00:00,3200.0,0,0,0,1,0,0,0,1,0,0,0,0,0,0,0,0,0,0,0,0,0,0,0,0,0,0,0,0,0,1,0,0,0.0,0.0,3289.0,0.035308520006013616,0.0,0.0012861736334405145,2
OFFER_0933,20232.0,WAFFARHA,0.0,PERCENTAGE,44.4444444444444,228819.0,Heads Barber Shop,Clinics ,NATIONWIDE,,NATIONWIDE,1,"Different packages for hair shaving, facial cleansing & groom care with up to 53% off @Heads branches, Maadi!",2026-08-18 00:00:00,2026-10-01 00:00:00,250.0,0,0,0,1,0,0,0,0,0,0,0,0,0,0,1,0,0,0,0,0,0,0,0,0,0,0,0,0,0,1,0,0,0.09557945041816,0.0,13.0,0.00012886321170077963,0.0,1.0,2
OFFER_0014,24123.0,WAFFARHA,0.0,PERCENTAGE,30.0,228820.0,Mundial Italian Circus,Entertainment,NATIONWIDE,,NATIONWIDE,1,"Spend a day with Circus shows full of excitement and fun with 30% off @Mundial Circus, 5th Settlement!",2026-08-18 00:00:00,2026-09-01 00:00:00,105.0,0,0,0,1,0,0,0,0,0,0,0,0,0,0,0,0,0,0,0,0,0,1,0,0,0,0,0,0,0,1,0,0,0.06451612903225806,0.0,687.0,0.0073666802688945685,0.0,0.05580693815987934,2
OFFER_0125,20334,WAFFARHA,0.0,PERCENTAGE,0.0,228821.0,Elite Residence & Aqua park resort,Travel & Hotels,NATIONWIDE,,NATIONWIDE,1,"Enjoy a day use including lunch meal with beach, sea view & aqua park @Elite Residence Tulip, Ain Sokhna!",2026-04-11 00:00:00,2026-05-01 00:00:00,1375.0,0,0,0,1,0,0,0,1,0,0,0,0,0,0,0,0,0,0,0,0,0,0,0,0,0,0,0,0,0,1,0,0,0.0,0.0,159.0,0.001696698954060265,0.0,0.0,0
OFFER_0231,20135.0,WAFFARHA,0.0,PERCENTAGE,50.0,228822.0,Mahmoud Elsayed Salon,Clinics ,NATIONWIDE,,NATIONWIDE,1,"Shaving, facial cleansing & full care packages with up to 44% off @Mahmoud Elsayed Salon branches!",2026-08-18 00:00:00,2026-10-01 00:00:00,375.0,0,0,0,1,0,0,0,0,0,0,0,0,0,0,1,0,0,0,0,0,0,0,0,0,0,0,0,0,0,1,0,0,0.10752688172043011,0.0,26.0,0.0002684650243766242,0.0,1.0,2
OFFER_0795,20185.0,WAFFARHA,0.0,PERCENTAGE,50.0,228823.0,Kamal Wahba Salon,Clinics ,NATIONWIDE,,NATIONWIDE,1,"Hair trimming, Facial cleansing & Groom Care with up to 40% Off @Kamal Wahba Salon branches!",2026-08-18 00:00:00,2026-10-01 00:00:00,900.0,0,0,0,1,0,0,0,0,0,0,0,0,0,0,1,0,0,0,0,0,0,0,0,0,0,0,0,0,0,1,0,0,0.10752688172043011,0.0,5.0,4.295440390025987e-05,0.0,1.0,2
OFFER_0791,22868.0,WAFFARHA,0.0,PERCENTAGE,27.3015873015873,228824.0,Wimpy,Food & Beverages,NATIONWIDE,,NATIONWIDE,1,Treat yourself with smashed Burger & chicken wrap combo too good to be missed with 27% off @Wimpy branches!,2026-06-11 00:00:00,2026-07-01 00:00:00,229.0,0,0,0,1,0,1,0,0,0,0,0,0,0,0,0,0,0,0,0,0,0,0,0,0,0,0,0,0,0,1,0,0,0.058713090971155485,0.0,2653.0,0.028478769785872295,0.0,0.014676715589051963,2
OFFER_1094,20282,WAFFARHA,0.0,PERCENTAGE,0.0,228825.0,Burano Sport Resort,Travel & Hotels,NATIONWIDE,,NATIONWIDE,1,"Enjoy a day use in nature with fun activities @Burano Sport Resort, Fayoum!",2026-08-18 00:00:00,2026-10-01 00:00:00,250.0,0,0,0,1,0,0,0,1,0,0,0,0,0,0,0,0,0,0,0,0,0,0,0,0,0,0,0,0,0,1,0,0,0.0,0.0,983.0,0.0105453061575138,0.0,0.0,0
OFFER_1132,20335.0,WAFFARHA,0.0,PERCENTAGE,41.8181818181818,228826.0,Monkey Maze,Entertainment,NATIONWIDE,,NATIONWIDE,1,"A Day full of fun & energy for your kid with up to 42% off @Monkey Maze, Mall of Egypt! EGP 330 instead of EGP 480",2026-08-18 00:00:00,2026-10-01 00:00:00,320.0,0,0,0,1,0,0,0,0,0,0,0,0,0,0,0,0,0,0,0,0,0,1,0,0,0,0,0,0,0,1,0,0,0.0899315738025415,0.0,1056.0,0.011329224028693541,0.0,0.16069600818833163,2
OFFER_0270,20136.0,WAFFARHA,0.0,PERCENTAGE,30.6818181818182,228827.0,Kids Planet,Entertainment,NATIONWIDE,,NATIONWIDE,1,"Let your kids explore the real fun with up to 32% off @Kids Planet, 6th of October!",2026-06-14 00:00:00,2026-07-01 00:00:00,305.0,0,0,0,1,0,0,0,0,0,0,0,0,0,0,0,0,0,0,0,0,0,1,0,0,0,0,0,0,0,1,0,0,0.06598240469208215,0.0,444.0,0.004757200231953781,0.0,0.030805687203791468,2
OFFER_0671,20186.0,WAFFARHA,0.0,PERCENTAGE,33.3333333333333,228828.0,Funkey,Entertainment,NATIONWIDE,,NATIONWIDE,1,"Let your child enjoy a full day of fun & excitement with up to 33% off @Funkey, The Yard Mall - Rehab!",2026-08-18 00:00:00,2026-10-01 00:00:00,250.0,0,0,0,1,0,0,0,0,0,0,0,0,0,0,0,0,0,0,0,0,0,1,0,0,0,0,0,0,0,1,0,0,0.07168458781362,0.0,831.0,0.008913038809303924,0.0,0.002509410288582183,2
OFFER_0596,20234.0,WAFFARHA,0.0,PERCENTAGE,50.0,228829.0,Friends Barber Shop,Clinics ,NATIONWIDE,,NATIONWIDE,1,"Various packages for shaving & full care with up to 53% off @Friends Baber Shop, Maadi!",2026-08-18 00:00:00,2026-10-01 00:00:00,300.0,0,0,0,1,0,0,0,0,0,0,0,0,0,0,1,0,0,0,0,0,0,0,0,0,0,0,0,0,0,1,0,0,0.10752688172043011,0.0,1.0,0.0,0.0,1.0,2
OFFER_0778,22964.0,WAFFARHA,0.0,PERCENTAGE,32.3076923076923,228830.0,ROMA Pizza To Go,Food & Beverages,NATIONWIDE,,NATIONWIDE,1,Satisfy your pizza craving with up to 33% off @Roma Pizza To Go branches!,2026-08-18 00:00:00,2026-10-01 00:00:00,259.0,0,0,0,1,0,1,0,0,0,0,0,0,0,0,0,0,0,0,0,0,0,0,0,0,0,0,0,0,0,1,0,0,0.06947890818858558,0.0,4714.0,0.0506110263954812,0.0,0.025938566552901023,2
OFFER_0982,20336.0,WAFFARHA,0.0,PERCENTAGE,0.0,228770.0,Amarante Pyramids Hotel,Travel & Hotels,NATIONWIDE,,NATIONWIDE,1,"Enjoy an night stay in premium hotel rooms @Amarante Pyramids Hotel, El Haram!",2026-08-18 00:00:00,2026-10-01 00:00:00,1995.0,0,0,0,1,0,0,0,1,0,0,0,0,0,0,0,0,0,0,0,0,0,0,0,0,0,0,0,0,0,1,0,0,0.0,0.0,1929.0,0.02070402267992526,0.0,0.0010976948408342481,2
OFFER_0584,20137,WAFFARHA,0.0,PERCENTAGE,40.9090909090909,228779.0,Baladina,Food & Beverages,NATIONWIDE,,NATIONWIDE,1,Various Ramadan set menus with Egyptian flavors with up to 41% off @Baladina branches!,2026-03-19 00:00:00,2026-03-19 00:00:00,650.0,0,0,0,1,0,1,0,0,0,0,0,0,0,0,0,0,0,0,0,0,0,0,0,0,0,0,0,0,0,1,0,0,0.08797653958944279,0.0,4.0,3.221580292519491e-05,0.0,0.0,0
OFFER_0410,20187,WAFFARHA,0.0,PERCENTAGE,0.0,228831.0,SeaVille Beach Hotel,Travel & Hotels,NATIONWIDE,,NATIONWIDE,1,"Spend a day use with your family including lunch @SeaVille Beach Hotel, Ain Sokhna!",2026-04-11 00:00:00,2026-05-01 00:00:00,1585.0,0,0,0,1,0,0,0,1,0,0,0,0,0,0,0,0,0,0,0,0,0,0,0,0,0,0,0,0,0,1,0,0,0.0,0.0,152.0,0.0016215287472348102,0.0,0.0,0
OFFER_0762,22855.0,WAFFARHA,0.0,PERCENTAGE,39.0322580645161,228832.0,KFC,Food & Beverages,NATIONWIDE,,NATIONWIDE,1,Exclusive! Zinger sandwich & strips combo meal with 39% off from KFC branches!,2026-06-11 00:00:00,2026-07-01 00:00:00,189.0,0,0,0,1,0,1,0,0,0,0,0,0,0,0,0,0,0,0,0,0,0,0,0,0,0,0,0,0,0,1,0,0,0.08394033992369054,0.0,13745.0,0.14759133180129294,0.0,0.08623363197794624,2
OFFER_0255,20284.0,WAFFARHA,0.0,PERCENTAGE,49.1818181818182,228833.0,Mr. Barber,Clinics ,NATIONWIDE,,NATIONWIDE,1,"Hair trimming, Facial cleansing & Groom care with up to 49% Off @Mr. Barber - 6th of October!",2026-08-18 00:00:00,2026-10-01 00:00:00,169.0,0,0,0,1,0,0,0,0,0,0,0,0,0,0,1,0,0,0,0,0,0,0,0,0,0,0,0,0,0,1,0,0,0.1057673509286413,0.0,3.0,2.1477201950129936e-05,0.0,1.0,2
OFFER_0158,20337,WAFFARHA,0.0,PERCENTAGE,30.0,228834.0,Wanasa Camp,Entertainment,NATIONWIDE,,NATIONWIDE,1,"Iftar in the heart of the desert & mountains with 30% off @Wanasa Camp, Wadi Degla Protectorate!",2026-03-19 00:00:00,2026-03-19 00:00:00,455.0,0,0,0,1,0,0,0,0,0,0,0,0,0,0,0,0,0,0,0,0,0,1,0,0,0,0,0,0,0,1,0,0,0.06451612903225806,0.0,5.0,4.295440390025987e-05,0.0,0.0,0
OFFER_0188,20138.0,WAFFARHA,0.0,PERCENTAGE,0.0,228835.0,Grand Plaza Resort,Travel & Hotels,NATIONWIDE,,NATIONWIDE,1,"Nights of accommodation with breakfast to enjoy and relax with your family @Grand Plaza Hotel, Cairo-Alex Desert Road!",2026-08-18 00:00:00,2026-10-01 00:00:00,2255.0,0,0,0,1,0,0,0,1,0,0,0,0,0,0,0,0,0,0,0,0,0,0,0,0,0,0,0,0,0,1,0,0,0.0,0.0,1637.0,0.017568351195206288,0.0,0.0006480881399870382,2
OFFER_0712,20188.0,WAFFARHA,0.0,PERCENTAGE,32.0,228836.0,Fun Kingdom,Entertainment,NATIONWIDE,,NATIONWIDE,1,"Bowling round with 32% off @Fun Kingdom, Suncity Mall! EGP 85 instead of EGP 125",2026-08-10 00:00:00,2026-09-01 00:00:00,85.0,0,0,0,1,0,0,0,0,0,0,0,0,0,0,0,0,0,0,0,0,0,1,0,0,0,0,0,0,0,1,0,0,0.06881720430107527,0.0,951.0,0.01020167092631172,0.0,0.0022148394241417496,2
OFFER_1209,20236.0,WAFFARHA,0.0,PERCENTAGE,39.6396396396396,228837.0,Alku5,Food & Beverages,NATIONWIDE,,NATIONWIDE,1,Live the beginning of the story with a special Iftar & relaxing vibes with up to 40% off @Alku5 Restaurant branches!,2026-03-19 00:00:00,2026-03-19 00:00:00,335.0,0,0,0,1,0,1,0,0,0,0,0,0,0,0,0,0,0,0,0,0,0,0,0,0,0,0,0,0,0,1,0,0,0.08524653685943999,0.0,4.0,3.221580292519491e-05,0.0,0.25,2
OFFER_1005,20285.0,WAFFARHA,0.0,PERCENTAGE,0.0,228771.0,Regency Pyramids Hotel,Travel & Hotels,NATIONWIDE,,NATIONWIDE,1,"Full night stay with breakfast in premium hotel rooms with diverse and unique views @Regency Pyramids Hotel, Cairo-Alexandria Desert Rd!",2026-08-18 00:00:00,2026-10-01 00:00:00,1955.0,0,0,0,1,0,0,0,1,0,0,0,0,0,0,0,0,0,0,0,0,0,0,0,0,0,0,0,0,0,1,0,0,0.0,0.0,1737.0,0.018642211292712787,0.0,0.0005977286312014345,2
OFFER_0868,24139.0,WAFFARHA,0.0,PERCENTAGE,35.6435643564356,228838.0,Koshary AlKhedawy,Food & Beverages,NATIONWIDE,,NATIONWIDE,1,Koshary & Tajine meals with up to 36% off @Koshary Alkhedawy branches!,2026-08-18 00:00:00,2026-10-01 00:00:00,65.0,0,0,0,1,0,1,0,0,0,0,0,0,0,0,0,0,0,0,0,0,0,0,0,0,0,0,0,0,0,1,0,0,0.07665282657297978,0.0,14004.0,0.15037262945383476,0.0,0.21845613309910097,2
OFFER_0373,20139.0,WAFFARHA,0.0,PERCENTAGE,44.2857142857143,228839.0,Abdallah Hair Salon,Clinics ,NATIONWIDE,,NATIONWIDE,1,"Varied packages for haircuts, skin cleansing, and groom care with up to 44% off @Abdallah Hair Salon branches",2026-08-18 00:00:00,2026-10-01 00:00:00,195.0,0,0,0,1,0,0,0,0,0,0,0,0,0,0,1,0,0,0,0,0,0,0,0,0,0,0,0,0,0,1,0,0,0.09523809523809526,0.0,24.0,0.00024698782242649426,0.0,1.0,2
OFFER_1106,20189,WAFFARHA,0.0,PERCENTAGE,34.0,228840.0,Bahga Arts,Entertainment,NATIONWIDE,,NATIONWIDE,1,"Unlock your inner artist with inspiring workshops with up to 34% off @Bahga Arts, Zamalek!",2026-08-18 00:00:00,2026-10-01 00:00:00,99.0,0,0,0,1,0,0,0,0,0,0,0,0,0,0,0,0,0,0,0,0,0,1,0,0,0,0,0,0,0,1,0,0,0.07311827956989247,0.0,337.0,0.0036081699276218292,0.0,0.0,0
OFFER_0860,20237,WAFFARHA,0.0,PERCENTAGE,30.0,228841.0,Artistic,Entertainment,NATIONWIDE,,NATIONWIDE,1,"Coloring workshops on various shapes for all ages with up to 44% off @Artistic, inside El Markabat Club - Salah Salem!",2026-08-18 00:00:00,2026-10-01 00:00:00,70.0,0,0,0,1,0,0,0,0,0,0,0,0,0,0,0,0,0,0,0,0,0,1,0,0,0,0,0,0,0,1,0,0,0.06451612903225806,0.0,304.0,0.0032537960954446853,0.0,0.0,0
OFFER_0793,20286.0,WAFFARHA,0.0,PERCENTAGE,0.0,228801.0,Royal Day Plaza Hotel,Travel & Hotels,NATIONWIDE,,NATIONWIDE,1,"Revel in sophistication with a night stay on breathtaking view plus breakfast & dinner meals @Royal Day Plaza Hotel, 6th of October!",2026-08-18 00:00:00,2026-10-01 00:00:00,3090.0,0,0,0,1,0,0,0,1,0,0,0,0,0,0,0,0,0,0,0,0,0,0,0,0,0,0,0,0,0,1,0,0,0.0,0.0,1253.0,0.01344472842078134,0.0,0.0016778523489932886,2
OFFER_0256,20339.0,WAFFARHA,0.0,PERCENTAGE,0.0,228748.0,Utopia Ellie An Resort,Travel & Hotels,NATIONWIDE,,NATIONWIDE,1,"Special full-night stay in a premium villas with garden view & breakfast meal @Utopia Ellie An Resort, Ain Soukhna!",2026-08-18 00:00:00,2026-10-01 00:00:00,6400.0,0,0,0,1,0,0,0,1,0,0,0,0,0,0,0,0,0,0,0,0,0,0,0,0,0,0,0,0,0,1,0,0,0.0,0.0,1247.0,0.01338029681493095,0.0,0.0008650519031141869,2
OFFER_1036,24521.0,WAFFARHA,0.0,PERCENTAGE,38.125,228842.0,Batates & Zalabya,Food & Beverages,NATIONWIDE,,NATIONWIDE,1,"Zalabya, Batates Corn dog & awesome choices with up to 35% Off @Batates & Zalabya branches!",2026-08-18 00:00:00,2026-10-01 00:00:00,39.0,0,0,0,1,0,1,0,0,0,0,0,0,0,0,0,0,0,0,0,0,0,0,0,0,0,0,0,0,0,1,0,0,0.08198924731182795,0.0,6235.0,0.06694443847855501,0.0,0.18199784405318,2
OFFER_0205,20190.0,WAFFARHA,0.0,PERCENTAGE,27.1428571428571,228843.0,Gravity Code,Entertainment,NATIONWIDE,,NATIONWIDE,1,Up to 27% off for a trampoline adventure & challenges with your friends @Gravity Code branches,2026-03-19 00:00:00,2026-03-20 00:00:00,245.0,0,0,0,1,0,0,0,0,0,0,0,0,0,0,0,0,0,0,0,0,0,1,0,0,0,0,0,0,0,1,0,0,0.058371735791090534,0.0,560.0,0.006002877945061318,0.0,0.9302325581395349,2
OFFER_0845,20238.0,WAFFARHA,0.0,PERCENTAGE,75.0,228729.0,Sugar Beauty Center & Spa,Clinics ,NATIONWIDE,,NATIONWIDE,1,"Pampering packages for your skin & full body with up to 75% off @Sugar Beauty Center & Spa, Mohandissen!",2026-08-18 00:00:00,2026-10-01 00:00:00,150.0,0,0,0,1,0,0,0,0,0,0,0,0,0,0,1,0,0,0,0,0,0,0,0,0,0,0,0,0,0,1,0,0,0.16129032258064516,0.0,2.0,1.0738600975064968e-05,0.0,1.0,2
OFFER_0135,20340,WAFFARHA,0.0,PERCENTAGE,0.0,228845.0,Logistic House Hotel,Travel & Hotels,NATIONWIDE,,NATIONWIDE,1,"Night stay on bed & breakfast basis @Logistic Hotel House, Nasr City!",2026-07-22 00:00:00,2026-09-01 00:00:00,2160.0,0,0,0,1,0,0,0,1,0,0,0,0,0,0,0,0,0,0,0,0,0,0,0,0,0,0,0,0,0,1,0,0,0.0,0.0,1236.0,0.013262172204205237,0.0,0.0,0
OFFER_0638,20141.0,WAFFARHA,0.0,PERCENTAGE,37.8378378378378,228846.0,Planeteroes,Entertainment,NATIONWIDE,,NATIONWIDE,1,"2 Hours of Educational & fun activities for kids with up to 38% off @Planeteroes, 5th Settlement!",2026-08-18 00:00:00,2026-10-01 00:00:00,330.0,0,0,0,1,0,0,0,0,0,0,0,0,0,0,0,0,0,0,0,0,0,1,0,0,0,0,0,0,0,1,0,0,0.08137169427492001,0.0,320.0,0.003425613711045725,0.0,0.0196078431372549,2
OFFER_0524,20191.0,WAFFARHA,0.0,PERCENTAGE,38.5714285714286,226554.0,Funny Rides,Entertainment,NATIONWIDE,,NATIONWIDE,1,Enjoy a unique shopping experience with your child Fun driving with 39% off @Funny Rides!  EGP 215 instead of EGP 350,2026-03-19 00:00:00,2026-04-01 00:00:00,215.0,0,0,0,1,0,0,0,0,0,0,0,0,0,0,0,0,0,0,0,0,0,1,0,0,0,0,0,0,0,1,0,0,0.08294930875576043,0.0,20.0,0.0002040334185262344,0.0,0.3684210526315789,2
OFFER_0508,20239,WAFFARHA,0.0,PERCENTAGE,0.0,228847.0,Novotel October,Food & Beverages,NATIONWIDE,,NATIONWIDE,1,"Enjoy a delicious Ramadan Iftar experience that combines variety & great taste @Novotel Hotel, Cairo - 6th of October",2026-03-19 00:00:00,2026-03-19 00:00:00,980.0,0,0,0,1,0,1,0,0,0,0,0,0,0,0,0,0,0,0,0,0,0,0,0,0,0,0,0,0,0,1,0,0,0.0,0.0,5.0,4.295440390025987e-05,0.0,0.0,0
OFFER_1272,20288,WAFFARHA,0.0,PERCENTAGE,38.8888888888889,228848.0,Ubresports,Entertainment,NATIONWIDE,,NATIONWIDE,1,VR & Video games with up 39% off @Ubresports branches!,2026-08-18 00:00:00,2026-10-01 00:00:00,110.0,0,0,0,1,0,0,0,0,0,0,0,0,0,0,0,0,0,0,0,0,0,1,0,0,0,0,0,0,0,1,0,0,0.0836320191158901,0.0,548.0,0.0058740147333605375,0.0,0.0,0
OFFER_0003,20341.0,WAFFARHA,0.0,PERCENTAGE,27.7777777777778,228849.0,Exception Pastry & Cafe,Food & Beverages,NATIONWIDE,,NATIONWIDE,1,Up to 28% off on Ramadan bowls & Oriental desserts for your best gathering from Exception,2026-03-18 00:00:00,2026-03-20 00:00:00,65.0,0,0,0,1,0,1,0,0,0,0,0,0,0,0,0,0,0,0,0,0,0,0,0,0,0,0,0,0,0,1,0,0,0.05973715651135011,0.0,520.0,0.005573333906058718,0.0,0.8694690265486725,2
OFFER_1162,20142.0,WAFFARHA,0.0,PERCENTAGE,70.2,228777.0,Dodo Beauty Center & Spa,Clinics ,NATIONWIDE,,NATIONWIDE,1,"Deep cleansing & Hydrafacial packages for a glowing skin with up to 70% off @Dodo Beauty & Spa, Zahraa Maadi!",2026-08-18 00:00:00,2026-10-01 00:00:00,149.0,0,0,0,1,0,0,0,0,0,0,0,0,0,0,1,0,0,0,0,0,0,0,0,0,0,0,0,0,0,1,0,0,0.15096774193548387,0.0,1.0,0.0,0.0,1.0,2
OFFER_0334,20192.0,WAFFARHA,0.0,PERCENTAGE,43.5,228850.0,Hundred Degrees,Food & Beverages,NATIONWIDE,,NATIONWIDE,1,Ramadan iftar set menu with up to 44% off @Hundred Degrees,2026-03-19 00:00:00,2026-03-19 00:00:00,339.0,0,0,0,1,0,1,0,0,0,0,0,0,0,0,0,0,0,0,0,0,0,0,0,0,0,0,0,0,0,1,0,0,0.0935483870967742,0.0,5.0,4.295440390025987e-05,0.0,0.4,2
OFFER_0456,20289.0,WAFFARHA,0.0,PERCENTAGE,0.0,228852.0,La Mer Hotel,Travel & Hotels,NATIONWIDE,,NATIONWIDE,1,"Enjoy a full stay with a luxurious set menu dining experience @La Mer Hotel, Alexandria!",2026-07-24 00:00:00,2026-09-01 00:00:00,1105.0,0,0,0,1,0,0,0,1,0,0,0,0,0,0,0,0,0,0,0,0,0,0,0,0,0,0,0,0,0,1,0,0,0.0,0.0,3941.0,0.042310087841755974,0.0,0.00026308866087871614,2
OFFER_0455,20342.0,WAFFARHA,0.0,PERCENTAGE,33.3333333333333,228853.0,PlayPoint,Entertainment,NATIONWIDE,,NATIONWIDE,1,"Games balance package for Kids with 33% off @PlayPoint Egypt- inside Majarah Mall, Sheikh Zayed",2026-04-05 00:00:00,2026-05-01 00:00:00,300.0,0,0,0,1,0,0,0,0,0,0,0,0,0,0,0,0,0,0,0,0,0,1,0,0,0,0,0,0,0,1,0,0,0.07168458781362,0.0,84.0,0.0008913038809303924,0.0,0.012345679012345678,2
OFFER_0185,20143.0,WAFFARHA,0.0,PERCENTAGE,31.4814814814815,228854.0,Nemo's Farm,Entertainment,NATIONWIDE,,NATIONWIDE,1,"A full day of fun & adventure games with 31% off @Nemo's Farm, Cairo-Ismailia desert Rd! Only EGP 185 instead of EGP 270",2026-08-18 00:00:00,2026-10-01 00:00:00,185.0,0,0,0,1,0,0,0,0,0,0,0,0,0,0,0,0,0,0,0,0,0,1,0,0,0,0,0,0,0,1,0,0,0.06770211071286344,0.0,696.0,0.007463327677670153,0.0,0.007462686567164179,2
OFFER_0397,20193.0,WAFFARHA,0.0,PERCENTAGE,0.0,228855.0,Amwaj Hotel - Alexandria,Travel & Hotels,NATIONWIDE,,NATIONWIDE,1,Enjoy a full-stay experience with set menu meals at the heart of Alexandria @Amwaj Hotel!,2026-08-18 00:00:00,2026-10-01 00:00:00,1840.0,0,0,0,1,0,0,0,1,0,0,0,0,0,0,0,0,0,0,0,0,0,0,0,0,0,0,0,0,0,1,0,0,0.0,0.0,4660.0,0.050031141942827685,0.0,0.00023153507756425097,2
OFFER_0325,23925.0,WAFFARHA,0.0,PERCENTAGE,38.6206896551724,228856.0,Circle K,Food & Beverages,NATIONWIDE,,NATIONWIDE,1,Exclusive! A premium coffee of your choice with up to 34% off @Circle K Egypt branches!,2026-08-18 00:00:00,2026-10-01 00:00:00,69.0,0,0,0,1,0,1,0,0,0,0,0,0,0,0,0,0,0,0,0,0,0,0,0,0,0,0,0,0,0,1,0,0,0.08305524657026322,0.0,16895.0,0.18141792487274758,0.0,0.06793516560958421,2
OFFER_1271,20343.0,WAFFARHA,0.0,PERCENTAGE,0.0,228858.0,Panorama Ramsis Hotel,Travel & Hotels,NATIONWIDE,,NATIONWIDE,1,Experience comfort and breakfast in the heart of Cairo @Panorama Ramsis hotel!,2026-08-18 00:00:00,2026-10-01 00:00:00,1470.0,0,0,0,1,0,0,0,1,0,0,0,0,0,0,0,0,0,0,0,0,0,0,0,0,0,0,0,0,0,1,0,0,0.0,0.0,1239.0,0.01329438800713043,0.0,0.0008368200836820083,2
OFFER_0784,20194,WAFFARHA,0.0,PERCENTAGE,0.0,228860.0,Tunis Pyramids Hotel,Travel & Hotels,NATIONWIDE,,NATIONWIDE,1,"Relax and unwind in the peaceful atmosphere of Tunis village with a special stay @Tunis Pyramids Hotel, Fayoum!",2026-08-18 00:00:00,2026-10-01 00:00:00,2470.0,0,0,0,1,0,0,0,1,0,0,0,0,0,0,0,0,0,0,0,0,0,0,0,0,0,0,0,0,0,1,0,0,0.0,0.0,957.0,0.01026610253216211,0.0,0.0,0
OFFER_0472,20242.0,WAFFARHA,0.0,PERCENTAGE,58.3333333333333,228861.0,Snap On Smile Clinics,Clinics ,NATIONWIDE,,NATIONWIDE,1,Enjoy dental care and cosmetic packages with up to 80% off @Snap On Smile Clinics!,2026-08-18 00:00:00,2026-10-01 00:00:00,100.0,0,0,0,1,0,0,0,0,0,0,0,0,0,0,1,0,0,0,0,0,0,0,0,0,0,0,0,0,0,1,0,0,0.12544802867383506,0.0,1.0,0.0,0.0,1.0,2
OFFER_0682,24138.0,WAFFARHA,0.0,PERCENTAGE,40.4040404040404,228862.0,Koshary Elghobashy,Food & Beverages,NATIONWIDE,,NATIONWIDE,1,Jumbo koshary meals with authentic flavor with 40% off @Koshary El-Ghobashy branches!,2026-08-18 00:00:00,2026-10-01 00:00:00,59.0,0,0,0,1,0,1,0,0,0,0,0,0,0,0,0,0,0,0,0,0,0,0,0,0,0,0,0,0,0,1,0,0,0.08689040947105463,0.0,4799.0,0.051523807478361716,0.0,0.10875462392108508,2
OFFER_0491,20145.0,WAFFARHA,0.0,PERCENTAGE,30.0,228864.0,Lumiera Dental Center,Clinics ,NATIONWIDE,,NATIONWIDE,1,"Multiple filling, laser whitening & dental care packages with up to 62% off @Lumiera Dental Center!",2026-08-18 00:00:00,2026-10-01 00:00:00,495.0,0,0,0,1,0,0,0,0,0,0,0,0,0,0,1,0,0,0,0,0,0,0,0,0,0,0,0,0,0,1,0,0,0.06451612903225806,0.0,1.0,0.0,0.0,1.0,2
OFFER_1025,20195.0,WAFFARHA,0.0,PERCENTAGE,31.2643678160919,228865.0,Aspero Restaurant,Food & Beverages,NATIONWIDE,,NATIONWIDE,1,Enjoy a memorable Ramadan Iftar by the Nile with up to 31% off @Aspero Restaurant!,2026-03-19 00:00:00,2026-03-19 00:00:00,299.0,0,0,0,1,0,1,0,0,0,0,0,0,0,0,0,0,0,0,0,0,0,0,0,0,0,0,0,0,0,1,0,0,0.06723519960449871,0.0,14.0,0.00013960181267584458,0.0,0.46153846153846156,2
OFFER_0318,20243.0,WAFFARHA,0.0,PERCENTAGE,36.3636363636364,228866.0,Fun Family Maadi,Entertainment,NATIONWIDE,,NATIONWIDE,1,"Fun time for your kid with 36% off at Fun Family, Maadi! EGP 350 worth of games balance with total value of EGP 550",2026-04-12 00:00:00,2026-05-01 00:00:00,350.0,0,0,0,1,0,0,0,0,0,0,0,0,0,0,0,0,0,0,0,0,0,1,0,0,0,0,0,0,0,1,0,0,0.07820136852394925,0.0,39.0,0.0004080668370524688,0.0,0.15384615384615385,2
OFFER_1245,20292,WAFFARHA,0.0,PERCENTAGE,53.9473684210526,228865.0,Aspero Restaurant,Food & Beverages,NATIONWIDE,,NATIONWIDE,1,Enjoy a memorable Ramadan Suhoor by the Nile with up to 54% off @Aspero Restaurant!,2026-03-19 00:00:00,2026-03-19 00:00:00,350.0,0,0,0,1,0,1,0,0,0,0,0,0,0,0,0,0,0,0,0,0,0,0,0,0,0,0,0,0,0,1,0,0,0.11601584606677978,0.0,7.0,6.443160585038982e-05,0.0,0.0,0
OFFER_0643,20146,WAFFARHA,0.0,PERCENTAGE,0.0,228868.0,Sea Garden Club Chalets,Travel & Hotels,NATIONWIDE,,NATIONWIDE,1,"Enjoy a full-board stay in hotel apartments with luxurious set menu meals @Sea Garden Club Chalets, Alexandria!",2026-08-18 00:00:00,2026-10-01 00:00:00,3740.0,0,0,0,1,0,0,0,1,0,0,0,0,0,0,0,0,0,0,0,0,0,0,0,0,0,0,0,0,0,1,0,0,0.0,0.0,2018.0,0.021659758166706043,0.0,0.0,0
OFFER_1009,20196.0,WAFFARHA,0.0,PERCENTAGE,31.4814814814815,228869.0,CosmoCity,Entertainment,NATIONWIDE,,NATIONWIDE,1,"Challenge your rival cosmonauts in CYBERBLAST laser tag rounds with 31% off @CosmoCity, inside Arkan Plaza - Sheikh Zayed!",2026-08-18 00:00:00,2026-10-01 00:00:00,145.0,0,0,0,1,0,0,0,0,0,0,0,0,0,0,0,0,0,0,0,0,0,1,0,0,0,0,0,0,0,1,0,0,0.06770211071286344,0.0,513.0,0.005498163699233264,0.0,0.00808080808080808,2
OFFER_0026,20244.0,WAFFARHA,0.0,PERCENTAGE,0.0,228860.0,Tunis Pyramids Hotel,Travel & Hotels,NATIONWIDE,,NATIONWIDE,1,"Day use on the shores of Lake Qarun for relaxation and fun, with meals and a variety of activities @Tunis Pyramids Hotel, Fayoum!",2026-08-18 00:00:00,2026-10-01 00:00:00,600.0,0,0,0,1,0,0,0,1,0,0,0,0,0,0,0,0,0,0,0,0,0,0,0,0,0,0,0,0,0,1,0,0,0.0,0.0,1015.0,0.010888941388715878,0.0,0.001034126163391934,2
OFFER_0921,20293,WAFFARHA,0.0,PERCENTAGE,45.0,228870.0,Beit Zeina,Entertainment,NATIONWIDE,,NATIONWIDE,1,"Up to 46% off horse riding & fun activities for all @Beit Zeina Farm, Saqqara",2026-08-18 00:00:00,2026-10-01 00:00:00,220.0,0,0,0,1,0,0,0,0,0,0,0,0,0,0,0,0,0,0,0,0,0,1,0,0,0,0,0,0,0,1,0,0,0.0967741935483871,0.0,1883.0,0.02021004703507227,0.0,0.0,0
OFFER_0244,20147.0,WAFFARHA,0.0,PERCENTAGE,40.0,228872.0,Top Sports,Travel & Hotels,NATIONWIDE,,NATIONWIDE,1,"Day use including swimming pools and various water activities with up to 40% off @Top Sports, 5th Settlement!",2026-08-18 00:00:00,2026-10-01 00:00:00,150.0,0,0,0,1,0,0,0,1,0,0,0,0,0,0,0,0,0,0,0,0,0,0,0,0,0,0,0,0,0,1,0,0,0.08602150537634409,0.0,1432.0,0.01536693799531797,0.0,0.0007288629737609329,2
OFFER_0461,20197,WAFFARHA,0.0,PERCENTAGE,40.6666666666667,228798.0,Picual,Food & Beverages,NATIONWIDE,,NATIONWIDE,1,The iftar gathering is even better with a variety choices and up to 41% off @Picual Restaurant,2026-03-19 00:00:00,2026-03-19 00:00:00,445.0,0,0,0,1,0,1,0,0,0,0,0,0,0,0,0,0,0,0,0,0,0,0,0,0,0,0,0,0,0,1,0,0,0.08745519713261656,0.0,3.0,2.1477201950129936e-05,0.0,0.0,0
OFFER_0794,20245.0,WAFFARHA,0.0,PERCENTAGE,36.3636363636364,228873.0,Jungle Joy,Entertainment,NATIONWIDE,,NATIONWIDE,1,"Zoo visit & interact with animals in different activities with up to 36% off @Jungle Joy, inside Merryland Park!",2026-08-18 00:00:00,2026-10-01 00:00:00,70.0,0,0,0,1,0,0,0,0,0,0,0,0,0,0,0,0,0,0,0,0,0,1,0,0,0,0,0,0,0,1,0,0,0.07820136852394925,0.0,760.0,0.008150598140074312,0.0,0.07557354925775979,2
OFFER_0628,20294.0,WAFFARHA,0.0,PERCENTAGE,75.0833333333333,228874.0,Tallah Dental Center,Clinics ,NATIONWIDE,,NATIONWIDE,1,Full Teeth Checkup & care packages with up to 75% off @Tallah Dental Center!,2026-08-18 00:00:00,2026-10-01 00:00:00,299.0,0,0,0,1,0,0,0,0,0,0,0,0,0,0,1,0,0,0,0,0,0,0,0,0,0,0,0,0,0,1,0,0,0.16146953405017914,0.0,2.0,1.0738600975064968e-05,0.0,1.0,2
OFFER_0179,20347.0,WAFFARHA,0.0,PERCENTAGE,33.5748792270531,228875.0,COCO Restaurants,Food & Beverages,NATIONWIDE,,NATIONWIDE,1,Experience the perfect Ramadan Iftar with handcrafted set menus at up to 34% off @COCO Restaurants!,2026-03-19 00:00:00,2026-03-19 00:00:00,550.0,0,0,0,1,0,1,0,0,0,0,0,0,0,0,0,0,0,0,0,0,0,0,0,0,0,0,0,0,0,1,0,0,0.0722040413485013,0.0,44.0,0.00046175984192779366,0.0,0.9230769230769231,2
OFFER_0146,20148,WAFFARHA,0.0,PERCENTAGE,30.0,228876.0,Abou Al Zouz Restaurant,Food & Beverages,NATIONWIDE,,NATIONWIDE,1,A special Ramadan iftar in a warm atmosphere perfect for your gathering with up to 30% off @Abou Al Zouz Restaurant!,2026-03-19 00:00:00,2026-03-19 00:00:00,490.0,0,0,0,1,0,1,0,0,0,0,0,0,0,0,0,0,0,0,0,0,0,0,0,0,0,0,0,0,0,1,0,0,0.06451612903225806,0.0,2.0,1.0738600975064968e-05,0.0,0.0,0
OFFER_0327,20198.0,WAFFARHA,0.0,PERCENTAGE,35.1245085190039,228877.0,Leven lounge,Food & Beverages,NATIONWIDE,,NATIONWIDE,1,"Premium Ramdan iftar with up to 35% off @Leven Lounge, Tivoli dome",2026-03-19 00:00:00,2026-03-19 00:00:00,495.0,0,0,0,1,0,1,0,0,0,0,0,0,0,0,0,0,0,0,0,0,0,0,0,0,0,0,0,0,0,1,0,0,0.07553657746022345,0.0,3.0,2.1477201950129936e-05,0.0,0.3333333333333333,2
OFFER_0743,20246.0,WAFFARHA,0.0,PERCENTAGE,75.125,228878.0,DentaPro Dental Clinic,Clinics ,NATIONWIDE,,NATIONWIDE,1,"Dental care packages with up to 67% off @DentaPro Dental Clinic, Nasr City!",2026-08-18 00:00:00,2026-10-01 00:00:00,495.0,0,0,0,1,0,0,0,0,0,0,0,0,0,0,1,0,0,0,0,0,0,0,0,0,0,0,0,0,0,1,0,0,0.16155913978494624,0.0,7.0,6.443160585038982e-05,0.0,1.0,2
OFFER_1196,20295,WAFFARHA,0.0,PERCENTAGE,32.442748091603,228879.0,Farida Lebanon Restaurant & Garden,Food & Beverages,NATIONWIDE,,NATIONWIDE,1,"A generous Ramadan table filled with iftar favorites and mouthwatering Lebanese dishes with 32% off @Farida Lebanon Restaurant & Garden, New Cairo!",2026-03-19 00:00:00,2026-03-19 00:00:00,1770.0,0,0,0,1,0,1,0,0,0,0,0,0,0,0,0,0,0,0,0,0,0,0,0,0,0,0,0,0,0,1,0,0,0.06976935073463011,0.0,2.0,1.0738600975064968e-05,0.0,0.0,0
OFFER_0381,20348,WAFFARHA,0.0,PERCENTAGE,41.4893617021276,228879.0,Farida Lebanon Restaurant & Garden,Food & Beverages,NATIONWIDE,,NATIONWIDE,1,Ramadan vibes completed with an exceptional suhoor at 41% off @Farida Lebanon Restaurant & Garden!,2026-03-19 00:00:00,2026-03-19 00:00:00,550.0,0,0,0,1,0,1,0,0,0,0,0,0,0,0,0,0,0,0,0,0,0,0,0,0,0,0,0,0,0,1,0,0,0.08922443376801635,0.0,1.0,0.0,0.0,0.0,0
OFFER_0520,20296.0,WAFFARHA,0.0,PERCENTAGE,30.0,228880.0,C.O.D.E PaintBall,Entertainment,NATIONWIDE,,NATIONWIDE,1,Crazy interesting moments & lots of activities with 30% off at C.O.D.E Paintball inside Rehab Club! EGP 329 instead of EGP 470,2026-08-18 00:00:00,2026-10-01 00:00:00,329.0,0,0,0,1,0,0,0,0,0,0,0,0,0,0,0,0,0,0,0,0,0,1,0,0,0,0,0,0,0,1,0,0,0.06451612903225806,0.0,1054.0,0.011307746826743412,0.0,0.004916420845624385,2
OFFER_0587,20349,WAFFARHA,0.0,PERCENTAGE,33.3333333333333,228881.0,Go Kayak,Entertainment,NATIONWIDE,,NATIONWIDE,1,Enjoy 70 minutes of Nile Kayak for fun with 33% at Go Kayak! EGP 100 instead of EGP 150,2026-08-18 00:00:00,2026-10-01 00:00:00,100.0,0,0,0,1,0,0,0,0,0,0,0,0,0,0,0,0,0,0,0,0,0,1,0,0,0,0,0,0,0,1,0,0,0.07168458781362,0.0,475.0,0.005090096862180795,0.0,0.0,0
OFFER_1125,24111.0,WAFFARHA,0.0,PERCENTAGE,56.7774936061381,227555.0,Willy's Kitchen,Food & Beverages,NATIONWIDE,,NATIONWIDE,1,Mighty great burger meals with up to 52% off @Willy's Kitchen branches!,2026-08-18 00:00:00,2026-10-01 00:00:00,169.0,0,0,0,1,0,1,0,0,0,0,0,0,0,0,0,0,0,0,0,0,0,0,0,0,0,0,0,0,0,1,0,0,0.12210213678739376,0.0,8062.0,0.08656386245999871,0.0,0.053998632946001365,2
OFFER_0511,20200.0,WAFFARHA,0.0,PERCENTAGE,40.0,228882.0,Animals World,Entertainment,NATIONWIDE,,NATIONWIDE,1,Fun Day for adults & kids with 40% off at Animals World! EGP 45 instead of EGP 75,2026-08-18 00:00:00,2026-10-01 00:00:00,45.0,0,0,0,1,0,0,0,0,0,0,0,0,0,0,0,0,0,0,0,0,0,1,0,0,0,0,0,0,0,1,0,0,0.08602150537634409,0.0,1544.0,0.016569661304525248,0.0,0.038461538461538464,2
OFFER_0431,20248.0,WAFFARHA,0.0,PERCENTAGE,30.0,228876.0,Abou Al Zouz Restaurant,Food & Beverages,NATIONWIDE,,NATIONWIDE,1,Authentic suhoor flavors with 30% off @Abou Al Zouz Restaurant!,2026-03-19 00:00:00,2026-03-19 00:00:00,245.0,0,0,0,1,0,1,0,0,0,0,0,0,0,0,0,0,0,0,0,0,0,0,0,0,0,0,0,0,0,1,0,0,0.06451612903225806,0.0,3.0,2.1477201950129936e-05,0.0,0.3333333333333333,2
OFFER_0450,20297.0,WAFFARHA,0.0,PERCENTAGE,51.8181818181818,228883.0,Sila Salon,Clinics ,NATIONWIDE,,NATIONWIDE,1,"Various facial care sessions for glowy skin with up to 52% off @Sila Salon, Sheraton!",2026-08-18 00:00:00,2026-10-01 00:00:00,175.0,0,0,0,1,0,0,0,0,0,0,0,0,0,0,1,0,0,0,0,0,0,0,0,0,0,0,0,0,0,1,0,0,0.11143695014662752,0.0,1.0,0.0,0.0,1.0,2
OFFER_0355,20151.0,WAFFARHA,0.0,PERCENTAGE,33.75,228885.0,Bubbly FEC,Entertainment,NATIONWIDE,,NATIONWIDE,1,"Fun time for your kid with 34% off at Bubbly Park, Westown Hub, Sheikh Zayed! EGP 265 instead of EGP 400",2026-08-18 00:00:00,2026-10-01 00:00:00,265.0,0,0,0,1,0,0,0,0,0,0,0,0,0,0,0,0,0,0,0,0,0,1,0,0,0,0,0,0,0,1,0,0,0.07258064516129033,0.0,426.0,0.004563905414402611,0.0,0.0023923444976076554,2
OFFER_0281,24117.0,WAFFARHA,0.0,PERCENTAGE,37.1653543307086,228886.0,Chili's Egypt,Food & Beverages,NATIONWIDE,,NATIONWIDE,1,Special choices from sandwiches & main courses with 37% off @Chili's branches,2026-07-03 00:00:00,2026-08-01 00:00:00,399.0,0,0,0,1,0,1,0,0,0,0,0,0,0,0,0,0,0,0,0,0,0,0,0,0,0,0,0,0,0,1,0,0,0.07992549318431957,0.0,1559.0,0.01673074031915122,0.0,0.04243668720054757,2
OFFER_1053,20249.0,WAFFARHA,0.0,PERCENTAGE,25.0,228887.0,Yaya Sweets,Food & Beverages,NATIONWIDE,,NATIONWIDE,1,Celebrate Eid with assorted kahk & petit four made with 26% off @Yaya Sweet branches!,2026-03-22 00:00:00,2026-03-23 00:00:00,210.0,0,0,0,1,0,1,0,0,0,0,0,0,0,0,0,0,0,0,0,0,0,0,0,0,0,0,0,0,0,1,0,0,0.053763440860215055,0.0,53.0,0.0005584072507033783,0.0,0.018867924528301886,2
OFFER_0280,20298.0,WAFFARHA,0.0,PERCENTAGE,25.3246753246753,228785.0,Le Doux Patisserie,Food & Beverages,NATIONWIDE,,NATIONWIDE,1,Eid kahk boxes in different weights and selections to complete your celebration with 25% off @Le Doux Pâtisserie branches!,2026-03-22 00:00:00,2026-03-23 00:00:00,289.0,0,0,0,1,0,1,0,0,0,0,0,0,0,0,0,0,0,0,0,0,0,0,0,0,0,0,0,0,0,1,0,0,0.05446166736489312,0.0,59.0,0.0006228388565537681,0.0,0.08771929824561403,2
OFFER_1138,20351.0,WAFFARHA,0.0,PERCENTAGE,33.8461538461538,228888.0,Freedom patisserie,Food & Beverages,NATIONWIDE,,NATIONWIDE,1,"Welcome, Eid with various treat boxes with up to 34% off @Freedom patisserie branches!",2026-03-22 00:00:00,2026-03-22 00:00:00,218.0,0,0,0,1,0,1,0,0,0,0,0,0,0,0,0,0,0,0,0,0,0,0,0,0,0,0,0,0,0,1,0,0,0.0727874276261372,0.0,332.0,0.0035544769227465046,0.0,0.6753246753246753,2
OFFER_0127,24114.0,WAFFARHA,0.0,PERCENTAGE,29.5302013422819,226608.0,Cold Stone Creamery,Food & Beverages,NATIONWIDE,,NATIONWIDE,1,Live the ultimate Ice Cream experience with up to 30% off at Cold Stone Creamery Egypt!,2026-08-18 00:00:00,2026-10-01 00:00:00,105.0,0,0,0,1,0,1,0,0,0,0,0,0,0,0,0,0,0,0,0,0,0,0,0,0,0,0,0,0,0,1,0,0,0.06350580933824064,0.0,2278.0,0.024451794420222932,0.0,0.10458452722063037,2
OFFER_1275,20402.0,WAFFARHA,0.0,PERCENTAGE,50.0,228889.0,Canelé patisserie,Food & Beverages,NATIONWIDE,,NATIONWIDE,1,Assorted kahk boxes in a luxurious touch with 50% @Canelé,2026-07-15 00:00:00,2026-08-01 00:00:00,375.0,0,0,0,1,0,1,0,0,0,0,0,0,0,0,0,0,0,0,0,0,0,0,0,0,0,0,0,0,0,1,0,0,0.10752688172043011,0.0,747.0,0.008010996327398467,0.0,0.002789400278940028,2
OFFER_1325,20250.0,WAFFARHA,0.0,PERCENTAGE,30.0,228890.0,Stop N Play,Entertainment,NATIONWIDE,,NATIONWIDE,1,"Cheerful hours for your kid full of fun & energy with up to 30% off at Stop N Play, Zahraa Maadi!",2026-08-18 00:00:00,2026-10-01 00:00:00,140.0,0,0,0,1,0,0,0,0,0,0,0,0,0,0,0,0,0,0,0,0,0,1,0,0,0,0,0,0,0,1,0,0,0.06451612903225806,0.0,245.0,0.002620218637915852,0.0,0.06578947368421052,2
OFFER_0489,20452.0,WAFFARHA,0.0,PERCENTAGE,25.5555555555555,228887.0,Yaya Sweets,Food & Beverages,NATIONWIDE,,NATIONWIDE,1,Sweeten your Ramadan gatherings with Oriental & Western sweets with 26% off @Yaya Sweets branches!,2026-03-19 00:00:00,2026-03-20 00:00:00,315.0,0,0,0,1,0,1,0,0,0,0,0,0,0,0,0,0,0,0,0,0,0,0,0,0,0,0,0,0,0,1,0,0,0.05495818399044194,0.0,8.0,7.517020682545478e-05,0.0,0.125,2
OFFER_0790,20353.0,WAFFARHA,0.0,PERCENTAGE,52.0,228891.0,Guzel Medical Spa,Clinics ,NATIONWIDE,,NATIONWIDE,1,"Get clear skin through deep cleansing & mirror sessions with 52% off @Guzel Medical Spa, Nasr City!",2026-08-18 00:00:00,2026-10-01 00:00:00,480.0,0,0,0,1,0,0,0,0,0,0,0,0,0,0,1,0,0,0,0,0,0,0,0,0,0,0,0,0,0,1,0,0,0.11182795698924732,0.0,2.0,1.0738600975064968e-05,0.0,1.0,2
OFFER_0044,20403.0,WAFFARHA,0.0,PERCENTAGE,30.0,226603.0,FunVentures,Entertainment,NATIONWIDE,,NATIONWIDE,1,"Unlimited Fun time with 30% off at FunVentures, Merryland Park! EGP 175 instead of EGP 250",2026-08-18 00:00:00,2026-10-01 00:00:00,175.0,0,0,0,1,0,0,0,0,0,0,0,0,0,0,0,0,0,0,0,0,0,1,0,0,0,0,0,0,0,1,0,0,0.06451612903225806,0.0,283.0,0.003028285474968321,0.0,0.0989010989010989,2
OFFER_1128,20251.0,WAFFARHA,0.0,PERCENTAGE,53.2803180914513,228892.0,Cook Door,Food & Beverages,NATIONWIDE,,NATIONWIDE,1,Enjoy your favorite sandwiches in all sizes with up to 39% off @Cook Door branches!,2026-06-04 00:00:00,2026-07-01 00:00:00,185.0,0,0,0,1,0,1,0,0,0,0,0,0,0,0,0,0,0,0,0,0,0,0,0,0,0,0,0,0,0,1,0,0,0.11458132922892753,0.0,6212.0,0.06669745065612852,0.0,0.1398240244835501,2
OFFER_0708,20300.0,WAFFARHA,0.0,PERCENTAGE,33.3333333333333,228893.0,Bakery Khan,Food & Beverages,NATIONWIDE,,NATIONWIDE,1,Eid kahk with the taste of happiness with up to 33% off @Bakery Khan branches!,2026-04-22 00:00:00,2026-06-01 00:00:00,140.0,0,0,0,1,0,1,0,0,0,0,0,0,0,0,0,0,0,0,0,0,0,0,0,0,0,0,0,0,0,1,0,0,0.07168458781362,0.0,387.0,0.004145099976375078,0.0,0.005390835579514825,2
OFFER_0228,20453.0,WAFFARHA,0.0,PERCENTAGE,34.6153846153846,228894.0,La Pomme Pastries,Food & Beverages,NATIONWIDE,,NATIONWIDE,1,Nostalgic Kahk & Eid treats boxes of different weights with up to 35% off @La Pomme Pastries!,2026-03-22 00:00:00,2026-03-23 00:00:00,85.0,0,0,0,1,0,1,0,0,0,0,0,0,0,0,0,0,0,0,0,0,0,0,0,0,0,0,0,0,0,1,0,0,0.07444168734491312,0.0,76.0,0.0008053950731298727,0.0,0.14666666666666667,2
OFFER_0586,20354,WAFFARHA,0.0,PERCENTAGE,30.0,228895.0,Happy Dolphin & Nile Lily,Food & Beverages,NATIONWIDE,,NATIONWIDE,1,"Fancy open Sohour buffet on the Nile view with 30% off @Andalusia, inside Happy Dolphin!",2026-03-19 00:00:00,2026-03-19 00:00:00,245.0,0,0,0,1,0,1,0,0,0,0,0,0,0,0,0,0,0,0,0,0,0,0,0,0,0,0,0,0,0,1,0,0,0.06451612903225806,0.0,2.0,1.0738600975064968e-05,0.0,0.0,0
OFFER_0977,20404,WAFFARHA,0.0,PERCENTAGE,48.1875,228896.0,The Skater,Entertainment,NATIONWIDE,,NATIONWIDE,1,Master skating skills with professional trainers & sessions with up to 53% off @The Skater branches!,2026-08-18 00:00:00,2026-10-01 00:00:00,829.0,0,0,0,1,0,0,0,0,0,0,0,0,0,0,0,0,0,0,0,0,0,1,0,0,0,0,0,0,0,1,0,0,0.10362903225806451,0.0,277.0,0.0029638538691179315,0.0,0.0,0
OFFER_0768,20502,WAFFARHA,0.0,PERCENTAGE,33.6666666666667,228897.0,Eagle Nest Academy,Entertainment,NATIONWIDE,,NATIONWIDE,1,Master parkour skills with professional training sessions with up to 44% off @Eagle Nest Egypt!,2026-08-18 00:00:00,2026-10-01 00:00:00,199.0,0,0,0,1,0,0,0,0,0,0,0,0,0,0,0,0,0,0,0,0,0,1,0,0,0,0,0,0,0,1,0,0,0.07240143369175635,0.0,235.0,0.0025128326281652026,0.0,0.0,0
OFFER_0330,20355,WAFFARHA,0.0,PERCENTAGE,35.8974358974359,228900.0,Egy Skatepark,Entertainment,NATIONWIDE,,NATIONWIDE,1,"Up to 36% off Skating fun & (Board & Roll) Training sessions @Egy SkatePark, 6th of October!",2026-08-10 00:00:00,2026-09-01 00:00:00,125.0,0,0,0,1,0,0,0,0,0,0,0,0,0,0,0,0,0,0,0,0,0,1,0,0,0,0,0,0,0,1,0,0,0.07719878687620624,0.0,174.0,0.0018577779686862396,0.0,0.0,0
OFFER_0279,22412,WAFFARHA,0.0,PERCENTAGE,40.2,228901.0,CourseVox,Entertainment,NATIONWIDE,,NATIONWIDE,1,"Full technology hub of unlimited courses, expert support & career guidance to unlock your potential with 40% off @CourseVox!",2026-08-18 00:00:00,2026-10-01 00:00:00,299.0,0,0,0,1,0,0,0,0,0,0,0,0,0,0,0,0,0,0,0,0,0,1,0,0,0,0,0,0,0,1,0,0,0.08645161290322581,0.0,517.0,0.005541118103133524,0.0,0.0,0
OFFER_0865,23903.0,WAFFARHA,0.0,PERCENTAGE,50.0,228902.0,Taiyaki,Food & Beverages,NATIONWIDE,,NATIONWIDE,1,Experience the unique Japanese desserts & mochi with up to 41% off @Taiyaki branches!,2026-08-18 00:00:00,2026-10-01 00:00:00,89.0,0,0,0,1,0,1,0,0,0,0,0,0,0,0,0,0,0,0,0,0,0,0,0,0,0,0,0,0,0,1,0,0,0.10752688172043011,0.0,2147.0,0.02304503769248942,0.0,0.09913573970513473,2
OFFER_0391,23913.0,WAFFARHA,0.0,PERCENTAGE,31.3793103448276,228903.0,Hameed,Food & Beverages,NATIONWIDE,,NATIONWIDE,1,Chicken & beef burger sandwiches to satisfy your cravings with 31% off @Hameed branches!,2026-08-18 00:00:00,2026-10-01 00:00:00,220.0,0,0,0,1,0,1,0,0,0,0,0,0,0,0,0,0,0,0,0,0,0,0,0,0,0,0,0,0,0,1,0,0,0.06748238783833893,0.0,2231.0,0.02394708017439488,0.0,0.033474776049033476,2
OFFER_0307,23914.0,WAFFARHA,0.0,PERCENTAGE,31.7073170731707,228904.0,Burger King,Food & Beverages,NATIONWIDE,,NATIONWIDE,1,Flaming burger flavors & super crunchy chicken with 32% off @Burger King branches!,2026-08-18 00:00:00,2026-10-01 00:00:00,140.0,0,0,0,1,0,1,0,0,0,0,0,0,0,0,0,0,0,0,0,0,0,0,0,0,0,0,0,0,0,1,0,0,0.06818777865198,0.0,7760.0,0.08332080496552909,0.0,0.004204035874439462,2
OFFER_0848,20504.0,WAFFARHA,0.0,PERCENTAGE,31.25,228906.0,English Hub,Entertainment,NATIONWIDE,,NATIONWIDE,1,"Learn English for adults & kids easily with 31% off @English Hub, Zahraa El Maadi!",2026-08-18 00:00:00,2026-10-01 00:00:00,2200.0,0,0,0,1,0,0,0,0,0,0,0,0,0,0,0,0,0,0,0,0,0,1,0,0,0,0,0,0,0,1,0,0,0.06720430107526881,0.0,818.0,0.00877343699662808,0.0,0.0012437810945273632,2
OFFER_0141,20553.0,WAFFARHA,0.0,PERCENTAGE,37.2093023255814,228907.0,Pasta 2go,Food & Beverages,NATIONWIDE,,NATIONWIDE,1,Customized ready-to-go pasta cups to your liking & wrap sandwich meals with up to 37% off @Pasta 2go branches!,2026-08-18 00:00:00,2026-10-01 00:00:00,135.0,0,0,0,1,0,1,0,0,0,0,0,0,0,0,0,0,0,0,0,0,0,0,0,0,0,0,0,0,0,1,0,0,0.08002000500125031,0.0,1404.0,0.015066257168016151,0.0,0.17842660178426603,2
OFFER_0742,20456,WAFFARHA,0.0,PERCENTAGE,35.7142857142857,228908.0,MK Skate,Entertainment,NATIONWIDE,,NATIONWIDE,1,Develop your skating skills with training and free play with up to 45% off @MK Skate branches!,2026-08-18 00:00:00,2026-10-01 00:00:00,45.0,0,0,0,1,0,0,0,0,0,0,0,0,0,0,0,0,0,0,0,0,0,1,0,0,0,0,0,0,0,1,0,0,0.07680491551459291,0.0,109.0,0.0011597689053070167,0.0,0.0,0
OFFER_1255,20357.0,WAFFARHA,0.0,PERCENTAGE,35.8974358974359,228909.0,Baladish,Food & Beverages,NATIONWIDE,,NATIONWIDE,1,"Authentic oriental sandwiches & meals with up to 36% off @Baladish, Madinty",2026-08-18 00:00:00,2026-10-01 00:00:00,150.0,0,0,0,1,0,1,0,0,0,0,0,0,0,0,0,0,0,0,0,0,0,0,0,0,0,0,0,0,0,1,0,0,0.07719878687620624,0.0,736.0,0.007892871716672752,0.0,0.002793296089385475,2
OFFER_0750,20505.0,WAFFARHA,0.0,PERCENTAGE,46.6666666666667,228911.0,Vovo Land,Entertainment,NATIONWIDE,,NATIONWIDE,1,"Fun-filled child hosting time with games & activities with 47% off at Vovo Land, Zahraa Maadi!",2026-08-18 00:00:00,2026-10-01 00:00:00,160.0,0,0,0,1,0,0,0,0,0,0,0,0,0,0,0,0,0,0,0,0,0,1,0,0,0,0,0,0,0,1,0,0,0.10035842293906817,0.0,421.0,0.004510212409527287,0.0,0.0024813895781637717,2
OFFER_0601,20554.0,WAFFARHA,0.0,PERCENTAGE,31.25,228912.0,Strike Zone Bowling center,Entertainment,NATIONWIDE,,NATIONWIDE,1,"Dive into a world of excitement & challenge at the bowling game with your friends with 31% off @Strike Zone Bowling Center, inside sky mall - El Shorouk City!",2026-08-18 00:00:00,2026-10-01 00:00:00,110.0,0,0,0,1,0,0,0,0,0,0,0,0,0,0,0,0,0,0,0,0,0,1,0,0,0,0,0,0,0,1,0,0,0.06720430107526881,0.0,401.0,0.004295440390025987,0.0,0.013089005235602094,2
OFFER_0284,20358.0,WAFFARHA,0.0,PERCENTAGE,51.3888888888889,228759.0,Andrea,Food & Beverages,NATIONWIDE,,NATIONWIDE,1,Special Ramadan suhoor with 51% Off @Andrea Restaurant Branches!,2026-03-19 00:00:00,2026-03-19 00:00:00,245.0,0,0,0,1,0,1,0,0,0,0,0,0,0,0,0,0,0,0,0,0,0,0,0,0,0,0,0,0,0,1,0,0,0.11051373954599764,0.0,9.0,8.590880780051974e-05,0.0,0.6666666666666666,2
OFFER_0195,20555.0,WAFFARHA,0.0,PERCENTAGE,51.8518518518518,228916.0,Kiddo Cove,Entertainment,NATIONWIDE,,NATIONWIDE,1,"Give your child happy moments with 2 hours of joy & play with up to 52% off @Kiddo Cove, Heliopolis!",2026-08-18 00:00:00,2026-10-01 00:00:00,130.0,0,0,0,1,0,0,0,0,0,0,0,0,0,0,0,0,0,0,0,0,0,1,0,0,0,0,0,0,0,1,0,0,0.11150935882118666,0.0,1107.0,0.011876892678421855,0.0,0.0223463687150838,2
OFFER_1076,20458.0,WAFFARHA,0.0,PERCENTAGE,30.0,228917.0,Artistique,Entertainment,NATIONWIDE,,NATIONWIDE,1,"Choose your experience to have fun & create your masterpiece with 30% off @Artistique, Shiekh Zayed!",2026-08-18 00:00:00,2026-10-01 00:00:00,210.0,0,0,0,1,0,0,0,0,0,0,0,0,0,0,0,0,0,0,0,0,0,1,0,0,0,0,0,0,0,1,0,0,0.06451612903225806,0.0,378.0,0.004048452567599493,0.0,0.016129032258064516,2
OFFER_0833,20409.0,WAFFARHA,0.0,PERCENTAGE,57.0,228919.0,Kidjoy kids area,Entertainment,NATIONWIDE,,NATIONWIDE,1,"Kid hosting hours full of Fun & Joy with up to 57% off @ Kidjoy kids area, Zahraa Maadi!",2026-08-18 00:00:00,2026-10-01 00:00:00,105.0,0,0,0,1,0,0,0,0,0,0,0,0,0,0,0,0,0,0,0,0,0,1,0,0,0,0,0,0,0,1,0,0,0.12258064516129032,0.0,246.0,0.002630957238890917,0.0,0.03389830508474576,2
OFFER_0766,20507.0,WAFFARHA,0.0,PERCENTAGE,55.0,228726.0,Türkan Beauty & Spa,Clinics ,NATIONWIDE,,NATIONWIDE,1,"Moroccan bath & full pampering packages with up to 63% off @Türkan Beauty & Spa, Sheikh Zayed!",2026-08-18 00:00:00,2026-10-01 00:00:00,499.0,0,0,0,1,0,0,0,0,0,0,0,0,0,0,1,0,0,0,0,0,0,0,0,0,0,0,0,0,0,1,0,0,0.11827956989247312,0.0,1.0,0.0,0.0,1.0,2
OFFER_0632,20459,WAFFARHA,0.0,PERCENTAGE,32.3308270676692,228921.0,Ghazala Lounge,Food & Beverages,NATIONWIDE,,NATIONWIDE,1,"Delicious Iftar meals with a variety of main course & magical Ramadan atmosphere with up to 38% off at Ghazala Khayama, Zamalek!",2026-03-19 00:00:00,2026-03-19 00:00:00,450.0,0,0,0,1,0,1,0,0,0,0,0,0,0,0,0,0,0,0,0,0,0,0,0,0,0,0,0,0,0,1,0,0,0.06952866036057892,0.0,1.0,0.0,0.0,0.0,0
OFFER_0412,20360.0,WAFFARHA,0.0,PERCENTAGE,40.0,228922.0,Blue Nile Water Sports,Entertainment,NATIONWIDE,,NATIONWIDE,1,"Kayak session of your choice with 40% off at Blue Nile Academy, Dokki! EGP 75 instead of EGP 125",2026-08-18 00:00:00,2026-10-01 00:00:00,75.0,0,0,0,1,0,0,0,0,0,0,0,0,0,0,0,0,0,0,0,0,0,1,0,0,0,0,0,0,0,1,0,0,0.08602150537634409,0.0,636.0,0.006819011619166255,0.0,0.019834710743801654,2
OFFER_0984,20410.0,WAFFARHA,0.0,PERCENTAGE,32.5423728813559,228923.0,Mini Tante,Food & Beverages,NATIONWIDE,,NATIONWIDE,1,Enjoy authentic Egyptian sandwiches & meals made with love with up to 33% off @Mini tante branches!,2026-03-31 00:00:00,2026-05-01 00:00:00,189.0,0,0,0,1,0,1,0,0,0,0,0,0,0,0,0,0,0,0,0,0,0,0,0,0,0,0,0,0,0,1,0,0,0.06998359759431377,0.0,174.0,0.0018577779686862396,0.0,0.017341040462427744,2
OFFER_0258,24472.0,WAFFARHA,0.0,PERCENTAGE,31.9148936170213,228924.0,Kairo 365,Food & Beverages,NATIONWIDE,,NATIONWIDE,1,Kofta & Hawawshi boxes are waiting for you with authentic Egyptian flavor with up to 32% off @Kairo 365 branches!,2026-08-18 00:00:00,2026-10-01 00:00:00,160.0,0,0,0,1,0,1,0,0,0,0,0,0,0,0,0,0,0,0,0,0,0,0,0,0,0,0,0,0,0,1,0,0,0.06863417982155118,0.0,1516.0,0.016268980477223426,0.0,0.004784688995215311,2
OFFER_1026,20557.0,WAFFARHA,0.0,PERCENTAGE,40.9090909090909,228925.0,Trio Dental Care,Clinics ,NATIONWIDE,,NATIONWIDE,1,"Pretty & healthy teeth with various care packages with up to 77% off @Trio Dental Care, Ard El Golf!",2026-07-19 00:00:00,2026-09-01 00:00:00,199.0,0,0,0,1,0,0,0,0,0,0,0,0,0,0,1,0,0,0,0,0,0,0,0,0,0,0,0,0,0,1,0,0,0.08797653958944279,0.0,1.0,0.0,0.0,1.0,2
OFFER_0837,23907.0,WAFFARHA,0.0,PERCENTAGE,31.25,228926.0,Sultana Ice cream,Food & Beverages,NATIONWIDE,,NATIONWIDE,1,Ice cream scoops with up to 32% off from Sultana Ice Cream branches!,2026-08-18 00:00:00,2026-10-01 00:00:00,95.0,0,0,0,1,0,1,0,0,0,0,0,0,0,0,0,0,0,0,0,0,0,0,0,0,0,0,0,0,0,1,0,0,0.06720430107526881,0.0,1609.0,0.01726767036790447,0.0,0.060216508795669824,2
OFFER_1242,23906.0,WAFFARHA,0.0,PERCENTAGE,30.5555555555555,228927.0,Minimelts,Food & Beverages,NATIONWIDE,,NATIONWIDE,1,Witness the marvelous inventions of out-of-this-world ice creams & drinks with up to 30% off @Minimelts branches!,2026-08-18 00:00:00,2026-10-01 00:00:00,119.0,0,0,0,1,0,1,0,0,0,0,0,0,0,0,0,0,0,0,0,0,0,0,0,0,0,0,0,0,0,1,0,0,0.06571087216248495,0.0,771.0,0.008268722750800026,0.0,0.07300275482093664,2
OFFER_0372,20509,WAFFARHA,0.0,PERCENTAGE,33.3333333333333,228929.0,Placebo - Role Playing Escape Rooms,Entertainment,NATIONWIDE,,NATIONWIDE,1,"Solve the story's mystery in 90 min with 33% off @Placebo, Role Playing Escape Rooms, all branches!",2026-08-18 00:00:00,2026-10-01 00:00:00,240.0,0,0,0,1,0,0,0,0,0,0,0,0,0,0,0,0,0,0,0,0,0,1,0,0,0,0,0,0,0,1,0,0,0.07168458781362,0.0,200.0,0.0021369815940379287,0.0,0.0,0
OFFER_0950,20558.0,WAFFARHA,0.0,PERCENTAGE,37.5,228930.0,Escapism Escape Room,Entertainment,NATIONWIDE,,NATIONWIDE,1,"Up to 37% off Escape experience full of horror @Escapism Escape Room, Shoubra!",2026-08-18 00:00:00,2026-10-01 00:00:00,160.0,0,0,0,1,0,0,0,0,0,0,0,0,0,0,0,0,0,0,0,0,0,1,0,0,0,0,0,0,0,1,0,0,0.08064516129032258,0.0,394.0,0.004220270183200533,0.0,0.03183023872679045,2
OFFER_0562,20461.0,WAFFARHA,0.0,PERCENTAGE,25.4545454545454,228728.0,DUKES,Food & Beverages,NATIONWIDE,,NATIONWIDE,1,Ramadan light sweet delights that are not to be missed with up to 27% off @Dukes branches!,2026-03-19 00:00:00,2026-03-19 00:00:00,95.0,0,0,0,1,0,1,0,0,0,0,0,0,0,0,0,0,0,0,0,0,0,0,0,0,0,0,0,0,0,1,0,0,0.0547409579667643,0.0,14.0,0.00013960181267584458,0.0,0.8571428571428571,2
OFFER_0598,20362.0,WAFFARHA,0.0,PERCENTAGE,30.3333333333333,228931.0,Sherlocked,Entertainment,NATIONWIDE,,NATIONWIDE,1,60-minute Escape rooms adventures with up to 33% off @Sherlocked branches!,2026-08-18 00:00:00,2026-10-01 00:00:00,209.0,0,0,0,1,0,0,0,0,0,0,0,0,0,0,0,0,0,0,0,0,0,1,0,0,0,0,0,0,0,1,0,0,0.06523297491039419,0.0,366.0,0.0039195893558987135,0.0,0.0113314447592068,2
OFFER_0183,20510.0,WAFFARHA,0.0,PERCENTAGE,48.5507246376811,228927.0,Minimelts,Food & Beverages,NATIONWIDE,,NATIONWIDE,1,"Ramadan gatherings get sweeter with innovative-flavored desserts, ice cream, & drinks with up to 49% off @Minimelts branches!",2026-03-18 00:00:00,2026-03-19 00:00:00,55.0,0,0,0,1,0,1,0,0,0,0,0,0,0,0,0,0,0,0,0,0,0,0,0,0,0,0,0,0,0,1,0,0,0.10441016051114214,0.0,46.0,0.00048323704387792356,0.0,0.925,2
OFFER_0302,24511.0,WAFFARHA,0.0,PERCENTAGE,42.5,228933.0,Sobia El Rahmany,Food & Beverages,NATIONWIDE,,NATIONWIDE,1,"Super Sobia, Glass Shakes & Grand with 40% off from Sobia El Rahmany branches",2026-08-18 00:00:00,2026-10-01 00:00:00,69.0,0,0,0,1,0,1,0,0,0,0,0,0,0,0,0,0,0,0,0,0,0,0,0,0,0,0,0,0,0,1,0,0,0.0913978494623656,0.0,1776.0,0.01906101673074032,0.0,0.34596491228070175,2
OFFER_0337,20462.0,WAFFARHA,0.0,PERCENTAGE,64.2857142857143,228934.0,Al-Danah Dental Clinic,Clinics ,NATIONWIDE,,NATIONWIDE,1,Enjoy a bright smile with healthy teeth with up to 64% off @Al-Danah Dental Clinic!,2026-08-18 00:00:00,2026-10-01 00:00:00,499.0,0,0,0,1,0,0,0,0,0,0,0,0,0,0,1,0,0,0,0,0,0,0,0,0,0,0,0,0,0,1,0,0,0.13824884792626732,0.0,4.0,3.221580292519491e-05,0.0,1.0,2
OFFER_0268,24487.0,WAFFARHA,0.0,PERCENTAGE,46.9178082191781,228935.0,Hadramout Sheikh ElMandy,Food & Beverages,NATIONWIDE,,NATIONWIDE,1,Oriental cravings from Mandy to Grills with up to 52% off from Hadramout Sheikh ElMandy!,2026-08-18 00:00:00,2026-10-01 00:00:00,600.0,0,0,0,1,0,1,0,0,0,0,0,0,0,0,0,0,0,0,0,0,0,0,0,0,0,0,0,0,0,1,0,0,0.10089851229930774,0.0,5876.0,0.0630892807285067,0.0,0.047171620325982745,2
OFFER_0178,20413.0,WAFFARHA,0.0,PERCENTAGE,25.0,228785.0,Le Doux Patisserie,Food & Beverages,NATIONWIDE,,NATIONWIDE,1,"Celebrate the spirit of Ramadan with your favorite flavors & an irresistible selection of oriental & western desserts, & enjoy with 26% off @Le Doux branches!",2026-03-18 00:00:00,2026-03-19 00:00:00,135.0,0,0,0,1,0,1,0,0,0,0,0,0,0,0,0,0,0,0,0,0,0,0,0,0,0,0,0,0,0,1,0,0,0.053763440860215055,0.0,4.0,3.221580292519491e-05,0.0,0.25,2
OFFER_0862,20511.0,WAFFARHA,0.0,PERCENTAGE,41.7721518987342,228936.0,Country Hills,Food & Beverages,NATIONWIDE,,NATIONWIDE,1,Enjoy a varied Ramadan Iftar with 42% off @Country Hills branches!,2026-03-19 00:00:00,2026-03-19 00:00:00,280.0,0,0,0,1,0,1,0,0,0,0,0,0,0,0,0,0,0,0,0,0,0,0,0,0,0,0,0,0,0,1,0,0,0.08983258472846065,0.0,40.0,0.0004188054380275338,0.0,0.9444444444444444,2
OFFER_0926,20560.0,WAFFARHA,0.0,PERCENTAGE,38.9795918367347,228937.0,Escape The Room,Entertainment,NATIONWIDE,,NATIONWIDE,1,"Intense Fun & Horror for 1 hour with up to 31% off at Escape The Room, Rehab & Sheikh Zayed!",2026-08-18 00:00:00,2026-10-01 00:00:00,380.0,0,0,0,1,0,0,0,0,0,0,0,0,0,0,0,0,0,0,0,0,0,1,0,0,0,0,0,0,0,1,0,0,0.0838270792187843,0.0,470.0,0.005036403857305471,0.0,0.02968036529680365,2
OFFER_0091,20463.0,WAFFARHA,0.0,PERCENTAGE,72.2222222222222,228938.0,Estetica Egypt Elite - Dr. Hany Elsaadany,Clinics ,NATIONWIDE,,NATIONWIDE,1,"Teeth cleansing & whitening packages with up to 72% off @Estetica Egypt Elite - Dr. Hany Elsaadany, 1st Settlement & Zagazig!",2026-08-18 00:00:00,2026-10-01 00:00:00,250.0,0,0,0,1,0,0,0,0,0,0,0,0,0,0,1,0,0,0,0,0,0,0,0,0,0,0,0,0,0,1,0,0,0.1553166069295101,0.0,2.0,1.0738600975064968e-05,0.0,1.0,2
OFFER_0600,20414.0,WAFFARHA,0.0,PERCENTAGE,30.0,226606.0,My Town,Entertainment,NATIONWIDE,,NATIONWIDE,1,"Entry ticket for your kid with 30% off at My Town, City Stars Mall & Dandy Mega Mall branches!",2026-08-18 00:00:00,2026-10-01 00:00:00,245.0,0,0,0,1,0,0,0,0,0,0,0,0,0,0,0,0,0,0,0,0,0,1,0,0,0,0,0,0,0,1,0,0,0.06451612903225806,0.0,655.0,0.007023045037692489,0.0,0.4591304347826087,2
OFFER_0580,20512.0,WAFFARHA,0.0,PERCENTAGE,50.0,228940.0,Illusion Dental Clinic,Clinics ,NATIONWIDE,,NATIONWIDE,1,"A bright smile with special care packages with up to 50% off @Illusion Dental Clinic, Nasr City!",2026-08-18 00:00:00,2026-10-01 00:00:00,225.0,0,0,0,1,0,0,0,0,0,0,0,0,0,0,1,0,0,0,0,0,0,0,0,0,0,0,0,0,0,1,0,0,0.10752688172043011,0.0,3.0,2.1477201950129936e-05,0.0,1.0,2
OFFER_0053,20561.0,WAFFARHA,0.0,PERCENTAGE,50.0,226602.0,Faby Land,Entertainment,NATIONWIDE,,NATIONWIDE,1,"All Fun with Games credit with 50% off at Faby land, Dandy Mega Mall",2026-08-18 00:00:00,2026-10-01 00:00:00,250.0,0,0,0,1,0,0,0,0,0,0,0,0,0,0,0,0,0,0,0,0,0,1,0,0,0,0,0,0,0,1,0,0,0.10752688172043011,0.0,964.0,0.010341272738987564,0.0,0.140625,2
OFFER_0854,20464.0,WAFFARHA,0.0,PERCENTAGE,30.5555555555555,228941.0,Stellar Station,Entertainment,NATIONWIDE,,NATIONWIDE,1,"Help your kids explore, challenge themselves, and develop their skills in a fun and safe environment and enjoy 31% off @Stellar Station!",2026-08-18 00:00:00,2026-10-01 00:00:00,125.0,0,0,0,1,0,0,0,0,0,0,0,0,0,0,0,0,0,0,0,0,0,1,0,0,0,0,0,0,0,1,0,0,0.06571087216248495,0.0,69.0,0.0007302248663044179,0.0,0.057971014492753624,2
OFFER_1073,20365.0,WAFFARHA,0.0,PERCENTAGE,34.0,228942.0,Nano Park,Entertainment,NATIONWIDE,,NATIONWIDE,1,"Enjoy a time full of fun and laughter in a place that brings excitement for both kids and adults, with up to 34% off @Nano Park branches!",2026-08-18 00:00:00,2026-10-01 00:00:00,140.0,0,0,0,1,0,0,0,0,0,0,0,0,0,0,0,0,0,0,0,0,0,1,0,0,0,0,0,0,0,1,0,0,0.07311827956989247,0.0,105.0,0.0011168145014067567,0.0,0.0196078431372549,2
OFFER_1286,20415,WAFFARHA,0.0,PERCENTAGE,0.0,228943.0,Green Desert Hotel,Travel & Hotels,NATIONWIDE,,NATIONWIDE,1,"Enjoy a delicious Ramadan Iftar experience that combines variety & great taste @Green Desert Hotel, Cairo - Alex Desert Rd!",2026-03-19 00:00:00,2026-03-19 00:00:00,670.0,0,0,0,1,0,0,0,1,0,0,0,0,0,0,0,0,0,0,0,0,0,0,0,0,0,0,0,0,0,1,0,0,0.0,0.0,4.0,3.221580292519491e-05,0.0,0.0,0
OFFER_1109,20465.0,WAFFARHA,0.0,PERCENTAGE,36.1702127659574,228946.0,Nutty Scientists,Entertainment,NATIONWIDE,,NATIONWIDE,1,"Help your child explore, learn through hands-on experience & enjoy exciting scientific adventures in a place full of innovation with up to 36% off @Nutty Scientists, New Cairo!",2026-08-18 00:00:00,2026-10-01 00:00:00,450.0,0,0,0,1,0,0,0,0,0,0,0,0,0,0,0,0,0,0,0,0,0,1,0,0,0,0,0,0,0,1,0,0,0.07778540379775785,0.0,190.0,0.002029595584287279,0.0,0.016129032258064516,2
OFFER_0964,20416.0,WAFFARHA,0.0,PERCENTAGE,32.5,228948.0,Bricks City,Entertainment,NATIONWIDE,,NATIONWIDE,1,"1 Hour of fun & bricks creative creations with 33% off at Bricks City, inside CFC Mall!",2026-08-18 00:00:00,2026-10-01 00:00:00,135.0,0,0,0,1,0,0,0,0,0,0,0,0,0,0,0,0,0,0,0,0,0,1,0,0,0,0,0,0,0,1,0,0,0.06989247311827956,0.0,103.0,0.0010953372994566269,0.0,0.08247422680412371,2
OFFER_0387,20514.0,WAFFARHA,0.0,PERCENTAGE,30.8910891089109,228949.0,Wafflicious,Food & Beverages,NATIONWIDE,,NATIONWIDE,1,Sweeten your Ramadan with Mix of kunafa & waffles and cake options with up to 31% off @Wafflicious branches,2026-03-19 00:00:00,2026-03-19 00:00:00,139.0,0,0,0,1,0,1,0,0,0,0,0,0,0,0,0,0,0,0,0,0,0,0,0,0,0,0,0,0,0,1,0,0,0.06643244969658259,0.0,9.0,8.590880780051974e-05,0.0,0.8888888888888888,2
OFFER_0199,20563,WAFFARHA,0.0,PERCENTAGE,33.5,228950.0,Walemat Al Sultan,Food & Beverages,NATIONWIDE,,NATIONWIDE,1,"Your gathering is ready! A rich Ramadan iftar with the finest grills at up to 33% off @Walemat Al Sultan, Rehab!",2026-03-25 00:00:00,2026-04-01 00:00:00,399.0,0,0,0,1,0,1,0,0,0,0,0,0,0,0,0,0,0,0,0,0,0,0,0,0,0,0,0,0,0,1,0,0,0.07204301075268817,0.0,68.0,0.0007194862653293529,0.0,0.0,0
OFFER_1148,20367.0,WAFFARHA,0.0,PERCENTAGE,40.0,228952.0,Fit Rowing Academy,Entertainment,NATIONWIDE,,NATIONWIDE,1,"Kayak session with 40% off at Fit Rowing Academy, Inside Egyptian Sea Scout club! EGP 90 instead of EGP 150",2026-08-18 00:00:00,2026-10-01 00:00:00,90.0,0,0,0,1,0,0,0,0,0,0,0,0,0,0,0,0,0,0,0,0,0,1,0,0,0,0,0,0,0,1,0,0,0.08602150537634409,0.0,299.0,0.0032001030905693608,0.0,0.017123287671232876,2
OFFER_0566,20417.0,WAFFARHA,0.0,PERCENTAGE,37.5,228953.0,Pyramaze Escape Rooms,Entertainment,NATIONWIDE,,NATIONWIDE,1,A new challenge with your new character & name to solve mysterious clues within 2-hours with 38% off @Pyramaze Escape Rooms,2026-08-18 00:00:00,2026-10-01 00:00:00,250.0,0,0,0,1,0,0,0,0,0,0,0,0,0,0,0,0,0,0,0,0,0,1,0,0,0,0,0,0,0,1,0,0,0.08064516129032258,0.0,336.0,0.0035974313266467647,0.0,0.012232415902140673,2
OFFER_0224,20515.0,WAFFARHA,0.0,PERCENTAGE,37.5796178343949,228875.0,COCO Restaurants,Food & Beverages,NATIONWIDE,,NATIONWIDE,1,Delicious suhoor meal for 2 with 38% off @COCO Restaurants!,2026-03-19 00:00:00,2026-03-19 00:00:00,490.0,0,0,0,1,0,1,0,0,0,0,0,0,0,0,0,0,0,0,0,0,0,0,0,0,0,0,0,0,0,1,0,0,0.08081638243955892,0.0,2.0,1.0738600975064968e-05,0.0,0.5,2
OFFER_0128,20467.0,WAFFARHA,0.0,PERCENTAGE,42.0,228955.0,Haty Ahmed Nada,Food & Beverages,NATIONWIDE,,NATIONWIDE,1,"A dose of happiness the authentic Egyptian way with trays, grills, and tajines, with up to 41% off @Haty Ahmed Nada branches!",2026-08-18 00:00:00,2026-10-01 00:00:00,690.0,0,0,0,1,0,1,0,0,0,0,0,0,0,0,0,0,0,0,0,0,0,0,0,0,0,0,0,0,0,1,0,0,0.09032258064516129,0.0,3965.0,0.04256781426515754,0.0,0.015338263489454943,2
OFFER_1143,20516.0,WAFFARHA,0.0,PERCENTAGE,70.1,228958.0,Wellness Dental Clinic,Clinics ,NATIONWIDE,,NATIONWIDE,1,"Teeth Checkup, Scaling & Laser whitening with up to 70% Off @Wellness Dental Clinic!",2026-08-18 00:00:00,2026-10-01 00:00:00,299.0,0,0,0,1,0,0,0,0,0,0,0,0,0,0,1,0,0,0,0,0,0,0,0,0,0,0,0,0,0,1,0,0,0.150752688172043,0.0,3.0,2.1477201950129936e-05,0.0,1.0,2
OFFER_0801,20565.0,WAFFARHA,0.0,PERCENTAGE,38.75,228959.0,The Dark House,Entertainment,NATIONWIDE,,NATIONWIDE,1,"Escape adventure & solve the mysteries with up to 39% off @The Dark House, Nasr City",2026-08-18 00:00:00,2026-10-01 00:00:00,245.0,0,0,0,1,0,0,0,0,0,0,0,0,0,0,0,0,0,0,0,0,0,1,0,0,0,0,0,0,0,1,0,0,0.08333333333333333,0.0,281.0,0.003006808273018191,0.0,0.01838235294117647,2
OFFER_0008,20468.0,WAFFARHA,0.0,PERCENTAGE,48.4375,228960.0,Dodz Fried Chicken,Food & Beverages,NATIONWIDE,,NATIONWIDE,1,Taste Crispy & juicy fried chicken with 35% off @Dodz Fried Chicken branches!,2026-08-18 00:00:00,2026-10-01 00:00:00,185.0,0,0,0,1,0,1,0,0,0,0,0,0,0,0,0,0,0,0,0,0,0,0,0,0,0,0,0,0,0,1,0,0,0.10416666666666667,0.0,1819.0,0.019522776572668113,0.0,0.0798035604665439,2
OFFER_1123,20369,WAFFARHA,0.0,PERCENTAGE,52.0,228961.0,Escape Hub 13,Entertainment,NATIONWIDE,,NATIONWIDE,1,Solve the mysteries and escape the haunted house with 52% off @Escape Hub 13!,2026-08-18 00:00:00,2026-10-01 00:00:00,240.0,0,0,0,1,0,0,0,0,0,0,0,0,0,0,0,0,0,0,0,0,0,1,0,0,0,0,0,0,0,1,0,0,0.11182795698924732,0.0,255.0,0.002727604647666502,0.0,0.0,0
OFFER_0427,20419.0,WAFFARHA,0.0,PERCENTAGE,30.8176100628931,228962.0,Qasr ElKababgi,Food & Beverages,NATIONWIDE,,NATIONWIDE,1,2-Pax Suhoor featuring oriental dishes with 31% off @Qasr ElKbabgi branches,2026-03-19 00:00:00,2026-03-19 00:00:00,550.0,0,0,0,1,0,1,0,0,0,0,0,0,0,0,0,0,0,0,0,0,0,0,0,0,0,0,0,0,0,1,0,0,0.06627443024278086,0.0,18.0,0.00018255621657610447,0.0,0.16666666666666666,2
OFFER_0222,20517.0,WAFFARHA,0.0,PERCENTAGE,25.0,228757.0,Aboullaban Sweets,Food & Beverages,NATIONWIDE,,NATIONWIDE,1,Enjoy a special Ramadan in various shapes & sizes with 25% off @Aboullaban sweets branches!,2026-03-19 00:00:00,2026-03-19 00:00:00,250.0,0,0,0,1,0,1,0,0,0,0,0,0,0,0,0,0,0,0,0,0,0,0,0,0,0,0,0,0,0,1,0,0,0.053763440860215055,0.0,61.0,0.0006443160585038982,0.0,0.9655172413793104,2
OFFER_0798,20566.0,WAFFARHA,0.0,PERCENTAGE,68.2857142857143,228915.0,The Cave Wellness & Fitness,Clinics ,NATIONWIDE,,NATIONWIDE,1,"Salt Cave & Morrocan Bath & massage packages for Men & Ladies with up to 68% off @The Cave Wellness & Fitness, Maadi",2026-08-18 00:00:00,2026-10-01 00:00:00,111.0,0,0,0,1,0,0,0,0,0,0,0,0,0,0,1,0,0,0,0,0,0,0,0,0,0,0,0,0,0,1,0,0,0.14685099846390173,0.0,3.0,2.1477201950129936e-05,0.0,1.0,2
OFFER_0774,20469.0,WAFFARHA,0.0,PERCENTAGE,56.875,228902.0,Taiyaki,Food & Beverages,NATIONWIDE,,NATIONWIDE,1,Ramadan drinks crafted with Japanese precision with 40% off,2026-03-19 00:00:00,2026-03-20 00:00:00,69.0,0,0,0,1,0,1,0,0,0,0,0,0,0,0,0,0,0,0,0,0,0,0,0,0,0,0,0,0,0,1,0,0,0.12231182795698925,0.0,23.0,0.0002362492214514293,0.0,0.7727272727272727,2
OFFER_1079,20370.0,WAFFARHA,0.0,PERCENTAGE,68.9655172413793,228963.0,Hamam Ali Basha,Clinics ,NATIONWIDE,,NATIONWIDE,1,"Salt Cave & Moroccan Bath packages for Men & Ladies with up to 69% off @Hamam Ali Basha, Pyramids Gardens!",2026-08-18 00:00:00,2026-10-01 00:00:00,399.0,0,0,0,1,0,0,0,0,0,0,0,0,0,0,1,0,0,0,0,0,0,0,0,0,0,0,0,0,0,1,0,0,0.14831294030404152,0.0,2.0,1.0738600975064968e-05,0.0,1.0,2
OFFER_0018,20518.0,WAFFARHA,0.0,PERCENTAGE,34.0,228965.0,Zamalek Kayak,Entertainment,NATIONWIDE,,NATIONWIDE,1,34% off 60 min Kayak for 1 person at Zamalek Kayak!,2026-08-18 00:00:00,2026-10-01 00:00:00,99.0,0,0,0,1,0,0,0,0,0,0,0,0,0,0,0,0,0,0,0,0,0,1,0,0,0,0,0,0,0,1,0,0,0.07311827956989247,0.0,410.0,0.004392087798801572,0.0,0.007444168734491315,2
OFFER_1096,24110.0,WAFFARHA,0.0,PERCENTAGE,54.8484848484848,228966.0,Pizza Station,Food & Beverages,NATIONWIDE,,NATIONWIDE,1,Tasty Pizza Combos & pasta with up to 55% off at all Pizza Station branches!,2026-08-18 00:00:00,2026-10-01 00:00:00,149.0,0,0,0,1,0,1,0,0,0,0,0,0,0,0,0,0,0,0,0,0,0,0,0,0,0,0,0,0,0,1,0,0,0.11795373085695657,0.0,6611.0,0.07098215244517944,0.0,0.11010891763104153,2
OFFER_0314,20470.0,WAFFARHA,0.0,PERCENTAGE,40.9545454545454,228891.0,Guzel Medical Spa,Clinics ,NATIONWIDE,,NATIONWIDE,1,"Various full bridal care packages with up to 41% off @Guzel Medical Spa, Nasr City!",2026-08-18 00:00:00,2026-10-01 00:00:00,1299.0,0,0,0,1,0,0,0,0,0,0,0,0,0,0,1,0,0,0,0,0,0,0,0,0,0,0,0,0,0,1,0,0,0.08807429130009764,0.0,1.0,0.0,0.0,1.0,2
OFFER_0875,24205.0,WAFFARHA,0.0,PERCENTAGE,37.5,228967.0,Koshery El-Sheikh,Food & Beverages,NATIONWIDE,,NATIONWIDE,1,Savor the authentic Egyptian flavors of Koshari & Tagine meals with up to 38% off @Koshery El Sheikh branches!,2026-08-18 00:00:00,2026-10-01 00:00:00,60.0,0,0,0,1,0,1,0,0,0,0,0,0,0,0,0,0,0,0,0,0,0,0,0,0,0,0,0,0,0,1,0,0,0.08064516129032258,0.0,2406.0,0.02582633534503125,0.0,0.10190151145782544,2
OFFER_1321,20421,WAFFARHA,0.0,PERCENTAGE,37.625,228968.0,Infinity Park,Entertainment,NATIONWIDE,,NATIONWIDE,1,"Arcade & Softplay games balance packages with up to 45% off @Infinity Park, 6th of October!",2026-08-18 00:00:00,2026-10-01 00:00:00,499.0,0,0,0,1,0,0,0,0,0,0,0,0,0,0,0,0,0,0,0,0,0,1,0,0,0,0,0,0,0,1,0,0,0.08091397849462366,0.0,202.0,0.0021584587959880587,0.0,0.0,0
OFFER_1211,20568,WAFFARHA,0.0,PERCENTAGE,30.7692307692308,228969.0,Fizza,Food & Beverages,NATIONWIDE,,NATIONWIDE,1,"Enjoy pizza meals of various & different flavors, with up to 32% @Fizza, 5th settlement!",2026-04-06 00:00:00,2026-05-01 00:00:00,180.0,0,0,0,1,0,1,0,0,0,0,0,0,0,0,0,0,0,0,0,0,0,0,0,0,0,0,0,0,0,1,0,0,0.06617038875103398,0.0,196.0,0.0020940271901376687,0.0,0.0,0
OFFER_1283,20471.0,WAFFARHA,0.0,PERCENTAGE,33.3333333333333,226555.0,Fun Family,Entertainment,NATIONWIDE,,NATIONWIDE,1,"Overdose of fun for kids with 33% off @Fun Family PARK, inside Merryland Park - Heliopolis!",2026-04-12 00:00:00,2026-05-01 00:00:00,200.0,0,0,0,1,0,0,0,0,0,0,0,0,0,0,0,0,0,0,0,0,0,1,0,0,0,0,0,0,0,1,0,0,0.07168458781362,0.0,35.0,0.00036511243315220894,0.0,0.34285714285714286,2
OFFER_0390,20422.0,WAFFARHA,0.0,PERCENTAGE,42.0833333333333,228970.0,VOID,Entertainment,NATIONWIDE,,NATIONWIDE,1,"Amazing Pc & PlayStation games with up to 42% off @VOID Gaming Centre, Arabella Plaza Mall - 3th Settlement!",2026-07-09 00:00:00,2026-08-01 00:00:00,95.0,0,0,0,1,0,0,0,0,0,0,0,0,0,0,0,0,0,0,0,0,0,1,0,0,0,0,0,0,0,1,0,0,0.09050179211469526,0.0,232.0,0.0024806168252400076,0.0,0.017857142857142856,2
OFFER_0913,20520.0,WAFFARHA,0.0,PERCENTAGE,73.3333333333333,228971.0,Dental Spot Clinic,Clinics ,NATIONWIDE,,NATIONWIDE,1,71% off for Teeth Checkup and polishing Package @Dental Spot!,2026-08-18 00:00:00,2026-10-01 00:00:00,300.0,0,0,0,1,0,0,0,0,0,0,0,0,0,0,1,0,0,0,0,0,0,0,0,0,0,0,0,0,0,1,0,0,0.1577060931899641,0.0,5.0,4.295440390025987e-05,0.0,1.0,2
OFFER_0110,20569.0,WAFFARHA,0.0,PERCENTAGE,36.6666666666667,228972.0,BUU Burger,Food & Beverages,NATIONWIDE,,NATIONWIDE,1,Combo chicken & beef sandwiches of your choice with up to 37% off @BUU Burger branches!,2026-08-18 00:00:00,2026-10-01 00:00:00,150.0,0,0,0,1,0,1,0,0,0,0,0,0,0,0,0,0,0,0,0,0,0,0,0,0,0,0,0,0,0,1,0,0,0.07885304659498216,0.0,624.0,0.006690148407465475,0.0,0.021666666666666667,2
OFFER_0564,20472.0,WAFFARHA,0.0,PERCENTAGE,45.2380952380952,228973.0,Escapers,Entertainment,NATIONWIDE,,NATIONWIDE,1,"Thrilling adventures, excitement, and mystery-solving with 45% off @Escapers, Nasr City!",2026-08-18 00:00:00,2026-10-01 00:00:00,230.0,0,0,0,1,0,0,0,0,0,0,0,0,0,0,0,0,0,0,0,0,0,1,0,0,0,0,0,0,0,1,0,0,0.0972862263184843,0.0,225.0,0.002405446618414553,0.0,0.0045871559633027525,2
OFFER_0050,20423.0,WAFFARHA,0.0,PERCENTAGE,36.3636363636364,228975.0,Escape Room New Cairo,Entertainment,NATIONWIDE,,NATIONWIDE,1,60 minutes of adventure & excitement with 36% off @Escape Room,2026-08-18 00:00:00,2026-10-01 00:00:00,280.0,0,0,0,1,0,0,0,0,0,0,0,0,0,0,0,0,0,0,0,0,0,1,0,0,0,0,0,0,0,1,0,0,0.07820136852394925,0.0,322.0,0.003447090912995855,0.0,0.0032679738562091504,2
OFFER_1293,20521,WAFFARHA,0.0,PERCENTAGE,30.0,228976.0,Villa Rushdi,Entertainment,NATIONWIDE,,NATIONWIDE,1,Horror escape rooms excitement with up to 31% off @Villa Rushdi,2026-08-18 00:00:00,2026-10-01 00:00:00,245.0,0,0,0,1,0,0,0,0,0,0,0,0,0,0,0,0,0,0,0,0,0,1,0,0,0,0,0,0,0,1,0,0,0.06451612903225806,0.0,205.0,0.0021906745989132537,0.0,0.0,0
OFFER_1219,20473,WAFFARHA,0.0,PERCENTAGE,30.0,228977.0,Nile Way Boat,Entertainment,NATIONWIDE,,NATIONWIDE,1,Sohour & Nile cruise for a person in a group or 2 pax with 30% off at Nile way Maadi!,2026-03-19 00:00:00,2026-03-19 00:00:00,385.0,0,0,0,1,0,0,0,0,0,0,0,0,0,0,0,0,0,0,0,0,0,1,0,0,0,0,0,0,0,1,0,0,0.06451612903225806,0.0,1.0,0.0,0.0,0.0,0
OFFER_0371,20374,WAFFARHA,0.0,PERCENTAGE,38.75,228978.0,Mini Maze Kids Area,Entertainment,NATIONWIDE,,NATIONWIDE,1,"Hosting packages and fun time for your Kid with up to 46% off at Mini Maze, Maadi City Centre Mall!",2026-08-18 00:00:00,2026-10-01 00:00:00,245.0,0,0,0,1,0,0,0,0,0,0,0,0,0,0,0,0,0,0,0,0,0,1,0,0,0,0,0,0,0,1,0,0,0.08333333333333333,0.0,153.0,0.0016322673482098752,0.0,0.0,0
OFFER_0329,20424.0,WAFFARHA,0.0,PERCENTAGE,30.4964539007092,228895.0,Happy Dolphin & Nile Lily,Food & Beverages,NATIONWIDE,,NATIONWIDE,1,"Fancy open Iftar buffet on the Nile view with 30% off @Nile Lily Restaurant, Manyal!",2026-03-19 00:00:00,2026-03-19 00:00:00,490.0,0,0,0,1,0,1,0,0,0,0,0,0,0,0,0,0,0,0,0,0,0,0,0,0,0,0,0,0,0,1,0,0,0.06558377182948215,0.0,21.0,0.00021477201950129938,0.0,0.9411764705882353,2
OFFER_0625,24486.0,WAFFARHA,0.0,PERCENTAGE,29.6153846153846,228979.0,Abou-Shakra,Food & Beverages,NATIONWIDE,,NATIONWIDE,1,Mix Grill meal with 30% off @Abou Shakra Restaurants!,2026-08-18 00:00:00,2026-10-01 00:00:00,549.0,0,0,0,1,0,1,0,0,0,0,0,0,0,0,0,0,0,0,0,0,0,0,0,0,0,0,0,0,0,1,0,0,0.0636889991728701,0.0,2381.0,0.025557870320654624,0.0,0.011135857461024499,2
OFFER_0861,20375.0,WAFFARHA,0.0,PERCENTAGE,33.3333333333333,228981.0,Another World Egypt,Entertainment,NATIONWIDE,,NATIONWIDE,1,"New dimensions of fun with 33% off @Another World Egypt, Sheikh Zayed! EGP 200 instead of EGP 300",2026-08-18 00:00:00,2026-10-01 00:00:00,200.0,0,0,0,1,0,0,0,0,0,0,0,0,0,0,0,0,0,0,0,0,0,1,0,0,0,0,0,0,0,1,0,0,0.07168458781362,0.0,377.0,0.004037713966624428,0.0,0.01092896174863388,2
OFFER_0299,20425,WAFFARHA,0.0,PERCENTAGE,35.9223300970874,228982.0,Geo restaurant & cafe,Food & Beverages,NATIONWIDE,,NATIONWIDE,1,Ramadan Iftar buffet with a diverse menu with 36% off @Geo,2026-03-19 00:00:00,2026-03-19 00:00:00,330.0,0,0,0,1,0,1,0,0,0,0,0,0,0,0,0,0,0,0,0,0,0,0,0,0,0,0,0,0,0,1,0,0,0.07725232278943528,0.0,1.0,0.0,0.0,0.0,0
OFFER_0840,20523,WAFFARHA,0.0,PERCENTAGE,30.0,228978.0,Mini Maze Kids Area,Entertainment,NATIONWIDE,,NATIONWIDE,1,"Celebrate your kid's birthday party with 30% and at Mini Maze Kids Area, Maadi City Center Mall",2026-08-18 00:00:00,2026-10-01 00:00:00,1960.0,0,0,0,1,0,0,0,0,0,0,0,0,0,0,0,0,0,0,0,0,0,1,0,0,0,0,0,0,0,1,0,0,0.06451612903225806,0.0,121.0,0.0012886321170077963,0.0,0.0,0
OFFER_0980,23935.0,WAFFARHA,0.0,PERCENTAGE,68.9181111775254,228983.0,JOIA SUSHI & GRILL,Food & Beverages,NATIONWIDE,,NATIONWIDE,1,Combo Sushi meals with up to 66% off @JOIA SUSHI & GRILL!,2026-08-18 00:00:00,2026-10-01 00:00:00,350.0,0,0,0,1,0,1,0,0,0,0,0,0,0,0,0,0,0,0,0,0,0,0,0,0,0,0,0,0,0,1,0,0,0.14821099177962452,0.0,13702.0,0.14712957195936513,0.0,0.02666775403686185,2
OFFER_0944,20376.0,WAFFARHA,0.0,PERCENTAGE,31.25,228985.0,The Horror House,Entertainment,NATIONWIDE,,NATIONWIDE,1,A real horror experience with 31% off at The Horror House!,2026-08-18 00:00:00,2026-10-01 00:00:00,55.0,0,0,0,1,0,0,0,0,0,0,0,0,0,0,0,0,0,0,0,0,0,1,0,0,0,0,0,0,0,1,0,0,0.06720430107526881,0.0,291.0,0.0031141942827688407,0.0,0.025,2
OFFER_0416,20573.0,WAFFARHA,0.0,PERCENTAGE,25.4237288135593,228987.0,Monginis Egypt,Food & Beverages,NATIONWIDE,,NATIONWIDE,1,Ramadan sweets with a whole new taste with 26% off @Monginis branches,2026-03-19 00:00:00,2026-03-19 00:00:00,220.0,0,0,0,1,0,1,0,0,0,0,0,0,0,0,0,0,0,0,0,0,0,0,0,0,0,0,0,0,0,1,0,0,0.054674685620557634,0.0,68.0,0.0007194862653293529,0.0,0.896551724137931,2
OFFER_0576,20476.0,WAFFARHA,0.0,PERCENTAGE,30.0,226552.0,Jumanji MerryLand park,Entertainment,NATIONWIDE,,NATIONWIDE,1,"Unforgettable adventure games with 30% off @Jumanji Park, inside Merryland Park - Heliopolis!",2026-04-12 00:00:00,2026-05-01 00:00:00,315.0,0,0,0,1,0,0,0,0,0,0,0,0,0,0,0,0,0,0,0,0,0,1,0,0,0,0,0,0,0,1,0,0,0.06451612903225806,0.0,54.0,0.0005691458516784433,0.0,0.05660377358490566,2
OFFER_1228,20427.0,WAFFARHA,0.0,PERCENTAGE,30.2631578947368,228988.0,AirZone,Entertainment,NATIONWIDE,,NATIONWIDE,1,Unlimited trampoline fun with up to 30% off @AirZone Egypt Cairo & Alexandria branches!,2026-08-18 00:00:00,2026-10-01 00:00:00,245.0,0,0,0,1,0,0,0,0,0,0,0,0,0,0,0,0,0,0,0,0,0,1,0,0,0,0,0,0,0,1,0,0,0.06508205998868129,0.0,453.0,0.004853847640729366,0.0,0.11441647597254005,2
OFFER_0654,20525.0,WAFFARHA,0.0,PERCENTAGE,26.6666666666667,228708.0,Tseppas MG,Food & Beverages,NATIONWIDE,,NATIONWIDE,1,Ramadan desserts with 27% off @Tseppas MG,2026-03-19 00:00:00,2026-03-20 00:00:00,45.0,0,0,0,1,0,1,0,0,0,0,0,0,0,0,0,0,0,0,0,0,0,0,0,0,0,0,0,0,0,1,0,0,0.05734767025089613,0.0,448.0,0.004800154635854041,0.0,0.9728395061728395,2
OFFER_0348,20574,WAFFARHA,0.0,PERCENTAGE,30.0,228989.0,War End Game,Entertainment,NATIONWIDE,,NATIONWIDE,1,Conquer the battlefield with your friends in a VR world with 30% off @War End Game branches! Only EGP 350 instead of EGP 500!,2026-08-18 00:00:00,2026-10-01 00:00:00,350.0,0,0,0,1,0,0,0,0,0,0,0,0,0,0,0,0,0,0,0,0,0,1,0,0,0,0,0,0,0,1,0,0,0.06451612903225806,0.0,237.0,0.0025343098301153326,0.0,0.0,0
OFFER_0509,23915.0,WAFFARHA,0.0,PERCENTAGE,33.8461538461538,228990.0,Mince Burger,Food & Beverages,NATIONWIDE,,NATIONWIDE,1,Chicken & Burger combos of your choice with up to 32% @Mince Burger branches!,2026-08-18 00:00:00,2026-10-01 00:00:00,190.0,0,0,0,1,0,1,0,0,0,0,0,0,0,0,0,0,0,0,0,0,0,0,0,0,0,0,0,0,0,1,0,0,0.0727874276261372,0.0,2153.0,0.02310946929833981,0.0,0.10463378176382661,2
OFFER_0934,24478.0,WAFFARHA,0.0,PERCENTAGE,30.1507537688442,228991.0,Prego,Food & Beverages,NATIONWIDE,,NATIONWIDE,1,Mix grill meal with 30% off @Prego branches!,2026-08-18 00:00:00,2026-10-01 00:00:00,139.0,0,0,0,1,0,1,0,0,0,0,0,0,0,0,0,0,0,0,0,0,0,0,0,0,0,0,0,0,0,1,0,0,0.06484033068568645,0.0,2274.0,0.024408840016322673,0.0,0.12186559679037111,2
OFFER_1013,20428.0,WAFFARHA,0.0,PERCENTAGE,25.0,228889.0,Canelé patisserie,Food & Beverages,NATIONWIDE,,NATIONWIDE,1,Statement & Unforgettable Ramadan Desserts with 25% off @Canelé patisserie branches!,2026-03-19 00:00:00,2026-03-20 00:00:00,420.0,0,0,0,1,0,1,0,0,0,0,0,0,0,0,0,0,0,0,0,0,0,0,0,0,0,0,0,0,0,1,0,0,0.053763440860215055,0.0,7.0,6.443160585038982e-05,0.0,0.14285714285714285,2
OFFER_1274,20526.0,WAFFARHA,0.0,PERCENTAGE,66.6666666666666,228777.0,Dodo Beauty Center & Spa,Clinics ,NATIONWIDE,,NATIONWIDE,1,"Hair Italian dye, caviar & restoration sessions with up to 67% off @Dodo Beauty Center & Spa, Zahraa Maadi!",2026-08-18 00:00:00,2026-10-01 00:00:00,500.0,0,0,0,1,0,0,0,0,0,0,0,0,0,0,1,0,0,0,0,0,0,0,0,0,0,0,0,0,0,1,0,0,0.14336917562724,0.0,8.0,7.517020682545478e-05,0.0,1.0,2
OFFER_0038,20478.0,WAFFARHA,0.0,PERCENTAGE,50.025,228726.0,Türkan Beauty & Spa,Clinics ,NATIONWIDE,,NATIONWIDE,1,"A bridal care package with 50% off @Türkan Beauty & Spa, Sheikh Zayed!",2026-08-18 00:00:00,2026-10-01 00:00:00,2499.0,0,0,0,1,0,0,0,0,0,0,0,0,0,0,1,0,0,0,0,0,0,0,0,0,0,0,0,0,0,1,0,0,0.10758064516129032,0.0,1.0,0.0,0.0,1.0,2
OFFER_0512,20379.0,WAFFARHA,0.0,PERCENTAGE,26.8292682926829,228992.0,Despacito,Food & Beverages,NATIONWIDE,,NATIONWIDE,1,A variety of cakes & Western desserts in assorted flavors of your choice with up to 27% off @Despacito branches!,2026-08-18 00:00:00,2026-10-01 00:00:00,115.0,0,0,0,1,0,1,0,0,0,0,0,0,0,0,0,0,0,0,0,0,0,0,0,0,0,0,0,0,0,1,0,0,0.05769735116706,0.0,1118.0,0.01199501728914757,0.0,0.01639344262295082,2
OFFER_1287,20429.0,WAFFARHA,0.0,PERCENTAGE,32.1428571428571,228993.0,Chillout Park,Entertainment,NATIONWIDE,,NATIONWIDE,1,Family Outing full of Play & Joy with 32% off @Chillout Park Heliopolis!,2026-08-18 00:00:00,2026-10-01 00:00:00,95.0,0,0,0,1,0,0,0,0,0,0,0,0,0,0,0,0,0,0,0,0,0,1,0,0,0,0,0,0,0,1,0,0,0.06912442396313355,0.0,625.0,0.006700887008440541,0.0,0.0016778523489932886,2
OFFER_0649,20527.0,WAFFARHA,0.0,PERCENTAGE,30.7692307692308,228994.0,Nile Leaders,Entertainment,NATIONWIDE,,NATIONWIDE,1,"31% off Kayak session for 1 person @Nile Leaders, Electricity Rowing Club, Zamalek!",2026-08-18 00:00:00,2026-10-01 00:00:00,90.0,0,0,0,1,0,0,0,0,0,0,0,0,0,0,0,0,0,0,0,0,0,1,0,0,0,0,0,0,0,1,0,0,0.06617038875103398,0.0,193.0,0.002061811387212474,0.0,0.031746031746031744,2
OFFER_0789,20576.0,WAFFARHA,0.0,PERCENTAGE,25.531914893617,228992.0,Despacito,Food & Beverages,NATIONWIDE,,NATIONWIDE,1,A selection of Ramadan desserts in flavors of your choice with up to 26% off @Despacito branches!,2026-03-19 00:00:00,2026-03-19 00:00:00,140.0,0,0,0,1,0,1,0,0,0,0,0,0,0,0,0,0,0,0,0,0,0,0,0,0,0,0,0,0,0,1,0,0,0.05490734385724086,0.0,9.0,8.590880780051974e-05,0.0,0.4444444444444444,2
OFFER_0571,20479.0,WAFFARHA,0.0,PERCENTAGE,26.4705882352941,228733.0,Delight Sweet House,Food & Beverages,NATIONWIDE,,NATIONWIDE,1,Oriental & Western desserts in a unique taste with up to 26% off at Delight Sweet House,2026-06-08 00:00:00,2026-07-01 00:00:00,125.0,0,0,0,1,0,1,0,0,0,0,0,0,0,0,0,0,0,0,0,0,0,0,0,0,0,0,0,0,0,1,0,0,0.05692599620493355,0.0,596.0,0.006389467580163656,0.0,0.017793594306049824,2
OFFER_0261,20380.0,WAFFARHA,0.0,PERCENTAGE,26.4705882352941,228736.0,Teta,Food & Beverages,NATIONWIDE,,NATIONWIDE,1,Desserts with a nostalgic taste with up to 26% off @Teta branches,2026-08-18 00:00:00,2026-10-01 00:00:00,125.0,0,0,0,1,0,1,0,0,0,0,0,0,0,0,0,0,0,0,0,0,0,0,0,0,0,0,0,0,0,1,0,0,0.05692599620493355,0.0,583.0,0.006249865767487811,0.0,0.016100178890876567,2
OFFER_0120,20430.0,WAFFARHA,0.0,PERCENTAGE,73.5294117647059,228703.0,Beauty Treatment Lounge,Clinics ,NATIONWIDE,,NATIONWIDE,1,Moroccan bath & skincare packages with up to 74% off @Beauty Treatment Lounge!,2026-08-18 00:00:00,2026-10-01 00:00:00,260.0,0,0,0,1,0,0,0,0,0,0,0,0,0,0,1,0,0,0,0,0,0,0,0,0,0,0,0,0,0,1,0,0,0.15812776723592667,0.0,6.0,5.3693004875324844e-05,0.0,1.0,2
OFFER_1122,20528.0,WAFFARHA,0.0,PERCENTAGE,50.0,228726.0,Türkan Beauty & Spa,Clinics ,NATIONWIDE,,NATIONWIDE,1,"Henna design packages with up to 50% off @Türkan Beauty & Spa, Sheikh Zayed!",2026-04-27 00:00:00,2026-06-01 00:00:00,380.0,0,0,0,1,0,0,0,0,0,0,0,0,0,0,1,0,0,0,0,0,0,0,0,0,0,0,0,0,0,1,0,0,0.10752688172043011,0.0,1.0,0.0,0.0,1.0,2
OFFER_0155,20577,WAFFARHA,0.0,PERCENTAGE,35.1351351351351,228916.0,Kiddo Cove,Entertainment,NATIONWIDE,,NATIONWIDE,1,"Celebrate your child’s birthday with a variety of packages with up to 35% off @Kiddo Cove, Almaza!",2026-05-07 00:00:00,2026-06-01 00:00:00,2400.0,0,0,0,1,0,0,0,0,0,0,0,0,0,0,0,0,0,0,0,0,0,1,0,0,0,0,0,0,0,1,0,0,0.07555943039814,0.0,44.0,0.00046175984192779366,0.0,0.0,0
OFFER_1208,20381.0,WAFFARHA,0.0,PERCENTAGE,54.7619047619048,228995.0,Chill Out Massage,Clinics ,NATIONWIDE,,NATIONWIDE,1,"Relax with special massage, baths & cupping sessions for men with up to 55% off @Chill Out Massage, Nasr City!",2026-08-18 00:00:00,2026-10-01 00:00:00,235.0,0,0,0,1,0,0,0,0,0,0,0,0,0,0,1,0,0,0,0,0,0,0,0,0,0,0,0,0,0,1,0,0,0.11776753712237592,0.0,13.0,0.00012886321170077963,0.0,1.0,2
OFFER_0132,23753.0,WAFFARHA,0.0,PERCENTAGE,61.3686534216335,228996.0,Chicken FilA,Food & Beverages,NATIONWIDE,,NATIONWIDE,1,Fried chicken & sandwiches meals with up to 61% off @Chicken FilA branches,2026-08-18 00:00:00,2026-10-01 00:00:00,155.0,0,0,0,1,0,1,0,0,0,0,0,0,0,0,0,0,0,0,0,0,0,0,0,0,0,0,0,0,0,1,0,0,0.13197559875620107,0.0,6015.0,0.06458194626404072,0.0,0.07720520814230698,2
OFFER_0783,20578.0,WAFFARHA,0.0,PERCENTAGE,24.7619047619048,228708.0,Tseppas MG,Food & Beverages,NATIONWIDE,,NATIONWIDE,1,"Treat your sweet tooth with fresh tasty Orientals, tortes & chocolates with up to 25% off from Tseppas MG!",2026-08-18 00:00:00,2026-10-01 00:00:00,49.0,0,0,0,1,0,1,0,0,0,0,0,0,0,0,0,0,0,0,0,0,0,0,0,0,0,0,0,0,0,1,0,0,0.053251408090117844,0.0,2637.0,0.02830695217027126,0.0,0.2761159687068569,2
OFFER_0938,20481.0,WAFFARHA,0.0,PERCENTAGE,36.6666666666667,228997.0,EgyRow,Entertainment,NATIONWIDE,,NATIONWIDE,1,"Kayak ride of your choice with up to 37% off at EgyRow, Inside Sea Scout club",2026-08-18 00:00:00,2026-10-01 00:00:00,95.0,0,0,0,1,0,0,0,0,0,0,0,0,0,0,0,0,0,0,0,0,0,1,0,0,0,0,0,0,0,1,0,0,0.07885304659498216,0.0,291.0,0.0031141942827688407,0.0,0.007042253521126761,2
OFFER_0751,20382.0,WAFFARHA,0.0,PERCENTAGE,58.0645161290323,228998.0,Hammam Sultan,Clinics ,NATIONWIDE,,NATIONWIDE,1,58% off Turkish Bath package for men @Hammam Al-Sultan spa branches!,2026-08-18 00:00:00,2026-10-01 00:00:00,650.0,0,0,0,1,0,0,0,0,0,0,0,0,0,0,1,0,0,0,0,0,0,0,0,0,0,0,0,0,0,1,0,0,0.12486992715920925,0.0,39.0,0.0004080668370524688,0.0,1.0,2
OFFER_1116,20432.0,WAFFARHA,0.0,PERCENTAGE,43.9393939393939,228999.0,Molo Broast,Food & Beverages,NATIONWIDE,,NATIONWIDE,1,Taste authentic fried chicken with sandwiches & combo meals at up to 44% off @Molo Broast!,2026-04-02 00:00:00,2026-05-01 00:00:00,150.0,0,0,0,1,0,1,0,0,0,0,0,0,0,0,0,0,0,0,0,0,0,0,0,0,0,0,0,0,0,1,0,0,0.09449332029977184,0.0,113.0,0.0012027233092072765,0.0,0.775,2
OFFER_0641,20530,WAFFARHA,0.0,PERCENTAGE,36.6666666666667,229000.0,Bag it,Food & Beverages,NATIONWIDE,,NATIONWIDE,1,"Delicious choices of dishes, sandwiches, and drinks with up to 37% off @Bag it, New Cairo!",2026-05-14 00:00:00,2026-06-01 00:00:00,95.0,0,0,0,1,0,1,0,0,0,0,0,0,0,0,0,0,0,0,0,0,0,0,0,0,0,0,0,0,0,1,0,0,0.07885304659498216,0.0,141.0,0.0015034041365090955,0.0,0.0,0
OFFER_1100,20579.0,WAFFARHA,0.0,PERCENTAGE,40.9090909090909,229001.0,Skywalker Trampoline,Entertainment,NATIONWIDE,,NATIONWIDE,1,"Jump session of 45 min with 32% off at Skywalker Trampoline, Arabella Plaza Mall!",2026-08-18 00:00:00,2026-10-01 00:00:00,170.0,0,0,0,1,0,0,0,0,0,0,0,0,0,0,0,0,0,0,0,0,0,1,0,0,0,0,0,0,0,1,0,0,0.08797653958944279,0.0,200.0,0.0021369815940379287,0.0,0.13793103448275862,2
OFFER_0997,20482.0,WAFFARHA,0.0,PERCENTAGE,31.7142857142857,228732.0,Ramage Hotel & Resort,Travel & Hotels,NATIONWIDE,,NATIONWIDE,1,"Enjoy your birthday party with your friends with 32% off @Ramage Hotel, 5th Settlement!",2026-08-18 00:00:00,2026-10-01 00:00:00,2390.0,0,0,0,1,0,0,0,1,0,0,0,0,0,0,0,0,0,0,0,0,0,0,0,0,0,0,0,0,0,1,0,0,0.0682027649769585,0.0,115.0,0.0012242005111574065,0.0,0.017543859649122806,2
OFFER_1007,20383.0,WAFFARHA,0.0,PERCENTAGE,33.9622641509434,229002.0,O'Mama Burger House,Food & Beverages,NATIONWIDE,,NATIONWIDE,1,Enjoy combo of diverse burger meals with up to 34% off @O'Mama Burger House branch!,2026-08-18 00:00:00,2026-10-01 00:00:00,175.0,0,0,0,1,0,1,0,0,0,0,0,0,0,0,0,0,0,0,0,0,0,0,0,0,0,0,0,0,0,1,0,0,0.07303712720632989,0.0,541.0,0.005798844526535083,0.0,0.001953125,2
OFFER_0817,20433.0,WAFFARHA,0.0,PERCENTAGE,26.4705882352941,229003.0,Amir Eldomiaty,Food & Beverages,NATIONWIDE,,NATIONWIDE,1,Ramadan special juices & desserts with up to 26% off @Amir Eldomiaty branches!,2026-03-19 00:00:00,2026-03-20 00:00:00,125.0,0,0,0,1,0,1,0,0,0,0,0,0,0,0,0,0,0,0,0,0,0,0,0,0,0,0,0,0,0,1,0,0,0.05692599620493355,0.0,33.0,0.000343635231202079,0.0,0.696969696969697,2
OFFER_0617,20531.0,WAFFARHA,0.0,PERCENTAGE,50.0,229004.0,Hammam Elbasha,Clinics ,NATIONWIDE,,NATIONWIDE,1,Men Moroccan bath & groom full care packages with up to 66% off @Hammam Elbasha!,2026-08-18 00:00:00,2026-10-01 00:00:00,450.0,0,0,0,1,0,0,0,0,0,0,0,0,0,0,1,0,0,0,0,0,0,0,0,0,0,0,0,0,0,1,0,0,0.10752688172043011,0.0,2.0,1.0738600975064968e-05,0.0,1.0,2
OFFER_1099,20580.0,WAFFARHA,0.0,PERCENTAGE,59.0909090909091,229005.0,Tetouan SPA,Clinics ,NATIONWIDE,,NATIONWIDE,1,Moroccan bath & Groom Royal packages with up to 59% @Tetouan Spa - Merghany!,2026-08-18 00:00:00,2026-10-01 00:00:00,450.0,0,0,0,1,0,0,0,0,0,0,0,0,0,0,1,0,0,0,0,0,0,0,0,0,0,0,0,0,0,1,0,0,0.12707722385141743,0.0,4.0,3.221580292519491e-05,0.0,1.0,2
OFFER_0891,20483.0,WAFFARHA,0.0,PERCENTAGE,50.0,229004.0,Hammam Elbasha,Clinics ,NATIONWIDE,,NATIONWIDE,1,Ladies care packages for body & hair with up to 45% off @Hammam Bent Elbasha - Qoba Gardens!,2026-08-18 00:00:00,2026-10-01 00:00:00,480.0,0,0,0,1,0,0,0,0,0,0,0,0,0,0,1,0,0,0,0,0,0,0,0,0,0,0,0,0,0,1,0,0,0.10752688172043011,0.0,2.0,1.0738600975064968e-05,0.0,1.0,2
OFFER_0988,20384.0,WAFFARHA,0.0,PERCENTAGE,43.3333333333333,229006.0,Oar N Sail,Entertainment,NATIONWIDE,,NATIONWIDE,1,"Different water sports of your choice with up to 60% off @Oar N Sail, Inside Cairo University Club",2026-08-18 00:00:00,2026-10-01 00:00:00,125.0,0,0,0,1,0,0,0,0,0,0,0,0,0,0,0,0,0,0,0,0,0,1,0,0,0,0,0,0,0,1,0,0,0.09318996415770602,0.0,313.0,0.0033504435042202704,0.0,0.009708737864077669,2
OFFER_0569,24113.0,WAFFARHA,0.0,PERCENTAGE,50.0,229007.0,Hunger Station,Food & Beverages,NATIONWIDE,,NATIONWIDE,1,Yummy super combo sandwiches & fried chicken meals with up to 42% off @Hunger Station branches,2026-08-18 00:00:00,2026-10-01 00:00:00,150.0,0,0,0,1,0,1,0,0,0,0,0,0,0,0,0,0,0,0,0,0,0,0,0,0,0,0,0,0,0,1,0,0,0.10752688172043011,0.0,2576.0,0.027651897510792296,0.0,0.23239120681920145,2
OFFER_0470,20532.0,WAFFARHA,0.0,PERCENTAGE,32.0,228911.0,Vovo Land,Entertainment,NATIONWIDE,,NATIONWIDE,1,"Celebrate your child's birthday with 32% off @Vovo Land, Zahraa Maadi!",2026-08-18 00:00:00,2026-10-01 00:00:00,1700.0,0,0,0,1,0,0,0,0,0,0,0,0,0,0,0,0,0,0,0,0,0,1,0,0,0,0,0,0,0,1,0,0,0.06881720430107527,0.0,120.0,0.0012778935160327313,0.0,0.03773584905660377,2
OFFER_0251,24526.0,WAFFARHA,0.0,PERCENTAGE,49.0909090909091,229008.0,Zack's,Food & Beverages,NATIONWIDE,,NATIONWIDE,1,"Combo fried chicken sandwiches meals with up to 49% off from Zack's, Haram!",2026-08-18 00:00:00,2026-10-01 00:00:00,140.0,0,0,0,1,0,1,0,0,0,0,0,0,0,0,0,0,0,0,0,0,0,0,0,0,0,0,0,0,0,1,0,0,0.1055718475073314,0.0,15990.0,0.17169949099031379,0.0,0.0020006668889629878,2
OFFER_0866,20484,WAFFARHA,0.0,PERCENTAGE,44.2857142857143,228837.0,Alku5,Food & Beverages,NATIONWIDE,,NATIONWIDE,1,Enjoy a traditional Suhoor in the nostalgic ambiance of the good old days with 44% off @El Alku5 Restaurant branches!,2026-03-19 00:00:00,2026-03-19 00:00:00,195.0,0,0,0,1,0,1,0,0,0,0,0,0,0,0,0,0,0,0,0,0,0,0,0,0,0,0,0,0,0,1,0,0,0.09523809523809526,0.0,10.0,9.664740877558472e-05,0.0,0.0,0
OFFER_1111,20385.0,WAFFARHA,0.0,PERCENTAGE,36.2244897959184,229009.0,Stage ElNile,Food & Beverages,NATIONWIDE,,NATIONWIDE,1,"Ramadan Sohour by the Nile with 36% off @Stage ElNile, Dokki!",2026-03-19 00:00:00,2026-03-19 00:00:00,180.0,0,0,0,1,0,1,0,0,0,0,0,0,0,0,0,0,0,0,0,0,0,0,0,0,0,0,0,0,0,1,0,0,0.07790212859337291,0.0,1.0,0.0,0.0,1.0,2
OFFER_0685,20435,WAFFARHA,0.0,PERCENTAGE,32.8358208955224,229010.0,Planet X,Entertainment,NATIONWIDE,,NATIONWIDE,1,"Choose your VR escape adventure with your friends with 33% off @Planet X, inside Arkan Plaza - Sheikh Zayed!",2026-06-02 00:00:00,2026-07-01 00:00:00,225.0,0,0,0,1,0,0,0,0,0,0,0,0,0,0,0,0,0,0,0,0,0,1,0,0,0,0,0,0,0,1,0,0,0.0706146685925213,0.0,44.0,0.00046175984192779366,0.0,0.0,0
OFFER_1188,20533.0,WAFFARHA,0.0,PERCENTAGE,30.4347826086956,229011.0,Park Egypt,Entertainment,NATIONWIDE,,NATIONWIDE,1,"Challenge your friends with karting, paintball & escape room games with up to 31% off @Park Egypt",2026-08-18 00:00:00,2026-10-01 00:00:00,320.0,0,0,0,1,0,0,0,0,0,0,0,0,0,0,0,0,0,0,0,0,0,1,0,0,0,0,0,0,0,1,0,0,0.0654511453950443,0.0,478.0,0.00512231266510599,0.0,0.004291845493562232,2
OFFER_0930,20582.0,WAFFARHA,0.0,PERCENTAGE,30.0,229012.0,No Mercy Escape,Entertainment,NATIONWIDE,,NATIONWIDE,1,Expect no mercy in the first escape room ever in Mokattam with 30% off @No Mercy Escape!,2026-08-18 00:00:00,2026-10-01 00:00:00,210.0,0,0,0,1,0,0,0,0,0,0,0,0,0,0,0,0,0,0,0,0,0,1,0,0,0,0,0,0,0,1,0,0,0.06451612903225806,0.0,118.0,0.0012564163140826013,0.0,0.008695652173913044,2
OFFER_0701,20485.0,WAFFARHA,0.0,PERCENTAGE,30.0,228843.0,Gravity Code,Entertainment,NATIONWIDE,,NATIONWIDE,1,30% off fun time for your kids inside Gravity Code Kids area!,2026-03-19 00:00:00,2026-03-20 00:00:00,175.0,0,0,0,1,0,0,0,0,0,0,0,0,0,0,0,0,0,0,0,0,0,1,0,0,0,0,0,0,0,1,0,0,0.06451612903225806,0.0,87.0,0.0009235196838555873,0.0,0.9365079365079365,2
OFFER_0320,20534,WAFFARHA,0.0,PERCENTAGE,30.0,229015.0,Volt Gaming Center,Entertainment,NATIONWIDE,,NATIONWIDE,1,"Enjoy a world of imagination & excitement with the latest virtual reality games, with up to 32% off @Volt Gaming Center, 5th Settlement!",2026-08-18 00:00:00,2026-10-01 00:00:00,70.0,0,0,0,1,0,0,0,0,0,0,0,0,0,0,0,0,0,0,0,0,0,1,0,0,0,0,0,0,0,1,0,0,0.06451612903225806,0.0,212.0,0.0022658448057387083,0.0,0.0,0
OFFER_0276,20583.0,WAFFARHA,0.0,PERCENTAGE,45.1612903225806,229016.0,Citrus Restaurant & Cafe,Food & Beverages,NATIONWIDE,,NATIONWIDE,1,"Variety of meals, main courses & dessert with up to 47% off @Citrus Restaurant & Cafe, Paradise Park - Heliopolis!",2026-06-15 00:00:00,2026-07-01 00:00:00,119.0,0,0,0,1,0,1,0,0,0,0,0,0,0,0,0,0,0,0,0,0,0,0,0,0,0,0,0,0,0,1,0,0,0.09712105445716257,0.0,178.0,0.0019007323725864994,0.0,0.005780346820809248,2
OFFER_0131,20486.0,WAFFARHA,0.0,PERCENTAGE,30.0,229017.0,BLSTR Egypt,Entertainment,NATIONWIDE,,NATIONWIDE,1,"Challenge your friends with Paintball & Padel games with up to 46% off @BLSTR Egypt, Shorouk City!",2026-04-21 00:00:00,2026-06-01 00:00:00,175.0,0,0,0,1,0,0,0,0,0,0,0,0,0,0,0,0,0,0,0,0,0,1,0,0,0,0,0,0,0,1,0,0,0.06451612903225806,0.0,100.0,0.0010631214965314318,0.0,0.010101010101010102,2
OFFER_0429,20387.0,WAFFARHA,0.0,PERCENTAGE,29.5238095238095,226556.0,E-ZONE,Entertainment,NATIONWIDE,,NATIONWIDE,1,"Amusing times for kids & adults with 30% off @E-ZONE, Citystars Mall! EGP 370 worth of games balance with the value of EGP 525",2026-07-21 00:00:00,2026-09-01 00:00:00,370.0,0,0,0,1,0,0,0,0,0,0,0,0,0,0,0,0,0,0,0,0,0,1,0,0,0,0,0,0,0,1,0,0,0.06349206349206345,0.0,89.0,0.0009449968858057172,0.0,0.07954545454545454,2
OFFER_1238,20437.0,WAFFARHA,0.0,PERCENTAGE,38.1818181818182,229018.0,Red Zone,Entertainment,NATIONWIDE,,NATIONWIDE,1,"Adventure, challenge, and sports game package with 38% off @Red Zone!",2026-05-21 00:00:00,2026-07-01 00:00:00,340.0,0,0,0,1,0,0,0,0,0,0,0,0,0,0,0,0,0,0,0,0,0,1,0,0,0,0,0,0,0,1,0,0,0.08211143695014667,0.0,72.0,0.0007624406692296128,0.0,0.07142857142857142,2
OFFER_0353,20535.0,WAFFARHA,0.0,PERCENTAGE,45.4545454545454,228774.0,Cityscape Mall,Entertainment,NATIONWIDE,,NATIONWIDE,1,"Rope climbing & trampoline games with up to 45% off at Ninja Max, Cityscape Mall!",2026-08-18 00:00:00,2026-10-01 00:00:00,60.0,0,0,0,1,0,0,0,0,0,0,0,0,0,0,0,0,0,0,0,0,0,1,0,0,0,0,0,0,0,1,0,0,0.09775171065493635,0.0,310.0,0.0033182277012950754,0.0,0.3709090909090909,2
OFFER_0673,20584,WAFFARHA,0.0,PERCENTAGE,46.5384615384615,229019.0,Trunky,Food & Beverages,NATIONWIDE,,NATIONWIDE,1,All your favorite Oriental & burger meals plus grills with up to 47% off @Trunky branches!,2026-08-18 00:00:00,2026-10-01 00:00:00,139.0,0,0,0,1,0,1,0,0,0,0,0,0,0,0,0,0,0,0,0,0,0,0,0,0,0,0,0,0,0,1,0,0,0.10008271298593871,0.0,443.0,0.004746461630978716,0.0,0.0,0
OFFER_0501,20487.0,WAFFARHA,0.0,PERCENTAGE,30.5555555555555,229020.0,The Digger Hub,Entertainment,NATIONWIDE,,NATIONWIDE,1,"31% off 2 hours of safe heavy construction activities for your kid & tons of fun @The Digger Hub, CFC Mall.",2026-08-18 00:00:00,2026-10-01 00:00:00,250.0,0,0,0,1,0,0,0,0,0,0,0,0,0,0,0,0,0,0,0,0,0,1,0,0,0,0,0,0,0,1,0,0,0.06571087216248495,0.0,75.0,0.0007946564721548077,0.0,0.08108108108108109,2
OFFER_1189,20388.0,WAFFARHA,0.0,PERCENTAGE,30.4651162790698,229021.0,Atlantis Corners,Food & Beverages,NATIONWIDE,,NATIONWIDE,1,Ramadan Iftar on a direct Nile view with mix grill & boneless chicken meals with 30% off @Atlantis Corners!,2026-03-19 00:00:00,2026-03-19 00:00:00,299.0,0,0,0,1,0,1,0,0,0,0,0,0,0,0,0,0,0,0,0,0,0,0,0,0,0,0,0,0,0,1,0,0,0.06551637909477376,0.0,11.0,0.00010738600975064969,0.0,0.8888888888888888,2
OFFER_1268,20438.0,WAFFARHA,0.0,PERCENTAGE,30.0,229021.0,Atlantis Corners,Food & Beverages,NATIONWIDE,,NATIONWIDE,1,Oriental Sohour on the Nile view with 30% off @Atlantis Corners!,2026-03-19 00:00:00,2026-03-19 00:00:00,175.0,0,0,0,1,0,1,0,0,0,0,0,0,0,0,0,0,0,0,0,0,0,0,0,0,0,0,0,0,0,1,0,0,0.06451612903225806,0.0,4.0,3.221580292519491e-05,0.0,0.75,2
OFFER_0394,20536.0,WAFFARHA,0.0,PERCENTAGE,37.8125,229022.0,My Park,Entertainment,NATIONWIDE,,NATIONWIDE,1,"A fun day to the max for kids  & adults with up to 35% off at My Park, Maadi!",2026-08-18 00:00:00,2026-10-01 00:00:00,155.0,0,0,0,1,0,0,0,0,0,0,0,0,0,0,0,0,0,0,0,0,0,1,0,0,0,0,0,0,0,1,0,0,0.08131720430107527,0.0,203.0,0.0021691973969631237,0.0,0.03125,2
OFFER_0687,20585.0,WAFFARHA,0.0,PERCENTAGE,36.5384615384615,229023.0,Shabaa,Food & Beverages,NATIONWIDE,,NATIONWIDE,1,"Various Suhoor options with up to 37% off @Shabaa Restaurant, Heliopolis!",2026-03-19 00:00:00,2026-03-19 00:00:00,75.0,0,0,0,1,0,1,0,0,0,0,0,0,0,0,0,0,0,0,0,0,0,0,0,0,0,0,0,0,0,1,0,0,0.07857733664185268,0.0,7.0,6.443160585038982e-05,0.0,1.0,2
OFFER_1281,20488.0,WAFFARHA,0.0,PERCENTAGE,34.1692789968652,229024.0,Fares Seafood Restaurant,Food & Beverages,NATIONWIDE,,NATIONWIDE,1,Variety of seafood meals with up to 34% off @Fares Seafood branches!,2026-08-18 00:00:00,2026-10-01 00:00:00,420.0,0,0,0,1,0,1,0,0,0,0,0,0,0,0,0,0,0,0,0,0,0,0,0,0,0,0,0,0,0,1,0,0,0.07348232042336603,0.0,730.0,0.007828440110822362,0.0,0.005714285714285714,2
OFFER_1182,20389.0,WAFFARHA,0.0,PERCENTAGE,42.4198250728863,228877.0,Leven lounge,Food & Beverages,NATIONWIDE,,NATIONWIDE,1,"Unique flavors & vibes to discover in a hidden gem with up to 42% off @Leven Lounge, inside Tivoli Dome - Heliopolis!",2026-08-18 00:00:00,2026-10-01 00:00:00,225.0,0,0,0,1,0,1,0,0,0,0,0,0,0,0,0,0,0,0,0,0,0,0,0,0,0,0,0,0,0,1,0,0,0.0912254302642716,0.0,241.0,0.0025772642340155926,0.0,0.02145922746781116,2
OFFER_1294,24130.0,WAFFARHA,0.0,PERCENTAGE,46.2162162162162,229026.0,Stuffit,Food & Beverages,NATIONWIDE,,NATIONWIDE,1,"Enjoy the most delicious oriental feteer & meshaltet with an authentic countryside flavor that whets your appetite, with up to 31% off @Stuffit branches!",2026-08-18 00:00:00,2026-10-01 00:00:00,160.0,0,0,0,1,0,1,0,0,0,0,0,0,0,0,0,0,0,0,0,0,0,0,0,0,0,0,0,0,0,1,0,0,0.09938971229293807,0.0,3581.0,0.03844419149073259,0.0,0.01091123562370982,2
OFFER_0709,24132,WAFFARHA,0.0,PERCENTAGE,30.7692307692308,229027.0,Shaltata,Food & Beverages,NATIONWIDE,,NATIONWIDE,1,Your gathering is better with savory and sweet oriental feteer meals with to 31% off @all shaltata branches!,2026-08-18 00:00:00,2026-10-01 00:00:00,180.0,0,0,0,1,0,1,0,0,0,0,0,0,0,0,0,0,0,0,0,0,0,0,0,0,0,0,0,0,0,1,0,0,0.06617038875103398,0.0,1172.0,0.012574901741801078,0.0,0.0,0
OFFER_0154,20489.0,WAFFARHA,0.0,PERCENTAGE,37.8125,229028.0,Adrenalin Park,Entertainment,NATIONWIDE,,NATIONWIDE,1,Feel the adrenaline rush combating in Laser tag & Paintball with up to 38% off @Adrenalin Park branches!,2026-08-18 00:00:00,2026-10-01 00:00:00,199.0,0,0,0,1,0,0,0,0,0,0,0,0,0,0,0,0,0,0,0,0,0,1,0,0,0,0,0,0,0,1,0,0,0.08131720430107527,0.0,1336.0,0.014336032301711732,0.0,0.007686395080707148,2
OFFER_0733,20390.0,WAFFARHA,0.0,PERCENTAGE,38.0434782608696,229029.0,Kouta Park,Entertainment,NATIONWIDE,,NATIONWIDE,1,"Let fun & happiness meet for all ages with up to 38% off @Kouta Park,Mamourah- Alexandria!",2026-08-18 00:00:00,2026-10-01 00:00:00,240.0,0,0,0,1,0,0,0,0,0,0,0,0,0,0,0,0,0,0,0,0,0,1,0,0,0,0,0,0,0,1,0,0,0.08181393174380559,0.0,391.0,0.004188054380275337,0.0,0.06233062330623306,2
OFFER_0561,20440.0,WAFFARHA,0.0,PERCENTAGE,44.2857142857143,228774.0,Cityscape Mall,Entertainment,NATIONWIDE,,NATIONWIDE,1,"Bubble Fight game with 31% off @Ninja Max, Cityscape Mall!",2026-08-18 00:00:00,2026-10-01 00:00:00,55.0,0,0,0,1,0,0,0,0,0,0,0,0,0,0,0,0,0,0,0,0,0,1,0,0,0,0,0,0,0,1,0,0,0.09523809523809526,0.0,369.0,0.003951805158823908,0.0,0.08262108262108261,2
OFFER_0414,20538.0,WAFFARHA,0.0,PERCENTAGE,35.2941176470588,228734.0,3amohm,Food & Beverages,NATIONWIDE,,NATIONWIDE,1,A selection of suhoor choices oriental or western with up to 40% off @3mohom!,2026-03-19 00:00:00,2026-03-19 00:00:00,55.0,0,0,0,1,0,1,0,0,0,0,0,0,0,0,0,0,0,0,0,0,0,0,0,0,0,0,0,0,0,1,0,0,0.07590132827324472,0.0,4.0,3.221580292519491e-05,0.0,0.25,2
OFFER_0563,20587.0,WAFFARHA,0.0,PERCENTAGE,37.8947368421053,229030.0,New Talinda,Food & Beverages,NATIONWIDE,,NATIONWIDE,1,"Make your Ramadan iftar by the Nile with a unique atmosphere with up to 38% off@New Talinda, Maadi!",2026-03-19 00:00:00,2026-03-19 00:00:00,295.0,0,0,0,1,0,1,0,0,0,0,0,0,0,0,0,0,0,0,0,0,0,0,0,0,0,0,0,0,0,1,0,0,0.08149405772495764,0.0,2.0,1.0738600975064968e-05,0.0,1.0,2
OFFER_0999,20490.0,WAFFARHA,0.0,PERCENTAGE,66.25,229030.0,New Talinda,Food & Beverages,NATIONWIDE,,NATIONWIDE,1,"Suhoor in Ramadan tastes better by the Nile with 66% off @New Talinda, Maadi!",2026-03-19 00:00:00,2026-03-19 00:00:00,135.0,0,0,0,1,0,1,0,0,0,0,0,0,0,0,0,0,0,0,0,0,0,0,0,0,0,0,0,0,0,1,0,0,0.1424731182795699,0.0,4.0,3.221580292519491e-05,0.0,0.25,2
OFFER_0906,20391.0,WAFFARHA,0.0,PERCENTAGE,32.9192546583851,229031.0,Volo's Cafe,Food & Beverages,NATIONWIDE,,NATIONWIDE,1,Enjoy a special Ramadan Iftar experience in the heart of the Nile with up to 33% off @Volo’s Cafe branches!,2026-03-19 00:00:00,2026-03-19 00:00:00,540.0,0,0,0,1,0,1,0,0,0,0,0,0,0,0,0,0,0,0,0,0,0,0,0,0,0,0,0,0,0,1,0,0,0.07079409603953785,0.0,7.0,6.443160585038982e-05,0.0,0.8,2
OFFER_1089,20441.0,WAFFARHA,0.0,PERCENTAGE,42.1875,229032.0,Dreamerz Hub,Retail & Services,NATIONWIDE,,NATIONWIDE,1,"Boost your productivity in the perfect comfortable atmosphere with up to 42% off @Dreamers Hub Co-Working Space, Nasr City!",2026-08-18 00:00:00,2026-10-01 00:00:00,40.0,0,0,0,1,0,0,0,0,0,0,0,0,0,0,0,0,0,0,0,0,0,0,0,0,0,0,1,0,0,1,0,0,0.0907258064516129,0.0,595.0,0.0063787289791885915,0.0,0.00528169014084507,2
OFFER_0104,20539,WAFFARHA,0.0,PERCENTAGE,36.3636363636364,229033.0,Espaces,Retail & Services,NATIONWIDE,,NATIONWIDE,1,Tailor your day for creativity & focus at environment surrounded by engagement with up 53% off @Espaces Co-working Space branches!,2026-08-18 00:00:00,2026-10-01 00:00:00,70.0,0,0,0,1,0,0,0,0,0,0,0,0,0,0,0,0,0,0,0,0,0,0,0,0,0,0,1,0,0,1,0,0,0.07820136852394925,0.0,742.0,0.007957303322523143,0.0,0.0,0
OFFER_0870,20588.0,WAFFARHA,0.0,PERCENTAGE,32.1428571428571,229034.0,Peekaboo,Entertainment,NATIONWIDE,,NATIONWIDE,1,Fun time for Kids & Family with 32% off at PeekAPoo branches!,2026-08-18 00:00:00,2026-10-01 00:00:00,190.0,0,0,0,1,0,0,0,0,0,0,0,0,0,0,0,0,0,0,0,0,0,1,0,0,0,0,0,0,0,1,0,0,0.06912442396313355,0.0,121.0,0.0012886321170077963,0.0,0.16981132075471697,2
OFFER_0498,20491,WAFFARHA,0.0,PERCENTAGE,34.6153846153846,229035.0,Echo Zone,Retail & Services,NATIONWIDE,,NATIONWIDE,1,"The first ADHD & OCD friendly coworking space with up to 35% off @Echo Zone, inside East Hub Mall - Madinty!",2026-08-18 00:00:00,2026-10-01 00:00:00,85.0,0,0,0,1,0,0,0,0,0,0,0,0,0,0,0,0,0,0,0,0,0,0,0,0,0,0,1,0,0,1,0,0,0.07444168734491312,0.0,436.0,0.004671291424153261,0.0,0.0,0
OFFER_1174,20392.0,WAFFARHA,0.0,PERCENTAGE,38.3333333333333,228836.0,Fun Kingdom,Entertainment,NATIONWIDE,,NATIONWIDE,1,More than 90 games with 38% off @Fun Kingdom Suncity Mall! EGP 185 for games credit with the value of EGP 300,2026-08-18 00:00:00,2026-10-01 00:00:00,185.0,0,0,0,1,0,0,0,0,0,0,0,0,0,0,0,0,0,0,0,0,0,1,0,0,0,0,0,0,0,1,0,0,0.08243727598566301,0.0,380.0,0.004069929769549623,0.0,0.3264094955489614,2
OFFER_0447,20442.0,WAFFARHA,0.0,PERCENTAGE,47.2222222222222,229036.0,Shaghaf,Retail & Services,NATIONWIDE,,NATIONWIDE,1,"Reach the maximum productivity with up to 47% off @Shaghaf Co-working space, Heliopolis & Maadi branches!",2026-08-18 00:00:00,2026-10-01 00:00:00,110.0,0,0,0,1,0,0,0,0,0,0,0,0,0,0,0,0,0,0,0,0,0,0,0,0,0,0,1,0,0,1,0,0,0.10155316606929506,0.0,1398.0,0.015001825562165762,0.0,0.03328290468986384,2
OFFER_1112,20540.0,WAFFARHA,0.0,PERCENTAGE,32.6086956521739,229037.0,Infantry House - Bowling center,Entertainment,NATIONWIDE,,NATIONWIDE,1,"Various games packages with up to 33% off at The Bowling Center @Infantry House, Manshyeat Albakri!",2026-08-18 00:00:00,2026-10-01 00:00:00,135.0,0,0,0,1,0,0,0,0,0,0,0,0,0,0,0,0,0,0,0,0,0,1,0,0,0,0,0,0,0,1,0,0,0.07012622720897613,0.0,205.0,0.0021906745989132537,0.0,0.036458333333333336,2
OFFER_0366,20589.0,WAFFARHA,0.0,PERCENTAGE,31.8181818181818,229038.0,Skate Zone,Entertainment,NATIONWIDE,,NATIONWIDE,1,"Experience exciting vibes & a fun ice skating adventure with up to 35% off @Skate Zone, Point 90 Mall!",2026-08-18 00:00:00,2026-10-01 00:00:00,125.0,0,0,0,1,0,0,0,0,0,0,0,0,0,0,0,0,0,0,0,0,0,1,0,0,0,0,0,0,0,1,0,0,0.06842619745845548,0.0,163.0,0.0017396533579605248,0.0,0.006211180124223602,2
OFFER_0247,20492.0,WAFFARHA,0.0,PERCENTAGE,30.0,228806.0,Infantry House,Entertainment,NATIONWIDE,,NATIONWIDE,1,"Various games packages of squash & padel with up to 34% off @Infantry House, Manshyeat Albakri!",2026-08-18 00:00:00,2026-10-01 00:00:00,140.0,0,0,0,1,0,0,0,0,0,0,0,0,0,0,0,0,0,0,0,0,0,1,0,0,0,0,0,0,0,1,0,0,0.06451612903225806,0.0,202.0,0.0021584587959880587,0.0,0.01015228426395939,2
OFFER_0062,20393.0,WAFFARHA,0.0,PERCENTAGE,38.6363636363636,229039.0,Fill Fino,Food & Beverages,NATIONWIDE,,NATIONWIDE,1,"Liver, sausage & hawawshi box of your choice with 31% off @Fill Fino branches! Only",2026-05-26 00:00:00,2026-07-01 00:00:00,185.0,0,0,0,1,0,1,0,0,0,0,0,0,0,0,0,0,0,0,0,0,0,0,0,0,0,0,0,0,0,1,0,0,0.0830889540566959,0.0,230.0,0.002459139623289878,0.0,0.017937219730941704,2
OFFER_0056,23920.0,WAFFARHA,0.0,PERCENTAGE,50.0,229040.0,Martin's Roll,Food & Beverages,NATIONWIDE,,NATIONWIDE,1,Kickstart your day with delicious coffee and fresh baked goods with up to 50% off @Martin’s Roll branches!,2026-08-18 00:00:00,2026-10-01 00:00:00,50.0,0,0,0,1,0,1,0,0,0,0,0,0,0,0,0,0,0,0,0,0,0,0,0,0,0,0,0,0,0,1,0,0,0.10752688172043011,0.0,3188.0,0.03422392130753205,0.0,0.018799472295514513,2
OFFER_1010,23937.0,WAFFARHA,0.0,PERCENTAGE,54.7272727272727,229041.0,Ollie Sushi,Food & Beverages,NATIONWIDE,,NATIONWIDE,1,"Enjoy your sushi combo & main dishes of your choice with up to 57% off @Ollie Sushi, Heliopolis!",2026-08-18 00:00:00,2026-10-01 00:00:00,199.0,0,0,0,1,0,1,0,0,0,0,0,0,0,0,0,0,0,0,0,0,0,0,0,0,0,0,0,0,0,1,0,0,0.11769305962854344,0.0,1675.0,0.017976418032258756,0.0,0.0031847133757961785,2
OFFER_1149,20590.0,WAFFARHA,0.0,PERCENTAGE,47.0588235294118,228774.0,Cityscape Mall,Entertainment,NATIONWIDE,,NATIONWIDE,1,"Funny hour for your kid & VR games with up to 29% off @Kiddi Max, Cityscape Mall!",2026-08-18 00:00:00,2026-10-01 00:00:00,60.0,0,0,0,1,0,0,0,0,0,0,0,0,0,0,0,0,0,0,0,0,0,1,0,0,0,0,0,0,0,1,0,0,0.1012017710309931,0.0,132.0,0.001406756727733511,0.0,0.484375,2
OFFER_0914,23916.0,WAFFARHA,0.0,PERCENTAGE,43.75,229042.0,Daddy's Burger,Food & Beverages,NATIONWIDE,,NATIONWIDE,1,Beef & Chicken burger combo meals with 44% off from Daddy's Burger branches!,2026-08-18 00:00:00,2026-10-01 00:00:00,159.0,0,0,0,1,0,1,0,0,0,0,0,0,0,0,0,0,0,0,0,0,0,0,0,0,0,0,0,0,0,1,0,0,0.09408602150537634,0.0,2657.0,0.028521724189772557,0.0,0.07229402261712439,2
OFFER_1151,20394.0,WAFFARHA,0.0,PERCENTAGE,44.0,228836.0,Fun Kingdom,Entertainment,NATIONWIDE,,NATIONWIDE,1,"Skating fun with 32% off @Fun Kingdom, Sun Citymall! EGP 85 instead of EGP 125",2026-08-18 00:00:00,2026-10-01 00:00:00,85.0,0,0,0,1,0,0,0,0,0,0,0,0,0,0,0,0,0,0,0,0,0,1,0,0,0,0,0,0,0,1,0,0,0.09462365591397849,0.0,795.0,0.008526449174201586,0.0,0.08171206225680934,2
OFFER_0389,20444.0,WAFFARHA,0.0,PERCENTAGE,45.0,229043.0,Heros Padel,Entertainment,NATIONWIDE,,NATIONWIDE,1,Take on the padel challenge with your friends with 40% off @Heros Padel!,2026-08-18 00:00:00,2026-10-01 00:00:00,300.0,0,0,0,1,0,0,0,0,0,0,0,0,0,0,0,0,0,0,0,0,0,1,0,0,0,0,0,0,0,1,0,0,0.0967741935483871,0.0,661.0,0.007087476643542879,0.0,0.001564945226917058,2
OFFER_0193,20542.0,WAFFARHA,0.0,PERCENTAGE,35.7142857142857,229044.0,Sparky's Egypt,Entertainment,NATIONWIDE,,NATIONWIDE,1,36% off Games balance package @Sparky's Egypt!,2026-08-18 00:00:00,2026-10-01 00:00:00,450.0,0,0,0,1,0,0,0,0,0,0,0,0,0,0,0,0,0,0,0,0,0,1,0,0,0,0,0,0,0,1,0,0,0.07680491551459291,0.0,170.0,0.0018148235647859796,0.0,0.2792207792207792,2
OFFER_0336,20591,WAFFARHA,0.0,PERCENTAGE,34.6153846153846,229045.0,Valhalla Chimney,Food & Beverages,NATIONWIDE,,NATIONWIDE,1,"Varieties of drinks, desserts & pizzas with different fillings all in one place with up to 39% off @Valhalla Chimney, Heliopolis!",2026-08-18 00:00:00,2026-10-01 00:00:00,85.0,0,0,0,1,0,1,0,0,0,0,0,0,0,0,0,0,0,0,0,0,0,0,0,0,0,0,0,0,0,1,0,0,0.07444168734491312,0.0,325.0,0.0034793067159210496,0.0,0.0,0
OFFER_1027,20494.0,WAFFARHA,0.0,PERCENTAGE,47.4708171206226,228982.0,Geo restaurant & cafe,Food & Beverages,NATIONWIDE,,NATIONWIDE,1,A diverse Suhoor buffet with 47% off @Geo restaurant & cafe,2026-03-19 00:00:00,2026-03-19 00:00:00,135.0,0,0,0,1,0,1,0,0,0,0,0,0,0,0,0,0,0,0,0,0,0,0,0,0,0,0,0,0,0,1,0,0,0.1020877787540271,0.0,3.0,2.1477201950129936e-05,0.0,0.3333333333333333,2
OFFER_0032,23930.0,WAFFARHA,0.0,PERCENTAGE,55.3990610328638,229046.0,Sushi gate,Food & Beverages,NATIONWIDE,,NATIONWIDE,1,"Taste the freshness in every sushi roll with up to 55% off on combo meals @Sushi Gate, all branches!",2026-08-18 00:00:00,2026-10-01 00:00:00,295.0,0,0,0,1,0,1,0,0,0,0,0,0,0,0,0,0,0,0,0,0,0,0,0,0,0,0,0,0,0,1,0,0,0.11913776566207268,0.0,1378.0,0.014787053542664462,0.0,0.008620689655172414,2
OFFER_0116,20445.0,WAFFARHA,0.0,PERCENTAGE,36.3636363636364,229047.0,Kamilo & Jazz,Entertainment,NATIONWIDE,,NATIONWIDE,1,"Up to 36% off Various games for all ages @Kamilo & Jazz, the 6th of October!",2026-08-18 00:00:00,2026-10-01 00:00:00,35.0,0,0,0,1,0,0,0,0,0,0,0,0,0,0,0,0,0,0,0,0,0,1,0,0,0,0,0,0,0,1,0,0,0.07820136852394925,0.0,168.0,0.0017933463628358498,0.0,0.23972602739726026,2
OFFER_0510,20543.0,WAFFARHA,0.0,PERCENTAGE,32.2222222222222,229048.0,Egypt Shooting Sport,Entertainment,NATIONWIDE,,NATIONWIDE,1,45 minutes interesting shooting round with 32% off @Egypt Shooting Sport branches!,2026-08-18 00:00:00,2026-10-01 00:00:00,239.0,0,0,0,1,0,0,0,0,0,0,0,0,0,0,0,0,0,0,0,0,0,1,0,0,0,0,0,0,0,1,0,0,0.06929510155316602,0.0,647.0,0.00693713622989197,0.0,0.0112,2
OFFER_0068,23934.0,WAFFARHA,0.0,PERCENTAGE,56.9397993311037,229049.0,Ginza sushi,Food & Beverages,NATIONWIDE,,NATIONWIDE,1,Variety of sushi combo meals of your favorite pieces with up to 48% off @Ginza Sushi branches!,2026-08-18 00:00:00,2026-10-01 00:00:00,350.0,0,0,0,1,0,1,0,0,0,0,0,0,0,0,0,0,0,0,0,0,0,0,0,0,0,0,0,0,0,1,0,0,0.12245118135721225,0.0,981.0,0.010523828955563669,0.0,0.01991150442477876,2
OFFER_0957,23936.0,WAFFARHA,0.0,PERCENTAGE,38.1313131313131,229050.0,Sushi Boat,Food & Beverages,NATIONWIDE,,NATIONWIDE,1,"Pick your favorite sushi pieces to your taste with up to 41% off @Sushi Boat, Sheraton!",2026-08-18 00:00:00,2026-10-01 00:00:00,245.0,0,0,0,1,0,1,0,0,0,0,0,0,0,0,0,0,0,0,0,0,0,0,0,0,0,0,0,0,0,1,0,0,0.08200282393830774,0.0,935.0,0.010029853310710681,0.0,0.007990867579908675,2
OFFER_1309,20396.0,WAFFARHA,0.0,PERCENTAGE,37.1428571428571,229051.0,GeroLand,Entertainment,NATIONWIDE,,NATIONWIDE,1,Entry ticket & extra game with 37% off Geroland's park,2026-04-10 00:00:00,2026-05-01 00:00:00,220.0,0,0,0,1,0,0,0,0,0,0,0,0,0,0,0,0,0,0,0,0,0,1,0,0,0,0,0,0,0,1,0,0,0.07987711213517656,0.0,104.0,0.0011060759004316919,0.0,0.23529411764705882,2
OFFER_1284,23939.0,WAFFARHA,0.0,PERCENTAGE,52.1739130434782,229052.0,Miso Sushi,Food & Beverages,NATIONWIDE,,NATIONWIDE,1,"An endless Japanese menu, from sushi pieces to sushi burgers and mochi, with up to 52% off @Miso Sushi branches!",2026-08-18 00:00:00,2026-10-01 00:00:00,65.0,0,0,0,1,0,1,0,0,0,0,0,0,0,0,0,0,0,0,0,0,0,0,0,0,0,0,0,0,0,1,0,0,0.11220196353436172,0.0,1151.0,0.012349391121324714,0.0,0.07471264367816093,2
OFFER_0294,20544.0,WAFFARHA,0.0,PERCENTAGE,41.7647058823529,229053.0,BooBoo Fun City,Entertainment,NATIONWIDE,,NATIONWIDE,1,"A day full of games & Fun for your kid with 31% off @BooBoo Fun City, Maxim Mall & Arabella Plaza!",2026-08-18 00:00:00,2026-10-01 00:00:00,119.0,0,0,0,1,0,0,0,0,0,0,0,0,0,0,0,0,0,0,0,0,0,1,0,0,0,0,0,0,0,1,0,0,0.08981657179000624,0.0,453.0,0.004853847640729366,0.0,0.3803191489361702,2
OFFER_0700,20593.0,WAFFARHA,0.0,PERCENTAGE,26.4705882352941,229054.0,BarsBay Pâtisserie,Food & Beverages,NATIONWIDE,,NATIONWIDE,1,"Varieties of Eid kahk, Sables, Petit four & biscuits with 26% off @Barsbay Pâtisserie branches!",2026-03-22 00:00:00,2026-03-22 00:00:00,125.0,0,0,0,1,0,1,0,0,0,0,0,0,0,0,0,0,0,0,0,0,0,0,0,0,0,0,0,0,0,1,0,0,0.05692599620493355,0.0,36.0,0.0003758510341272739,0.0,0.2777777777777778,2
OFFER_0283,20496.0,WAFFARHA,0.0,PERCENTAGE,35.7142857142857,229055.0,Sparky's Mall of Tanta,Entertainment,NATIONWIDE,,NATIONWIDE,1,36% off Games balance package @Sparky's Egypt Mall of Tanta! EGP 450 instead of EGP 700,2026-08-18 00:00:00,2026-10-01 00:00:00,450.0,0,0,0,1,0,0,0,0,0,0,0,0,0,0,0,0,0,0,0,0,0,1,0,0,0,0,0,0,0,1,0,0,0.07680491551459291,0.0,183.0,0.0019544253774618245,0.0,0.08235294117647059,2
OFFER_1135,20397.0,WAFFARHA,0.0,PERCENTAGE,52.5510204081633,229056.0,T.G.I Friday's,Food & Beverages,NATIONWIDE,,NATIONWIDE,1,Enjoy your meal choices with 53% off @TGI Friday's Restaurants!,2026-06-11 00:00:00,2026-07-01 00:00:00,465.0,0,0,0,1,0,1,0,0,0,0,0,0,0,0,0,0,0,0,0,0,0,0,0,0,0,0,0,0,0,1,0,0,0.11301294711432969,0.0,676.0,0.007248555658168854,0.0,0.11974110032362459,2
OFFER_0604,20447.0,WAFFARHA,0.0,PERCENTAGE,30.0,952.0,Play Time Park,Entertainment,NATIONWIDE,,NATIONWIDE,1,30% off on Games balance for Kids and adults @Play Time park branches! EGP 175 instead of EGP 250,2026-08-18 00:00:00,2026-10-01 00:00:00,175.0,0,0,0,1,0,0,0,0,0,0,0,0,0,0,0,0,0,0,0,0,0,1,0,0,0,0,0,0,0,1,0,0,0.06451612903225806,0.0,300.0,0.0032108416915444258,0.0,0.5098814229249012,2
OFFER_0374,20545.0,WAFFARHA,0.0,PERCENTAGE,32.7586206896552,229057.0,Play Hub,Entertainment,NATIONWIDE,,NATIONWIDE,1,"An actual experience for your children to enjoy, learn, & develop skills with up to 33% off @Play Hub, South Park - Madinaty!",2026-08-18 00:00:00,2026-10-01 00:00:00,390.0,0,0,0,1,0,0,0,0,0,0,0,0,0,0,0,0,0,0,0,0,0,1,0,0,0,0,0,0,0,1,0,0,0.07044864664441979,0.0,83.0,0.0008805652799553274,0.0,0.02531645569620253,2
OFFER_0953,24515.0,WAFFARHA,0.0,PERCENTAGE,32.4,229058.0,Wazeer ElHelw,Food & Beverages,NATIONWIDE,,NATIONWIDE,1,"All the sweetness you crave in new, high-quality creations that brighten your day with up to 27% off @Wazeer ElHelw branches!",2026-08-18 00:00:00,2026-10-01 00:00:00,70.0,0,0,0,1,0,1,0,0,0,0,0,0,0,0,0,0,0,0,0,0,0,0,0,0,0,0,0,0,0,1,0,0,0.0696774193548387,0.0,2912.0,0.03126006743841412,0.0,0.24155740961462058,2
OFFER_0549,24470.0,WAFFARHA,0.0,PERCENTAGE,38.974358974359,229059.0,Quota,Food & Beverages,NATIONWIDE,,NATIONWIDE,1,"Kofta, hawawshi, and sausage boxes, Fattah and burger combo meals with up to 33% off @Quota branches!",2026-08-18 00:00:00,2026-10-01 00:00:00,135.0,0,0,0,1,0,1,0,0,0,0,0,0,0,0,0,0,0,0,0,0,0,0,0,0,0,0,0,0,0,1,0,0,0.08381582575130968,0.0,933.0,0.01000837610876055,0.0,0.03096330275229358,2
OFFER_1248,20398.0,WAFFARHA,0.0,PERCENTAGE,37.5,228774.0,Cityscape Mall,Entertainment,NATIONWIDE,,NATIONWIDE,1,"30 min Laser tag challenge with 36% off at Fight Club Laser Tag, Cityscape Mall!",2026-08-18 00:00:00,2026-10-01 00:00:00,115.0,0,0,0,1,0,0,0,0,0,0,0,0,0,0,0,0,0,0,0,0,0,1,0,0,0,0,0,0,0,1,0,0,0.08064516129032258,0.0,84.0,0.0008913038809303924,0.0,0.06097560975609756,2
OFFER_0535,20448.0,WAFFARHA,0.0,PERCENTAGE,38.8888888888889,229060.0,The Playhaus,Entertainment,NATIONWIDE,,NATIONWIDE,1,"Spend a full day of fun with board games & your favorite drink with up to 39% off @The Playhaus, Maadi!",2026-08-18 00:00:00,2026-10-01 00:00:00,110.0,0,0,0,1,0,0,0,0,0,0,0,0,0,0,0,0,0,0,0,0,0,1,0,0,0,0,0,0,0,1,0,0,0.0836320191158901,0.0,155.0,0.0016537445501600052,0.0,0.006666666666666667,2
OFFER_0375,20595.0,WAFFARHA,0.0,PERCENTAGE,30.7692307692308,229062.0,Jump Zone,Entertainment,NATIONWIDE,,NATIONWIDE,1,Spend a day fulling of fun & joy with trampoline games with 31% off @Jump Zone - Sky Mall - inside Shorouk City!,2026-08-18 00:00:00,2026-10-01 00:00:00,90.0,0,0,0,1,0,0,0,0,0,0,0,0,0,0,0,0,0,0,0,0,0,1,0,0,0,0,0,0,0,1,0,0,0.06617038875103398,0.0,317.0,0.00339339790812053,0.0,0.08609271523178808,2
OFFER_0588,20498,WAFFARHA,0.0,PERCENTAGE,41.3793103448276,229063.0,Clash,Entertainment,NATIONWIDE,,NATIONWIDE,1,"Ultimate video gaming experience & drinks with up to 43% off @Clash, 6th of October!",2026-05-24 00:00:00,2026-07-01 00:00:00,85.0,0,0,0,1,0,0,0,0,0,0,0,0,0,0,0,0,0,0,0,0,0,1,0,0,0,0,0,0,0,1,0,0,0.08898776418242495,0.0,139.0,0.0014819269345589658,0.0,0.0,0
OFFER_0971,20399.0,WAFFARHA,0.0,PERCENTAGE,40.0,229064.0,Nightmare Escape EGYPT,Entertainment,NATIONWIDE,,NATIONWIDE,1,A horror terrifying challenging adventure for an hour with 40% off @Nightmare Escape Room!,2026-08-18 00:00:00,2026-10-01 00:00:00,180.0,0,0,0,1,0,0,0,0,0,0,0,0,0,0,0,0,0,0,0,0,0,1,0,0,0,0,0,0,0,1,0,0,0.08602150537634409,0.0,212.0,0.0022658448057387083,0.0,0.17073170731707318,2
OFFER_0438,20449.0,WAFFARHA,0.0,PERCENTAGE,38.7417218543046,229065.0,Barbouni,Food & Beverages,NATIONWIDE,,NATIONWIDE,1,"Savor a unique seafood experience featuring the freshest seafood dishes prepared elegantly with up to 47% off @Barbouni, Hurghada!",2026-08-18 00:00:00,2026-10-01 00:00:00,195.0,0,0,0,1,0,1,0,0,0,0,0,0,0,0,0,0,0,0,0,0,0,0,0,0,0,0,0,0,0,1,0,0,0.08331553086947226,0.0,659.0,0.007065999441592749,0.0,0.007911392405063292,2
OFFER_0496,20547.0,WAFFARHA,0.0,PERCENTAGE,25.4545454545454,229058.0,Wazeer ElHelw,Food & Beverages,NATIONWIDE,,NATIONWIDE,1,Try the sweet creations of Ramadan with premium quality with up to 27% off @Wazeer ElHelw branches!,2026-03-18 00:00:00,2026-03-19 00:00:00,95.0,0,0,0,1,0,1,0,0,0,0,0,0,0,0,0,0,0,0,0,0,0,0,0,0,0,0,0,0,0,1,0,0,0.0547409579667643,0.0,150.0,0.0016000515452846804,0.0,0.9354838709677419,2
OFFER_0484,20596.0,WAFFARHA,0.0,PERCENTAGE,40.1960784313725,228757.0,Aboullaban Sweets,Food & Beverages,NATIONWIDE,,NATIONWIDE,1,"Stuffed donuts, fresh bakeries & sandwiches with up to 40% off @Aboullaban Sweets",2026-08-18 00:00:00,2026-10-01 00:00:00,150.0,0,0,0,1,0,1,0,0,0,0,0,0,0,0,0,0,0,0,0,0,0,0,0,0,0,0,0,0,0,1,0,0,0.08644317942230645,0.0,698.0,0.007484804879620283,0.0,0.0581039755351682,2
OFFER_0910,20499.0,WAFFARHA,0.0,PERCENTAGE,24.0,229058.0,Wazeer ElHelw,Food & Beverages,NATIONWIDE,,NATIONWIDE,1,"Make your Eid celebrations even sweeter with Kahk, petit fours, ghorayeba, & more with 25% off @Wazeer ElHelw branches!",2026-03-23 00:00:00,2026-03-23 00:00:00,95.0,0,0,0,1,0,1,0,0,0,0,0,0,0,0,0,0,0,0,0,0,0,0,0,0,0,0,0,0,0,1,0,0,0.05161290322580645,0.0,276.0,0.0029531152681428665,0.0,0.636,2
OFFER_0157,20400.0,WAFFARHA,0.0,PERCENTAGE,35.5555555555555,229066.0,Micky Park,Entertainment,NATIONWIDE,,NATIONWIDE,1,"Various game packages for adults & children with up to 42% off @Micky Park, Nasr City!",2026-08-18 00:00:00,2026-10-01 00:00:00,130.0,0,0,0,1,0,0,0,0,0,0,0,0,0,0,0,0,0,0,0,0,0,1,0,0,0,0,0,0,0,1,0,0,0.07646356033452796,0.0,139.0,0.0014819269345589658,0.0,0.037037037037037035,2
OFFER_0333,20450.0,WAFFARHA,0.0,PERCENTAGE,30.0,229067.0,FLY - Trampoline Park,Entertainment,NATIONWIDE,,NATIONWIDE,1,1 hour of fun & joy at the biggest outdoor Trampoline park with 30% off @FLY ! EGP 220 instead of EGP 300,2026-08-18 00:00:00,2026-10-01 00:00:00,210.0,0,0,0,1,0,0,0,0,0,0,0,0,0,0,0,0,0,0,0,0,0,1,0,0,0,0,0,0,0,1,0,0,0.06451612903225806,0.0,184.0,0.001965163978436889,0.0,0.07262569832402235,2
OFFER_1316,20548.0,WAFFARHA,0.0,PERCENTAGE,40.0,228774.0,Cityscape Mall,Entertainment,NATIONWIDE,,NATIONWIDE,1,"Live a VR adventure with 40% off at Play Max, Cityscape Mall!",2026-08-18 00:00:00,2026-10-01 00:00:00,60.0,0,0,0,1,0,0,0,0,0,0,0,0,0,0,0,0,0,0,0,0,0,1,0,0,0,0,0,0,0,1,0,0,0.08602150537634409,0.0,134.0,0.0014282339296836407,0.0,0.007692307692307693,2
OFFER_1269,20597.0,WAFFARHA,0.0,PERCENTAGE,40.0,229068.0,Funtopia,Entertainment,NATIONWIDE,,NATIONWIDE,1,40% off games balance to enjoy different games for kids & adults at Funtopia!,2026-07-11 00:00:00,2026-08-01 00:00:00,300.0,0,0,0,1,0,0,0,0,0,0,0,0,0,0,0,0,0,0,0,0,0,1,0,0,0,0,0,0,0,1,0,0,0.08602150537634409,0.0,95.0,0.001009428491656107,0.0,0.2247191011235955,2
OFFER_1107,20500.0,WAFFARHA,0.0,PERCENTAGE,25.7425742574257,229069.0,Zadna,Food & Beverages,NATIONWIDE,,NATIONWIDE,1,Eid kahk boxes in various weights with up to 26% off @Zadna,2026-03-22 00:00:00,2026-03-23 00:00:00,255.0,0,0,0,1,0,1,0,0,0,0,0,0,0,0,0,0,0,0,0,0,0,0,0,0,0,0,0,0,0,1,0,0,0.055360374747152045,0.0,77.0,0.0008161336741049376,0.0,0.581081081081081,2
OFFER_0590,20401.0,WAFFARHA,0.0,PERCENTAGE,50.0,229070.0,Pico Park,Entertainment,NATIONWIDE,,NATIONWIDE,1,"A fun day for your kids with various experiences with up to 50% off on games credit @Pico Park, October Gardens!",2026-08-18 00:00:00,2026-10-01 00:00:00,300.0,0,0,0,1,0,0,0,0,0,0,0,0,0,0,0,0,0,0,0,0,0,1,0,0,0,0,0,0,0,1,0,0,0.10752688172043011,0.0,434.0,0.004649814222203131,0.0,0.002403846153846154,2
OFFER_0237,20451,WAFFARHA,0.0,PERCENTAGE,62.7659574468085,229071.0,Parisienne Restaurant,Food & Beverages,NATIONWIDE,,NATIONWIDE,1,"All what you crave for from pizza, pasta, to main courses & desserts with up to 63% off @Parisienne, 5th Settlement!",2026-08-18 00:00:00,2026-10-01 00:00:00,245.0,0,0,0,1,0,1,0,0,0,0,0,0,0,0,0,0,0,0,0,0,0,0,0,0,0,0,0,0,0,1,0,0,0.13498055364905054,0.0,796.0,0.00853718777517665,0.0,0.0,0
OFFER_1176,20549.0,WAFFARHA,0.0,PERCENTAGE,26.3157894736842,229069.0,Zadna,Food & Beverages,NATIONWIDE,,NATIONWIDE,1,Premium-quality dates packages with 26% off @Zadna branches!,2026-04-02 00:00:00,2026-05-01 00:00:00,90.0,0,0,0,1,0,1,0,0,0,0,0,0,0,0,0,0,0,0,0,0,0,0,0,0,0,0,0,0,0,1,0,0,0.056593095642331614,0.0,91.0,0.0009664740877558471,0.0,0.34831460674157305,2
OFFER_0475,20598,WAFFARHA,0.0,PERCENTAGE,41.588785046729,229072.0,Gug's Burger,Food & Beverages,NATIONWIDE,,NATIONWIDE,1,"Sandwich meals with a distinctive taste & various choices with up to 42% off @Gug's Burger, Shiekh Zayed!",2026-06-29 00:00:00,2026-08-01 00:00:00,125.0,0,0,0,1,0,1,0,0,0,0,0,0,0,0,0,0,0,0,0,0,0,0,0,0,0,0,0,0,0,1,0,0,0.08943824741232043,0.0,259.0,0.002770559051566762,0.0,0.0,0
OFFER_0557,20501.0,WAFFARHA,0.0,PERCENTAGE,46.7889908256881,229073.0,Kadoura,Food & Beverages,NATIONWIDE,,NATIONWIDE,1,The origin of seafood in Alexandria plus the true taste of the sea with up to 47% off @Kadoura branches!,2026-08-18 00:00:00,2026-10-01 00:00:00,185.0,0,0,0,1,0,1,0,0,0,0,0,0,0,0,0,0,0,0,0,0,0,0,0,0,0,0,0,0,0,1,0,0,0.10062148564664108,0.0,1189.0,0.012757457958377183,0.0,0.006289308176100629,2
OFFER_0035,20602.0,WAFFARHA,0.0,PERCENTAGE,26.2962962962963,229074.0,ElDomiaty Patisserie,Food & Beverages,NATIONWIDE,,NATIONWIDE,1,Up to 26% off Tasty desserts & tortes @ElDomiaty Patisserie,2026-08-18 00:00:00,2026-10-01 00:00:00,170.0,0,0,0,1,0,1,0,0,0,0,0,0,0,0,0,0,0,0,0,0,0,0,0,0,0,0,0,0,0,1,0,0,0.05655117483074473,0.0,1091.0,0.011705075062820815,0.0,0.10171198388721048,2
OFFER_1185,20652.0,WAFFARHA,0.0,PERCENTAGE,33.3333333333333,229075.0,Al Fayrouz Park,Entertainment,NATIONWIDE,,NATIONWIDE,1,"Various games up to 12 games with up to 33% off @Al Fayrouz Park, inside Railway Club - Nasr City!",2026-08-18 00:00:00,2026-10-01 00:00:00,135.0,0,0,0,1,0,0,0,0,0,0,0,0,0,0,0,0,0,0,0,0,0,1,0,0,0,0,0,0,0,1,0,0,0.07168458781362,0.0,248.0,0.002652434440841047,0.0,0.03404255319148936,2
OFFER_0235,20550.0,WAFFARHA,0.0,PERCENTAGE,47.5,229076.0,L'amandine Patisserie,Food & Beverages,NATIONWIDE,,NATIONWIDE,1,"A variety of Western desserts including tortes, gateaux & cakes with up to 48% off @L'amandine Patisserie branches!",2026-08-18 00:00:00,2026-10-01 00:00:00,420.0,0,0,0,1,0,1,0,0,0,0,0,0,0,0,0,0,0,0,0,0,0,0,0,0,0,0,0,0,0,1,0,0,0.10215053763440861,0.0,672.0,0.007205601254268594,0.0,0.0015748031496062992,2
OFFER_1145,20599.0,WAFFARHA,0.0,PERCENTAGE,46.6666666666667,229077.0,Cinnamon Cave,Food & Beverages,NATIONWIDE,,NATIONWIDE,1,Treat yourself to delicious cinnamon rolls with to 47% off @Cinnamon Cave branches!,2026-08-18 00:00:00,2026-10-01 00:00:00,120.0,0,0,0,1,0,1,0,0,0,0,0,0,0,0,0,0,0,0,0,0,0,0,0,0,0,0,0,0,0,1,0,0,0.10035842293906817,0.0,1041.0,0.011168145014067567,0.0,0.017435897435897435,2
OFFER_1070,20702.0,WAFFARHA,0.0,PERCENTAGE,35.0,229078.0,Abaza Boats,Entertainment,NATIONWIDE,,NATIONWIDE,1,Enjoy a Nile tour or your special occasion with 35% off @Abaza Boats,2026-08-18 00:00:00,2026-10-01 00:00:00,49.0,0,0,0,1,0,0,0,0,0,0,0,0,0,0,0,0,0,0,0,0,0,1,0,0,0,0,0,0,0,1,0,0,0.07526881720430108,0.0,3205.0,0.03440647752410816,0.0,0.004519044544867657,2
OFFER_1071,20603.0,WAFFARHA,0.0,PERCENTAGE,25.0,229076.0,L'amandine Patisserie,Food & Beverages,NATIONWIDE,,NATIONWIDE,1,Delicious kahk boxes with assorted choices with 25% off @L’amandine Patisserie branches!,2026-03-21 00:00:00,2026-03-22 00:00:00,360.0,0,0,0,1,0,1,0,0,0,0,0,0,0,0,0,0,0,0,0,0,0,0,0,0,0,0,0,0,0,1,0,0,0.053763440860215055,0.0,19.0,0.00019329481755116945,0.0,0.05263157894736842,2
OFFER_1124,20653.0,WAFFARHA,0.0,PERCENTAGE,35.8823529411765,228977.0,Nile Way Boat,Entertainment,NATIONWIDE,,NATIONWIDE,1,"Private Nile Lunch & Dinner trips with up to 36% off on Nile Way Boat, Maadi!",2026-08-18 00:00:00,2026-10-01 00:00:00,545.0,0,0,0,1,0,0,0,0,0,0,0,0,0,0,0,0,0,0,0,0,0,1,0,0,0,0,0,0,0,1,0,0,0.07716635041113226,0.0,441.0,0.004724984429028586,0.0,0.009456264775413711,2
OFFER_1134,20551.0,WAFFARHA,0.0,PERCENTAGE,39.5833333333333,229079.0,Menta,Food & Beverages,NATIONWIDE,,NATIONWIDE,1,"Delicious and diverse options for sandwiches, pasta, and main dishes plus desserts & drinks with up to 59% off @Menta, Nasr City!",2026-08-18 00:00:00,2026-10-01 00:00:00,145.0,0,0,0,1,0,1,0,0,0,0,0,0,0,0,0,0,0,0,0,0,0,0,0,0,0,0,0,0,0,1,0,0,0.08512544802867376,0.0,217.0,0.0023195378106140334,0.0,0.004739336492890996,2
OFFER_0810,20600.0,WAFFARHA,0.0,PERCENTAGE,50.131926121372,229080.0,Moro's Kitchen,Food & Beverages,NATIONWIDE,,NATIONWIDE,1,"A variety of delicious beef & chicken combo burger meals with up to 51% off @Moro's Kitchen, Sheikh Zayed!",2026-08-18 00:00:00,2026-10-01 00:00:00,189.0,0,0,0,1,0,1,0,0,0,0,0,0,0,0,0,0,0,0,0,0,0,0,0,0,0,0,0,0,0,1,0,0,0.10781059380940214,0.0,722.0,0.007742531303021842,0.0,0.0014265335235378032,2
OFFER_0106,20703.0,WAFFARHA,0.0,PERCENTAGE,33.8983050847457,229081.0,Immersive VR,Entertainment,NATIONWIDE,,NATIONWIDE,1,"Best VR games from +100 games with up to 34% off @Immersive VR, 5th Settlement!",2026-08-18 00:00:00,2026-10-01 00:00:00,135.0,0,0,0,1,0,0,0,0,0,0,0,0,0,0,0,0,0,0,0,0,0,1,0,0,0,0,0,0,0,1,0,0,0.0728995808274101,0.0,113.0,0.0012027233092072765,0.0,0.045454545454545456,2
OFFER_0741,24143.0,WAFFARHA,0.0,PERCENTAGE,42.7118644067797,229082.0,Yokal,Food & Beverages,NATIONWIDE,,NATIONWIDE,1,Authentic street food & local Egyptian vibes with up to 43% off @Yokal branches!,2026-08-18 00:00:00,2026-10-01 00:00:00,90.0,0,0,0,1,0,1,0,0,0,0,0,0,0,0,0,0,0,0,0,0,0,0,0,0,0,0,0,0,0,1,0,0,0.09185347184253699,0.0,842.0,0.009031163420029638,0.0,0.04125,2
OFFER_0239,20654,WAFFARHA,0.0,PERCENTAGE,25.4545454545454,229069.0,Zadna,Food & Beverages,NATIONWIDE,,NATIONWIDE,1,"Complete the after-iftar gathering with your selection of Ramadan Yameesh, including dates, nuts, & Qamar El-Din with 25% off @Zadna branches!",2026-03-19 00:00:00,2026-03-20 00:00:00,410.0,0,0,0,1,0,1,0,0,0,0,0,0,0,0,0,0,0,0,0,0,0,0,0,0,0,0,0,0,0,1,0,0,0.0547409579667643,0.0,3.0,2.1477201950129936e-05,0.0,0.0,0
OFFER_0291,20752.0,WAFFARHA,0.0,PERCENTAGE,52.6315789473684,229083.0,CNMN Factory,Food & Beverages,NATIONWIDE,,NATIONWIDE,1,Treat yourself to delicious cinnamon rolls with up to 51% off @CNMN Factory branches!,2026-08-18 00:00:00,2026-10-01 00:00:00,90.0,0,0,0,1,0,1,0,0,0,0,0,0,0,0,0,0,0,0,0,0,0,0,0,0,0,0,0,0,0,1,0,0,0.11318619128466323,0.0,995.0,0.010674169369214578,0.0,0.43911007025761123,2
OFFER_0726,20601,WAFFARHA,0.0,PERCENTAGE,46.875,229084.0,El Jugo,Food & Beverages,NATIONWIDE,,NATIONWIDE,1,"Your favorite coffee & beverages with up to 47% off @El Jugo, 5th Settlement!",2026-05-12 00:00:00,2026-06-01 00:00:00,85.0,0,0,0,1,0,1,0,0,0,0,0,0,0,0,0,0,0,0,0,0,0,0,0,0,0,0,0,0,0,1,0,0,0.10080645161290322,0.0,131.0,0.001396018126758446,0.0,0.0,0
OFFER_0519,22960.0,WAFFARHA,0.0,PERCENTAGE,42.1052631578947,229086.0,Pizza Company,Food & Beverages,NATIONWIDE,,NATIONWIDE,1,Light & healthy pizza meals with oven-baked appetizers with up to 42% off @Pizza Company branches!,2026-08-18 00:00:00,2026-10-01 00:00:00,110.0,0,0,0,1,0,1,0,0,0,0,0,0,0,0,0,0,0,0,0,0,0,0,0,0,0,0,0,0,0,1,0,0,0.09054895302773053,0.0,1787.0,0.019179141341466033,0.0,0.0762138905961893,2
OFFER_0804,20655,WAFFARHA,0.0,PERCENTAGE,53.3333333333333,229087.0,Degla Camp,Entertainment,NATIONWIDE,,NATIONWIDE,1,"Special Ramadan Iftar with a variety of meals with up to 53% off @Degla Camp, Wadi Degla Protectorate!",2026-03-19 00:00:00,2026-03-19 00:00:00,350.0,0,0,0,1,0,0,0,0,0,0,0,0,0,0,0,0,0,0,0,0,0,1,0,0,0,0,0,0,0,1,0,0,0.11469534050179205,0.0,1.0,0.0,0.0,0.0,0
OFFER_0615,20753,WAFFARHA,0.0,PERCENTAGE,40.0,229087.0,Degla Camp,Entertainment,NATIONWIDE,,NATIONWIDE,1,"Special Ramadan suhoor with a variety of meals with 40% off @Degla Camp, Wadi Degla Protectorate!",2026-03-19 00:00:00,2026-03-19 00:00:00,300.0,0,0,0,1,0,0,0,0,0,0,0,0,0,0,0,0,0,0,0,0,0,1,0,0,0,0,0,0,0,1,0,0,0.08602150537634409,0.0,1.0,0.0,0.0,0.0,0
OFFER_0970,24352.0,WAFFARHA,0.0,PERCENTAGE,48.0769230769231,229023.0,Shabaa,Food & Beverages,NATIONWIDE,,NATIONWIDE,1,"Delicious Pizza, Pasta & Feteer choices, dessert and drink with up to 48% off @Shabaa - Heliopolis!",2026-08-18 00:00:00,2026-10-01 00:00:00,135.0,0,0,0,1,0,1,0,0,0,0,0,0,0,0,0,0,0,0,0,0,0,0,0,0,0,0,0,0,0,1,0,0,0.10339123242349055,0.0,772.0,0.00827946135177509,0.0,0.004,2
OFFER_0021,20705.0,WAFFARHA,0.0,PERCENTAGE,31.578947368421,229088.0,Uncle Samir,Food & Beverages,NATIONWIDE,,NATIONWIDE,1,Authentic country-style Eastern Suhoor with up to 32% off @Uncle Samir,2026-03-19 00:00:00,2026-03-19 00:00:00,125.0,0,0,0,1,0,1,0,0,0,0,0,0,0,0,0,0,0,0,0,0,0,0,0,0,0,0,0,0,0,1,0,0,0.06791171477079785,0.0,53.0,0.0005584072507033783,0.0,0.6730769230769231,2
OFFER_0175,24136.0,WAFFARHA,0.0,PERCENTAGE,43.1034482758621,229089.0,PIE Station,Food & Beverages,NATIONWIDE,,NATIONWIDE,1,"Savory & sweet oriental feteer & pizza meals with up to 43% off @PIE Station, Nasr City!",2026-08-18 00:00:00,2026-10-01 00:00:00,99.0,0,0,0,1,0,1,0,0,0,0,0,0,0,0,0,0,0,0,0,0,0,0,0,0,0,0,0,0,0,1,0,0,0.09269558769002602,0.0,513.0,0.005498163699233264,0.0,0.059670781893004114,2
OFFER_0058,20754,WAFFARHA,0.0,PERCENTAGE,32.7659574468085,229090.0,121 Nile,Food & Beverages,NATIONWIDE,,NATIONWIDE,1,"Magical Ramadan vibes & Iftar on the Nile with up to 33% off @121 Restaurant, Dokki",2026-03-19 00:00:00,2026-03-19 00:00:00,790.0,0,0,0,1,0,1,0,0,0,0,0,0,0,0,0,0,0,0,0,0,0,0,0,0,0,0,0,0,0,1,0,0,0.07046442461679248,0.0,10.0,9.664740877558472e-05,0.0,0.0,0
OFFER_1252,20803.0,WAFFARHA,0.0,PERCENTAGE,26.4210526315789,229003.0,Amir Eldomiaty,Food & Beverages,NATIONWIDE,,NATIONWIDE,1,"Enjoy the authentic taste of Eid Kahk, Ghuraibah, Petit Four & biscuits with 26% off @Amir Eldomiaty branches",2026-03-22 00:00:00,2026-03-23 00:00:00,410.0,0,0,0,1,0,1,0,0,0,0,0,0,0,0,0,0,0,0,0,0,0,0,0,0,0,0,0,0,0,1,0,0,0.05681946802490086,0.0,57.0,0.0006013616546036382,0.0,0.2037037037037037,2
OFFER_0583,20706,WAFFARHA,0.0,PERCENTAGE,31.304347826087,229090.0,121 Nile,Food & Beverages,NATIONWIDE,,NATIONWIDE,1,Your Ramadan gathering is complete with a Suhoor by the Nile & up to 36% off @121 Restaurant,2026-03-19 00:00:00,2026-03-19 00:00:00,395.0,0,0,0,1,0,1,0,0,0,0,0,0,0,0,0,0,0,0,0,0,0,0,0,0,0,0,0,0,0,1,0,0,0.0673211781206172,0.0,13.0,0.00012886321170077963,0.0,0.0,0
OFFER_0139,20607.0,WAFFARHA,0.0,PERCENTAGE,25.0,229091.0,Cravella Patisserie,Food & Beverages,NATIONWIDE,,NATIONWIDE,1,"Ramadan bowls & desserts with up to 30% off @Cravella Patisserie, Alexandria",2026-03-19 00:00:00,2026-03-19 00:00:00,120.0,0,0,0,1,0,1,0,0,0,0,0,0,0,0,0,0,0,0,0,0,0,0,0,0,0,0,0,0,0,1,0,0,0.053763440860215055,0.0,1.0,0.0,0.0,1.0,2
OFFER_0624,20657.0,WAFFARHA,0.0,PERCENTAGE,25.0,229092.0,Turkish Delight,Food & Beverages,NATIONWIDE,,NATIONWIDE,1,A variety of Eid Kahk selections to complete your celebration with up to 25% off @Turkish Delight!,2026-03-22 00:00:00,2026-03-23 00:00:00,285.0,0,0,0,1,0,1,0,0,0,0,0,0,0,0,0,0,0,0,0,0,0,0,0,0,0,0,0,0,0,1,0,0,0.053763440860215055,0.0,28.0,0.00028994222632675417,0.0,0.03571428571428571,2
OFFER_0174,20755,WAFFARHA,0.0,PERCENTAGE,30.8943089430894,229093.0,Scappi,Food & Beverages,NATIONWIDE,,NATIONWIDE,1,"Various choices of pasta, pizza, burger & desserts of your choice with up to 44% off @Scappi Restaurant, Nasr City!",2026-08-18 00:00:00,2026-10-01 00:00:00,85.0,0,0,0,1,0,1,0,0,0,0,0,0,0,0,0,0,0,0,0,0,0,0,0,0,0,0,0,0,0,1,0,0,0.06643937407116,0.0,188.0,0.002008118382337149,0.0,0.0,0
OFFER_0995,20804.0,WAFFARHA,0.0,PERCENTAGE,27.2727272727273,229074.0,ElDomiaty Patisserie,Food & Beverages,NATIONWIDE,,NATIONWIDE,1,"Enjoy assorted Eid boxes of Kahk, Petit Four & Ghoraybah in various sizes with up to 27% off @ElDomiaty branches!",2026-03-22 00:00:00,2026-03-23 00:00:00,120.0,0,0,0,1,0,1,0,0,0,0,0,0,0,0,0,0,0,0,0,0,0,0,0,0,0,0,0,0,0,1,0,0,0.05865102639296193,0.0,107.0,0.0011382917033568867,0.0,0.4230769230769231,2
OFFER_1319,24489.0,WAFFARHA,0.0,PERCENTAGE,41.0112359550562,229094.0,Wok and Walk,Food & Beverages,NATIONWIDE,,NATIONWIDE,1,Main Platter & spring rolls with 31% off @Wok and Walk branches!,2026-08-18 00:00:00,2026-10-01 00:00:00,245.0,0,0,0,1,0,1,0,0,0,0,0,0,0,0,0,0,0,0,0,0,0,0,0,0,0,0,0,0,0,1,0,0,0.08819620635495957,0.0,1762.0,0.018910676317089408,0.0,0.07014388489208633,2
OFFER_0567,20658,WAFFARHA,0.0,PERCENTAGE,25.6363636363636,229092.0,Turkish Delight,Food & Beverages,NATIONWIDE,,NATIONWIDE,1,Special Ramadan desserts & bowls with authentic oriental flavors with up to 26% off @Turkish Delight,2026-03-19 00:00:00,2026-03-19 00:00:00,409.0,0,0,0,1,0,1,0,0,0,0,0,0,0,0,0,0,0,0,0,0,0,0,0,0,0,0,0,0,0,1,0,0,0.055131964809384086,0.0,2.0,1.0738600975064968e-05,0.0,0.0,0
OFFER_0025,23917.0,WAFFARHA,0.0,PERCENTAGE,31.4814814814815,229095.0,Burger Republic,Food & Beverages,NATIONWIDE,,NATIONWIDE,1,Top-tier burger meals with 31% off @Burger Republic branches!,2026-08-18 00:00:00,2026-10-01 00:00:00,170.0,0,0,0,1,0,1,0,0,0,0,0,0,0,0,0,0,0,0,0,0,0,0,0,0,0,0,0,0,0,1,0,0,0.06770211071286344,0.0,4342.0,0.046616266832757026,0.0,0.24156992813709233,2
OFFER_0060,20805.0,WAFFARHA,0.0,PERCENTAGE,31.3725490196078,229096.0,Q Burger,Food & Beverages,NATIONWIDE,,NATIONWIDE,1,Try new burger sandwiches selections with a distinctive taste with up to 31% off @Q Burger branches!,2026-08-18 00:00:00,2026-10-01 00:00:00,130.0,0,0,0,1,0,1,0,0,0,0,0,0,0,0,0,0,0,0,0,0,0,0,0,0,0,0,0,0,0,1,0,0,0.06746784735399526,0.0,194.0,0.002072549988187539,0.0,0.010810810810810811,2
OFFER_1080,20708,WAFFARHA,0.0,PERCENTAGE,39.0243902439024,229097.0,Nathan’s Famous,Food & Beverages,NATIONWIDE,,NATIONWIDE,1,Taste it right in every bite with a variety of sandwiches and meals with up to 39% off @Nathan’s Famous!,2026-08-18 00:00:00,2026-10-01 00:00:00,125.0,0,0,0,1,0,1,0,0,0,0,0,0,0,0,0,0,0,0,0,0,0,0,0,0,0,0,0,0,0,1,0,0,0.08392341987936,0.0,120.0,0.0012778935160327313,0.0,0.0,0
OFFER_0754,22961.0,WAFFARHA,0.0,PERCENTAGE,31.6326530612245,229098.0,Pizza Master,Food & Beverages,NATIONWIDE,,NATIONWIDE,1,Enrich your gatherings with pizza & appetizers meal with 30% off @Pizza Master branches!,2026-08-18 00:00:00,2026-10-01 00:00:00,360.0,0,0,0,1,0,1,0,0,0,0,0,0,0,0,0,0,0,0,0,0,0,0,0,0,0,0,0,0,0,1,0,0,0.06802721088435376,0.0,1691.0,0.018148235647859796,0.0,0.02237851662404092,2
OFFER_0975,20659.0,WAFFARHA,0.0,PERCENTAGE,50.0,229099.0,Badawiya Village,Food & Beverages,NATIONWIDE,,NATIONWIDE,1,"Mix grill meal with 50% off @Badawyia Village, City Stars Mall! Only EGP 360 instead of EGP 720",2026-08-18 00:00:00,2026-10-01 00:00:00,360.0,0,0,0,1,0,1,0,0,0,0,0,0,0,0,0,0,0,0,0,0,0,0,0,0,0,0,0,0,0,1,0,0,0.10752688172043011,0.0,1388.0,0.01489443955241511,0.0,0.010670731707317074,2
OFFER_0500,20709,WAFFARHA,0.0,PERCENTAGE,30.1526717557252,229100.0,Wanasa Tent,Food & Beverages,NATIONWIDE,,NATIONWIDE,1,"A diverse Ramadan Suhoor in the Ramadan tent atmosphere with up to 30% off @Wanasa Tent, The Ark branches!",2026-03-19 00:00:00,2026-03-19 00:00:00,915.0,0,0,0,1,0,1,0,0,0,0,0,0,0,0,0,0,0,0,0,0,0,0,0,0,0,0,0,0,0,1,0,0,0.06484445538865635,0.0,1.0,0.0,0.0,0.0,0
OFFER_0262,20610,WAFFARHA,0.0,PERCENTAGE,29.5774647887324,229101.0,Smorll Restaurant,Food & Beverages,NATIONWIDE,,NATIONWIDE,1,"Delicious Suhoor meal with 30% off @Smorll Restaurant, The Strip Mall - Madinaty!",2026-03-19 00:00:00,2026-03-19 00:00:00,150.0,0,0,0,1,0,1,0,0,0,0,0,0,0,0,0,0,0,0,0,0,0,0,0,0,0,0,0,0,0,1,0,0,0.0636074511585643,0.0,1.0,0.0,0.0,0.0,0
OFFER_0691,20660.0,WAFFARHA,0.0,PERCENTAGE,27.3684210526316,228894.0,La Pomme Pastries,Food & Beverages,NATIONWIDE,,NATIONWIDE,1,A delightful mix of Western desserts & savory pies flavors with 25% off @La Pomme Pastries!,2026-08-18 00:00:00,2026-10-01 00:00:00,65.0,0,0,0,1,0,1,0,0,0,0,0,0,0,0,0,0,0,0,0,0,0,0,0,0,0,0,0,0,0,1,0,0,0.05885681946802495,0.0,737.0,0.007903610317647816,0.0,0.24732824427480915,2
OFFER_0315,20758,WAFFARHA,0.0,PERCENTAGE,30.0,228977.0,Nile Way Boat,Entertainment,NATIONWIDE,,NATIONWIDE,1,Ramadan Iftar + A Nile Cruise for a couple Or a group with up to 31% off at Nile way Maadi,2026-03-19 00:00:00,2026-03-19 00:00:00,630.0,0,0,0,1,0,0,0,0,0,0,0,0,0,0,0,0,0,0,0,0,0,1,0,0,0,0,0,0,0,1,0,0,0.06451612903225806,0.0,1.0,0.0,0.0,0.0,0
OFFER_0170,20807.0,WAFFARHA,0.0,PERCENTAGE,39.1836734693877,229102.0,Burger Club,Food & Beverages,NATIONWIDE,,NATIONWIDE,1,"Grilled Beef burger & Chicken sandwiches combo meals with up to 41% off @Burger Club, Nasr City!",2026-07-16 00:00:00,2026-08-01 00:00:00,149.0,0,0,0,1,0,1,0,0,0,0,0,0,0,0,0,0,0,0,0,0,0,0,0,0,0,0,0,0,0,1,0,0,0.08426596445029613,0.0,678.0,0.007270032860118984,0.0,0.0015455950540958269,2
OFFER_1288,20710.0,WAFFARHA,0.0,PERCENTAGE,35.593220338983,229103.0,Poyo Chicken,Food & Beverages,NATIONWIDE,,NATIONWIDE,1,"Combo crispy fried chicken sandwiches & pieces meals with up to 38% off @Poyo, Maadi!",2026-08-18 00:00:00,2026-10-01 00:00:00,190.0,0,0,0,1,0,1,0,0,0,0,0,0,0,0,0,0,0,0,0,0,0,0,0,0,0,0,0,0,0,1,0,0,0.07654455986878066,0.0,313.0,0.0033504435042202704,0.0,0.020066889632107024,2
OFFER_1278,20611.0,WAFFARHA,0.0,PERCENTAGE,39.1236306729264,229104.0,El Mazak El Alamy,Food & Beverages,NATIONWIDE,,NATIONWIDE,1,Delightful Ramadan Iftar with grills & traditional tajines with up to 39% off @El Mazak El Alamy,2026-03-19 00:00:00,2026-03-19 00:00:00,285.0,0,0,0,1,0,1,0,0,0,0,0,0,0,0,0,0,0,0,0,0,0,0,0,0,0,0,0,0,0,1,0,0,0.08413684015683097,0.0,2.0,1.0738600975064968e-05,0.0,0.5,2
OFFER_0622,20661.0,WAFFARHA,0.0,PERCENTAGE,56.6712517193948,229105.0,Del Vento Sushi,Food & Beverages,NATIONWIDE,,NATIONWIDE,1,"Taste the difference in a Sushi combo meal with 57% off @Del Vento Sushi, branches!",2026-08-18 00:00:00,2026-10-01 00:00:00,315.0,0,0,0,1,0,1,0,0,0,0,0,0,0,0,0,0,0,0,0,0,0,0,0,0,0,0,0,0,0,1,0,0,0.12187365961160172,0.0,821.0,0.008805652799553275,0.0,0.009247027741083224,2
OFFER_0738,20759.0,WAFFARHA,0.0,PERCENTAGE,26.0,228888.0,Freedom patisserie,Food & Beverages,NATIONWIDE,,NATIONWIDE,1,Desserts & assorted cakes with up to 26% off @Freedom branches,2026-08-18 00:00:00,2026-10-01 00:00:00,139.0,0,0,0,1,0,1,0,0,0,0,0,0,0,0,0,0,0,0,0,0,0,0,0,0,0,0,0,0,0,1,0,0,0.05591397849462366,0.0,1595.0,0.01711732995425356,0.0,0.5156765676567657,2
OFFER_0289,20808.0,WAFFARHA,0.0,PERCENTAGE,51.0683760683761,229106.0,Sushi Spot,Food & Beverages,NATIONWIDE,,NATIONWIDE,1,"Indulge in Sushi & Noodles meals with up to 46% off @Sushi Spot, 5th Settlement & Maadi!",2026-08-18 00:00:00,2026-10-01 00:00:00,255.0,0,0,0,1,0,1,0,0,0,0,0,0,0,0,0,0,0,0,0,0,0,0,0,0,0,0,0,0,0,1,0,0,0.1098244646631744,0.0,480.0,0.00514378986705612,0.0,0.09728506787330317,2
OFFER_0338,20711,WAFFARHA,0.0,PERCENTAGE,30.7692307692308,229107.0,Faloka Lashen,Food & Beverages,NATIONWIDE,,NATIONWIDE,1,"Elevate your Ramadan Iftar on a Nile Cruise with 31% off @Floka lashen, Maadi!",2026-03-19 00:00:00,2026-03-19 00:00:00,1800.0,0,0,0,1,0,1,0,0,0,0,0,0,0,0,0,0,0,0,0,0,0,0,0,0,0,0,0,0,0,1,0,0,0.06617038875103398,0.0,1.0,0.0,0.0,0.0,0
OFFER_1121,20662,WAFFARHA,0.0,PERCENTAGE,35.0,229107.0,Faloka Lashen,Food & Beverages,NATIONWIDE,,NATIONWIDE,1,"Your Suhoor in the heart of the Nile with 35% off @Floka Lashen, Maadi!",2026-03-19 00:00:00,2026-03-19 00:00:00,1300.0,0,0,0,1,0,1,0,0,0,0,0,0,0,0,0,0,0,0,0,0,0,0,0,0,0,0,0,0,0,1,0,0,0.07526881720430108,0.0,2.0,1.0738600975064968e-05,0.0,0.0,0
OFFER_0152,20809.0,WAFFARHA,0.0,PERCENTAGE,26.4705882352941,229109.0,Konafa Bilkeshta,Food & Beverages,NATIONWIDE,,NATIONWIDE,1,Sweeten your day with a mix of oriental and Western treats with up to 26% off @Konafa Bilkeshta branches,2026-08-18 00:00:00,2026-10-01 00:00:00,120.0,0,0,0,1,0,1,0,0,0,0,0,0,0,0,0,0,0,0,0,0,0,0,0,0,0,0,0,0,0,1,0,0,0.05692599620493355,0.0,1209.0,0.012972229977878481,0.0,0.030249110320284697,2
OFFER_0360,20712.0,WAFFARHA,0.0,PERCENTAGE,30.1470588235294,229110.0,La UNA Cafe,Food & Beverages,NATIONWIDE,,NATIONWIDE,1,Special Ramadan Iftar & main courses with 30% off @La UNA Cafe branches!,2026-03-19 00:00:00,2026-03-19 00:00:00,235.0,0,0,0,1,0,1,0,0,0,0,0,0,0,0,0,0,0,0,0,0,0,0,0,0,0,0,0,0,0,1,0,0,0.06483238456672989,0.0,9.0,8.590880780051974e-05,0.0,0.8888888888888888,2
OFFER_0515,20613,WAFFARHA,0.0,PERCENTAGE,48.8888888888889,229111.0,Kemet Burger,Food & Beverages,NATIONWIDE,,NATIONWIDE,1,"New burger creations featuring different flavors with up to 49% off @Kemet Burger, El Mokattam!",2026-08-13 00:00:00,2026-10-01 00:00:00,115.0,0,0,0,1,0,1,0,0,0,0,0,0,0,0,0,0,0,0,0,0,0,0,0,0,0,0,0,0,0,1,0,0,0.10513739545997614,0.0,319.0,0.00341487511007066,0.0,0.0,0
OFFER_0393,20761.0,WAFFARHA,0.0,PERCENTAGE,45.2755905511811,229112.0,Just Smash,Food & Beverages,NATIONWIDE,,NATIONWIDE,1,Smash it with booming cheesy flavors with up to 37% off @Just Smash branches!,2026-06-21 00:00:00,2026-08-01 00:00:00,160.0,0,0,0,1,0,1,0,0,0,0,0,0,0,0,0,0,0,0,0,0,0,0,0,0,0,0,0,0,0,1,0,0,0.09736686140038946,0.0,1063.0,0.011404394235518997,0.0,0.1115702479338843,2
OFFER_0487,20810.0,WAFFARHA,0.0,PERCENTAGE,32.5,229113.0,Solis,Food & Beverages,NATIONWIDE,,NATIONWIDE,1,"Varieties of drinks & bakeries & desserts with up to 33% off @Solis, Korba!",2026-08-18 00:00:00,2026-10-01 00:00:00,75.0,0,0,0,1,0,1,0,0,0,0,0,0,0,0,0,0,0,0,0,0,0,0,0,0,0,0,0,0,0,1,0,0,0.06989247311827956,0.0,205.0,0.0021906745989132537,0.0,0.09574468085106383,2
OFFER_0266,20614.0,WAFFARHA,0.0,PERCENTAGE,36.3636363636364,229115.0,Black Burger,Food & Beverages,NATIONWIDE,,NATIONWIDE,1,Cheesy smash burger sandwiches with up to 41% off @Black Burger,2026-05-20 00:00:00,2026-07-01 00:00:00,175.0,0,0,0,1,0,1,0,0,0,0,0,0,0,0,0,0,0,0,0,0,0,0,0,0,0,0,0,0,0,1,0,0,0.07820136852394925,0.0,254.0,0.0027168660466914372,0.0,0.012244897959183673,2
OFFER_0941,20811,WAFFARHA,0.0,PERCENTAGE,31.25,229061.0,Sweven Restaurant & Cafe,Food & Beverages,NATIONWIDE,,NATIONWIDE,1,Enjoy a complete Ramadan dining experience with a diverse Iftar selection featuring buffet & set menu options from the finest international cuisines with up to 33% off @Sweven Restaurant & Cafe branches!,2026-03-19 00:00:00,2026-03-19 00:00:00,550.0,0,0,0,1,0,1,0,0,0,0,0,0,0,0,0,0,0,0,0,0,0,0,0,0,0,0,0,0,0,1,0,0,0.06720430107526881,0.0,1.0,0.0,0.0,0.0,0
OFFER_0148,20714.0,WAFFARHA,0.0,PERCENTAGE,54.1095890410959,229116.0,Blue Buzz Rooftop,Food & Beverages,NATIONWIDE,,NATIONWIDE,1,"Enjoy a unique suhoor experience on the Nile with up to 54% off @Blue Buzz, El Manyal!",2026-03-19 00:00:00,2026-03-19 00:00:00,185.0,0,0,0,1,0,1,0,0,0,0,0,0,0,0,0,0,0,0,0,0,0,0,0,0,0,0,0,0,0,1,0,0,0.11636470761526001,0.0,1.0,0.0,0.0,1.0,2
OFFER_0973,20615.0,WAFFARHA,0.0,PERCENTAGE,37.037037037037,229009.0,Stage ElNile,Food & Beverages,NATIONWIDE,,NATIONWIDE,1,"Ramadan Iftar open buffet by the Nile with up to 37% off @Stage ElNile, Dokki!",2026-03-19 00:00:00,2026-03-19 00:00:00,850.0,0,0,0,1,0,1,0,0,0,0,0,0,0,0,0,0,0,0,0,0,0,0,0,0,0,0,0,0,0,1,0,0,0.07964954201513334,0.0,3.0,2.1477201950129936e-05,0.0,1.0,2
OFFER_0067,20665.0,WAFFARHA,0.0,PERCENTAGE,27.7777777777778,229054.0,BarsBay Pâtisserie,Food & Beverages,NATIONWIDE,,NATIONWIDE,1,Ramadan sweets with a delightful taste with up to 28% off @Barsbay Pâtisserie branches,2026-03-19 00:00:00,2026-03-20 00:00:00,65.0,0,0,0,1,0,1,0,0,0,0,0,0,0,0,0,0,0,0,0,0,0,0,0,0,0,0,0,0,0,1,0,0,0.05973715651135011,0.0,12.0,0.00011812461072571465,0.0,1.0,2
OFFER_0747,20763,WAFFARHA,0.0,PERCENTAGE,30.2575107296137,229117.0,Calabria Cafe & Restaurant,Food & Beverages,NATIONWIDE,,NATIONWIDE,1,"Enjoy A wide selection of mouthwatering iftar meals with 30% off @Calabria, Sheikh Zayed City!",2026-03-17 00:00:00,2026-03-19 00:00:00,650.0,0,0,0,1,0,1,0,0,0,0,0,0,0,0,0,0,0,0,0,0,0,0,0,0,0,0,0,0,0,1,0,0,0.06506991554755634,0.0,1.0,0.0,0.0,0.0,0
OFFER_0004,20812.0,WAFFARHA,0.0,PERCENTAGE,28.5714285714286,228707.0,Haj Arafa,Food & Beverages,NATIONWIDE,,NATIONWIDE,1,A complete selection of natural products & a variety of beverages with up to 29% off @Haj Arafa branches!,2026-08-18 00:00:00,2026-10-01 00:00:00,75.0,0,0,0,1,0,1,0,0,0,0,0,0,0,0,0,0,0,0,0,0,0,0,0,0,0,0,0,0,0,1,0,0,0.06144393241167441,0.0,1563.0,0.016773694723051482,0.0,0.1604120676968359,2
OFFER_0376,20715,WAFFARHA,0.0,PERCENTAGE,30.0,229118.0,XU San Stefano,Travel & Hotels,NATIONWIDE,,NATIONWIDE,1,"Enjoy special Ramadan vibes with a diverse Iftar buffet with 30% @Arabisk Tent, inside XU San Stefano Hotel",2026-03-19 00:00:00,2026-03-19 00:00:00,665.0,0,0,0,1,0,0,0,1,0,0,0,0,0,0,0,0,0,0,0,0,0,0,0,0,0,0,0,0,0,1,0,0,0.06451612903225806,0.0,1.0,0.0,0.0,0.0,0
OFFER_0618,20616.0,WAFFARHA,0.0,PERCENTAGE,37.5625,229119.0,Le Mix,Food & Beverages,NATIONWIDE,,NATIONWIDE,1,"Enjoy romantic moments for 2 pax on the Nile directly up to 38% off @Le Mix, Manyal!",2026-08-18 00:00:00,2026-10-01 00:00:00,485.0,0,0,0,1,0,1,0,0,0,0,0,0,0,0,0,0,0,0,0,0,0,0,0,0,0,0,0,0,0,1,0,0,0.08077956989247312,0.0,408.0,0.004370610596851442,0.0,0.01256281407035176,2
OFFER_0659,24491.0,WAFFARHA,0.0,PERCENTAGE,47.9166666666667,229120.0,Indian Masala House,Food & Beverages,NATIONWIDE,,NATIONWIDE,1,"Delicious Indian meal with 48% off @Indian Masala House, Rafale Mall! EGP 225 instead of EGP 432",2026-08-18 00:00:00,2026-10-01 00:00:00,225.0,0,0,0,1,0,1,0,0,0,0,0,0,0,0,0,0,0,0,0,0,0,0,0,0,0,0,0,0,0,1,0,0,0.10304659498207892,0.0,915.0,0.009815081291209381,0.0,0.005656108597285068,2
OFFER_0007,20716.0,WAFFARHA,0.0,PERCENTAGE,41.6289592760181,229121.0,Zino Coffee,Food & Beverages,NATIONWIDE,,NATIONWIDE,1,Variety of baked goods & desserts including drinks with up to 42% off @Zino Coffee,2026-06-11 00:00:00,2026-07-01 00:00:00,119.0,0,0,0,1,0,1,0,0,0,0,0,0,0,0,0,0,0,0,0,0,0,0,0,0,0,0,0,0,0,1,0,0,0.08952464360434,0.0,110.0,0.0011705075062820815,0.0,0.02857142857142857,2
OFFER_0474,20617.0,WAFFARHA,0.0,PERCENTAGE,32.6923076923077,229122.0,Peking Restaurants,Food & Beverages,NATIONWIDE,,NATIONWIDE,1,Savor authentic Chinese cuisine with up to 33% off @Peking Restaurant branches!,2026-04-30 00:00:00,2026-06-01 00:00:00,280.0,0,0,0,1,0,1,0,0,0,0,0,0,0,0,0,0,0,0,0,0,0,0,0,0,0,0,0,0,0,1,0,0,0.07030603804797354,0.0,148.0,0.0015785743433345504,0.0,0.0962962962962963,2
OFFER_0523,20667.0,WAFFARHA,0.0,PERCENTAGE,31.578947368421,229123.0,Happiness Kitchen,Food & Beverages,NATIONWIDE,,NATIONWIDE,1,"Taste the authentic flavors of traditional Egyptian cuisine including meals and stuffed dishes with up to 32% off @Happiness Kitchen, 6th of October!",2026-04-28 00:00:00,2026-06-01 00:00:00,130.0,0,0,0,1,0,1,0,0,0,0,0,0,0,0,0,0,0,0,0,0,0,0,0,0,0,0,0,0,0,1,0,0,0.06791171477079785,0.0,63.0,0.0006657932604540281,0.0,0.016129032258064516,2
OFFER_1136,24492.0,WAFFARHA,0.0,PERCENTAGE,38.4615384615385,229125.0,Uncle Fluffy,Food & Beverages,NATIONWIDE,,NATIONWIDE,1,Your choice of Japanese cheesecake with up to 34% off @Uncle Fluffy branches!,2026-08-18 00:00:00,2026-10-01 00:00:00,69.0,0,0,0,1,0,1,0,0,0,0,0,0,0,0,0,0,0,0,0,0,0,0,0,0,0,0,0,0,0,1,0,0,0.08271298593879248,0.0,510.0,0.005465947896308069,0.0,0.09368635437881874,2
OFFER_1251,20717,WAFFARHA,0.0,PERCENTAGE,31.3793103448276,229085.0,"Maison de Thé ""Tea House""",Food & Beverages,NATIONWIDE,,NATIONWIDE,1,Make your lunch break extra delicious with up to 36% off @Maison De Thé branches!,2026-08-18 00:00:00,2026-10-01 00:00:00,199.0,0,0,0,1,0,1,0,0,0,0,0,0,0,0,0,0,0,0,0,0,0,0,0,0,0,0,0,0,0,1,0,0,0.06748238783833893,0.0,125.0,0.0013315865209080561,0.0,0.0,0
OFFER_1055,24496.0,WAFFARHA,0.0,PERCENTAGE,42.1052631578947,229126.0,Dawar Om Hassan,Food & Beverages,NATIONWIDE,,NATIONWIDE,1,Authentic mix grills meals with up to 46% off @Dawar Om Hassan - Mohandissen!,2026-08-18 00:00:00,2026-10-01 00:00:00,249.0,0,0,0,1,0,1,0,0,0,0,0,0,0,0,0,0,0,0,0,0,0,0,0,0,0,0,0,0,0,1,0,0,0.09054895302773053,0.0,1088.0,0.011672859259895621,0.0,0.00688298918387414,2
OFFER_0575,20766,WAFFARHA,0.0,PERCENTAGE,30.6818181818182,229085.0,"Maison de Thé ""Tea House""",Food & Beverages,NATIONWIDE,,NATIONWIDE,1,"Experience the perfect Ramadan Iftar with up to 32% off @Maison de Thé, The Yard Mall - Rehab",2026-03-19 00:00:00,2026-03-19 00:00:00,610.0,0,0,0,1,0,1,0,0,0,0,0,0,0,0,0,0,0,0,0,0,0,0,0,0,0,0,0,0,0,1,0,0,0.06598240469208215,0.0,2.0,1.0738600975064968e-05,0.0,0.0,0
OFFER_1202,20814.0,WAFFARHA,0.0,PERCENTAGE,53.6082474226804,229127.0,Zi Sushi,Food & Beverages,NATIONWIDE,,NATIONWIDE,1,Indulge your Sushi cravings with 54% off @Zi Sushi branches! EGP 225 instead of EGP 485,2026-08-18 00:00:00,2026-10-01 00:00:00,225.0,0,0,0,1,0,1,0,0,0,0,0,0,0,0,0,0,0,0,0,0,0,0,0,0,0,0,0,0,0,1,0,0,0.11528655359716215,0.0,862.0,0.009245935439530938,0.0,0.10677083333333333,2
OFFER_1019,23926.0,WAFFARHA,0.0,PERCENTAGE,32.258064516129,229128.0,Espressolab,Food & Beverages,NATIONWIDE,,NATIONWIDE,1,Specialty coffee & wide variety of pastries with up to 32% off @Espressolab branches,2026-08-05 00:00:00,2026-09-01 00:00:00,85.0,0,0,0,1,0,1,0,0,0,0,0,0,0,0,0,0,0,0,0,0,0,0,0,0,0,0,0,0,0,1,0,0,0.06937218175511613,0.0,1592.0,0.017085114151328365,0.0,0.18109090909090908,2
OFFER_1315,20619.0,WAFFARHA,0.0,PERCENTAGE,37.5,229129.0,Cavaliere,Food & Beverages,NATIONWIDE,,NATIONWIDE,1,"Enjoy a complete Italian experience with delicious pasta & pizza dishes with up to 38% off @Cavaliere, The Park Mall – 5th Settlement!",2026-04-06 00:00:00,2026-05-01 00:00:00,175.0,0,0,0,1,0,1,0,0,0,0,0,0,0,0,0,0,0,0,0,0,0,0,0,0,0,0,0,0,0,1,0,0,0.08064516129032258,0.0,93.0,0.000987951289705977,0.0,0.010752688172043012,2
OFFER_1062,22962.0,WAFFARHA,0.0,PERCENTAGE,47.5982532751092,229130.0,Hamza,Food & Beverages,NATIONWIDE,,NATIONWIDE,1,"Your favorite selections of sandwiches, pizza, pasta, & shawarma with up to 36% off @Hamza branches!",2026-08-18 00:00:00,2026-10-01 00:00:00,135.0,0,0,0,1,0,1,0,0,0,0,0,0,0,0,0,0,0,0,0,0,0,0,0,0,0,0,0,0,0,1,0,0,0.10236183500023484,0.0,997.0,0.010695646571164709,0.0,0.031049250535331904,2
OFFER_0811,24107,WAFFARHA,0.0,PERCENTAGE,48.6062717770035,229131.0,Spaghi,Food & Beverages,NATIONWIDE,,NATIONWIDE,1,"Savour the real Italian taste of pasta & pizza with up to 49% off @Spaghi restaurant, Sheikh Zayed!",2026-08-18 00:00:00,2026-10-01 00:00:00,295.0,0,0,0,1,0,1,0,0,0,0,0,0,0,0,0,0,0,0,0,0,0,0,0,0,0,0,0,0,0,1,0,0,0.1045296167247387,0.0,474.0,0.00507935826120573,0.0,0.0,0
OFFER_0695,20719.0,WAFFARHA,0.0,PERCENTAGE,34.0909090909091,229132.0,Kofta One,Food & Beverages,NATIONWIDE,,NATIONWIDE,1,"Enjoy varieties of grilled dishes & sandwiches with up to 34% off @Kofta One Restaurant, 6th of October City!",2026-05-24 00:00:00,2026-07-01 00:00:00,135.0,0,0,0,1,0,1,0,0,0,0,0,0,0,0,0,0,0,0,0,0,0,0,0,0,0,0,0,0,0,1,0,0,0.07331378299120236,0.0,223.0,0.002383969416464423,0.0,0.023696682464454975,2
OFFER_1113,20620.0,WAFFARHA,0.0,PERCENTAGE,56.1946902654867,229133.0,Hummy Yummy,Food & Beverages,NATIONWIDE,,NATIONWIDE,1,"Lunch choices you’ve been craving with a taste you’ve never tried before with up to 56% off @Hummy Yummy, Nasr City!",2026-03-31 00:00:00,2026-05-01 00:00:00,99.0,0,0,0,1,0,1,0,0,0,0,0,0,0,0,0,0,0,0,0,0,0,0,0,0,0,0,0,0,0,1,0,0,0.12084879626986386,0.0,21.0,0.00021477201950129938,0.0,0.047619047619047616,2
OFFER_0402,20670.0,WAFFARHA,0.0,PERCENTAGE,44.4444444444444,229134.0,Mega,Food & Beverages,NATIONWIDE,,NATIONWIDE,1,Your favorite choices from sandwiches to main dishes with up to 39% off @Mega Restaurant branches!,2026-08-18 00:00:00,2026-10-01 00:00:00,105.0,0,0,0,1,0,1,0,0,0,0,0,0,0,0,0,0,0,0,0,0,0,0,0,0,0,0,0,0,0,1,0,0,0.09557945041816,0.0,590.0,0.006325035974313266,0.0,0.25547445255474455,2
OFFER_0886,20768.0,WAFFARHA,0.0,PERCENTAGE,37.8125,229135.0,Samy Coffee,Food & Beverages,NATIONWIDE,,NATIONWIDE,1,Must-try new coffee flavors & your favorite refreshing drinks with up to 32% off @Samy Coffee branches!,2026-08-18 00:00:00,2026-10-01 00:00:00,95.0,0,0,0,1,0,1,0,0,0,0,0,0,0,0,0,0,0,0,0,0,0,0,0,0,0,0,0,0,0,1,0,0,0.08131720430107527,0.0,428.0,0.004585382616352741,0.0,0.012077294685990338,2
OFFER_1231,20816,WAFFARHA,0.0,PERCENTAGE,40.7920792079208,229136.0,Tajally,Food & Beverages,NATIONWIDE,,NATIONWIDE,1,"Discover the secret of authentic Eastern flavors with mixed grills & tajines with up to 41% off @Tajally, Sheraton!",2026-07-06 00:00:00,2026-08-01 00:00:00,299.0,0,0,0,1,0,1,0,0,0,0,0,0,0,0,0,0,0,0,0,0,0,0,0,0,0,0,0,0,0,1,0,0,0.08772490152241032,0.0,317.0,0.00339339790812053,0.0,0.0,0
OFFER_0096,20720.0,WAFFARHA,0.0,PERCENTAGE,39.7916666666667,229137.0,Chicken Planet,Food & Beverages,NATIONWIDE,,NATIONWIDE,1,"Variety of meals from Wraps, Sandwiches and fried chicken with up to 40% off from Chicken Planet!",2026-08-18 00:00:00,2026-10-01 00:00:00,149.0,0,0,0,1,0,1,0,0,0,0,0,0,0,0,0,0,0,0,0,0,0,0,0,0,0,0,0,0,0,1,0,0,0.08557347670250903,0.0,413.0,0.0044243036017267675,0.0,0.04221635883905013,2
OFFER_0482,20621.0,WAFFARHA,0.0,PERCENTAGE,50.0,229138.0,Isabell Sushi,Food & Beverages,NATIONWIDE,,NATIONWIDE,1,"Enjoy various pieces of sushi with up to 50% off @Isabell Sushi, Heliopolis!",2026-08-18 00:00:00,2026-10-01 00:00:00,230.0,0,0,0,1,0,1,0,0,0,0,0,0,0,0,0,0,0,0,0,0,0,0,0,0,0,0,0,0,0,1,0,0,0.10752688172043011,0.0,405.0,0.004338394793926247,0.0,0.02247191011235955,2
OFFER_0248,20671.0,WAFFARHA,0.0,PERCENTAGE,39.6551724137931,229139.0,Karakenyo,Food & Beverages,NATIONWIDE,,NATIONWIDE,1,"Varieties of main courses, pasta, sandwiches & desserts with up to 40% off @Karakenyo branches!",2026-05-25 00:00:00,2026-07-01 00:00:00,135.0,0,0,0,1,0,1,0,0,0,0,0,0,0,0,0,0,0,0,0,0,0,0,0,0,0,0,0,0,0,1,0,0,0.08527994067482388,0.0,85.0,0.0009020424819054573,0.0,0.012195121951219513,2
OFFER_0923,20769.0,WAFFARHA,0.0,PERCENTAGE,56.25,229140.0,Somo Sushi,Food & Beverages,NATIONWIDE,,NATIONWIDE,1,"Your favorite sushi pieces in combo meals with up to 56% off @Somo Sushi, Alexandria!",2026-08-18 00:00:00,2026-10-01 00:00:00,245.0,0,0,0,1,0,1,0,0,0,0,0,0,0,0,0,0,0,0,0,0,0,0,0,0,0,0,0,0,0,1,0,0,0.12096774193548387,0.0,690.0,0.007398896071819763,0.0,0.08361204013377926,2
OFFER_0692,20817,WAFFARHA,0.0,PERCENTAGE,32.8767123287671,229141.0,Alraey,Food & Beverages,NATIONWIDE,,NATIONWIDE,1,"A tasty Suh to kick-start your day, featuring unforgettable oriental and western flavors with up to 36% off @Al Raey, all branches!",2026-03-19 00:00:00,2026-03-19 00:00:00,49.0,0,0,0,1,0,1,0,0,0,0,0,0,0,0,0,0,0,0,0,0,0,0,0,0,0,0,0,0,0,1,0,0,0.07070260715863892,0.0,2.0,1.0738600975064968e-05,0.0,0.0,0
OFFER_0597,20721.0,WAFFARHA,0.0,PERCENTAGE,41.2698412698413,229142.0,ElHamady,Food & Beverages,NATIONWIDE,,NATIONWIDE,1,"Herring, Feseekh, salads and new creations with up to 41% off @ElHamady branches!",2026-08-18 00:00:00,2026-10-01 00:00:00,185.0,0,0,0,1,0,1,0,0,0,0,0,0,0,0,0,0,0,0,0,0,0,0,0,0,0,0,0,0,0,1,0,0,0.08875234681686302,0.0,955.0,0.01024462533021198,0.0,0.006734006734006734,2
OFFER_0221,23932.0,WAFFARHA,0.0,PERCENTAGE,45.5445544554455,227554.0,Shima Japanese cuisine,Food & Beverages,NATIONWIDE,,NATIONWIDE,1,Indulge your Sushi cravings with 46% off @Shima Japanese branches!,2026-08-18 00:00:00,2026-10-01 00:00:00,275.0,0,0,0,1,0,1,0,0,0,0,0,0,0,0,0,0,0,0,0,0,0,0,0,0,0,0,0,0,0,1,0,0,0.09794527839880753,0.0,584.0,0.006260604368462877,0.0,0.03525046382189239,2
OFFER_1097,24488.0,WAFFARHA,0.0,PERCENTAGE,34.2857142857143,229143.0,Hadramout restaurant,Food & Beverages,NATIONWIDE,,NATIONWIDE,1,"Mandy & Mix grills meals with up to 34% off @Hadramout Restaurant, Hadayek October!",2026-08-18 00:00:00,2026-10-01 00:00:00,230.0,0,0,0,1,0,1,0,0,0,0,0,0,0,0,0,0,0,0,0,0,0,0,0,0,0,0,0,0,0,1,0,0,0.07373271889400924,0.0,1494.0,0.016032731255772,0.0,0.023071377072819033,2
OFFER_1115,20818.0,WAFFARHA,0.0,PERCENTAGE,34.0,228893.0,Bakery Khan,Food & Beverages,NATIONWIDE,,NATIONWIDE,1,"Enjoy Coffee & refreshing drinks with donuts, desserts & fresh-baked with up to 34% off @Bakery Khan branches!",2026-06-02 00:00:00,2026-07-01 00:00:00,99.0,0,0,0,1,0,1,0,0,0,0,0,0,0,0,0,0,0,0,0,0,0,0,0,0,0,0,0,0,0,1,0,0,0.07311827956989247,0.0,215.0,0.0022980606086639033,0.0,0.03902439024390244,2
OFFER_0720,20722.0,WAFFARHA,0.0,PERCENTAGE,50.609756097561,229144.0,Sushi In Box,Food & Beverages,NATIONWIDE,,NATIONWIDE,1,Delicious sushi combo for an unforgettable outing with up to 51% off @Sushi In Box!,2026-08-18 00:00:00,2026-10-01 00:00:00,205.0,0,0,0,1,0,1,0,0,0,0,0,0,0,0,0,0,0,0,0,0,0,0,0,0,0,0,0,0,0,1,0,0,0.10883818515604515,0.0,539.0,0.005777367324584953,0.0,0.03508771929824561,2
OFFER_0880,23938.0,WAFFARHA,0.0,PERCENTAGE,43.2314410480349,229145.0,Tokyo Sushi,Food & Beverages,NATIONWIDE,,NATIONWIDE,1,"Enjoy sushi combo meals & drink with up to 46% off @Tokyo Sushi, 6th of October!",2026-08-18 00:00:00,2026-10-01 00:00:00,130.0,0,0,0,1,0,1,0,0,0,0,0,0,0,0,0,0,0,0,0,0,0,0,0,0,0,0,0,0,0,1,0,0,0.09297084096351592,0.0,480.0,0.00514378986705612,0.0,0.00881057268722467,2
OFFER_0540,23931.0,WAFFARHA,0.0,PERCENTAGE,38.6694386694387,229146.0,KOI Sushi,Food & Beverages,NATIONWIDE,,NATIONWIDE,1,Combo sushi rolls meals with up to 39% off @KOI Sushi branches! Only EGP 295 instead of EGP 481,2026-08-18 00:00:00,2026-10-01 00:00:00,295.0,0,0,0,1,0,1,0,0,0,0,0,0,0,0,0,0,0,0,0,0,0,0,0,0,0,0,0,0,0,1,0,0,0.08316008316008322,0.0,1373.0,0.014733360537789137,0.0,0.11890504704875962,2
OFFER_0226,20771.0,WAFFARHA,0.0,PERCENTAGE,29.1666666666667,229069.0,Zadna,Food & Beverages,NATIONWIDE,,NATIONWIDE,1,"Turkish coffee packages with Maamoul, dates, chocolate cookies, Honey & nuts with up to 26% off @Zadna branches!",2026-08-18 00:00:00,2026-10-01 00:00:00,49.0,0,0,0,1,0,1,0,0,0,0,0,0,0,0,0,0,0,0,0,0,0,0,0,0,0,0,0,0,0,1,0,0,0.06272401433691763,0.0,709.0,0.007602929490345998,0.0,0.5116279069767442,2
OFFER_0594,20819,WAFFARHA,0.0,PERCENTAGE,35.7142857142857,229147.0,Coffee Corner,Food & Beverages,NATIONWIDE,,NATIONWIDE,1,"Various choices of Coffee & drinks with up to 47% off @Coffee Corner, Zamalek!",2026-04-21 00:00:00,2026-06-01 00:00:00,45.0,0,0,0,1,0,1,0,0,0,0,0,0,0,0,0,0,0,0,0,0,0,0,0,0,0,0,0,0,0,1,0,0,0.07680491551459291,0.0,87.0,0.0009235196838555873,0.0,0.0,0
OFFER_1153,20723,WAFFARHA,0.0,PERCENTAGE,45.067264573991,229148.0,Sushi  Planco,Food & Beverages,NATIONWIDE,,NATIONWIDE,1,"Varieties of combo sushi meals with up to 47% @Sushi Planco, Nasr City!",2026-08-18 00:00:00,2026-10-01 00:00:00,245.0,0,0,0,1,0,1,0,0,0,0,0,0,0,0,0,0,0,0,0,0,0,0,0,0,0,0,0,0,0,1,0,0,0.0969188485462172,0.0,301.0,0.0032215802925194908,0.0,0.0,0
OFFER_0013,20624.0,WAFFARHA,0.0,PERCENTAGE,34.6002621231979,229149.0,Mandy El Hegaz,Food & Beverages,NATIONWIDE,,NATIONWIDE,1,"Experience the authentic taste of Yemeni-style mandi & grills from the heart of Hejaz with up to 33% off @Mandi El Hegaz, Nasr City!",2026-08-18 00:00:00,2026-10-01 00:00:00,210.0,0,0,0,1,0,1,0,0,0,0,0,0,0,0,0,0,0,0,0,0,0,0,0,0,0,0,0,0,0,1,0,0,0.07440916585633957,0.0,568.0,0.006088786752861837,0.0,0.003703703703703704,2
OFFER_1194,23940.0,WAFFARHA,0.0,PERCENTAGE,63.8922888616891,229150.0,GAWA SUSHI,Food & Beverages,NATIONWIDE,,NATIONWIDE,1,Premium sushi meal to delight your senses with 62% off @Gawa Sushi branches,2026-08-18 00:00:00,2026-10-01 00:00:00,340.0,0,0,0,1,0,1,0,0,0,0,0,0,0,0,0,0,0,0,0,0,0,0,0,0,0,0,0,0,0,1,0,0,0.13740277174556798,0.0,1802.0,0.01934022035609201,0.0,0.047619047619047616,2
OFFER_0849,23852.0,WAFFARHA,0.0,PERCENTAGE,59.6875,229151.0,Chixee Fried Chicken,Food & Beverages,NATIONWIDE,,NATIONWIDE,1,Crispy fried chicken meals & irresistible sandwiches with desserts with up to 49% off @Chixee Fried Chicken,2026-08-18 00:00:00,2026-10-01 00:00:00,160.0,0,0,0,1,0,1,0,0,0,0,0,0,0,0,0,0,0,0,0,0,0,0,0,0,0,0,0,0,0,1,0,0,0.12836021505376344,0.0,999.0,0.010717123773114838,0.0,0.04357066950053135,2
OFFER_1235,24499.0,WAFFARHA,0.0,PERCENTAGE,36.8421052631579,229152.0,Smoothie Paradise,Food & Beverages,NATIONWIDE,,NATIONWIDE,1,"Sweeten your day with fresh juices, smoothies, and delicious desserts with up to 37% off @Smoothie Paradise branches!",2026-08-18 00:00:00,2026-10-01 00:00:00,35.0,0,0,0,1,0,1,0,0,0,0,0,0,0,0,0,0,0,0,0,0,0,0,0,0,0,0,0,0,0,1,0,0,0.0792303338992643,0.0,5094.0,0.05469169476600588,0.0,0.14952841039797563,2
OFFER_1137,20724.0,WAFFARHA,0.0,PERCENTAGE,47.2727272727273,229153.0,Mad Shrimp,Food & Beverages,NATIONWIDE,,NATIONWIDE,1,"Forget the shrimp you know & taste something out of this world with up to 47%off @Mad Shrimp, Heliopolis!",2026-08-18 00:00:00,2026-10-01 00:00:00,145.0,0,0,0,1,0,1,0,0,0,0,0,0,0,0,0,0,0,0,0,0,0,0,0,0,0,0,0,0,0,1,0,0,0.10166177908113398,0.0,374.0,0.0040054981636992336,0.0,0.013966480446927373,2
OFFER_0796,20625.0,WAFFARHA,0.0,PERCENTAGE,28.4615384615384,229003.0,Amir Eldomiaty,Food & Beverages,NATIONWIDE,,NATIONWIDE,1,Heaven of desserts full of Oriental/Western sweets & tortes with up to 29% off @Amir Eldomiaty branches!,2026-08-18 00:00:00,2026-10-01 00:00:00,210.0,0,0,0,1,0,1,0,0,0,0,0,0,0,0,0,0,0,0,0,0,0,0,0,0,0,0,0,0,0,1,0,0,0.06120760959470624,0.0,989.0,0.010609737763364189,0.0,0.11123595505617978,2
OFFER_0655,20675,WAFFARHA,0.0,PERCENTAGE,38.3116883116883,229154.0,The Burger Factory,Food & Beverages,NATIONWIDE,,NATIONWIDE,1,Delicious beef & chicken burger meals with up to 55% off @The Burger Factory branches!,2026-05-03 00:00:00,2026-06-01 00:00:00,190.0,0,0,0,1,0,1,0,0,0,0,0,0,0,0,0,0,0,0,0,0,0,0,0,0,0,0,0,0,0,1,0,0,0.08239072755201785,0.0,89.0,0.0009449968858057172,0.0,0.0,0
OFFER_0099,23756.0,WAFFARHA,0.0,PERCENTAGE,41.2979351032448,229155.0,Karmasha Fried Chicken,Food & Beverages,NATIONWIDE,,NATIONWIDE,1,Sandwich & fried chicken meals with up to 47% off @Karmasha Fried Chicken branches!,2026-08-18 00:00:00,2026-10-01 00:00:00,139.0,0,0,0,1,0,1,0,0,0,0,0,0,0,0,0,0,0,0,0,0,0,0,0,0,0,0,0,0,0,1,0,0,0.08881276366289204,0.0,569.0,0.006099525353836902,0.0,0.003656307129798903,2
OFFER_0745,20821.0,WAFFARHA,0.0,PERCENTAGE,46.2209302325581,229114.0,Dallah Cafe,Food & Beverages,NATIONWIDE,,NATIONWIDE,1,"Delicious main dishes, pizza, pasta, desserts & drinks with up to 46% off @Dallah Cafe, Sheikh Zayed!",2026-08-18 00:00:00,2026-10-01 00:00:00,120.0,0,0,0,1,0,1,0,0,0,0,0,0,0,0,0,0,0,0,0,0,0,0,0,0,0,0,0,0,0,1,0,0,0.09939984996249054,0.0,141.0,0.0015034041365090955,0.0,0.014598540145985401,2
OFFER_0417,20725.0,WAFFARHA,0.0,PERCENTAGE,38.5964912280702,229156.0,Garden Café,Food & Beverages,NATIONWIDE,,NATIONWIDE,1,Sohour on Nile view with 39% off @Garden Café!,2026-03-19 00:00:00,2026-03-19 00:00:00,175.0,0,0,0,1,0,1,0,0,0,0,0,0,0,0,0,0,0,0,0,0,0,0,0,0,0,0,0,0,0,1,0,0,0.08300320694208645,0.0,8.0,7.517020682545478e-05,0.0,0.875,2
OFFER_0286,20626.0,WAFFARHA,0.0,PERCENTAGE,44.022770398482,228939.0,La Città,Food & Beverages,NATIONWIDE,,NATIONWIDE,1,"Superb authentic Italian food for lunch & dinner with up to 44% off @La Città, Mall of Egypt",2026-05-26 00:00:00,2026-07-01 00:00:00,295.0,0,0,0,1,0,1,0,0,0,0,0,0,0,0,0,0,0,0,0,0,0,0,0,0,0,0,0,0,0,1,0,0,0.09467262451286453,0.0,152.0,0.0016215287472348102,0.0,0.1095890410958904,2
OFFER_0180,24490.0,WAFFARHA,0.0,PERCENTAGE,30.1587301587301,229157.0,Mr. Wok,Food & Beverages,NATIONWIDE,,NATIONWIDE,1,Chicken or Beef box + spring roll & soda drink with 30% off @Mr. Wok branches!,2026-08-18 00:00:00,2026-10-01 00:00:00,220.0,0,0,0,1,0,1,0,0,0,0,0,0,0,0,0,0,0,0,0,0,0,0,0,0,0,0,0,0,0,1,0,0,0.0648574842123228,0.0,360.0,0.003855157750048324,0.0,0.020527859237536656,2
OFFER_0399,23853.0,WAFFARHA,0.0,PERCENTAGE,60.5,229158.0,Apache Chicken,Food & Beverages,NATIONWIDE,,NATIONWIDE,1,The irresistible crunch of sandwiches & fried chicken meals with up to 61% off @Apache Chicken branches!,2026-08-18 00:00:00,2026-10-01 00:00:00,79.0,0,0,0,1,0,1,0,0,0,0,0,0,0,0,0,0,0,0,0,0,0,0,0,0,0,0,0,0,0,1,0,0,0.13010752688172042,0.0,3451.0,0.03704817336397414,0.0,0.10684039087947883,2
OFFER_0457,22965.0,WAFFARHA,0.0,PERCENTAGE,40.7327586206896,229159.0,Pizza Time,Food & Beverages,NATIONWIDE,,NATIONWIDE,1,"Large Pizza meals with Salads, Appetizers & Soda drinks with up to 41% off from Pizza Time branches!",2026-08-18 00:00:00,2026-10-01 00:00:00,275.0,0,0,0,1,0,1,0,0,0,0,0,0,0,0,0,0,0,0,0,0,0,0,0,0,0,0,0,0,0,1,0,0,0.08759733036707441,0.0,1042.0,0.011178883615042632,0.0,0.10395010395010396,2
OFFER_1221,20726.0,WAFFARHA,0.0,PERCENTAGE,35.7142857142857,229156.0,Garden Café,Food & Beverages,NATIONWIDE,,NATIONWIDE,1,"Supreme open Iftar buffet with 36% off @Garden Café, Manyal! Only EGP 450 instead of EGP 700",2026-03-19 00:00:00,2026-03-19 00:00:00,450.0,0,0,0,1,0,1,0,0,0,0,0,0,0,0,0,0,0,0,0,0,0,0,0,0,0,0,0,0,0,1,0,0,0.07680491551459291,0.0,1.0,0.0,0.0,1.0,2
OFFER_0589,20627.0,WAFFARHA,0.0,PERCENTAGE,59.3939393939394,229160.0,Ika Sushi,Food & Beverages,NATIONWIDE,,NATIONWIDE,1,"Delicious sushi combo meal with assorted pieces with up to 56% off @Ika Sushi, Heliopolis!",2026-08-18 00:00:00,2026-10-01 00:00:00,140.0,0,0,0,1,0,1,0,0,0,0,0,0,0,0,0,0,0,0,0,0,0,0,0,0,0,0,0,0,0,1,0,0,0.12772890192245032,0.0,448.0,0.004800154635854041,0.0,0.03178484107579462,2
OFFER_1008,20677.0,WAFFARHA,0.0,PERCENTAGE,42.1296296296296,229161.0,Crinkle,Food & Beverages,NATIONWIDE,,NATIONWIDE,1,Fried chicken meals and combo sandwiches from the kings of burgers with up to 42% off @Crinkle branches!,2026-08-18 00:00:00,2026-10-01 00:00:00,125.0,0,0,0,1,0,1,0,0,0,0,0,0,0,0,0,0,0,0,0,0,0,0,0,0,0,0,0,0,0,1,0,0,0.09060135404221419,0.0,699.0,0.007495543480595348,0.0,0.10333333333333333,2
OFFER_0084,23759.0,WAFFARHA,0.0,PERCENTAGE,45.0,229162.0,Rockets,Food & Beverages,NATIONWIDE,,NATIONWIDE,1,Extra-terrestrial fried chicken & sandwiches combo meals with up to 34% off @Rockets branches!,2026-08-18 00:00:00,2026-10-01 00:00:00,159.0,0,0,0,1,0,1,0,0,0,0,0,0,0,0,0,0,0,0,0,0,0,0,0,0,0,0,0,0,0,1,0,0,0.0967741935483871,0.0,1473.0,0.015807220635295632,0.0,0.16779661016949152,2
OFFER_1078,23757.0,WAFFARHA,0.0,PERCENTAGE,58.3333333333333,229163.0,Roosters 5,Food & Beverages,NATIONWIDE,,NATIONWIDE,1,Devour fried chicken varieties to your heart's content with up to 41% off @5 Roosters branches!,2026-08-18 00:00:00,2026-10-01 00:00:00,169.0,0,0,0,1,0,1,0,0,0,0,0,0,0,0,0,0,0,0,0,0,0,0,0,0,0,0,0,0,0,1,0,0,0.12544802867383506,0.0,5061.0,0.05433732093382874,0.0,0.2720255523023689,2
OFFER_0820,20727.0,WAFFARHA,0.0,PERCENTAGE,34.7490347490347,229164.0,8Back,Food & Beverages,NATIONWIDE,,NATIONWIDE,1,"Enjoy crispy chicken tenders with an irresistible crunch & a flavor that grabs you from the first bite with up to 58% off @8Back, Tivoli Garden!",2026-08-18 00:00:00,2026-10-01 00:00:00,160.0,0,0,0,1,0,1,0,0,0,0,0,0,0,0,0,0,0,0,0,0,0,0,0,0,0,0,0,0,0,1,0,0,0.07472910698717139,0.0,2428.0,0.02606258456648268,0.0,0.005319148936170213,2
OFFER_0196,20628.0,WAFFARHA,0.0,PERCENTAGE,50.0,229165.0,Streeks,Food & Beverages,NATIONWIDE,,NATIONWIDE,1,Break your hunger with Nashville sandwiches and crispy fried chicken meals that take you to another world with up to 50% off @Streeks branches!,2026-05-19 00:00:00,2026-07-01 00:00:00,125.0,0,0,0,1,0,1,0,0,0,0,0,0,0,0,0,0,0,0,0,0,0,0,0,0,0,0,0,0,0,1,0,0,0.10752688172043011,0.0,482.0,0.00516526706900625,0.0,0.09523809523809523,2
OFFER_0909,20678.0,WAFFARHA,0.0,PERCENTAGE,38.8888888888889,229152.0,Smoothie Paradise,Food & Beverages,NATIONWIDE,,NATIONWIDE,1,Up to 39% off Ramadan drinks @Smoothie Paradise branches,2026-03-19 00:00:00,2026-03-20 00:00:00,45.0,0,0,0,1,0,1,0,0,0,0,0,0,0,0,0,0,0,0,0,0,0,0,0,0,0,0,0,0,0,1,0,0,0.0836320191158901,0.0,431.0,0.004617598419277937,0.0,0.9862637362637363,2
OFFER_0807,20776.0,WAFFARHA,0.0,PERCENTAGE,54.8387096774193,229166.0,JOE’S,Food & Beverages,NATIONWIDE,,NATIONWIDE,1,"Delicious nostalgic combos with up to 56% off from JOE'S, 5th Settlement!",2026-07-08 00:00:00,2026-08-01 00:00:00,126.0,0,0,0,1,0,1,0,0,0,0,0,0,0,0,0,0,0,0,0,0,0,0,0,0,0,0,0,0,0,1,0,0,0.11793270898369743,0.0,791.0,0.008483494770301326,0.0,0.005235602094240838,2
OFFER_0308,20824.0,WAFFARHA,0.0,PERCENTAGE,52.7118644067797,229167.0,Chicking,Food & Beverages,NATIONWIDE,,NATIONWIDE,1,Combos of sandwiches & pizza with up to 53% off @Chicking branches!,2026-08-18 00:00:00,2026-10-01 00:00:00,170.0,0,0,0,1,0,1,0,0,0,0,0,0,0,0,0,0,0,0,0,0,0,0,0,0,0,0,0,0,0,1,0,0,0.11335884818662302,0.0,100.0,0.0010631214965314318,0.0,0.030612244897959183,2
OFFER_0939,20728.0,WAFFARHA,0.0,PERCENTAGE,33.4210526315789,228977.0,Nile Way Boat,Entertainment,NATIONWIDE,,NATIONWIDE,1,"Have a different Birthday in the middle of the Nile with up to 32% off at Nile Way Boat, Maadi",2026-08-18 00:00:00,2026-10-01 00:00:00,1165.0,0,0,0,1,0,0,0,0,0,0,0,0,0,0,0,0,0,0,0,0,0,1,0,0,0,0,0,0,0,1,0,0,0.07187323146576108,0.0,291.0,0.0031141942827688407,0.0,0.014234875444839857,2
OFFER_1259,20629.0,WAFFARHA,0.0,PERCENTAGE,34.5047923322684,229168.0,Soy Wok,Food & Beverages,NATIONWIDE,,NATIONWIDE,1,Delicious Chinese food experience with 35% off @Soy Wok!,2026-05-19 00:00:00,2026-07-01 00:00:00,205.0,0,0,0,1,0,1,0,0,0,0,0,0,0,0,0,0,0,0,0,0,0,0,0,0,0,0,0,0,0,1,0,0,0.07420385447799656,0.0,81.0,0.0008590880780051975,0.0,0.0641025641025641,2
OFFER_0925,20679.0,WAFFARHA,0.0,PERCENTAGE,36.4285714285714,229169.0,Kababgy ElHaramen,Food & Beverages,NATIONWIDE,,NATIONWIDE,1,"Enjoy the most delicious mix grills & unmissable choices with up to 40% @Kababgy ElHaramen, Heliopolis!",2026-03-27 00:00:00,2026-05-01 00:00:00,89.0,0,0,0,1,0,1,0,0,0,0,0,0,0,0,0,0,0,0,0,0,0,0,0,0,0,0,0,0,0,1,0,0,0.07834101382488473,0.0,86.0,0.0009127810828805223,0.0,0.07228915662650602,2
OFFER_0627,20777.0,WAFFARHA,0.0,PERCENTAGE,48.0769230769231,229170.0,Pizza Inn,Food & Beverages,NATIONWIDE,,NATIONWIDE,1,"Satisfying varieties of Burger, Pasta & Pizza combo meals with up to 66% 48@Pizza Inn, Haram!",2026-08-18 00:00:00,2026-10-01 00:00:00,99.0,0,0,0,1,0,1,0,0,0,0,0,0,0,0,0,0,0,0,0,0,0,0,0,0,0,0,0,0,0,1,0,0,0.10339123242349055,0.0,425.0,0.004553166813427547,0.0,0.012376237623762377,2
OFFER_0890,20825.0,WAFFARHA,0.0,PERCENTAGE,44.7222222222222,229171.0,Rosé Paris,Food & Beverages,NATIONWIDE,,NATIONWIDE,1,Every bite is a delight of donuts & macarons plus special drinks with up to 45% off @Rosé Paris branches!,2026-08-18 00:00:00,2026-10-01 00:00:00,95.0,0,0,0,1,0,1,0,0,0,0,0,0,0,0,0,0,0,0,0,0,0,0,0,0,0,0,0,0,0,1,0,0,0.09617682198327356,0.0,582.0,0.006239127166512747,0.0,0.21413721413721415,2
OFFER_1023,20729,WAFFARHA,0.0,PERCENTAGE,32.5,229172.0,Cloud Dessert,Food & Beverages,NATIONWIDE,,NATIONWIDE,1,"Indulge in soft, dreamy desserts and experience the true meaning of being on cloud nine with up to 38% off @Cloud Dessert, inside Swell Lake Mall - Sheikh Zayed!",2026-08-18 00:00:00,2026-10-01 00:00:00,135.0,0,0,0,1,0,1,0,0,0,0,0,0,0,0,0,0,0,0,0,0,0,0,0,0,0,0,0,0,0,1,0,0,0.06989247311827956,0.0,219.0,0.002341015012564163,0.0,0.0,0
OFFER_0749,20630.0,WAFFARHA,0.0,PERCENTAGE,44.3430656934306,229173.0,Pablo & Abdo,Food & Beverages,NATIONWIDE,,NATIONWIDE,1,The ultimate Western/Egyptian dining experience & lots of fun with up to 44% off @Pablo & Abdo branches!,2026-08-18 00:00:00,2026-10-01 00:00:00,119.0,0,0,0,1,0,1,0,0,0,0,0,0,0,0,0,0,0,0,0,0,0,0,0,0,0,0,0,0,0,1,0,0,0.09536143159877548,0.0,583.0,0.006249865767487811,0.0,0.1219047619047619,2
OFFER_0577,20680.0,WAFFARHA,0.0,PERCENTAGE,59.6774193548387,229174.0,Duck Donuts Egypt,Food & Beverages,NATIONWIDE,,NATIONWIDE,1,Original Donuts & Sandwiches with a drink with up to 60% off from Duck Donuts branches,2026-08-18 00:00:00,2026-10-01 00:00:00,75.0,0,0,0,1,0,1,0,0,0,0,0,0,0,0,0,0,0,0,0,0,0,0,0,0,0,0,0,0,0,1,0,0,0.12833853624696495,0.0,522.0,0.005594811108008848,0.0,0.06326530612244897,2
OFFER_0985,20778.0,WAFFARHA,0.0,PERCENTAGE,37.0860927152318,229175.0,Hamzawy,Food & Beverages,NATIONWIDE,,NATIONWIDE,1,Stuffed cheddar burgers & beef fries combo meals with up to 37% off @Hamzawy branches!,2026-08-18 00:00:00,2026-10-01 00:00:00,115.0,0,0,0,1,0,1,0,0,0,0,0,0,0,0,0,0,0,0,0,0,0,0,0,0,0,0,0,0,0,1,0,0,0.07975503809727269,0.0,508.0,0.005444470694357939,0.0,0.10792951541850221,2
OFFER_1004,23909.0,WAFFARHA,0.0,PERCENTAGE,36.3636363636364,229176.0,Forty One Ice Cream,Food & Beverages,NATIONWIDE,,NATIONWIDE,1,"Your perfect spot for desserts from ice cream, waffles, pancakes & more with up to 32% off @Forty One Ice Cream branches!",2026-08-18 00:00:00,2026-10-01 00:00:00,95.0,0,0,0,1,0,1,0,0,0,0,0,0,0,0,0,0,0,0,0,0,0,0,0,0,0,0,0,0,0,1,0,0,0.07820136852394925,0.0,358.0,0.003833680548098194,0.0,0.02586206896551724,2
OFFER_0440,20730.0,WAFFARHA,0.0,PERCENTAGE,37.9166666666667,229177.0,Tricycle Burger,Food & Beverages,NATIONWIDE,,NATIONWIDE,1,"Grilled burgers, sandwiches & fried chicken combo meals with up to 31% off @Tricycle Burger, Nasr City!",2026-08-18 00:00:00,2026-10-01 00:00:00,190.0,0,0,0,1,0,1,0,0,0,0,0,0,0,0,0,0,0,0,0,0,0,0,0,0,0,0,0,0,0,1,0,0,0.08154121863799291,0.0,177.0,0.0018899937716114344,0.0,0.24,2
OFFER_0191,24502.0,WAFFARHA,0.0,PERCENTAGE,41.6666666666667,229178.0,Deepoint,Food & Beverages,NATIONWIDE,,NATIONWIDE,1,"For dessert lovers, enjoy a variety of ice cream, pancakes, & waffles plus drinks with up to 42% off @Deepoint branches!",2026-08-18 00:00:00,2026-10-01 00:00:00,60.0,0,0,0,1,0,1,0,0,0,0,0,0,0,0,0,0,0,0,0,0,0,0,0,0,0,0,0,0,0,1,0,0,0.08960573476702516,0.0,1527.0,0.016387105087949144,0.0,0.23164763458401305,2
OFFER_0541,20681.0,WAFFARHA,0.0,PERCENTAGE,43.6170212765957,229137.0,Chicken Planet,Food & Beverages,NATIONWIDE,,NATIONWIDE,1,"Complete your gathering with pizza meals with up to 41% off from Chicken Planet, Heliopolis!",2026-08-18 00:00:00,2026-10-01 00:00:00,135.0,0,0,0,1,0,1,0,0,0,0,0,0,0,0,0,0,0,0,0,0,0,0,0,0,0,0,0,0,0,1,0,0,0.09380004575611979,0.0,305.0,0.0032645346964197504,0.0,0.07216494845360824,2
OFFER_0361,20779,WAFFARHA,0.0,PERCENTAGE,50.561797752809,229179.0,Guaco,Food & Beverages,NATIONWIDE,,NATIONWIDE,1,"Burger, pasta, pizza meals & more with up to 51% off @Guaco Restaurant, 5th Settlement!",2026-08-18 00:00:00,2026-10-01 00:00:00,220.0,0,0,0,1,0,1,0,0,0,0,0,0,0,0,0,0,0,0,0,0,0,0,0,0,0,0,0,0,0,1,0,0,0.10873504893077204,0.0,262.0,0.002802774854491957,0.0,0.0,0
OFFER_0585,20827.0,WAFFARHA,0.0,PERCENTAGE,38.8888888888889,229180.0,Choco Jail,Food & Beverages,NATIONWIDE,,NATIONWIDE,1,Get addicted with heavenly delicious desserts & drinks varieties with up to 39% off @Choco Jail branches!,2026-08-18 00:00:00,2026-10-01 00:00:00,110.0,0,0,0,1,0,1,0,0,0,0,0,0,0,0,0,0,0,0,0,0,0,0,0,0,0,0,0,0,0,1,0,0,0.0836320191158901,0.0,372.0,0.0039840209617491035,0.0,0.119533527696793,2
OFFER_0121,24124,WAFFARHA,0.0,PERCENTAGE,38.2978723404255,229181.0,Serjieh,Food & Beverages,NATIONWIDE,,NATIONWIDE,1,"Shawarma sandwiches & Western meals with up to 43% off @Serjieh, inside Avenue Mall – Rehab!",2026-07-29 00:00:00,2026-09-01 00:00:00,145.0,0,0,0,1,0,1,0,0,0,0,0,0,0,0,0,0,0,0,0,0,0,0,0,0,0,0,0,0,0,1,0,0,0.08236101578586129,0.0,316.0,0.003382659307145465,0.0,0.0,0
OFFER_0903,24146.0,WAFFARHA,0.0,PERCENTAGE,36.8421052631579,229182.0,Over Dozzz,Food & Beverages,NATIONWIDE,,NATIONWIDE,1,"Fried chicken, Kebda, Sausage & Pasta meals with up to 56% off @Over Dozzz , Manyal!",2026-08-10 00:00:00,2026-09-01 00:00:00,99.0,0,0,0,1,0,1,0,0,0,0,0,0,0,0,0,0,0,0,0,0,0,0,0,0,0,0,0,0,0,1,0,0,0.0792303338992643,0.0,465.0,0.004982710852430145,0.0,0.006550218340611353,2
OFFER_0098,24503.0,WAFFARHA,0.0,PERCENTAGE,41.3793103448276,229183.0,Chocolate Island,Food & Beverages,NATIONWIDE,,NATIONWIDE,1,"Variety of chocolates and desserts with up to 41% off @Chocolate Island, Nasr City!",2026-08-12 00:00:00,2026-09-01 00:00:00,65.0,0,0,0,1,0,1,0,0,0,0,0,0,0,0,0,0,0,0,0,0,0,0,0,0,0,0,0,0,0,1,0,0,0.08898776418242495,0.0,269.0,0.0028779450613174115,0.0,0.034482758620689655,2
OFFER_0273,20780.0,WAFFARHA,0.0,PERCENTAGE,33.3333333333333,229184.0,I Fruit,Food & Beverages,NATIONWIDE,,NATIONWIDE,1,"Most delicious ice cream, juices, milkshakes & iced coffee with up to 33% off @I Fruit branches!",2026-07-16 00:00:00,2026-08-01 00:00:00,59.0,0,0,0,1,0,1,0,0,0,0,0,0,0,0,0,0,0,0,0,0,0,0,0,0,0,0,0,0,0,1,0,0,0.07168458781362,0.0,213.0,0.0022765834067137733,0.0,0.22448979591836735,2
OFFER_0312,20828.0,WAFFARHA,0.0,PERCENTAGE,34.0277777777778,229185.0,Alien Dough,Food & Beverages,NATIONWIDE,,NATIONWIDE,1,Delicious donuts & drinks of your choice with up to 34% off from Alien Dough branches!,2026-05-04 00:00:00,2026-06-01 00:00:00,95.0,0,0,0,1,0,1,0,0,0,0,0,0,0,0,0,0,0,0,0,0,0,0,0,0,0,0,0,0,0,1,0,0,0.07317801672640387,0.0,244.0,0.002609480036940787,0.0,0.029535864978902954,2
OFFER_1012,20732.0,WAFFARHA,0.0,PERCENTAGE,53.125,229186.0,Fresh Dough,Food & Beverages,NATIONWIDE,,NATIONWIDE,1,"Various choices of donuts & drinks with up to 53% off @Fresh Dough, Cairo Festival Mall",2026-08-18 00:00:00,2026-10-01 00:00:00,75.0,0,0,0,1,0,1,0,0,0,0,0,0,0,0,0,0,0,0,0,0,0,0,0,0,0,0,0,0,0,1,0,0,0.11424731182795698,0.0,138.0,0.0014711883335839007,0.0,0.022222222222222223,2
OFFER_0538,20633.0,WAFFARHA,0.0,PERCENTAGE,35.0,229187.0,Moz & Loz,Food & Beverages,NATIONWIDE,,NATIONWIDE,1,"Sweeter Ramadan vibes with your favorite drinks with up to 35% off @Moz & Loz, Zahraa Nasr City!",2026-03-19 00:00:00,2026-03-19 00:00:00,39.0,0,0,0,1,0,1,0,0,0,0,0,0,0,0,0,0,0,0,0,0,0,0,0,0,0,0,0,0,0,1,0,0,0.07526881720430108,0.0,7.0,6.443160585038982e-05,0.0,0.6,2
OFFER_0436,24493.0,WAFFARHA,0.0,PERCENTAGE,49.3087557603687,229188.0,Parata & Karak,Food & Beverages,NATIONWIDE,,NATIONWIDE,1,"Enjoy authentic Gulf-flavored Indian paratha & Karak tea with up to 49% off @Parata & Karak, Sheikh Zayed!",2026-08-18 00:00:00,2026-10-01 00:00:00,110.0,0,0,0,1,0,1,0,0,0,0,0,0,0,0,0,0,0,0,0,0,0,0,0,0,0,0,0,0,0,1,0,0,0.10604033496853484,0.0,243.0,0.002598741435965722,0.0,0.008658008658008658,2
OFFER_0619,20781.0,WAFFARHA,0.0,PERCENTAGE,55.3752535496957,229189.0,Qandil Seafood Restaurant,Food & Beverages,NATIONWIDE,,NATIONWIDE,1,"Fresh seafood meals with up to 55% off @Qandil Seafood Restaurant, Katameya!",2026-08-18 00:00:00,2026-10-01 00:00:00,500.0,0,0,0,1,0,1,0,0,0,0,0,0,0,0,0,0,0,0,0,0,0,0,0,0,0,0,0,0,0,1,0,0,0.11908656677353914,0.0,604.0,0.006475376387964176,0.0,0.022375215146299483,2
OFFER_0718,24500.0,WAFFARHA,0.0,PERCENTAGE,34.4444444444444,229190.0,Smoothie Fruit,Food & Beverages,NATIONWIDE,,NATIONWIDE,1,"Variety of natural authentic-flavored juices & smoothies with up to 34% off @Smoothie Fruit, Mohandissen!",2026-08-18 00:00:00,2026-10-01 00:00:00,59.0,0,0,0,1,0,1,0,0,0,0,0,0,0,0,0,0,0,0,0,0,0,0,0,0,0,0,0,0,0,1,0,0,0.07407407407407397,0.0,226.0,0.002416185219389618,0.0,0.08056872037914692,2
OFFER_1257,24131.0,WAFFARHA,0.0,PERCENTAGE,50.8241758241758,229191.0,Khabzino,Food & Beverages,NATIONWIDE,,NATIONWIDE,1,"All the beloved creations of pizza, feteer & crepe with up to 51% off @Khabzino branches!",2026-08-18 00:00:00,2026-10-01 00:00:00,149.0,0,0,0,1,0,1,0,0,0,0,0,0,0,0,0,0,0,0,0,0,0,0,0,0,0,0,0,0,0,1,0,0,0.1092993028476899,0.0,4313.0,0.04630484740448015,0.0,0.06245278267438932,2
OFFER_0822,20634.0,WAFFARHA,0.0,PERCENTAGE,49.0740740740741,229192.0,Dips,Food & Beverages,NATIONWIDE,,NATIONWIDE,1,"Enjoy your favorite drinks & desserts with up to 49% off @Dips, Pyramids gardens!",2026-03-17 00:00:00,2026-04-01 00:00:00,55.0,0,0,0,1,0,1,0,0,0,0,0,0,0,0,0,0,0,0,0,0,0,0,0,0,0,0,0,0,0,1,0,0,0.10553564317005182,0.0,2.0,1.0738600975064968e-05,0.0,1.0,2
OFFER_1193,24501.0,WAFFARHA,0.0,PERCENTAGE,40.0,229187.0,Moz & Loz,Food & Beverages,NATIONWIDE,,NATIONWIDE,1,"Refreshing drink & delicious desserts with up to 40% off @Moz & Loz, Zahraa Nasr City!",2026-08-18 00:00:00,2026-10-01 00:00:00,49.0,0,0,0,1,0,1,0,0,0,0,0,0,0,0,0,0,0,0,0,0,0,0,0,0,0,0,0,0,0,1,0,0,0.08602150537634409,0.0,189.0,0.002018856983312214,0.0,0.12941176470588237,2
OFFER_1119,23953.0,WAFFARHA,0.0,PERCENTAGE,57.6923076923077,229193.0,Richie's,Food & Beverages,NATIONWIDE,,NATIONWIDE,1,"Up to 58% off Your choice of Desserts, Ice Cream, Shakes & Hot beverages @Richie's!",2026-08-18 00:00:00,2026-10-01 00:00:00,39.0,0,0,0,1,0,1,0,0,0,0,0,0,0,0,0,0,0,0,0,0,0,0,0,0,0,0,0,0,0,1,0,0,0.1240694789081886,0.0,720.0,0.007721054101071712,0.0,0.4230171073094868,2
OFFER_0335,20830.0,WAFFARHA,0.0,PERCENTAGE,62.5,229194.0,Energy Plus Supplements,Retail & Services,NATIONWIDE,,NATIONWIDE,1,Maintain your energy and performance at the gym with supplements and vitamins with up to 63% off @Energy Plus Supplements!,2026-08-18 00:00:00,2026-10-01 00:00:00,225.0,0,0,0,1,0,0,0,0,0,0,0,0,0,0,0,0,0,0,0,0,0,0,0,0,0,0,1,0,0,1,0,0,0.13440860215053763,0.0,1555.0,0.016687785915250962,0.0,0.001366120218579235,2
OFFER_0905,20734,WAFFARHA,0.0,PERCENTAGE,40.0,229195.0,Zestra Coffee,Food & Beverages,NATIONWIDE,,NATIONWIDE,1,"Pick your favorite from coffee, desserts & sandwiches with up to 43% off @Zestra Coffee, 6th of October!",2026-08-18 00:00:00,2026-10-01 00:00:00,120.0,0,0,0,1,0,1,0,0,0,0,0,0,0,0,0,0,0,0,0,0,0,0,0,0,0,0,0,0,0,1,0,0,0.08602150537634409,0.0,94.0,0.000998689890681042,0.0,0.0,0
OFFER_0169,20635.0,WAFFARHA,0.0,PERCENTAGE,56.875,229196.0,Tmarat,Food & Beverages,NATIONWIDE,,NATIONWIDE,1,"Perfect hospitality treats for any time, dates, nuts, dried fruits, and more with up to 57% off @Tmarat branches!",2026-08-18 00:00:00,2026-10-01 00:00:00,69.0,0,0,0,1,0,1,0,0,0,0,0,0,0,0,0,0,0,0,0,0,0,0,0,0,0,0,0,0,0,1,0,0,0.12231182795698925,0.0,368.0,0.0039410665578488435,0.0,0.019444444444444445,2
OFFER_0666,24504.0,WAFFARHA,0.0,PERCENTAGE,42.6229508196721,229197.0,Treats Island,Food & Beverages,NATIONWIDE,,NATIONWIDE,1,"Enjoy cozy area with your favorite desserts, sandwiches & drinks with up to 43% off @Treats Island, inside Majaz Mall - 6th of October!",2026-08-18 00:00:00,2026-10-01 00:00:00,145.0,0,0,0,1,0,1,0,0,0,0,0,0,0,0,0,0,0,0,0,0,0,0,0,0,0,0,0,0,0,1,0,0,0.09166225982725182,0.0,73.0,0.0007731792702046778,0.0,0.014084507042253521,2
OFFER_0989,20831,WAFFARHA,0.0,PERCENTAGE,32.5,229198.0,Yalla Kumpir,Food & Beverages,NATIONWIDE,,NATIONWIDE,1,"Enjoy variety of Turkish dishes like Kumpir & potato casserole & drink & dessert with up to 40% off @Yalla Kumpir, 6th of October!",2026-08-18 00:00:00,2026-10-01 00:00:00,135.0,0,0,0,1,0,1,0,0,0,0,0,0,0,0,0,0,0,0,0,0,0,0,0,0,0,0,0,0,0,1,0,0,0.06989247311827956,0.0,154.0,0.0016430059491849402,0.0,0.0,0
OFFER_0976,24505.0,WAFFARHA,0.0,PERCENTAGE,35.7142857142857,229199.0,MiniPan,Food & Beverages,NATIONWIDE,,NATIONWIDE,1,"Discover happiness in every bite & sip of your favorite items with up to 36% off @MiniPan, 6th of October!",2026-08-18 00:00:00,2026-10-01 00:00:00,90.0,0,0,0,1,0,1,0,0,0,0,0,0,0,0,0,0,0,0,0,0,0,0,0,0,0,0,0,0,0,1,0,0,0.07680491551459291,0.0,101.0,0.0010738600975064968,0.0,0.01020408163265306,2
OFFER_0696,23904.0,WAFFARHA,0.0,PERCENTAGE,25.0,226608.0,Cold Stone Creamery,Food & Beverages,NATIONWIDE,,NATIONWIDE,1,Ice cream cakes with different flavors with 25% off @Cold Stone Creamery Egypt! Only EGP 450 instead of EGP 600,2026-08-18 00:00:00,2026-10-01 00:00:00,450.0,0,0,0,1,0,1,0,0,0,0,0,0,0,0,0,0,0,0,0,0,0,0,0,0,0,0,0,0,0,1,0,0,0.053763440860215055,0.0,543.0,0.005820321728485213,0.0,0.12524850894632206,2
OFFER_0245,20685,WAFFARHA,0.0,PERCENTAGE,30.0,229200.0,Dpono,Food & Beverages,NATIONWIDE,,NATIONWIDE,1,"High-quality coffee with unique flavors to suit every taste with up to 41% off @Dpono, 15th of May!",2026-08-18 00:00:00,2026-10-01 00:00:00,189.0,0,0,0,1,0,1,0,0,0,0,0,0,0,0,0,0,0,0,0,0,0,0,0,0,0,0,0,0,0,1,0,0,0.06451612903225806,0.0,255.0,0.002727604647666502,0.0,0.0,0
OFFER_0835,24754.0,WAFFARHA,0.0,PERCENTAGE,29.0909090909091,229201.0,Auntie Anne's,Food & Beverages,NATIONWIDE,,NATIONWIDE,1,Explore a whole world of pretzels & pizzas along with refreshing drinks with up to 30% off @Auntie Anne's branches!,2026-08-18 00:00:00,2026-10-01 00:00:00,110.0,0,0,0,1,0,1,0,0,0,0,0,0,0,0,0,0,0,0,0,0,0,0,0,0,0,0,0,0,0,1,0,0,0.06256109481915936,0.0,378.0,0.004048452567599493,0.0,0.01634877384196185,2
OFFER_0514,20832.0,WAFFARHA,0.0,PERCENTAGE,42.7745664739884,229202.0,Molly's bakery,Food & Beverages,NATIONWIDE,,NATIONWIDE,1,Pastry & Croissant choices with up to 43% off from Molly's Bakery branches,2026-08-18 00:00:00,2026-10-01 00:00:00,99.0,0,0,0,1,0,1,0,0,0,0,0,0,0,0,0,0,0,0,0,0,0,0,0,0,0,0,0,0,0,1,0,0,0.09198831499782452,0.0,83.0,0.0008805652799553274,0.0,0.0975609756097561,2
OFFER_1021,20833.0,WAFFARHA,0.0,PERCENTAGE,40.0,226554.0,Funny Rides,Entertainment,NATIONWIDE,,NATIONWIDE,1,Enjoy a unique shopping experience with your child Fun driving with 40% off @Funny Rides!,2026-08-18 00:00:00,2026-10-01 00:00:00,270.0,0,0,0,1,0,0,0,0,0,0,0,0,0,0,0,0,0,0,0,0,0,1,0,0,0,0,0,0,0,1,0,0,0.08602150537634409,0.0,248.0,0.002652434440841047,0.0,0.05416666666666667,2
OFFER_0115,20736.0,WAFFARHA,0.0,PERCENTAGE,30.0,229203.0,Fantazy International Circus,Entertainment,NATIONWIDE,,NATIONWIDE,1,"Interesting Circus shows with 30% off @Fantazy International Circus, Mokattam!",2026-04-17 00:00:00,2026-04-17 00:00:00,140.0,0,0,0,1,0,0,0,0,0,0,0,0,0,0,0,0,0,0,0,0,0,1,0,0,0,0,0,0,0,1,0,0,0.06451612903225806,0.0,77.0,0.0008161336741049376,0.0,0.05194805194805195,2
OFFER_0978,20834.0,WAFFARHA,0.0,PERCENTAGE,36.4285714285714,229204.0,Cairo Mall Cinema,Entertainment,NATIONWIDE,,NATIONWIDE,1,"Attend new movies with 36% off @Cairo Mall Cinema, Haram!",2026-03-24 00:00:00,2026-05-01 00:00:00,89.0,0,0,0,1,0,0,0,0,0,0,0,0,0,0,0,0,0,0,0,0,0,1,0,0,0,0,0,0,0,1,0,0,0.07834101382488473,0.0,99.0,0.0010523828955563668,0.0,0.020618556701030927,2
OFFER_0445,20835.0,WAFFARHA,0.0,PERCENTAGE,38.8888888888889,228732.0,Ramage Hotel & Resort,Travel & Hotels,NATIONWIDE,,NATIONWIDE,1,"Cinema ticket & Popcorn with 39% off @Ramge Hotel Cinema, 5th Settlement! Only EGP 110 instead of 180",2026-08-18 00:00:00,2026-10-01 00:00:00,110.0,0,0,0,1,0,0,0,1,0,0,0,0,0,0,0,0,0,0,0,0,0,0,0,0,0,0,0,0,0,1,0,0,0.0836320191158901,0.0,1491.0,0.0160005154528468,0.0,0.018718502519798418,2
OFFER_0488,20837,DISCOUNT_VOUCHER,0.0,PERCENTAGE,10.0,228654.0,CH&BE,Health & Beauty,NATIONWIDE,,NATIONWIDE,0,Get Extra 10% off when you pay with your yellowcard.,2026-03-18 00:00:00,2026-03-31 00:00:00,0.0,1,0,0,0,0,0,1,0,0,0,0,0,0,0,0,0,0,0,0,0,0,0,0,0,0,0,0,0,0,1,0,0,0.021505376344086023,0.0,1899.0,0.02038186465067331,0.0,0.0,0
OFFER_0763,20839.0,DISCOUNT_VOUCHER,0.0,PERCENTAGE,18.0,91005.0,Breadfast,Food & Beverages,Giza,Giza|Cairo,عابدين,0,"Celebrate Eid with freshly baked, premium-quality Kahk from Breadfast! Get your favorite delicious assortment at a special discounted price. Perfect for family gatherings, gifting, or treating yourself during the festive season.",2026-03-18 00:00:00,2026-03-31 00:00:00,350.0,1,0,0,0,0,1,0,0,0,0,0,0,0,0,0,0,0,0,0,0,0,0,0,0,0,0,0,0,0,1,0,0,0.03870967741935484,0.0,93.0,0.000987951289705977,0.0,0.010752688172043012,1
OFFER_0554,20852,WAFFARHA,0.0,PERCENTAGE,25.0,228876.0,Abou Al Zouz Restaurant,Food & Beverages,NATIONWIDE,,NATIONWIDE,1,Eid tastes sweeter with kahk & petit four with 25% off @Abou Al Zouz Restaurant!,2026-03-22 00:00:00,2026-03-23 00:00:00,450.0,0,0,0,1,0,1,0,0,0,0,0,0,0,0,0,0,0,0,0,0,0,0,0,0,0,0,0,0,0,1,0,0,0.053763440860215055,0.0,9.0,8.590880780051974e-05,0.0,0.0,0
OFFER_0241,20840.0,WAFFARHA,0.0,PERCENTAGE,46.3087248322148,228875.0,COCO Restaurants,Food & Beverages,NATIONWIDE,,NATIONWIDE,1,"Main dishes, pizza, and pasta with dessert and a drink with up to 45% off at COCO Restaurants!",2026-08-18 00:00:00,2026-10-01 00:00:00,275.0,0,0,0,1,0,1,0,0,0,0,0,0,0,0,0,0,0,0,0,0,0,0,0,0,0,0,0,0,0,1,0,0,0.09958865555315011,0.0,555.0,0.005949184940185992,0.0,0.1083844580777096,2
OFFER_0544,20841.0,WAFFARHA,0.0,PERCENTAGE,41.1764705882353,229025.0,Maestro Cafe & Restaurant,Food & Beverages,NATIONWIDE,,NATIONWIDE,1,"The tastiest lunch and dessert options with up to 45% off @Maestro Cafe & Restaurant, Nasr City!",2026-08-18 00:00:00,2026-10-01 00:00:00,180.0,0,0,0,1,0,1,0,0,0,0,0,0,0,0,0,0,0,0,0,0,0,0,0,0,0,0,0,0,0,1,0,0,0.08855154965211892,0.0,117.0,0.0012456777131075363,0.0,0.008849557522123894,2
OFFER_0814,24461,WAFFARHA,0.0,PERCENTAGE,31.8181818181818,229085.0,"Maison de Thé ""Tea House""",Food & Beverages,NATIONWIDE,,NATIONWIDE,1,Your tasty breakfast meals await with 32% Off @Maison de Thé branches!,2026-08-18 00:00:00,2026-10-01 00:00:00,225.0,0,0,0,1,0,1,0,0,0,0,0,0,0,0,0,0,0,0,0,0,0,0,0,0,0,0,0,0,0,1,0,0,0.06842619745845548,0.0,587.0,0.0062928201713880715,0.0,0.0,0
OFFER_0955,20843.0,WAFFARHA,0.0,PERCENTAGE,61.0021786492375,228850.0,Hundred Degrees,Food & Beverages,NATIONWIDE,,NATIONWIDE,1,"Savor tasty variety of meals with up to 51% off at Hundred Degrees, 5th Settlement!",2026-08-18 00:00:00,2026-10-01 00:00:00,179.0,0,0,0,1,0,1,0,0,0,0,0,0,0,0,0,0,0,0,0,0,0,0,0,0,0,0,0,0,0,1,0,0,0.13118748096610214,0.0,166.0,0.0017718691608857198,0.0,0.03048780487804878,2
OFFER_0103,20844,WAFFARHA,0.0,PERCENTAGE,43.3048433048433,229025.0,Maestro Cafe & Restaurant,Food & Beverages,NATIONWIDE,,NATIONWIDE,1,"Variety of delicious breakfast options with 43% off @Maestro Cafe & Restaurant, Nasr City!",2026-08-18 00:00:00,2026-10-01 00:00:00,199.0,0,0,0,1,0,1,0,0,0,0,0,0,0,0,0,0,0,0,0,0,0,0,0,0,0,0,0,0,0,1,0,0,0.09312869527923291,0.0,91.0,0.0009664740877558471,0.0,0.0,0
OFFER_0409,20952.0,WAFFARHA,0.0,PERCENTAGE,42.8571428571428,229205.0,Cosmos Cinema,Entertainment,NATIONWIDE,,NATIONWIDE,1,"Choose your preferred movie time with morning & evening shows with popcorn with up to 43% off @Cosmos Cinema, Downtown!",2026-08-18 00:00:00,2026-10-01 00:00:00,85.0,0,0,0,1,0,0,0,0,0,0,0,0,0,0,0,0,0,0,0,0,0,1,0,0,0,0,0,0,0,1,0,0,0.09216589861751139,0.0,1590.0,0.017063636949378236,0.0,0.028455284552845527,2
OFFER_0981,20902.0,WAFFARHA,0.0,PERCENTAGE,35.0,229206.0,Diamond Cinemas,Entertainment,NATIONWIDE,,NATIONWIDE,1,Watch your chosen movies with 35% off @Diamond Cinema branches!,2026-08-18 00:00:00,2026-10-01 00:00:00,65.0,0,0,0,1,0,0,0,0,0,0,0,0,0,0,0,0,0,0,0,0,0,1,0,0,0,0,0,0,0,1,0,0,0.07526881720430108,0.0,2438.0,0.02616997057623333,0.0,0.06440071556350627,2
OFFER_0799,24414.0,WAFFARHA,0.0,PERCENTAGE,59.9824098504837,229207.0,El-Hadra Restaurant,Food & Beverages,NATIONWIDE,,NATIONWIDE,1,Mix Grill meals with up to 57% off at El-Hadra Restaurant!,2026-08-18 00:00:00,2026-10-01 00:00:00,199.0,0,0,0,1,0,1,0,0,0,0,0,0,0,0,0,0,0,0,0,0,0,0,0,0,0,0,0,0,0,1,0,0,0.12899442978598644,0.0,786.0,0.008429801765426001,0.0,0.0451527224435591,2
OFFER_0728,20846.0,WAFFARHA,0.0,PERCENTAGE,42.156862745098,228875.0,COCO Restaurants,Food & Beverages,NATIONWIDE,,NATIONWIDE,1,Varieties of Western breakfast options & a drink with 42% off @COCO Restaurant branches!,2026-08-18 00:00:00,2026-10-01 00:00:00,295.0,0,0,0,1,0,1,0,0,0,0,0,0,0,0,0,0,0,0,0,0,0,0,0,0,0,0,0,0,0,1,0,0,0.09065991988193119,0.0,289.0,0.003092717080818711,0.0,0.05415162454873646,2
OFFER_0236,21002.0,WAFFARHA,0.0,PERCENTAGE,35.3246753246753,228714.0,Madghout Dajaj,Food & Beverages,NATIONWIDE,,NATIONWIDE,1,"Try Madghout, Tandoori, and Mbakbaka meals with authentic Arabic flavors that will steal your heart with up to 35% off @Madghout Dajaj branches!",2026-08-18 00:00:00,2026-10-01 00:00:00,249.0,0,0,0,1,0,1,0,0,0,0,0,0,0,0,0,0,0,0,0,0,0,0,0,0,0,0,0,0,0,1,0,0,0.07596704370897914,0.0,1229.0,0.013187001997379781,0.0,0.26226226226226224,2
OFFER_0358,24523.0,WAFFARHA,0.0,PERCENTAGE,30.6122448979592,229252.0,Hawawshy El Refaie,Food & Beverages,NATIONWIDE,,NATIONWIDE,1,"The king of hawawshi with its distinctive blend, with 31% off @Hawawshy El Refaie branches!",2026-08-18 00:00:00,2026-10-01 00:00:00,125.0,0,0,0,1,0,1,0,0,0,0,0,0,0,0,0,0,0,0,0,0,0,0,0,0,0,0,0,0,0,1,0,0,0.06583278472679398,0.0,11941.0,0.12821889564227573,0.0,0.09952082565425728,2
OFFER_0432,21052.0,WAFFARHA,0.0,PERCENTAGE,0.0,229118.0,XU San Stefano,Travel & Hotels,NATIONWIDE,,NATIONWIDE,1,"Enjoy your vacation in the middle of the sea & access to the swimming pools @XU Stefano, Alexandria!",2026-08-18 00:00:00,2026-10-01 00:00:00,635.0,0,0,0,1,0,0,0,1,0,0,0,0,0,0,0,0,0,0,0,0,0,0,0,0,0,0,0,0,0,1,0,0,0.0,0.0,2010.0,0.021573849358905522,0.0,0.0021645021645021645,2
OFFER_0001,21102,WAFFARHA,0.0,PERCENTAGE,32.9268292682927,228799.0,Libeirut,Food & Beverages,NATIONWIDE,,NATIONWIDE,1,"Authentic lunch meals with Lebanese flavors with up to 33% off @Libeirut Restaurant, Zamalek!",2026-08-18 00:00:00,2026-10-01 00:00:00,550.0,0,0,0,1,0,1,0,0,0,0,0,0,0,0,0,0,0,0,0,0,0,0,0,0,0,0,0,0,0,1,0,0,0.0708103855232101,0.0,61.0,0.0006443160585038982,0.0,0.0,0
OFFER_0267,24467,WAFFARHA,0.0,PERCENTAGE,37.9746835443038,228799.0,Libeirut,Food & Beverages,NATIONWIDE,,NATIONWIDE,1,Breakfast with authentic Lebanese flavors with 38% off @Libeirut Restaurant,2026-08-17 00:00:00,2026-10-01 00:00:00,245.0,0,0,0,1,0,1,0,0,0,0,0,0,0,0,0,0,0,0,0,0,0,0,0,0,0,0,0,0,0,1,0,0,0.08166598611678237,0.0,259.0,0.002770559051566762,0.0,0.0,0
OFFER_0874,24469,WAFFARHA,0.0,PERCENTAGE,35.5072463768116,228798.0,Picual,Food & Beverages,NATIONWIDE,,NATIONWIDE,1,2 Pax breakfast tray with 36% off @Picual,2026-08-18 00:00:00,2026-10-01 00:00:00,445.0,0,0,0,1,0,1,0,0,0,0,0,0,0,0,0,0,0,0,0,0,0,0,0,0,0,0,0,0,0,1,0,0,0.07635966962755183,0.0,339.0,0.0036296471295719592,0.0,0.0,0
OFFER_0606,24128,WAFFARHA,0.0,PERCENTAGE,33.6666666666667,228786.0,Seecos,Food & Beverages,NATIONWIDE,,NATIONWIDE,1,"Variety meals to suit every taste in a Greek-inspired atmosphere with 34% off @Seecos, Maadi!",2026-07-13 00:00:00,2026-08-01 00:00:00,199.0,0,0,0,1,0,1,0,0,0,0,0,0,0,0,0,0,0,0,0,0,0,0,0,0,0,0,0,0,0,1,0,0,0.07240143369175635,0.0,76.0,0.0008053950731298727,0.0,0.0,0
OFFER_0082,21055,WAFFARHA,0.0,PERCENTAGE,40.6666666666667,228798.0,Picual,Food & Beverages,NATIONWIDE,,NATIONWIDE,1,Lunch meals is even better with a variety choices and up to 41% off @Picual Restaurant,2026-08-18 00:00:00,2026-10-01 00:00:00,445.0,0,0,0,1,0,1,0,0,0,0,0,0,0,0,0,0,0,0,0,0,0,0,0,0,0,0,0,0,0,1,0,0,0.08745519713261656,0.0,62.0,0.000655054659478963,0.0,0.0,0
OFFER_0263,21004.0,WAFFARHA,0.0,PERCENTAGE,30.2083333333333,229253.0,Xtreme Zone Egypt,Entertainment,NATIONWIDE,,NATIONWIDE,1,"Unleash your energy with 30% off @Xtreme Zone, Citystars mall!",2026-08-18 00:00:00,2026-10-01 00:00:00,235.0,0,0,0,1,0,0,0,0,0,0,0,0,0,0,0,0,0,0,0,0,0,1,0,0,0,0,0,0,0,1,0,0,0.06496415770609312,0.0,213.0,0.0022765834067137733,0.0,0.20603015075376885,2
OFFER_0213,21153.0,WAFFARHA,0.0,PERCENTAGE,30.0,229254.0,Egyptian Bowling Academy,Entertainment,NATIONWIDE,,NATIONWIDE,1,Bowling games and private training sessions with up to 30% off @Egyptian Bowling Academy,2026-08-18 00:00:00,2026-10-01 00:00:00,77.0,0,0,0,1,0,0,0,0,0,0,0,0,0,0,0,0,0,0,0,0,0,1,0,0,0,0,0,0,0,1,0,0,0.06451612903225806,0.0,174.0,0.0018577779686862396,0.0,0.07142857142857142,2
OFFER_0392,21103,WAFFARHA,0.0,PERCENTAGE,38.2022471910112,228879.0,Farida Lebanon Restaurant & Garden,Food & Beverages,NATIONWIDE,,NATIONWIDE,1,"Main courses & sandwiches with a distinctive Lebanese flavor with up to 44% off @Farida Lebanon Restaurant & Garden, New Cairo!",2026-08-18 00:00:00,2026-10-01 00:00:00,275.0,0,0,0,1,0,1,0,0,0,0,0,0,0,0,0,0,0,0,0,0,0,0,0,0,0,0,0,0,0,1,0,0,0.0821553703032499,0.0,68.0,0.0007194862653293529,0.0,0.0,0
OFFER_0207,21104,WAFFARHA,0.0,PERCENTAGE,46.3855421686747,228879.0,Farida Lebanon Restaurant & Garden,Food & Beverages,NATIONWIDE,,NATIONWIDE,1,Breakfast for 2 pax with a unique Lebanese taste with 46% off @Farida Lebanon Restaurant & Garden!,2026-08-18 00:00:00,2026-10-01 00:00:00,445.0,0,0,0,1,0,1,0,0,0,0,0,0,0,0,0,0,0,0,0,0,0,0,0,0,0,0,0,0,0,1,0,0,0.09975385412618214,0.0,129.0,0.001374540924808316,0.0,0.0,0
OFFER_1052,21154.0,WAFFARHA,0.0,PERCENTAGE,53.2710280373832,228950.0,Walemat Al Sultan,Food & Beverages,NATIONWIDE,,NATIONWIDE,1,"A rich mix grill meals with the finest grills at up to 44% off @Walemat Al Sultan, Rehab",2026-08-16 00:00:00,2026-10-01 00:00:00,145.0,0,0,0,1,0,1,0,0,0,0,0,0,0,0,0,0,0,0,0,0,0,0,0,0,0,0,0,0,0,1,0,0,0.1145613506180284,0.0,316.0,0.003382659307145465,0.0,0.003236245954692557,2
OFFER_1205,21105.0,WAFFARHA,0.0,PERCENTAGE,47.9166666666667,229009.0,Stage ElNile,Food & Beverages,NATIONWIDE,,NATIONWIDE,1,"Enjoy the tastiest lunch or Dinner of your choice or a dessert with your favorite drink with up to 44% off @Stage ElNile, Dokki!",2026-08-18 00:00:00,2026-10-01 00:00:00,430.0,0,0,0,1,0,1,0,0,0,0,0,0,0,0,0,0,0,0,0,0,0,0,0,0,0,0,0,0,0,1,0,0,0.10304659498207892,0.0,158.0,0.0016859603530852,0.0,0.06040268456375839,2
OFFER_0332,21106.0,WAFFARHA,0.0,PERCENTAGE,45.0757575757576,229009.0,Stage ElNile,Food & Beverages,NATIONWIDE,,NATIONWIDE,1,"Start your day with special pleasant oriental breakfast with up to 44% off @Stage ElNile, Dokki!",2026-08-18 00:00:00,2026-10-01 00:00:00,230.0,0,0,0,1,0,1,0,0,0,0,0,0,0,0,0,0,0,0,0,0,0,0,0,0,0,0,0,0,0,1,0,0,0.09693711306614537,0.0,176.0,0.0018792551706363694,0.0,0.05847953216374269,2
OFFER_0657,21155,WAFFARHA,0.0,PERCENTAGE,37.7358490566038,228877.0,Leven lounge,Food & Beverages,NATIONWIDE,,NATIONWIDE,1,"Relaxing vibes and the perfect breakfast to start your day with up to 45% off @Leven Lounge, inside Tivoli Dome - Heliopolis!",2026-08-18 00:00:00,2026-10-01 00:00:00,165.0,0,0,0,1,0,1,0,0,0,0,0,0,0,0,0,0,0,0,0,0,0,0,0,0,0,0,0,0,0,1,0,0,0.08115236356258881,0.0,86.0,0.0009127810828805223,0.0,0.0,0
OFFER_0532,24528.0,WAFFARHA,0.0,PERCENTAGE,35.3741496598639,228949.0,Wafflicious,Food & Beverages,NATIONWIDE,,NATIONWIDE,1,Make your gathering full of sweetness and delicious choices with up to 35% off from Wafflicious,2026-08-18 00:00:00,2026-10-01 00:00:00,95.0,0,0,0,1,0,1,0,0,0,0,0,0,0,0,0,0,0,0,0,0,0,0,0,0,0,0,0,0,0,1,0,0,0.07607344012873958,0.0,1834.0,0.01968385558729409,0.0,0.03637381085618355,2
OFFER_0088,21202.0,WAFFARHA,0.0,PERCENTAGE,25.974025974026,229255.0,Coppermelt,Food & Beverages,NATIONWIDE,,NATIONWIDE,1,"Indulge in perfect sweetness and fresh bakeries with up to 26% off @Coppermelt, all branches!",2026-08-18 00:00:00,2026-10-01 00:00:00,95.0,0,0,0,1,0,1,0,0,0,0,0,0,0,0,0,0,0,0,0,0,0,0,0,0,0,0,0,0,0,1,0,0,0.05585812037424946,0.0,328.0,0.0035115225188462446,0.0,0.38768115942028986,2
OFFER_1018,21156.0,WAFFARHA,0.0,PERCENTAGE,26.3157894736842,229255.0,Coppermelt,Food & Beverages,NATIONWIDE,,NATIONWIDE,1,Indulge in the perfect highest quality desserts with 25% off @Coppermelt branches!,2026-08-18 00:00:00,2026-10-01 00:00:00,205.0,0,0,0,1,0,1,0,0,0,0,0,0,0,0,0,0,0,0,0,0,0,0,0,0,0,0,0,0,0,1,0,0,0.056593095642331614,0.0,353.0,0.003779987543222869,0.0,0.21405750798722045,2
OFFER_0090,24476,WAFFARHA,0.0,PERCENTAGE,32.6530612244898,229108.0,Taghamees,Food & Beverages,NATIONWIDE,,NATIONWIDE,1,Make your breakfast better with family & enjoy with up to 44% off @Taghamees branches!,2026-08-18 00:00:00,2026-10-01 00:00:00,165.0,0,0,0,1,0,1,0,0,0,0,0,0,0,0,0,0,0,0,0,0,0,0,0,0,0,0,0,0,0,1,0,0,0.07022163704191355,0.0,238.0,0.0025450484310903976,0.0,0.0,0
OFFER_1028,21057.0,WAFFARHA,0.0,PERCENTAGE,36.2745098039216,229141.0,Alraey,Food & Beverages,NATIONWIDE,,NATIONWIDE,1,"A tasty breakfast to kick-start your day, featuring unforgettable oriental and western flavors with up to 36% off @Al Raey, all branches!",2026-03-24 00:00:00,2026-05-01 00:00:00,49.0,0,0,0,1,0,1,0,0,0,0,0,0,0,0,0,0,0,0,0,0,0,0,0,0,0,0,0,0,0,1,0,0,0.07800969850305721,0.0,133.0,0.001417495328708576,0.0,0.8775510204081632,2
OFFER_0292,21107.0,WAFFARHA,0.0,PERCENTAGE,30.0970873786408,229256.0,Waraket Lahma,Food & Beverages,NATIONWIDE,,NATIONWIDE,1,Authentic Egyptian lunch trays with top quality and unforgettable flavor with 30% off @Waraket Lahma branches!,2026-08-18 00:00:00,2026-10-01 00:00:00,1440.0,0,0,0,1,0,1,0,0,0,0,0,0,0,0,0,0,0,0,0,0,0,0,0,0,0,0,0,0,0,1,0,0,0.06472491909385118,0.0,332.0,0.0035544769227465046,0.0,0.0031847133757961785,2
OFFER_0764,21203.0,WAFFARHA,0.0,PERCENTAGE,55.1181102362205,228936.0,Country Hills,Food & Beverages,NATIONWIDE,,NATIONWIDE,1,"Special choices of sandwiches, pizza and main courses with up to 55% off @Country Hills branches",2026-08-18 00:00:00,2026-10-01 00:00:00,255.0,0,0,0,1,0,1,0,0,0,0,0,0,0,0,0,0,0,0,0,0,0,0,0,0,0,0,0,0,0,1,0,0,0.1185335704004742,0.0,554.0,0.005938446339210928,0.0,0.2854330708661417,2
OFFER_0818,24471.0,WAFFARHA,0.0,PERCENTAGE,65.2173913043478,228759.0,Andrea,Food & Beverages,NATIONWIDE,,NATIONWIDE,1,Special breakfast for 2 pax with 65% Off @Andrea Restaurant branches!,2026-08-18 00:00:00,2026-10-01 00:00:00,240.0,0,0,0,1,0,1,0,0,0,0,0,0,0,0,0,0,0,0,0,0,0,0,0,0,0,0,0,0,0,1,0,0,0.14025245441795225,0.0,5584.0,0.05995360924378772,0.0,0.005026996834853845,2
OFFER_0197,24524.0,WAFFARHA,0.0,PERCENTAGE,28.0,228728.0,DUKES,Food & Beverages,NATIONWIDE,,NATIONWIDE,1,The most tasty cakes and gateaux with up to 27% off @Dukes branches!,2026-08-18 00:00:00,2026-10-01 00:00:00,70.0,0,0,0,1,0,1,0,0,0,0,0,0,0,0,0,0,0,0,0,0,0,0,0,0,0,0,0,0,0,1,0,0,0.060215053763440864,0.0,2175.0,0.023345718519791243,0.0,0.025936599423631124,2
OFFER_1075,24473.0,WAFFARHA,0.0,PERCENTAGE,41.4705882352941,228936.0,Country Hills,Food & Beverages,NATIONWIDE,,NATIONWIDE,1,The perfect selections of breakfast gatherings with up to 41% off @Country Hills branches!,2026-08-18 00:00:00,2026-10-01 00:00:00,199.0,0,0,0,1,0,1,0,0,0,0,0,0,0,0,0,0,0,0,0,0,0,0,0,0,0,0,0,0,0,1,0,0,0.08918406072106258,0.0,215.0,0.0022980606086639033,0.0,0.115,2
OFFER_0364,21204.0,WAFFARHA,0.0,PERCENTAGE,48.780487804878,229061.0,Sweven Restaurant & Cafe,Food & Beverages,NATIONWIDE,,NATIONWIDE,1,Enjoy a variety of oriental breakfast meals & drink with up to 49% off @Sweven Restaurant & Café branches!,2026-08-18 00:00:00,2026-10-01 00:00:00,115.0,0,0,0,1,0,1,0,0,0,0,0,0,0,0,0,0,0,0,0,0,0,0,0,0,0,0,0,0,0,1,0,0,0.1049042748492,0.0,109.0,0.0011597689053070167,0.0,0.009345794392523364,2
OFFER_0546,21109.0,WAFFARHA,0.0,PERCENTAGE,43.0,228921.0,Ghazala Lounge,Food & Beverages,NATIONWIDE,,NATIONWIDE,1,"Explore Lebanese cuisine with up to 43% off @Ghazala Lounge, Zamalek!",2026-08-18 00:00:00,2026-10-01 00:00:00,175.0,0,0,0,1,0,1,0,0,0,0,0,0,0,0,0,0,0,0,0,0,0,0,0,0,0,0,0,0,0,1,0,0,0.09247311827956989,0.0,101.0,0.0010738600975064968,0.0,0.02040816326530612,2
OFFER_1063,21110.0,WAFFARHA,0.0,PERCENTAGE,56.7567567567567,228759.0,Andrea,Food & Beverages,NATIONWIDE,,NATIONWIDE,1,Perfect selection of tasty grilled meals with up to 57% off @Andrea Restaurants!,2026-08-18 00:00:00,2026-10-01 00:00:00,160.0,0,0,0,1,0,1,0,0,0,0,0,0,0,0,0,0,0,0,0,0,0,0,0,0,0,0,0,0,0,1,0,0,0.12205754141238,0.0,726.0,0.007785485706922102,0.0,0.05822416302765648,2
OFFER_0689,21158,WAFFARHA,0.0,PERCENTAGE,32.5,229124.0,Valentine Yacht,Food & Beverages,NATIONWIDE,,NATIONWIDE,1,"Enjoy a fun Nile cruise or a unique celebration in the heart of the Nile with 32% off @Moonlight Boat, Manyal!",2026-05-25 00:00:00,2026-07-01 00:00:00,1350.0,0,0,0,1,0,1,0,0,0,0,0,0,0,0,0,0,0,0,0,0,0,0,0,0,0,0,0,0,0,1,0,0,0.06989247311827956,0.0,88.0,0.0009342582848306522,0.0,0.0,0
OFFER_1072,21111,WAFFARHA,0.0,PERCENTAGE,30.01,229257.0,Sai Yacht,Entertainment,NATIONWIDE,,NATIONWIDE,1,"Celebrate your special occasion in the heart of the Nile with up to 30% off @Sai Yacht, Manyal",2026-08-18 00:00:00,2026-10-01 00:00:00,6999.0,0,0,0,1,0,0,0,0,0,0,0,0,0,0,0,0,0,0,0,0,0,1,0,0,0,0,0,0,0,1,0,0,0.06453763440860215,0.0,401.0,0.004295440390025987,0.0,0.0,0
OFFER_0246,21059,WAFFARHA,0.0,PERCENTAGE,30.01,229258.0,VAYA YACHT,Entertainment,NATIONWIDE,,NATIONWIDE,1,2-Hrs Nile tour with up to 30% off @VAYA YACHT,2026-08-18 00:00:00,2026-10-01 00:00:00,6999.0,0,0,0,1,0,0,0,0,0,0,0,0,0,0,0,0,0,0,0,0,0,1,0,0,0,0,0,0,0,1,0,0,0.06453763440860215,0.0,424.0,0.004542428212452482,0.0,0.0,0
OFFER_0876,21112,WAFFARHA,0.0,PERCENTAGE,30.0,229124.0,Valentine Yacht,Food & Beverages,NATIONWIDE,,NATIONWIDE,1,Un forgettable Nile tour with 30% off @Valentine Yacht,2026-05-25 00:00:00,2026-07-01 00:00:00,9100.0,0,0,0,1,0,1,0,0,0,0,0,0,0,0,0,0,0,0,0,0,0,0,0,0,0,0,0,0,0,1,0,0,0.06451612903225806,0.0,118.0,0.0012564163140826013,0.0,0.0,0
OFFER_0725,21113.0,WAFFARHA,0.0,PERCENTAGE,54.054054054054,229023.0,Shabaa,Food & Beverages,NATIONWIDE,,NATIONWIDE,1,"Various choices for your favorite breakfast with up to 54% off @Shabaa, Heliopolis!",2026-04-19 00:00:00,2026-06-01 00:00:00,69.0,0,0,0,1,0,1,0,0,0,0,0,0,0,0,0,0,0,0,0,0,0,0,0,0,0,0,0,0,0,1,0,0,0.1162452775356,0.0,35.0,0.00036511243315220894,0.0,0.14285714285714285,2
OFFER_0012,21060.0,WAFFARHA,0.0,PERCENTAGE,43.0,228895.0,Happy Dolphin & Nile Lily,Food & Beverages,NATIONWIDE,,NATIONWIDE,1,"Delicious meal on the Nile view with 40% off at Nile Lily Floating boat, Manyal!",2026-08-18 00:00:00,2026-10-01 00:00:00,450.0,0,0,0,1,0,1,0,0,0,0,0,0,0,0,0,0,0,0,0,0,0,0,0,0,0,0,0,0,0,1,0,0,0.09247311827956989,0.0,307.0,0.0032860118983698804,0.0,0.010169491525423728,2
OFFER_0194,21114.0,WAFFARHA,0.0,PERCENTAGE,33.3333333333333,228895.0,Happy Dolphin & Nile Lily,Food & Beverages,NATIONWIDE,,NATIONWIDE,1,"Couple breakfast meal on the Nile with 33% off @Andalusia Restaurant, Manyal! EGP 300 instead of EGP 450",2026-08-18 00:00:00,2026-10-01 00:00:00,300.0,0,0,0,1,0,1,0,0,0,0,0,0,0,0,0,0,0,0,0,0,0,0,0,0,0,0,0,0,0,1,0,0,0.07168458781362,0.0,131.0,0.001396018126758446,0.0,0.10077519379844961,2
OFFER_1051,21115.0,WAFFARHA,0.0,PERCENTAGE,59.5238095238095,229156.0,Garden Café,Food & Beverages,NATIONWIDE,,NATIONWIDE,1,Breakfast choices will sweeten your day with up to 60% off @Garden Café branches !,2026-08-18 00:00:00,2026-10-01 00:00:00,119.0,0,0,0,1,0,1,0,0,0,0,0,0,0,0,0,0,0,0,0,0,0,0,0,0,0,0,0,0,0,1,0,0,0.1280081925243215,0.0,500.0,0.005358561886557419,0.0,0.02066115702479339,2
OFFER_0516,21061,WAFFARHA,0.0,PERCENTAGE,33.3333333333333,228895.0,Happy Dolphin & Nile Lily,Food & Beverages,NATIONWIDE,,NATIONWIDE,1,Romantic dinner moments & private Nile cruise for 2 pax with 33% off on Nile Lily Yacht!,2026-08-18 00:00:00,2026-10-01 00:00:00,2000.0,0,0,0,1,0,1,0,0,0,0,0,0,0,0,0,0,0,0,0,0,0,0,0,0,0,0,0,0,0,1,0,0,0.07168458781362,0.0,340.0,0.0036403857305470242,0.0,0.0,0
OFFER_0430,21159.0,WAFFARHA,0.0,PERCENTAGE,41.40625,229124.0,Valentine Yacht,Food & Beverages,NATIONWIDE,,NATIONWIDE,1,"Enjoyable lunch or dinner meal with a direct Nile view with up to 41% off @Valentine Yacht, Manyal!",2026-05-25 00:00:00,2026-07-01 00:00:00,235.0,0,0,0,1,0,1,0,0,0,0,0,0,0,0,0,0,0,0,0,0,0,0,0,0,0,0,0,0,0,1,0,0,0.08904569892473119,0.0,85.0,0.0009020424819054573,0.0,0.011904761904761904,2
OFFER_0094,21006.0,WAFFARHA,0.0,PERCENTAGE,31.5384615384615,229110.0,La UNA Cafe,Food & Beverages,NATIONWIDE,,NATIONWIDE,1,A fulfilling morning with the best breakfast choices with up to 36% off @LA Una Cafe!,2026-08-18 00:00:00,2026-10-01 00:00:00,89.0,0,0,0,1,0,1,0,0,0,0,0,0,0,0,0,0,0,0,0,0,0,0,0,0,0,0,0,0,0,1,0,0,0.06782464846980968,0.0,52.0,0.0005476686497283134,0.0,0.057692307692307696,2
OFFER_0209,21205.0,WAFFARHA,0.0,PERCENTAGE,51.4925373134328,229021.0,Atlantis Corners,Food & Beverages,NATIONWIDE,,NATIONWIDE,1,"Main courses of meat, chicken, and various meals with up to 51% off @Atlantis Restaurant, Manial!",2026-08-18 00:00:00,2026-10-01 00:00:00,260.0,0,0,0,1,0,1,0,0,0,0,0,0,0,0,0,0,0,0,0,0,0,0,0,0,0,0,0,0,0,1,0,0,0.11073663938372645,0.0,216.0,0.0023087992096389683,0.0,0.023923444976076555,2
OFFER_1168,24464.0,WAFFARHA,0.0,PERCENTAGE,37.7358490566038,229021.0,Atlantis Corners,Food & Beverages,NATIONWIDE,,NATIONWIDE,1,"Breakfast meals and Eastern trays by the Nile with up to 38% off @Atlantis Restaurant, Manial!",2026-08-18 00:00:00,2026-10-01 00:00:00,99.0,0,0,0,1,0,1,0,0,0,0,0,0,0,0,0,0,0,0,0,0,0,0,0,0,0,0,0,0,0,1,0,0,0.08115236356258881,0.0,76.0,0.0008053950731298727,0.0,0.08333333333333333,2
OFFER_1159,24480,WAFFARHA,0.0,PERCENTAGE,45.9090909090909,228982.0,Geo restaurant & cafe,Food & Beverages,NATIONWIDE,,NATIONWIDE,1,"Delicious Egyptian or feteer breakfast with 46% off @Geo restaurant & cafe, Mohandeseen! Only EGP 119 instead of EGP 220!",2026-08-18 00:00:00,2026-10-01 00:00:00,119.0,0,0,0,1,0,1,0,0,0,0,0,0,0,0,0,0,0,0,0,0,0,0,0,0,0,0,0,0,0,1,0,0,0.09872922776148581,0.0,146.0,0.0015570971413844204,0.0,0.0,0
OFFER_0872,21116.0,WAFFARHA,0.0,PERCENTAGE,56.2937062937063,229110.0,La UNA Cafe,Food & Beverages,NATIONWIDE,,NATIONWIDE,1,Tasty sandwiches & Italian main courses with up to 56% off @LA Una Cafe branches!,2026-08-18 00:00:00,2026-10-01 00:00:00,125.0,0,0,0,1,0,1,0,0,0,0,0,0,0,0,0,0,0,0,0,0,0,0,0,0,0,0,0,0,0,1,0,0,0.12106173396495978,0.0,464.0,0.0049719722514550806,0.0,0.012987012987012988,2
OFFER_0331,21160.0,WAFFARHA,0.0,PERCENTAGE,47.6190476190476,229061.0,Sweven Restaurant & Cafe,Food & Beverages,NATIONWIDE,,NATIONWIDE,1,Various choices of the finest international cuisine with up to 48% off @Sweven Restaurant & Cafe branches!,2026-08-18 00:00:00,2026-10-01 00:00:00,110.0,0,0,0,1,0,1,0,0,0,0,0,0,0,0,0,0,0,0,0,0,0,0,0,0,0,0,0,0,0,1,0,0,0.1024065540194572,0.0,140.0,0.0014926655355340305,0.0,0.029411764705882353,2
OFFER_0945,21117.0,WAFFARHA,0.0,PERCENTAGE,52.6190476190476,228921.0,Ghazala Lounge,Food & Beverages,NATIONWIDE,,NATIONWIDE,1,"2 Pax Lebanese breakfast with 53% off @Ghazala Lounge, Zamalek! EGP 199 instead of EGP 420",2026-08-18 00:00:00,2026-10-01 00:00:00,199.0,0,0,0,1,0,1,0,0,0,0,0,0,0,0,0,0,0,0,0,0,0,0,0,0,0,0,0,0,0,1,0,0,0.11315924219150021,0.0,175.0,0.0018685165696613044,0.0,0.005714285714285714,2
OFFER_0502,21207.0,WAFFARHA,0.0,PERCENTAGE,62.8731343283582,228779.0,Baladina,Food & Beverages,NATIONWIDE,,NATIONWIDE,1,"Breakfast from the countryside with 63% off @Baladina Restaurant, Sheikh Zayed!",2026-08-18 00:00:00,2026-10-01 00:00:00,199.0,0,0,0,1,0,1,0,0,0,0,0,0,0,0,0,0,0,0,0,0,0,0,0,0,0,0,0,0,0,1,0,0,0.1352110415663617,0.0,578.0,0.006196172762612487,0.0,0.0017605633802816902,2
OFFER_1043,21161.0,WAFFARHA,0.0,PERCENTAGE,30.5555555555555,229256.0,Waraket Lahma,Food & Beverages,NATIONWIDE,,NATIONWIDE,1,"Breakfast choices your heart will love, giving your day the perfect start with authentic Egyptian flavor, with up to 41% off @Waraket Lahma, 5th settlement!",2026-08-18 00:00:00,2026-10-01 00:00:00,125.0,0,0,0,1,0,1,0,0,0,0,0,0,0,0,0,0,0,0,0,0,0,0,0,0,0,0,0,0,0,1,0,0,0.06571087216248495,0.0,149.0,0.0015893129443096154,0.0,0.00684931506849315,2
OFFER_1195,21062.0,WAFFARHA,0.0,PERCENTAGE,56.978417266187,228779.0,Baladina,Food & Beverages,NATIONWIDE,,NATIONWIDE,1,"Mix grill & feteer meals with up to 57% off @Baladina restaurant, Sheikh Zayed!",2026-08-18 00:00:00,2026-10-01 00:00:00,299.0,0,0,0,1,0,1,0,0,0,0,0,0,0,0,0,0,0,0,0,0,0,0,0,0,0,0,0,0,0,1,0,0,0.12253423067997204,0.0,536.0,0.005745151521659758,0.0,0.001893939393939394,2
OFFER_0838,21118.0,WAFFARHA,0.0,PERCENTAGE,64.2857142857143,229156.0,Garden Café,Food & Beverages,NATIONWIDE,,NATIONWIDE,1,Delicious choices of drinks & main dishes with up to 64% off @Garden Café branches,2026-08-18 00:00:00,2026-10-01 00:00:00,125.0,0,0,0,1,0,1,0,0,0,0,0,0,0,0,0,0,0,0,0,0,0,0,0,0,0,0,0,0,0,1,0,0,0.13824884792626732,0.0,1783.0,0.019136186937565774,0.0,0.012753623188405797,2
OFFER_0477,21008.0,WAFFARHA,0.0,PERCENTAGE,56.0,229259.0,Mandi and Mashwi Hadrmout Al Asly,Food & Beverages,NATIONWIDE,,NATIONWIDE,1,"Up to 56% off on grilled dishes, mandi, trays, and tagines with an irresistible taste @Mandy & Grills Hadramout Al-Asly Restaurant, Nozha!",2026-05-21 00:00:00,2026-07-01 00:00:00,99.0,0,0,0,1,0,1,0,0,0,0,0,0,0,0,0,0,0,0,0,0,0,0,0,0,0,0,0,0,0,1,0,0,0.12043010752688173,0.0,2531.0,0.02716866046691437,0.0,0.0020755500207555004,2
OFFER_0077,24156.0,WAFFARHA,0.0,PERCENTAGE,46.3519313304721,229260.0,Saddad,Food & Beverages,NATIONWIDE,,NATIONWIDE,1,"Yummy taste of Shawarma, Shish Tawouk & Fattah meals with up to 46% off @Saddad branches!",2026-08-18 00:00:00,2026-10-01 00:00:00,99.0,0,0,0,1,0,1,0,0,0,0,0,0,0,0,0,0,0,0,0,0,0,0,0,0,0,0,0,0,0,1,0,0,0.09968157275370344,0.0,663.0,0.007108953845493009,0.0,0.1716171617161716,2
OFFER_1262,21252.0,WAFFARHA,0.0,PERCENTAGE,55.0,229261.0,Cinema Radio,Entertainment,NATIONWIDE,,NATIONWIDE,1,"Enjoy a cinema experience with your favorite movie with up to 55% off @Cinema Radio, El Raml Station!",2026-08-18 00:00:00,2026-10-01 00:00:00,45.0,0,0,0,1,0,0,0,0,0,0,0,0,0,0,0,0,0,0,0,0,0,1,0,0,0,0,0,0,0,1,0,0,0.11827956989247312,0.0,2028.0,0.02176714417645669,0.0,0.0021287919105907396,2
OFFER_0055,21162.0,WAFFARHA,0.0,PERCENTAGE,55.0,229262.0,Feryal Cinema,Entertainment,NATIONWIDE,,NATIONWIDE,1,"The joy of cinema with a new and unique experience with up to 44% off @Feryal Cinema, Mahtt Al Raml!",2026-08-18 00:00:00,2026-10-01 00:00:00,45.0,0,0,0,1,0,0,0,0,0,0,0,0,0,0,0,0,0,0,0,0,0,1,0,0,0,0,0,0,0,1,0,0,0.11827956989247312,0.0,1380.0,0.01480853074461459,0.0,0.010116731517509728,2
OFFER_0998,22862.0,WAFFARHA,0.0,PERCENTAGE,45.4545454545454,229263.0,Renaissance Cinemas,Entertainment,NATIONWIDE,,NATIONWIDE,1,Exclusively: Cinema ticket & small popcorn of your choice with up to 45% off at Renaissance cinemas!,2026-06-04 00:00:00,2026-07-01 00:00:00,90.0,0,0,0,1,0,0,0,0,0,0,0,0,0,0,0,0,0,0,0,0,0,1,0,0,0,0,0,0,0,1,0,0,0.09775171065493635,0.0,4530.0,0.04863512381606924,0.0,0.0944022770398482,2
OFFER_0339,24477.0,WAFFARHA,0.0,PERCENTAGE,37.34335839599,228768.0,Ayadina,Food & Beverages,NATIONWIDE,,NATIONWIDE,1,"Start your day the Ayadina way with a breakfast tray of assorted dishes and authentic flavors, with 37% off @Ayadina Restaurant, Citystars & Korba branches!",2026-08-18 00:00:00,2026-10-01 00:00:00,500.0,0,0,0,1,0,1,0,0,0,0,0,0,0,0,0,0,0,0,0,0,0,0,0,0,0,0,0,0,0,1,0,0,0.08030829762578495,0.0,182.0,0.0019436867764867592,0.0,0.011764705882352941,2
OFFER_1108,21009.0,WAFFARHA,0.0,PERCENTAGE,41.3696060037523,228768.0,Ayadina,Food & Beverages,NATIONWIDE,,NATIONWIDE,1,"Delight in a wide selection of lunch options with up to 41% off @Ayadina Restaurant, Citystars & Korba branches!",2026-08-18 00:00:00,2026-10-01 00:00:00,625.0,0,0,0,1,0,1,0,0,0,0,0,0,0,0,0,0,0,0,0,0,0,0,0,0,0,0,0,0,0,1,0,0,0.08896689463172539,0.0,186.0,0.001986641180387019,0.0,0.00546448087431694,2
OFFER_1203,24466.0,WAFFARHA,0.0,PERCENTAGE,32.3529411764706,228797.0,Blaze Egypt,Food & Beverages,NATIONWIDE,,NATIONWIDE,1,32% off on a Breakfast experience with a wide variety of choices @Blaze restaurants,2026-08-18 00:00:00,2026-10-01 00:00:00,345.0,0,0,0,1,0,1,0,0,0,0,0,0,0,0,0,0,0,0,0,0,0,0,0,0,0,0,0,0,0,1,0,0,0.06957621758380775,0.0,197.0,0.0021047657911127337,0.0,0.021164021164021163,2
OFFER_0699,21120.0,WAFFARHA,0.0,PERCENTAGE,50.4550050556117,228797.0,Blaze Egypt,Food & Beverages,NATIONWIDE,,NATIONWIDE,1,Premium lunch experience through variety of options & generous portions with up to 50% off @Blaze restaurants!,2026-08-18 00:00:00,2026-10-01 00:00:00,490.0,0,0,0,1,0,1,0,0,0,0,0,0,0,0,0,0,0,0,0,0,0,0,0,0,0,0,0,0,0,1,0,0,0.10850538721636925,0.0,373.0,0.003994759562724168,0.0,0.01662049861495845,2
OFFER_0787,21121.0,WAFFARHA,0.0,PERCENTAGE,46.4864864864865,228790.0,Food District by Delimart,Food & Beverages,NATIONWIDE,,NATIONWIDE,1,"A distinctive lunch with Nile view with up to 46% off @Food District by Delimart, El Manyal!",2026-08-02 00:00:00,2026-09-01 00:00:00,99.0,0,0,0,1,0,1,0,0,0,0,0,0,0,0,0,0,0,0,0,0,0,0,0,0,0,0,0,0,0,1,0,0,0.09997093868061613,0.0,259.0,0.002770559051566762,0.0,0.004016064257028112,2
OFFER_0133,21253,WAFFARHA,0.0,PERCENTAGE,31.25,229027.0,Shaltata,Food & Beverages,NATIONWIDE,,NATIONWIDE,1,Variety of breakfast boxes with 31% off @Shaltata branches!,2026-04-12 00:00:00,2026-05-01 00:00:00,165.0,0,0,0,1,0,1,0,0,0,0,0,0,0,0,0,0,0,0,0,0,0,0,0,0,0,0,0,0,0,1,0,0,0.06720430107526881,0.0,41.0,0.00042954403900259875,0.0,0.0,0
OFFER_0173,21011.0,WAFFARHA,0.0,PERCENTAGE,45.0,228982.0,Geo restaurant & cafe,Food & Beverages,NATIONWIDE,,NATIONWIDE,1,Choose your preferred meal from your favorite country with 45% off at Geo restaurant & cafe,2026-08-18 00:00:00,2026-10-01 00:00:00,139.0,0,0,0,1,0,1,0,0,0,0,0,0,0,0,0,0,0,0,0,0,0,0,0,0,0,0,0,0,0,1,0,0,0.0967741935483871,0.0,71.0,0.0007517020682545478,0.0,0.028169014084507043,2
OFFER_0407,21254.0,WAFFARHA,0.0,PERCENTAGE,26.0,229092.0,Turkish Delight,Food & Beverages,NATIONWIDE,,NATIONWIDE,1,Indulge in authentic Oriental & Turkish sweets with irresistible flavors with up to 26% off @Turkish Delight!,2026-08-18 00:00:00,2026-10-01 00:00:00,150.0,0,0,0,1,0,1,0,0,0,0,0,0,0,0,0,0,0,0,0,0,0,0,0,0,0,0,0,0,0,1,0,0,0.05591397849462366,0.0,162.0,0.00172891475698546,0.0,0.0759493670886076,2
OFFER_0112,21164.0,WAFFARHA,0.0,PERCENTAGE,46.6071428571429,229124.0,Valentine Yacht,Food & Beverages,NATIONWIDE,,NATIONWIDE,1,"Enjoy a delicious breakfast experience with a direct Nile view with up to 47% off @Valentine Yacht, Manyal!",2026-05-25 00:00:00,2026-07-01 00:00:00,299.0,0,0,0,1,0,1,0,0,0,0,0,0,0,0,0,0,0,0,0,0,0,0,0,0,0,0,0,0,0,1,0,0,0.10023041474654386,0.0,92.0,0.0009772126887309122,0.0,0.011363636363636364,2
OFFER_1155,21122.0,WAFFARHA,0.0,PERCENTAGE,0.0,229264.0,Khan Azouz,Travel & Hotels,NATIONWIDE,,NATIONWIDE,1,"Day use with Breakfast & Lunch meals @Khan Azouz - Beach & Restaurant, Ain Sokhna!",2026-08-18 00:00:00,2026-10-01 00:00:00,1180.0,0,0,0,1,0,0,0,1,0,0,0,0,0,0,0,0,0,0,0,0,0,0,0,0,0,0,0,0,0,1,0,0,0.0,0.0,3634.0,0.03901333734241103,0.0,0.002569226377390808,2
OFFER_0243,21012.0,WAFFARHA,0.0,PERCENTAGE,32.7272727272727,229091.0,Cravella Patisserie,Food & Beverages,NATIONWIDE,,NATIONWIDE,1,"Satisfy your sweet cravings with dessert you love with up to 33% off @Cravella Patisserie, Alexandria!",2026-08-18 00:00:00,2026-10-01 00:00:00,110.0,0,0,0,1,0,1,0,0,0,0,0,0,0,0,0,0,0,0,0,0,0,0,0,0,0,0,0,0,0,1,0,0,0.07038123167155419,0.0,159.0,0.001696698954060265,0.0,0.1935483870967742,2
OFFER_0015,24481,WAFFARHA,0.0,PERCENTAGE,32.2429906542056,229101.0,Smorll Restaurant,Food & Beverages,NATIONWIDE,,NATIONWIDE,1,"A variety of Egyptian, Western breakfast meals & drink with up to 32% off @Smorll Restaurant, The Strip Mall - Madinaty!",2026-08-18 00:00:00,2026-10-01 00:00:00,290.0,0,0,0,1,0,1,0,0,0,0,0,0,0,0,0,0,0,0,0,0,0,0,0,0,0,0,0,0,0,1,0,0,0.06933976484775398,0.0,81.0,0.0008590880780051975,0.0,0.0,0
OFFER_0002,21013,WAFFARHA,0.0,PERCENTAGE,38.6363636363636,229107.0,Faloka Lashen,Food & Beverages,NATIONWIDE,,NATIONWIDE,1,"A romantic dinner or birthday celebration & a Nile cruise with up to 40% off @Faloka Lashen, Maadi!",2026-08-18 00:00:00,2026-10-01 00:00:00,1350.0,0,0,0,1,0,1,0,0,0,0,0,0,0,0,0,0,0,0,0,0,0,0,0,0,0,0,0,0,0,1,0,0,0.0830889540566959,0.0,176.0,0.0018792551706363694,0.0,0.0,0
OFFER_0885,21165,WAFFARHA,0.0,PERCENTAGE,30.622009569378,229101.0,Smorll Restaurant,Food & Beverages,NATIONWIDE,,NATIONWIDE,1,"A variety of dishes combining grilled & smoked flavors including different selections, with up to 32% off @Smorll Restaurant, inside the Strip Mall - Madinaty!",2026-08-18 00:00:00,2026-10-01 00:00:00,145.0,0,0,0,1,0,1,0,0,0,0,0,0,0,0,0,0,0,0,0,0,0,0,0,0,0,0,0,0,0,1,0,0,0.06585378402016774,0.0,47.0,0.0004939756448529885,0.0,0.0,0
OFFER_1206,21123.0,CASH_VOUCHER,1.0,UNKNOWN,0.0,225556.0,Cartonet ElKheir,Groceries ,NATIONWIDE,,NATIONWIDE,0,Cartonet ElKheir Capping Test 1 EGP,2026-03-26 00:00:00,2026-03-27 00:00:00,1.0,0,0,1,0,0,0,0,0,0,0,0,0,0,1,0,0,0,0,0,0,0,0,0,0,0,0,0,0,0,0,0,1,0.0,8.333333333333333e-05,1.0,0.0,0.0,1.0,1
OFFER_0780,21166.0,WAFFARHA,0.0,PERCENTAGE,36.6666666666667,229265.0,Fahed El-Sory Barber Shop,Clinics ,NATIONWIDE,,NATIONWIDE,1,"Best haircut, facial cleansing & groom full care packages with up to 39% off @Fahed El-Sory Barber Shop, 1st Settlement!",2026-08-18 00:00:00,2026-10-01 00:00:00,165.0,0,0,0,1,0,0,0,0,0,0,0,0,0,0,1,0,0,0,0,0,0,0,0,0,0,0,0,0,0,1,0,0,0.07885304659498216,0.0,2.0,1.0738600975064968e-05,0.0,1.0,2
OFFER_0694,21167.0,WAFFARHA,0.0,PERCENTAGE,34.0,228785.0,Le Doux Patisserie,Food & Beverages,NATIONWIDE,,NATIONWIDE,1,"Start your day with coffee and a dessert or fresh baked goods, with 37% off @Le Doux branches",2026-08-18 00:00:00,2026-10-01 00:00:00,95.0,0,0,0,1,0,1,0,0,0,0,0,0,0,0,0,0,0,0,0,0,0,0,0,0,0,0,0,0,0,1,0,0,0.07311827956989247,0.0,94.0,0.000998689890681042,0.0,0.02197802197802198,2
OFFER_0378,21168.0,WAFFARHA,0.0,PERCENTAGE,25.5555555555555,228785.0,Le Doux Patisserie,Food & Beverages,NATIONWIDE,,NATIONWIDE,1,Savor your favorite flavors with an irresistible selection of desserts with up to 26% off @Le Doux branches!,2026-08-18 00:00:00,2026-10-01 00:00:00,135.0,0,0,0,1,0,1,0,0,0,0,0,0,0,0,0,0,0,0,0,0,0,0,0,0,0,0,0,0,0,1,0,0,0.05495818399044194,0.0,127.0,0.0013530637228581861,0.0,0.06837606837606838,2
OFFER_0653,21124.0,WAFFARHA,0.0,PERCENTAGE,25.0,228889.0,Canelé patisserie,Food & Beverages,NATIONWIDE,,NATIONWIDE,1,Statement desserts and baked goods with up to 26% off @Canelé patisserie branches!,2026-08-18 00:00:00,2026-10-01 00:00:00,315.0,0,0,0,1,0,1,0,0,0,0,0,0,0,0,0,0,0,0,0,0,0,0,0,0,0,0,0,0,0,1,0,0,0.053763440860215055,0.0,213.0,0.0022765834067137733,0.0,0.00975609756097561,2
OFFER_1326,21169.0,WAFFARHA,0.0,PERCENTAGE,35.7142857142857,229088.0,Uncle Samir,Food & Beverages,NATIONWIDE,,NATIONWIDE,1,Try Egypt’s No.1 Oriental & Meshaltet Feteer with the authentic countryside flavor with up to 36% off @Uncle Samir branches!,2026-05-26 00:00:00,2026-07-01 00:00:00,155.0,0,0,0,1,0,1,0,0,0,0,0,0,0,0,0,0,0,0,0,0,0,0,0,0,0,0,0,0,0,1,0,0,0.07680491551459291,0.0,1487.0,0.015957561048946543,0.0,0.3303235515425132,2
OFFER_0052,21127.0,CASH_VOUCHER,1.0,UNKNOWN,0.0,225556.0,Cartonet ElKheir,Groceries ,NATIONWIDE,,NATIONWIDE,0,Cash 1 EGP capping,2026-03-29 00:00:00,2026-04-30 00:00:00,1.0,0,0,1,0,0,0,0,0,0,0,0,0,0,1,0,0,0,0,0,0,0,0,0,0,0,0,0,0,0,0,0,1,0.0,8.333333333333333e-05,1.0,0.0,0.0,1.0,1
OFFER_1081,21128.0,CASH_VOUCHER,1.0,UNKNOWN,0.0,225556.0,Cartonet ElKheir,Groceries ,NATIONWIDE,,NATIONWIDE,0,Cash 1 EGP capping 2,2026-03-29 00:00:00,2026-04-30 00:00:00,1.0,0,0,1,0,0,0,0,0,0,0,0,0,0,1,0,0,0,0,0,0,0,0,0,0,0,0,0,0,0,0,0,1,0.0,8.333333333333333e-05,3.0,2.1477201950129936e-05,0.0,0.3333333333333333,1
OFFER_0153,21302,WAFFARHA,0.0,PERCENTAGE,30.0,229266.0,Rowin,Entertainment,NATIONWIDE,,NATIONWIDE,1,"A unique water adventure & rowing with up to 33% off @Rowin, Dokki!",2026-08-18 00:00:00,2026-10-01 00:00:00,140.0,0,0,0,1,0,0,0,0,0,0,0,0,0,0,0,0,0,0,0,0,0,1,0,0,0,0,0,0,0,1,0,0,0.06451612903225806,0.0,83.0,0.0008805652799553274,0.0,0.0,0
OFFER_0612,21256.0,WAFFARHA,0.0,PERCENTAGE,25.7142857142857,228987.0,Monginis Egypt,Food & Beverages,NATIONWIDE,,NATIONWIDE,1,Complete your special moments with tortes that tastes like happiness with up to 26% off @Monginis branches!,2026-08-18 00:00:00,2026-10-01 00:00:00,370.0,0,0,0,1,0,1,0,0,0,0,0,0,0,0,0,0,0,0,0,0,0,0,0,0,0,0,0,0,0,1,0,0,0.05529953917050688,0.0,1119.0,0.012005755890122635,0.0,0.2522613065326633,2
OFFER_0264,21402.0,WAFFARHA,0.0,PERCENTAGE,36.3636363636364,229087.0,Degla Camp,Entertainment,NATIONWIDE,,NATIONWIDE,1,"Full-day adventure in the heart of the deserts & mountains with 35% off @Degla Camp, Wadi Degla Protectorate!",2026-07-16 00:00:00,2026-08-01 00:00:00,259.0,0,0,0,1,0,0,0,0,0,0,0,0,0,0,0,0,0,0,0,0,0,1,0,0,0,0,0,0,0,1,0,0,0.07820136852394925,0.0,413.0,0.0044243036017267675,0.0,0.007575757575757576,2
OFFER_0637,24495,WAFFARHA,0.0,PERCENTAGE,30.0,228876.0,Abou Al Zouz Restaurant,Food & Beverages,NATIONWIDE,,NATIONWIDE,1,Grilled platters & hearty tajines with rich Levant flavors with 30% off @Abu Al Zouz Restaurant,2026-08-18 00:00:00,2026-10-01 00:00:00,525.0,0,0,0,1,0,1,0,0,0,0,0,0,0,0,0,0,0,0,0,0,0,0,0,0,0,0,0,0,0,1,0,0,0.06451612903225806,0.0,290.0,0.0031034556817937757,0.0,0.0,0
OFFER_0216,21360.0,DISCOUNT_CODE,0.0,PERCENTAGE,15.0,226703.0,Testa Toro,Fashion & Footwear,NATIONWIDE,,NATIONWIDE,0,Congrats you won 15% discount from Testa Toro,2026-03-31 00:00:00,2027-03-30 00:00:00,,0,0,0,0,1,0,0,0,1,0,0,0,0,0,0,0,0,0,0,0,0,0,0,0,0,0,0,0,0,1,0,0,0.03225806451612903,0.0,4.0,3.221580292519491e-05,0.25,0.25,2
OFFER_0156,21870.0,DISCOUNT_VOUCHER,0.0,PERCENTAGE,10.0,226705.0,Plan B,Fashion & Footwear,NATIONWIDE,,NATIONWIDE,0,10% discount from Plan B use this code: ( JRJWP56MTJJ4 ),2026-03-31 00:00:00,2027-03-30 00:00:00,0.0,1,0,0,0,0,0,0,0,1,0,0,0,0,0,0,0,0,0,0,0,0,0,0,0,0,0,0,0,0,1,0,0,0.021505376344086023,0.0,4916.0,0.05278022379244432,0.0,0.04840414288733883,1
OFFER_0534,21014.0,WAFFARHA,0.0,PERCENTAGE,54.9295774647887,229652.0,Ozuki Sushi,Food & Beverages,NATIONWIDE,,NATIONWIDE,1,Combo sushi meals with up to 58% off @Ozuki Sushi,2026-05-07 00:00:00,2026-06-01 00:00:00,320.0,0,0,0,1,0,1,0,0,0,0,0,0,0,0,0,0,0,0,0,0,0,0,0,0,0,0,0,0,0,1,0,0,0.11812812358019076,0.0,232.0,0.0024806168252400076,0.0,0.0043859649122807015,2
OFFER_1064,21015.0,WAFFARHA,0.0,PERCENTAGE,35.2173913043478,229653.0,LSushi,Food & Beverages,NATIONWIDE,,NATIONWIDE,1,A variety of sushi & noodles combo meals with up to 47% off @LSushi branches!,2026-08-18 00:00:00,2026-10-01 00:00:00,149.0,0,0,0,1,0,1,0,0,0,0,0,0,0,0,0,0,0,0,0,0,0,0,0,0,0,0,0,0,0,1,0,0,0.07573632538569419,0.0,307.0,0.0032860118983698804,0.0,0.0034129692832764505,2
OFFER_1006,21556.0,DISCOUNT_VOUCHER,0.0,PERCENTAGE,15.0,226703.0,Testa Toro,Fashion & Footwear,NATIONWIDE,,NATIONWIDE,0,15% discount from Testa Toro,2026-03-31 00:00:00,2027-03-30 00:00:00,0.0,1,0,0,0,0,0,0,0,1,0,0,0,0,0,0,0,0,0,0,0,0,0,0,0,0,0,0,0,0,1,0,0,0.03225806451612903,0.0,9670.0,0.10383153282790318,0.0,0.20181838590189696,1
OFFER_0278,21361.0,PURCHASE_VOUCHER,20.0,UNKNOWN,0.0,207558.0,Spex,Electronics,Dakahlia,Dakahlia|Alexandria|Cairo,المعادى,0,spex test,2026-03-31 00:00:00,2026-09-18 00:00:00,20.0,0,1,0,0,0,0,0,0,0,0,0,0,1,0,0,0,0,0,0,0,0,0,0,0,0,0,0,0,0,0,0,1,0.0,0.0016666666666666668,1.0,0.0,0.0,1.0,1
OFFER_1074,21452.0,WAFFARHA,0.0,PERCENTAGE,39.0243902439024,229267.0,HAHA Cafe,Food & Beverages,NATIONWIDE,,NATIONWIDE,1,"Start your day with coffee & a variety of desserts, bakeries & everything you love with up to 39% off @HAHA Cafe, Dokki!",2026-08-18 00:00:00,2026-10-01 00:00:00,125.0,0,0,0,1,0,1,0,0,0,0,0,0,0,0,0,0,0,0,0,0,0,0,0,0,0,0,0,0,0,1,0,0,0.08392341987936,0.0,107.0,0.0011382917033568867,0.0,0.020202020202020204,2
OFFER_0232,21502.0,WAFFARHA,0.0,PERCENTAGE,53.0,229268.0,Monza Racing,Entertainment,NATIONWIDE,,NATIONWIDE,1,Experience the thrill of racing simulation with 53% off @Monza Racing,2026-08-18 00:00:00,2026-10-01 00:00:00,235.0,0,0,0,1,0,0,0,0,0,0,0,0,0,0,0,0,0,0,0,0,0,1,0,0,0,0,0,0,0,1,0,0,0.11397849462365592,0.0,392.0,0.004198792981250403,0.0,0.0026595744680851063,2
OFFER_0664,21453,WAFFARHA,0.0,PERCENTAGE,31.3333333333333,229269.0,Nile Car,Entertainment,NATIONWIDE,,NATIONWIDE,1,"Live the adventure & feel the freedom with a Nile tour by car with up to 32% off @Nile Car, Manyal!",2026-08-18 00:00:00,2026-10-01 00:00:00,1030.0,0,0,0,1,0,0,0,0,0,0,0,0,0,0,0,0,0,0,0,0,0,1,0,0,0,0,0,0,0,1,0,0,0.06738351254480279,0.0,496.0,0.005315607482657159,0.0,0.0,0
OFFER_0530,21552,WAFFARHA,0.0,PERCENTAGE,30.0,229270.0,Jetcar Rental,Entertainment,NATIONWIDE,,NATIONWIDE,1,"An adventure in the water, not on the road, with the G-Class, all this with 30% off @Jetcar, El Manyal!",2026-08-18 00:00:00,2026-10-01 00:00:00,1050.0,0,0,0,1,0,0,0,0,0,0,0,0,0,0,0,0,0,0,0,0,0,1,0,0,0,0,0,0,0,1,0,0,0.06451612903225806,0.0,465.0,0.004982710852430145,0.0,0.0,0
OFFER_0383,24485.0,WAFFARHA,0.0,PERCENTAGE,47.2907442546911,228962.0,Qasr ElKababgi,Food & Beverages,NATIONWIDE,,NATIONWIDE,1,"Enjoy the best grilled dishes, tajines, & a variety of main dishes with up to 47% off @Qasr ElKbabgi branches!",2026-08-18 00:00:00,2026-10-01 00:00:00,355.0,0,0,0,1,0,1,0,0,0,0,0,0,0,0,0,0,0,0,0,0,0,0,0,0,0,0,0,0,0,1,0,0,0.10170052527890559,0.0,1715.0,0.018405962071261356,0.0,0.017687934301958308,2
OFFER_0074,21553,WAFFARHA,0.0,PERCENTAGE,52.5,229271.0,Qanater Kayak,Entertainment,NATIONWIDE,,NATIONWIDE,1,Kayak rides in the middle of the Nile & Village breakfast meal with up to 53% off @Qanater Kayak!,2026-08-18 00:00:00,2026-10-01 00:00:00,95.0,0,0,0,1,0,0,0,0,0,0,0,0,0,0,0,0,0,0,0,0,0,1,0,0,0,0,0,0,0,1,0,0,0.11290322580645161,0.0,553.0,0.005927707738235863,0.0,0.0,0
OFFER_0345,21603.0,WAFFARHA,0.0,PERCENTAGE,35.6164383561644,229031.0,Volo's Cafe,Food & Beverages,NATIONWIDE,,NATIONWIDE,1,"Lunch selections from pizza, pasta, and main dishes with mouthwatering flavors, with up to 36% off @Volo’s Cafe!",2026-08-18 00:00:00,2026-10-01 00:00:00,235.0,0,0,0,1,0,1,0,0,0,0,0,0,0,0,0,0,0,0,0,0,0,0,0,0,0,0,0,0,0,1,0,0,0.07659449108852559,0.0,110.0,0.0011705075062820815,0.0,0.10091743119266056,2
OFFER_0253,21554.0,WAFFARHA,0.0,PERCENTAGE,37.3626373626374,229104.0,El Mazak El Alamy,Food & Beverages,NATIONWIDE,,NATIONWIDE,1,Grills & feteer meals with nile view with up to 37% off @El Mazak El Alamy,2026-08-18 00:00:00,2026-10-01 00:00:00,285.0,0,0,0,1,0,1,0,0,0,0,0,0,0,0,0,0,0,0,0,0,0,0,0,0,0,0,0,0,0,1,0,0,0.08034975776911268,0.0,141.0,0.0015034041365090955,0.0,0.007407407407407408,2
OFFER_1198,21557,WAFFARHA,0.0,PERCENTAGE,32.0,229272.0,Fiesta Ice Cream,Food & Beverages,NATIONWIDE,,NATIONWIDE,1,"Enjoy the summer with a variety of ice cream bowls & mini pancakes with up to 35% off @Fiesta Ice Cream, Heliopolis!",2026-06-09 00:00:00,2026-07-01 00:00:00,85.0,0,0,0,1,0,1,0,0,0,0,0,0,0,0,0,0,0,0,0,0,0,0,0,0,0,0,0,0,0,1,0,0,0.06881720430107527,0.0,93.0,0.000987951289705977,0.0,0.0,0
OFFER_1282,21558.0,DISCOUNT_VOUCHER,0.0,PERCENTAGE,1.0,156452.0,Blue Rewards,Online,Cairo,Cairo,القاهرة الجديدة,0,"Discover Al-Futtaim's diverse offerings from automotive, retail, & real estate to health, finance, & education. Join us in enriching lives today!",2026-04-05 00:00:00,2026-04-30 00:00:00,10.0,1,0,0,0,0,0,0,0,0,0,1,0,0,0,0,0,0,0,0,0,0,0,0,0,0,0,0,0,0,1,0,0,0.002150537634408602,0.0,1.0,0.0,0.0,1.0,1
OFFER_0163,21559.0,DISCOUNT_VOUCHER,0.0,PERCENTAGE,1.0,156452.0,Blue Rewards,Online,Cairo,Cairo,القاهرة الجديدة,0,"Discover Al-Futtaim's diverse offerings from automotive, retail, & real estate to health, finance, & education. Join us in enriching lives today!",2026-04-05 00:00:00,2026-04-06 00:00:00,10.0,1,0,0,0,0,0,0,0,0,0,1,0,0,0,0,0,0,0,0,0,0,0,0,0,0,0,0,0,0,1,0,0,0.002150537634408602,0.0,1.0,0.0,0.0,1.0,1
OFFER_0406,21560.0,DISCOUNT_VOUCHER,0.0,PERCENTAGE,1.0,156452.0,Blue Rewards,Online,Cairo,Cairo,القاهرة الجديدة,0,"Discover Al-Futtaim's diverse offerings from automotive, retail, & real estate to health, finance, & education. Join us in enriching lives today!",2026-04-05 00:00:00,2026-04-06 00:00:00,10.0,1,0,0,0,0,0,0,0,0,0,1,0,0,0,0,0,0,0,0,0,0,0,0,0,0,0,0,0,0,1,0,0,0.002150537634408602,0.0,2.0,1.0738600975064968e-05,0.0,0.5,1
OFFER_0785,21561.0,DISCOUNT_VOUCHER,0.0,PERCENTAGE,1.0,156452.0,Blue Rewards,Online,Cairo,Cairo,القاهرة الجديدة,0,"Discover Al-Futtaim's diverse offerings from automotive, retail, & real estate to health, finance, & education. Join us in enriching lives today!",2026-04-07 00:00:00,2026-04-09 00:00:00,10.0,1,0,0,0,0,0,0,0,0,0,1,0,0,0,0,0,0,0,0,0,0,0,0,0,0,0,0,0,0,1,0,0,0.002150537634408602,0.0,6.0,5.3693004875324844e-05,0.0,0.3333333333333333,1
OFFER_0368,21605.0,WAFFARHA,0.0,PERCENTAGE,33.3333333333333,228774.0,Cityscape Mall,Entertainment,NATIONWIDE,,NATIONWIDE,1,"35% off for a movie of your choice @Cine Max, Cityscape Mall!",2026-08-18 00:00:00,2026-10-01 00:00:00,60.0,0,0,0,1,0,0,0,0,0,0,0,0,0,0,0,0,0,0,0,0,0,1,0,0,0,0,0,0,0,1,0,0,0.07168458781362,0.0,1112.0,0.01193058568329718,0.0,0.0009569377990430622,2
OFFER_0505,21652.0,WAFFARHA,0.0,PERCENTAGE,36.6666666666667,228774.0,Cityscape Mall,Entertainment,NATIONWIDE,,NATIONWIDE,1,37% off day & night movie tickets @Cine Max - New Mineya city,2026-08-18 00:00:00,2026-10-01 00:00:00,95.0,0,0,0,1,0,0,0,0,0,0,0,0,0,0,0,0,0,0,0,0,0,1,0,0,0,0,0,0,0,1,0,0,0.07885304659498216,0.0,749.0,0.008032473529348596,0.0,0.02275960170697013,2
OFFER_0630,21604,WAFFARHA,0.0,PERCENTAGE,0.0,230652.0,Lurette Hotel,Travel & Hotels,NATIONWIDE,,NATIONWIDE,1,"Day use with the ultimate joy & relaxation on Qarun Lake @Lurette Hotel, Fayoum!",2026-08-18 00:00:00,2026-10-01 00:00:00,340.0,0,0,0,1,0,0,0,1,0,0,0,0,0,0,0,0,0,0,0,0,0,0,0,0,0,0,0,0,0,1,0,0,0.0,0.0,693.0,0.0074311118747449586,0.0,0.0,0
OFFER_0039,21653,WAFFARHA,0.0,PERCENTAGE,0.0,230652.0,Lurette Hotel,Travel & Hotels,NATIONWIDE,,NATIONWIDE,1,"Relax in the charming atmosphere of Tunis village with a unique stay overlooking Qarun Lake @Lurette Hotel, Fayoum!",2026-08-18 00:00:00,2026-10-01 00:00:00,2550.0,0,0,0,1,0,0,0,1,0,0,0,0,0,0,0,0,0,0,0,0,0,0,0,0,0,0,0,0,0,1,0,0,0.0,0.0,1065.0,0.011425871437469126,0.0,0.0,0
OFFER_0629,21654.0,WAFFARHA,0.0,PERCENTAGE,33.7037037037037,230653.0,Buffalo Burger,Food & Beverages,NATIONWIDE,,NATIONWIDE,1,Tasty combo beef & chicken meals with up to 35% off @Buffalo Burger branches!,2026-06-04 00:00:00,2026-07-01 00:00:00,179.0,0,0,0,1,0,1,0,0,0,0,0,0,0,0,0,0,0,0,0,0,0,0,0,0,0,0,0,0,0,1,0,0,0.0724810832337714,0.0,3443.0,0.03696226455617362,0.0,0.00928,2
OFFER_0824,24857.0,WAFFARHA,0.0,PERCENTAGE,33.3333333333333,230654.0,"The Bakery Shop ""TBS""",Food & Beverages,NATIONWIDE,,NATIONWIDE,1,"Exclusive! Fresh desserts & coffee with up to 32% off @The Bakery Shop ""TBS"" branches!",2026-08-18 00:00:00,2026-10-01 00:00:00,69.0,0,0,0,1,0,1,0,0,0,0,0,0,0,0,0,0,0,0,0,0,0,0,0,0,0,0,0,0,0,1,0,0,0.07168458781362,0.0,5595.0,0.060071733854513434,0.0,0.1743756786102063,2
OFFER_0070,24145.0,WAFFARHA,0.0,PERCENTAGE,33.9788732394366,230655.0,Ezz elMonofy,Food & Beverages,NATIONWIDE,,NATIONWIDE,1,34% off on Oriental Sandwich meals from Ezz Elmonofy branches!,2026-08-18 00:00:00,2026-10-01 00:00:00,55.0,0,0,0,1,0,1,0,0,0,0,0,0,0,0,0,0,0,0,0,0,0,0,0,0,0,0,0,0,0,1,0,0,0.07307284567620774,0.0,2037.0,0.021863791585232276,0.0,0.3568414707655214,2
OFFER_0059,21564.0,DISCOUNT_VOUCHER,0.0,PERCENTAGE,10.0,156452.0,Blue Rewards,Online,Cairo,Cairo,القاهرة الجديدة,0,"Blue Card gives you an easy way to shop at participating brands which are IKEA, Toys R Us, Marks & Spencer, and Ted Baker once added to your wallet in the Blue Rewards app.",2026-04-09 00:00:00,2026-06-30 00:00:00,450.0,1,0,0,0,0,0,0,0,0,0,1,0,0,0,0,0,0,0,0,0,0,0,0,0,0,0,0,0,0,1,0,0,0.021505376344086023,0.0,9522.0,0.10224221988359357,0.0,0.0007642755759362375,1
OFFER_0752,21567.0,DISCOUNT_VOUCHER,0.0,PERCENTAGE,18.0,156452.0,Blue Rewards,Online,Cairo,Cairo,القاهرة الجديدة,0,"Blue Card gives you an easy way to shop at participating brands which are IKEA, Toys R Us, Marks & Spencer, and Ted Baker once added to your wallet in the Blue Rewards app.",2026-04-09 00:00:00,2026-06-30 00:00:00,1230.0,1,0,0,0,0,0,0,0,0,0,1,0,0,0,0,0,0,0,0,0,0,0,0,0,0,0,0,0,0,1,0,0,0.03870967741935484,0.0,4956.0,0.053209767831446916,0.0,0.0010336985734959686,1
OFFER_0686,21568.0,DISCOUNT_VOUCHER,0.0,PERCENTAGE,20.0,156452.0,Blue Rewards,Online,Cairo,Cairo,القاهرة الجديدة,0,"Blue Card gives you an easy way to shop at participating brands which are IKEA, Toys R Us, Marks & Spencer, and Ted Baker once added to your wallet in the Blue Rewards app.",2026-04-08 00:00:00,2026-06-30 00:00:00,1600.0,1,0,0,0,0,0,0,0,0,0,1,0,0,0,0,0,0,0,0,0,0,0,0,0,0,0,0,0,0,1,0,0,0.043010752688172046,0.0,12177.0,0.13075320547239105,0.0,0.0006879944960440316,1
OFFER_1161,21566.0,DISCOUNT_VOUCHER,0.0,PERCENTAGE,15.0,156452.0,Blue Rewards,Online,Cairo,Cairo,القاهرة الجديدة,0,"Blue Card gives you an easy way to shop at participating brands which are IKEA, Toys R Us, Marks & Spencer, and Ted Baker once added to your wallet in the Blue Rewards app.",2026-04-08 00:00:00,2026-06-30 00:00:00,850.0,1,0,0,0,0,0,0,0,0,0,1,0,0,0,0,0,0,0,0,0,0,0,0,0,0,0,0,0,0,1,0,0,0.03225806451612903,0.0,2673.0,0.028693541805373597,0.0,0.001141552511415525,1
OFFER_0081,21562.0,WAFFARHA,0.0,PERCENTAGE,0.0,229273.0,Eastern El-Galala Aqua Park,Travel & Hotels,NATIONWIDE,,NATIONWIDE,1,"62 Aqua park sliders & 8 pools  for a day-use to remember in Egypt's biggest aqua park @Eastern El-Galala Aqua Park, Ain Sokhna",2026-08-18 00:00:00,2026-08-31 00:00:00,635.0,0,0,0,1,0,0,0,1,0,0,0,0,0,0,0,0,0,0,0,0,0,0,0,0,0,0,0,0,0,1,0,0,0.0,0.0,2197.0,0.02358196774124267,0.0,0.03227408142999007,2
OFFER_0533,22870.0,WAFFARHA,0.0,PERCENTAGE,42.6369863013698,229274.0,Hardee's,Food & Beverages,NATIONWIDE,,NATIONWIDE,1,Beef & Chicken burger sandwiches & Double Hardy combo meals with 43% off @Hardee's!,2026-06-11 00:00:00,2026-07-01 00:00:00,335.0,0,0,0,1,0,1,0,0,0,0,0,0,0,0,0,0,0,0,0,0,0,0,0,0,0,0,0,0,0,1,0,0,0.09169244365885978,0.0,1235.0,0.01325143360323017,0.0,0.3740942028985507,2
OFFER_0994,21753,WAFFARHA,0.0,PERCENTAGE,31.8181818181818,229275.0,Tabali Bistro,Food & Beverages,NATIONWIDE,,NATIONWIDE,1,Great breakfast meal for 2 with 32% off @Tabali Bistro branches,2026-08-18 00:00:00,2026-10-01 00:00:00,750.0,0,0,0,1,0,1,0,0,0,0,0,0,0,0,0,0,0,0,0,0,0,0,0,0,0,0,0,0,0,1,0,0,0.06842619745845548,0.0,150.0,0.0016000515452846804,0.0,0.0,0
OFFER_0732,21606.0,WAFFARHA,0.0,PERCENTAGE,0.0,228943.0,Green Desert Hotel,Travel & Hotels,NATIONWIDE,,NATIONWIDE,1,"Full night stay with breakfast and dinner in premium hotel rooms @Green Desert Hotel, Cairo-Alexandria Desert Rd!",2026-08-18 00:00:00,2026-10-01 00:00:00,2465.0,0,0,0,1,0,0,0,1,0,0,0,0,0,0,0,0,0,0,0,0,0,0,0,0,0,0,0,0,0,1,0,0,0.0,0.0,1058.0,0.011350701230643672,0.0,0.00202020202020202,2
OFFER_0369,21569.0,WAFFARHA,0.0,PERCENTAGE,33.0357142857143,229276.0,Krispy Kreme,Food & Beverages,NATIONWIDE,,NATIONWIDE,1,Your choice from the best donut's flavors & coffee with up to 33% off @Krispy Kreme branches!,2026-06-11 00:00:00,2026-08-01 00:00:00,85.0,0,0,0,1,0,1,0,0,0,0,0,0,0,0,0,0,0,0,0,0,0,0,0,0,0,0,0,0,0,1,0,0,0.0710445468509985,0.0,1509.0,0.01619381027039797,0.0,0.5301418439716312,2
OFFER_0078,21607.0,WAFFARHA,0.0,PERCENTAGE,34.5794392523364,229277.0,Chicken Tikka,Food & Beverages,NATIONWIDE,,NATIONWIDE,1,35% off Chicken & Kofta meal at Chicken Tikka Restaurants!,2026-06-11 00:00:00,2026-07-01 00:00:00,350.0,0,0,0,1,0,1,0,0,0,0,0,0,0,0,0,0,0,0,0,0,0,0,0,0,0,0,0,0,0,1,0,0,0.07436438548889548,0.0,652.0,0.006990829234767295,0.0,0.19732441471571907,2
OFFER_1313,21703.0,WAFFARHA,0.0,PERCENTAGE,30.0,229278.0,Cursed Escape Rooms,Entertainment,NATIONWIDE,,NATIONWIDE,1,Escape within 1 hour with 30% off at Cursed Escape Rooms! EGP 175 instead of EGP 250,2026-08-18 00:00:00,2026-10-01 00:00:00,175.0,0,0,0,1,0,0,0,0,0,0,0,0,0,0,0,0,0,0,0,0,0,1,0,0,0,0,0,0,0,1,0,0,0.06451612903225806,0.0,86.0,0.0009127810828805223,0.0,0.03571428571428571,2
OFFER_1241,24527.0,WAFFARHA,0.0,PERCENTAGE,30.7692307692308,229279.0,Koshary ElTahrir,Food & Beverages,NATIONWIDE,,NATIONWIDE,1,Koshary meal for 2 with up to 31% off at Koshary ElTahrir branches! EGP 90 instead of EGP 130,2026-08-18 00:00:00,2026-10-01 00:00:00,90.0,0,0,0,1,0,1,0,0,0,0,0,0,0,0,0,0,0,0,0,0,0,0,0,0,0,0,0,0,0,1,0,0,0.06617038875103398,0.0,16984.0,0.18237366035952837,0.0,0.17887302318440043,2
OFFER_1187,21572.0,DISCOUNT_VOUCHER,0.0,PERCENTAGE,50.0,229705.0,Test New BTC,StartUp,NATIONWIDE,,NATIONWIDE,0,Successfully!,2026-04-09 00:00:00,2026-04-10 00:00:00,1.0,1,0,0,0,0,0,0,0,0,0,0,0,0,0,0,0,0,0,0,0,0,0,0,0,0,0,0,1,0,1,0,0,0.10752688172043011,0.0,8.0,7.517020682545478e-05,0.0,0.125,1
OFFER_0316,21571.0,PURCHASE_VOUCHER,5.0,UNKNOWN,0.0,229705.0,Test New BTC,StartUp,NATIONWIDE,,NATIONWIDE,0,Succeessfully!,2026-04-09 00:00:00,2026-04-10 00:00:00,5.0,0,1,0,0,0,0,0,0,0,0,0,0,0,0,0,0,0,0,0,0,0,0,0,0,0,0,0,1,0,0,0,1,0.0,0.0004166666666666667,1.0,0.0,0.0,1.0,1
OFFER_0542,21608.0,WAFFARHA,0.0,PERCENTAGE,40.0,229280.0,Vanity Burger,Food & Beverages,NATIONWIDE,,NATIONWIDE,1,"Enjoy burgers and hot dog sandwiches with up to 40% off @Vanity Burger, Madinty!",2026-08-18 00:00:00,2026-10-01 00:00:00,99.0,0,0,0,1,0,1,0,0,0,0,0,0,0,0,0,0,0,0,0,0,0,0,0,0,0,0,0,0,0,1,0,0,0.08602150537634409,0.0,112.0,0.0011919847082322115,0.0,0.009523809523809525,2
OFFER_0017,23929.0,WAFFARHA,0.0,PERCENTAGE,30.5555555555555,230656.0,Coffee Berry,Food & Beverages,NATIONWIDE,,NATIONWIDE,1,Exclusive! Your favorite coffee & dessert with up to 31% off @Coffee Berry branches!,2026-08-18 00:00:00,2026-10-01 00:00:00,70.0,0,0,0,1,0,1,0,0,0,0,0,0,0,0,0,0,0,0,0,0,0,0,0,0,0,0,0,0,0,1,0,0,0.06571087216248495,0.0,557.0,0.005970662142136122,0.0,0.14087759815242495,2
OFFER_0344,21655.0,WAFFARHA,0.0,PERCENTAGE,33.3333333333333,230657.0,Galal Coffee,Food & Beverages,NATIONWIDE,,NATIONWIDE,1,"Must-try choices for coffee lovers of all kinds with 33% off @Galal Coffee, Cairo & Governorates branches!",2026-04-10 00:00:00,2026-05-01 00:00:00,60.0,0,0,0,1,0,1,0,0,0,0,0,0,0,0,0,0,0,0,0,0,0,0,0,0,0,0,0,0,0,1,0,0,0.07168458781362,0.0,175.0,0.0018685165696613044,0.0,0.8482758620689655,2
OFFER_1047,21803.0,WAFFARHA,0.0,PERCENTAGE,25.0,230658.0,Vox Cinemas,Entertainment,NATIONWIDE,,NATIONWIDE,1,Catch the latest movies and enjoy the ultimate cinema experience with up to 25% off @VOX Cinemas!,2026-05-27 00:00:00,2026-07-01 00:00:00,255.0,0,0,0,1,0,0,0,0,0,0,0,0,0,0,0,0,0,0,0,0,0,1,0,0,0,0,0,0,0,1,0,0,0.053763440860215055,0.0,1460.0,0.01566761882261979,0.0,0.0021849963583394027,2
OFFER_0167,24155.0,WAFFARHA,0.0,PERCENTAGE,35.0,230653.0,Buffalo Burger,Food & Beverages,NATIONWIDE,,NATIONWIDE,1,Tasty combo beef & chicken meals with up to 35% off @Buffalo Burger branches!,2026-08-18 00:00:00,2026-10-01 00:00:00,179.0,0,0,0,1,0,1,0,0,0,0,0,0,0,0,0,0,0,0,0,0,0,0,0,0,0,0,0,0,0,1,0,0,0.07526881720430108,0.0,56173.0,0.6032086939713495,0.0,0.05043496059768703,2
OFFER_0469,22602.0,WAFFARHA,0.0,PERCENTAGE,22.1428571428571,228730.0,Ski Egypt,Entertainment,NATIONWIDE,,NATIONWIDE,1,22% off snow fun & penguin meet @Ski Egypt,2026-05-31 00:00:00,2026-06-01 00:00:00,545.0,0,0,0,1,0,0,0,0,0,0,0,0,0,0,0,0,0,0,0,0,0,1,0,0,0,0,0,0,0,1,0,0,0.047619047619047526,0.0,5792.0,0.06218723824660123,0.0,0.08766876687668766,2
OFFER_1034,21873.0,WAFFARHA,0.0,PERCENTAGE,30.0,228740.0,Kufta,Food & Beverages,NATIONWIDE,,NATIONWIDE,1,"Kofta, Hawawshi, & appetizers boxes with 31% off @Kufta restaurants!",2026-06-14 00:00:00,2026-06-14 00:00:00,140.0,0,0,0,1,0,1,0,0,0,0,0,0,0,0,0,0,0,0,0,0,0,0,0,0,0,0,0,0,0,1,0,0,0.06451612903225806,0.0,7350.0,0.07891797856575246,0.0,0.13053579207201974,2
OFFER_1295,22407.0,WAFFARHA,0.0,PERCENTAGE,25.0,230658.0,Vox Cinemas,Entertainment,NATIONWIDE,,NATIONWIDE,1,Catch the latest movies and enjoy the ultimate cinema experience with up to 25% off @VOX Cinemas!,2026-05-27 00:00:00,2026-06-01 00:00:00,255.0,0,0,0,1,0,0,0,0,0,0,0,0,0,0,0,0,0,0,0,0,0,1,0,0,0,0,0,0,0,1,0,0,0.053763440860215055,0.0,4263.0,0.0457679173557269,0.0,0.09012345679012346,2
OFFER_0927,24115,WAFFARHA,0.0,PERCENTAGE,42.0,229281.0,Scent Of Coffee,Food & Beverages,NATIONWIDE,,NATIONWIDE,1,Baked item & coffee of your choice at up to 44% off @Scent Of Coffee,2026-08-18 00:00:00,2026-10-01 00:00:00,145.0,0,0,0,1,0,1,0,0,0,0,0,0,0,0,0,0,0,0,0,0,0,0,0,0,0,0,0,0,0,1,0,0,0.09032258064516129,0.0,420.0,0.004499473808552222,0.0,0.0,0
OFFER_0210,21804.0,WAFFARHA,0.0,PERCENTAGE,52.9411764705882,229263.0,Renaissance Cinemas,Entertainment,NATIONWIDE,,NATIONWIDE,1,Exclusively: Cinema ticket & small popcorn of your choice with up to 45% off at Renaissance cinemas!,2026-05-24 00:00:00,2026-05-26 00:00:00,90.0,0,0,0,1,0,0,0,0,0,0,0,0,0,0,0,0,0,0,0,0,0,1,0,0,0,0,0,0,0,1,0,0,0.1138519924098671,0.0,1890.0,0.020285217241897725,0.0,0.27586206896551724,2
OFFER_0124,22652.0,WAFFARHA,0.0,PERCENTAGE,54.3859649122807,228892.0,Cook Door,Food & Beverages,NATIONWIDE,,NATIONWIDE,1,Enjoy your favorite sandwiches in all sizes with up to 53% off @Cook Door branches!,2026-05-26 00:00:00,2026-06-01 00:00:00,185.0,0,0,0,1,0,1,0,0,0,0,0,0,0,0,0,0,0,0,0,0,0,0,0,0,0,0,0,0,0,1,0,0,0.11695906432748537,0.0,2733.0,0.029337857863877496,0.0,0.32738626226583406,2
OFFER_1263,21657.0,WAFFARHA,0.0,PERCENTAGE,33.3333333333333,228893.0,Bakery Khan,Food & Beverages,NATIONWIDE,,NATIONWIDE,1,Eid kahk with the taste of happiness with up to 33% off @Bakery Khan branches!,2026-04-12 00:00:00,2026-04-14 00:00:00,140.0,0,0,0,1,0,1,0,0,0,0,0,0,0,0,0,0,0,0,0,0,0,0,0,0,0,0,0,0,0,1,0,0,0.07168458781362,0.0,14.0,0.00013960181267584458,0.0,0.07142857142857142,2
OFFER_1177,21610,WAFFARHA,0.0,PERCENTAGE,30.0,230659.0,She R Nile Yacht,Entertainment,NATIONWIDE,,NATIONWIDE,1,"Make your occasion extra special in the heart of the Nile with 30% @She R Nile Yacht, Maadi!",2026-05-14 00:00:00,2026-06-01 00:00:00,1750.0,0,0,0,1,0,0,0,0,0,0,0,0,0,0,0,0,0,0,0,0,0,1,0,0,0,0,0,0,0,1,0,0,0.06451612903225806,0.0,81.0,0.0008590880780051975,0.0,0.0,0
OFFER_0259,21611.0,WAFFARHA,0.0,PERCENTAGE,41.2698412698413,229142.0,ElHamady,Food & Beverages,NATIONWIDE,,NATIONWIDE,1,"Herring, Feseekh, salads and new creations with up to 41% off @ElHamady branches!",2026-04-12 00:00:00,2026-04-14 00:00:00,185.0,0,0,0,1,0,1,0,0,0,0,0,0,0,0,0,0,0,0,0,0,0,0,0,0,0,0,0,0,0,1,0,0,0.08875234681686302,0.0,92.0,0.0009772126887309122,0.0,0.0898876404494382,2
OFFER_1164,21658.0,WAFFARHA,0.0,PERCENTAGE,0.0,230660.0,El Nakhel village,Travel & Hotels,NATIONWIDE,,NATIONWIDE,1,"Enjoy a fun day-use for the whole family with breakfast & lunch meals @El Nakhel Village, Haram!",2026-08-18 00:00:00,2026-10-01 00:00:00,340.0,0,0,0,1,0,0,0,1,0,0,0,0,0,0,0,0,0,0,0,0,0,0,0,0,0,0,0,0,0,1,0,0,0.0,0.0,1757.0,0.018856983312214085,0.0,0.0012077294685990338,2
OFFER_0614,21612.0,WAFFARHA,0.0,PERCENTAGE,0.0,231702.0,Hilton Cairo Zamalek Residences,Travel & Hotels,NATIONWIDE,,NATIONWIDE,1,A serene day use escape with breathtaking Nile views and exclusive pool access @Hilton Cairo Zamalek Residences,2026-08-18 00:00:00,2026-10-01 00:00:00,2150.0,0,0,0,1,0,0,0,1,0,0,0,0,0,0,0,0,0,0,0,0,0,0,0,0,0,0,0,0,0,1,0,0,0.0,0.0,1891.0,0.02029595584287279,0.0,0.0005571030640668524,2
OFFER_0165,21852.0,WAFFARHA,0.0,PERCENTAGE,32.0943531093638,230661.0,Insomnia Egypt Gaming Festival,Entertainment,NATIONWIDE,,NATIONWIDE,1,"Exclusively! Don't miss the largest gaming event in Egypt & the Middle East with up to 32% off @Insomnia Egypt, 5th Settlement!",2026-04-18 00:00:00,2026-04-18 00:00:00,950.0,0,0,0,1,0,0,0,0,0,0,0,0,0,0,0,0,0,0,0,0,0,1,0,0,0,0,0,0,0,1,0,0,0.06902011421368559,0.0,8.0,7.517020682545478e-05,0.0,0.125,2
OFFER_0354,21755,WAFFARHA,0.0,PERCENTAGE,0.0,231702.0,Hilton Cairo Zamalek Residences,Travel & Hotels,NATIONWIDE,,NATIONWIDE,1,Night stay where everything feels different with a Nile view that’s always worth pausing for @Hilton Cairo Zamalek Residences!,2026-08-18 00:00:00,2026-10-01 00:00:00,5950.0,0,0,0,1,0,0,0,1,0,0,0,0,0,0,0,0,0,0,0,0,0,0,0,0,0,0,0,0,0,1,0,0,0.0,0.0,1639.0,0.017589828397156417,0.0,0.0,0
OFFER_1105,21613.0,WAFFARHA,0.0,PERCENTAGE,0.0,231703.0,Jewel Sport City & Aqua Park,Travel & Hotels,NATIONWIDE,,NATIONWIDE,1,Fun joyful day with 17 aqua park water games & 6 pools for adults & kids at Jewel Sport City & Aqua Park,2026-08-18 00:00:00,2026-09-01 00:00:00,430.0,0,0,0,1,0,0,0,1,0,0,0,0,0,0,0,0,0,0,0,0,0,0,0,0,0,0,0,0,0,1,0,0,0.0,0.0,1532.0,0.016440798092824466,0.0,0.019350380096751902,2
OFFER_0444,21707,WAFFARHA,0.0,PERCENTAGE,39.5833333333333,231704.0,Qahwatsheno,Food & Beverages,NATIONWIDE,,NATIONWIDE,1,"A lunch just the way you like it, with a variety of pizza, pasta, & main course options, with up to 44% off @Qahwatsheno, Dokki!",2026-06-14 00:00:00,2026-07-01 00:00:00,145.0,0,0,0,1,0,1,0,0,0,0,0,0,0,0,0,0,0,0,0,0,0,0,0,0,0,0,0,0,0,1,0,0,0.08512544802867376,0.0,92.0,0.0009772126887309122,0.0,0.0,0
OFFER_0704,21756.0,WAFFARHA,0.0,PERCENTAGE,47.0588235294118,227552.0,Magic Planet,Entertainment,NATIONWIDE,,NATIONWIDE,1,47% off Games & credit package @Magic Planet branches!,2026-04-29 00:00:00,2026-06-01 00:00:00,900.0,0,0,0,1,0,0,0,0,0,0,0,0,0,0,0,0,0,0,0,0,0,1,0,0,0,0,0,0,0,1,0,0,0.1012017710309931,0.0,664.0,0.007119692446468074,0.0,0.8894645941278065,2
OFFER_1314,21757.0,WAFFARHA,0.0,PERCENTAGE,42.5,228722.0,AMA Sushi,Food & Beverages,NATIONWIDE,,NATIONWIDE,1,Delicious and high-quality sushi meals with up to 43% off @AMA Sushi branches!,2026-04-29 00:00:00,2026-06-01 00:00:00,345.0,0,0,0,1,0,1,0,0,0,0,0,0,0,0,0,0,0,0,0,0,0,0,0,0,0,0,0,0,0,1,0,0,0.0913978494623656,0.0,244.0,0.002609480036940787,0.0,0.7014925373134329,2
OFFER_1077,24462.0,WAFFARHA,0.0,PERCENTAGE,47.5374732334047,230662.0,Mawlana Cafe,Food & Beverages,NATIONWIDE,,NATIONWIDE,1,Breakfast by the Nile & drinks with 48% off @Mawlana Cafe branches!,2026-08-18 00:00:00,2026-10-01 00:00:00,245.0,0,0,0,1,0,1,0,0,0,0,0,0,0,0,0,0,0,0,0,0,0,0,0,0,0,0,0,0,0,1,0,0,0.10223112523312838,0.0,191.0,0.002040334185262344,0.0,0.011235955056179775,2
OFFER_0069,21706,WAFFARHA,0.0,PERCENTAGE,38.0952380952381,228793.0,Playtobia Cafe,Food & Beverages,NATIONWIDE,,NATIONWIDE,1,"A sandwich or pasta of your choice with drinks, with up to 51% off @Playtobia Cafe, Nasr City!",2026-08-18 00:00:00,2026-10-01 00:00:00,130.0,0,0,0,1,0,1,0,0,0,0,0,0,0,0,0,0,0,0,0,0,0,0,0,0,0,0,0,0,0,1,0,0,0.08192524321556581,0.0,49.0,0.0005154528468031185,0.0,0.0,0
OFFER_0322,21659.0,WAFFARHA,0.0,PERCENTAGE,40.0,226553.0,ElMalahy,Entertainment,NATIONWIDE,,NATIONWIDE,1,"Thrill rides, arcade challenges, ice skating, and non-stop fun @ElMalahy, Kattameya - Ain Sokhna Road!",2026-04-29 00:00:00,2026-05-20 00:00:00,345.0,0,0,0,1,0,0,0,0,0,0,0,0,0,0,0,0,0,0,0,0,0,1,0,0,0,0,0,0,0,1,0,0,0.08602150537634409,0.0,127.0,0.0013530637228581861,0.0,0.2677165354330709,2
OFFER_0057,21853.0,WAFFARHA,0.0,PERCENTAGE,41.0377358490566,228723.0,Anas El Demeshky,Food & Beverages,NATIONWIDE,,NATIONWIDE,1,Savor the best of Syrian and Egyptian dishes with up 41% off @Anas El Demeshky branches!,2026-04-29 00:00:00,2026-06-01 00:00:00,112.0,0,0,0,1,0,1,0,0,0,0,0,0,0,0,0,0,0,0,0,0,0,0,0,0,0,0,0,0,0,1,0,0,0.08825319537431528,0.0,562.0,0.006024355147011448,0.0,0.8932291666666666,2
OFFER_0326,21758.0,WAFFARHA,0.0,PERCENTAGE,55.0,228814.0,McDonald's,Food & Beverages,NATIONWIDE,,NATIONWIDE,1,Exclusive! the delicious sandwiches with fries & ice cream at 55% off @McDonald's branches!,2026-04-29 00:00:00,2026-06-01 00:00:00,69.0,0,0,0,1,0,1,0,0,0,0,0,0,0,0,0,0,0,0,0,0,0,0,0,0,0,0,0,0,0,1,0,0,0.11827956989247312,0.0,1884.0,0.020220785636047334,0.0,0.6241184767277856,2
OFFER_0918,21708.0,WAFFARHA,0.0,PERCENTAGE,60.2689486552567,230662.0,Mawlana Cafe,Food & Beverages,NATIONWIDE,,NATIONWIDE,1,"Main course, pizza, & sandwiches meals by the Nile with up to 63% off @Mawlana Cafe branches!",2026-08-18 00:00:00,2026-10-01 00:00:00,199.0,0,0,0,1,0,1,0,0,0,0,0,0,0,0,0,0,0,0,0,0,0,0,0,0,0,0,0,0,0,1,0,0,0.12961064226936925,0.0,172.0,0.0018363007667361096,0.0,0.006024096385542169,2
OFFER_0507,22056.0,WAFFARHA,0.0,PERCENTAGE,31.9148936170213,228904.0,Burger King,Food & Beverages,NATIONWIDE,,NATIONWIDE,1,Flaming burger flavors & super crunchy chicken with 32% off @Burger King branches!,2026-05-31 00:00:00,2026-06-01 00:00:00,140.0,0,0,0,1,0,1,0,0,0,0,0,0,0,0,0,0,0,0,0,0,0,0,0,0,0,0,0,0,0,1,0,0,0.06863417982155118,0.0,2183.0,0.023431627327591763,0.0,0.08229066410009625,2
OFFER_0166,21710.0,WAFFARHA,0.0,PERCENTAGE,47.0588235294118,228837.0,Alku5,Food & Beverages,NATIONWIDE,,NATIONWIDE,1,"Start the story with a special lunch, drink, dessert, & a relaxing atmosphere with up to 47% off @Alku5 Restaurant branches!",2026-08-07 00:00:00,2026-09-01 00:00:00,135.0,0,0,0,1,0,1,0,0,0,0,0,0,0,0,0,0,0,0,0,0,0,0,0,0,0,0,0,0,0,1,0,0,0.1012017710309931,0.0,286.0,0.003060501277893516,0.0,0.01773049645390071,2
OFFER_0208,24456.0,WAFFARHA,0.0,PERCENTAGE,38.1944444444444,228837.0,Alku5,Food & Beverages,NATIONWIDE,,NATIONWIDE,1,"Enjoy a traditional Oriental & falahi breakfast in a nostalgic, old-time atmosphere with up to 38% off @Alku5 Restaurant branches!",2026-08-07 00:00:00,2026-09-01 00:00:00,169.0,0,0,0,1,0,1,0,0,0,0,0,0,0,0,0,0,0,0,0,0,0,0,0,0,0,0,0,0,0,1,0,0,0.08213859020310624,0.0,150.0,0.0016000515452846804,0.0,0.013986013986013986,2
OFFER_0697,24144.0,WAFFARHA,0.0,PERCENTAGE,45.2380952380952,230663.0,Regheef Fino,Food & Beverages,NATIONWIDE,,NATIONWIDE,1,"Liver, sausage & hawawshi sandwiches in amazing taste with up to 45% off @Regheef Fino",2026-07-29 00:00:00,2026-09-01 00:00:00,79.0,0,0,0,1,0,1,0,0,0,0,0,0,0,0,0,0,0,0,0,0,0,0,0,0,0,0,0,0,0,1,0,0,0.0972862263184843,0.0,532.0,0.005702197117759498,0.0,0.00196078431372549,2
OFFER_0386,21866.0,DISCOUNT_VOUCHER,0.0,PERCENTAGE,10.0,228604.0, Bohub,Food & Beverages,Alexandria,Alexandria|Giza|Matruh|Cairo|Suez,العلمين,0,"Enjoy your favorite BoHub bubble tea creations and get 10% OFF, made especially for true boba tea lovers.",2026-04-23 00:00:00,2026-12-31 00:00:00,0.0,1,0,0,0,0,1,0,0,0,0,0,0,0,0,0,0,0,0,0,0,0,0,0,0,0,0,0,0,0,1,0,0,0.021505376344086023,0.0,3085.0,0.03311784540710036,0.0,0.089,1
OFFER_0916,21858.0,DISCOUNT_VOUCHER,0.0,PERCENTAGE,20.0,229704.0,Mellow coffee,Food & Beverages,NATIONWIDE,,NATIONWIDE,0,"Get 20% OFF on any order at Mellow Coffee when you present this promo code “Mellow 20"" in-store.",2026-04-21 00:00:00,2026-12-31 00:00:00,0.0,1,0,0,0,0,1,0,0,0,0,0,0,0,0,0,0,0,0,0,0,0,0,0,0,0,0,0,0,0,1,0,0,0.043010752688172046,0.0,6186.0,0.06641824703077683,0.0,0.12474437627811862,1
OFFER_1093,21711.0,WAFFARHA,0.0,PERCENTAGE,25.9259259259259,231705.0,Libratum stationery,Retail & Services,NATIONWIDE,,NATIONWIDE,1,Office supplies & stationery with up to 26% off @Libratum Stationary,2026-08-18 00:00:00,2026-10-01 00:00:00,100.0,0,0,0,1,0,0,0,0,0,0,0,0,0,0,0,0,0,0,0,0,0,0,0,0,0,0,1,0,0,1,0,0,0.05575467941059333,0.0,833.0,0.008934516011254053,0.0,0.0024783147459727386,2
OFFER_0478,21952.0,WAFFARHA,0.0,PERCENTAGE,45.2830188679245,231706.0,Tiko's Fried Chicken,Food & Beverages,NATIONWIDE,,NATIONWIDE,1,Crunchy sandwiches & fried chicken meals with up to 45% off @Tiko's Fried Chicken!,2026-08-18 00:00:00,2026-10-01 00:00:00,145.0,0,0,0,1,0,1,0,0,0,0,0,0,0,0,0,0,0,0,0,0,0,0,0,0,0,0,0,0,0,1,0,0,0.09738283627510645,0.0,238.0,0.0025450484310903976,0.0,0.0593607305936073,2
OFFER_0968,21660.0,WAFFARHA,0.0,PERCENTAGE,50.0,231707.0,BoHub,Food & Beverages,NATIONWIDE,,NATIONWIDE,1,A variety of boba options & dessert of your choice with up to 50% off @BoHub branches,2026-08-18 00:00:00,2026-10-01 00:00:00,85.0,0,0,0,1,0,1,0,0,0,0,0,0,0,0,0,0,0,0,0,0,0,0,0,0,0,0,0,0,0,1,0,0,0.10752688172043011,0.0,432.0,0.004628337020253001,0.0,0.0070921985815602835,2
OFFER_0797,21854.0,DISCOUNT_VOUCHER,0.0,PERCENTAGE,10.0,86053.0,Abu Auf,Food & Beverages,Port Said,Port Said|Sharqia|South Sinai|Minya|Dakahlia|Damietta|Gharbia|Red Sea|Alexandria|Asyut|Giza|Cairo|Suez,السويس,0,Abu Auf 10 EGP,2026-04-23 00:00:00,2026-04-24 01:00:00,5.0,1,0,0,0,0,1,0,0,0,0,0,0,0,0,0,0,0,0,0,0,0,0,0,0,0,0,0,0,0,1,0,0,0.021505376344086023,0.0,5.0,4.295440390025987e-05,0.0,0.2,1
OFFER_1165,21857.0,PURCHASE_VOUCHER,10.0,UNKNOWN,0.0,190466.0,Fresh,Electronics,Asyut,Asyut|Alexandria|Giza|Cairo|Beni Suef,بنى سويف,0,Fresh 10 EGP,2026-04-23 00:00:00,2026-04-24 01:00:00,10.0,0,1,0,0,0,0,0,0,0,0,0,0,1,0,0,0,0,0,0,0,0,0,0,0,0,0,0,0,0,0,0,1,0.0,0.0008333333333333334,3.0,2.1477201950129936e-05,0.0,1.0,1
OFFER_0182,21712.0,WAFFARHA,0.0,PERCENTAGE,30.0,228834.0,Wanasa Camp,Entertainment,NATIONWIDE,,NATIONWIDE,1,"Spend a whole day in the heart of the desert, mountains & a meal of your choice with 30% off @Wanasa Camp, Wadi Degla Protectorate!",2026-07-19 00:00:00,2026-09-01 00:00:00,175.0,0,0,0,1,0,0,0,0,0,0,0,0,0,0,0,0,0,0,0,0,0,1,0,0,0,0,0,0,0,1,0,0,0.06451612903225806,0.0,162.0,0.00172891475698546,0.0,0.006211180124223602,2
OFFER_0737,21616,WAFFARHA,0.0,PERCENTAGE,41.7647058823529,231708.0,Dr.Mood,Food & Beverages,NATIONWIDE,,NATIONWIDE,1,"Oriental, Falahi & international breakfast in one place with up to 46% off @Dr.Mood branches",2026-08-18 00:00:00,2026-10-01 00:00:00,99.0,0,0,0,1,0,1,0,0,0,0,0,0,0,0,0,0,0,0,0,0,0,0,0,0,0,0,0,0,0,1,0,0,0.08981657179000624,0.0,63.0,0.0006657932604540281,0.0,0.0,0
OFFER_0661,22002,WAFFARHA,0.0,PERCENTAGE,34.2105263157895,231708.0,Dr.Mood,Food & Beverages,NATIONWIDE,,NATIONWIDE,1,"A variety of pizza, pasta & main dishes with up to 46% off @Dr.Mood, Gesr El Suez",2026-08-18 00:00:00,2026-10-01 00:00:00,125.0,0,0,0,1,0,1,0,0,0,0,0,0,0,0,0,0,0,0,0,0,0,0,0,0,0,0,0,0,0,1,0,0,0.07357102433503118,0.0,39.0,0.0004080668370524688,0.0,0.0,0
OFFER_0403,21953.0,WAFFARHA,0.0,PERCENTAGE,42.5925925925926,230664.0,Beaks Chicken Joint,Food & Beverages,NATIONWIDE,,NATIONWIDE,1,A taste that stands out & an unbeatable crunch with Nashville sandwiches & fried chicken meals with up to 43% off @Beaks Chicken Joint branches!,2026-08-18 00:00:00,2026-10-01 00:00:00,155.0,0,0,0,1,0,1,0,0,0,0,0,0,0,0,0,0,0,0,0,0,0,0,0,0,0,0,0,0,0,1,0,0,0.09159697331740345,0.0,138.0,0.0014711883335839007,0.0,0.051094890510948905,2
OFFER_0162,22003.0,WAFFARHA,0.0,PERCENTAGE,42.1296296296296,229161.0,Crinkle,Food & Beverages,NATIONWIDE,,NATIONWIDE,1,Flash Sale: Mega box meal with 46% off @Crinkle,2026-04-26 00:00:00,2026-06-01 00:00:00,175.0,0,0,0,1,0,1,0,0,0,0,0,0,0,0,0,0,0,0,0,0,0,0,0,0,0,0,0,0,0,1,0,0,0.09060135404221419,0.0,168.0,0.0017933463628358498,0.0,1.0,2
OFFER_0734,23933.0,WAFFARHA,0.0,PERCENTAGE,49.1071428571428,230665.0,Panda Sushi,Food & Beverages,NATIONWIDE,,NATIONWIDE,1,"Sushi combo meals with assorted selections with 49% off @Panda Sushi, Maadi",2026-08-18 00:00:00,2026-10-01 00:00:00,285.0,0,0,0,1,0,1,0,0,0,0,0,0,0,0,0,0,0,0,0,0,0,0,0,0,0,0,0,0,0,1,0,0,0.10560675883256515,0.0,469.0,0.005025665256330405,0.0,0.00684931506849315,2
OFFER_0593,21617.0,WAFFARHA,0.0,PERCENTAGE,34.2857142857143,230666.0,Kingdom Pizza,Food & Beverages,NATIONWIDE,,NATIONWIDE,1,Delicious pizza selections with up to 34% off @Kingdom Pizza!,2026-08-18 00:00:00,2026-10-01 00:00:00,220.0,0,0,0,1,0,1,0,0,0,0,0,0,0,0,0,0,0,0,0,0,0,0,0,0,0,0,0,0,0,1,0,0,0.07373271889400924,0.0,238.0,0.0025450484310903976,0.0,0.18055555555555555,2
OFFER_0123,24510.0,WAFFARHA,0.0,PERCENTAGE,50.0,230667.0,More In,Food & Beverages,NATIONWIDE,,NATIONWIDE,1,Gatherings get better with mixed grill sandwiches and meals with up to 41% off @More In branches,2026-08-18 00:00:00,2026-10-01 00:00:00,160.0,0,0,0,1,0,1,0,0,0,0,0,0,0,0,0,0,0,0,0,0,0,0,0,0,0,0,0,0,0,1,0,0,0.10752688172043011,0.0,10103.0,0.10848134705010631,0.0,0.013347236704900938,2
OFFER_1088,22053,WAFFARHA,0.0,PERCENTAGE,47.1153846153846,230668.0,Stage bakery,Food & Beverages,NATIONWIDE,,NATIONWIDE,1,"Start your morning in calm with coffee, fresh-baked pastries, and a Nile view, with up to 49% off @Stage Bakery, Dokki!",2026-08-18 00:00:00,2026-10-01 00:00:00,220.0,0,0,0,1,0,1,0,0,0,0,0,0,0,0,0,0,0,0,0,0,0,0,0,0,0,0,0,0,0,1,0,0,0.10132340777502065,0.0,118.0,0.0012564163140826013,0.0,0.0,0
OFFER_0808,23927.0,WAFFARHA,0.0,PERCENTAGE,31.8181818181818,231709.0,Pappagallo,Food & Beverages,NATIONWIDE,,NATIONWIDE,1,"Rich coffee, authentic gelato & fresh-baked delights with up to 34% off @Pappagallo, 5th Settlement",2026-08-18 00:00:00,2026-10-01 00:00:00,75.0,0,0,0,1,0,1,0,0,0,0,0,0,0,0,0,0,0,0,0,0,0,0,0,0,0,0,0,0,0,1,0,0,0.06842619745845548,0.0,388.0,0.004155838577350143,0.0,0.002652519893899204,2
OFFER_0992,24121.0,WAFFARHA,0.0,PERCENTAGE,53.6046511627907,231710.0,Pizza King,Food & Beverages,NATIONWIDE,,NATIONWIDE,1,Up to 40% off on Pizza meals with Appetizers from Pizza King branches!,2026-08-18 00:00:00,2026-10-01 00:00:00,145.0,0,0,0,1,0,1,0,0,0,0,0,0,0,0,0,0,0,0,0,0,0,0,0,0,0,0,0,0,0,1,0,0,0.11527881970492625,0.0,23644.0,0.25389274285346103,0.0,0.02144822119643773,2
OFFER_0769,24525.0,WAFFARHA,0.0,PERCENTAGE,50.0,231711.0,Mo'men,Food & Beverages,NATIONWIDE,,NATIONWIDE,1,Various sandwiches & mix grill meals with up to 50% off @Mo'men branches,2026-08-18 00:00:00,2026-10-01 00:00:00,165.0,0,0,0,1,0,1,0,0,0,0,0,0,0,0,0,0,0,0,0,0,0,0,0,0,0,0,0,0,0,1,0,0,0.10752688172043011,0.0,7736.0,0.08306307854212754,0.0,0.009318028359216746,2
OFFER_0816,21869.0,DISCOUNT_VOUCHER,0.0,PERCENTAGE,15.0,228655.0,IL Mulino,Food & Beverages,NATIONWIDE,,NATIONWIDE,0,Congrats you won 15% discount from IL Mulino Bakery use this code: (Mulino15 ).,2026-04-29 00:00:00,2027-04-08 00:00:00,0.0,1,0,0,0,0,1,0,0,0,0,0,0,0,0,0,0,0,0,0,0,0,0,0,0,0,0,0,0,0,1,0,0,0.03225806451612903,0.0,1930.0,0.020714761280900326,0.0,0.09413008989952407,1
OFFER_0887,21862.0,WAFFARHA,0.0,PERCENTAGE,47.2361809045226,229112.0,Just Smash,Food & Beverages,NATIONWIDE,,NATIONWIDE,1,Flash Sale: Premium Double (Iconic/Creamy Mushroom) meal with 47% off @Just Smash,2026-04-29 00:00:00,2026-06-01 00:00:00,210.0,0,0,0,1,0,1,0,0,0,0,0,0,0,0,0,0,0,0,0,0,0,0,0,0,0,0,0,0,0,1,0,0,0.10158318474090881,0.0,272.0,0.0029101608642426065,0.0,0.9257142857142857,2
OFFER_0095,21714,WAFFARHA,0.0,PERCENTAGE,41.5254237288135,231712.0,Loong Ding Xuan,Food & Beverages,NATIONWIDE,,NATIONWIDE,1,"Delicious Chinese food with up to 46% off @Loong Ding Xuan, City Square Mall",2026-08-18 00:00:00,2026-10-01 00:00:00,345.0,0,0,0,1,0,1,0,0,0,0,0,0,0,0,0,0,0,0,0,0,0,0,0,0,0,0,0,0,0,1,0,0,0.08930198651357742,0.0,120.0,0.0012778935160327313,0.0,0.0,0
OFFER_1039,22004.0,WAFFARHA,0.0,PERCENTAGE,30.0,230669.0,Dragon Island Park,Entertainment,NATIONWIDE,,NATIONWIDE,1,Unforgettable Adventure games & fun on Cairo Lake with up to 31% off @Dragon Island Park- Fustat!,2026-08-18 00:00:00,2026-10-01 00:00:00,105.0,0,0,0,1,0,0,0,0,0,0,0,0,0,0,0,0,0,0,0,0,0,1,0,0,0,0,0,0,0,1,0,0,0.06451612903225806,0.0,268.0,0.0028672064603423465,0.0,0.04182509505703422,2
OFFER_1244,21864.0,WAFFARHA,0.0,PERCENTAGE,25.0,228887.0,Yaya Sweets,Food & Beverages,NATIONWIDE,,NATIONWIDE,1,Sweeten your gatherings with Oriental & Western sweets with up to 33% off @Yaya Sweets branches!,2026-06-04 00:00:00,2026-07-01 00:00:00,110.0,0,0,0,1,0,1,0,0,0,0,0,0,0,0,0,0,0,0,0,0,0,0,0,0,0,0,0,0,0,1,0,0,0.053763440860215055,0.0,42.0,0.0004402826399776637,0.0,0.12195121951219512,2
OFFER_0422,22202.0,WAFFARHA,0.0,PERCENTAGE,30.0,230670.0,Warlina,Entertainment,NATIONWIDE,,NATIONWIDE,1,"Time of safe, adventure-filled playtime for your kids with up to 30% off @Warlina, October!",2026-06-30 00:00:00,2026-08-01 00:00:00,350.0,0,0,0,1,0,0,0,0,0,0,0,0,0,0,0,0,0,0,0,0,0,1,0,0,0,0,0,0,0,1,0,0,0.06451612903225806,0.0,89.0,0.0009449968858057172,0.0,0.20689655172413793,2
OFFER_0895,22252.0,WAFFARHA,0.0,PERCENTAGE,85.25,230671.0,Amani El-Tunsi Beauty center & Spa,Clinics ,NATIONWIDE,,NATIONWIDE,1,Pamper yourself with Moroccan bath & Full-body care packages with up to 81% off @AMANI ELTUNSI Beauty & spa!,2026-08-18 00:00:00,2026-10-01 00:00:00,199.0,0,0,0,1,0,0,0,0,0,0,0,0,0,0,1,0,0,0,0,0,0,0,0,0,0,0,0,0,0,1,0,0,0.18333333333333332,0.0,94.0,0.000998689890681042,0.0,0.9887640449438202,2
OFFER_0819,22253.0,WAFFARHA,0.0,PERCENTAGE,50.4166666666667,230672.0,Shaway Teta,Food & Beverages,NATIONWIDE,,NATIONWIDE,1,"Grandma’s got your favorites ready! The tastiest home-style trays & grill meals are waiting for you with up to 50% off @Shaway teta, Tivoli Plaza - Nasr City!",2026-08-18 00:00:00,2026-10-01 00:00:00,119.0,0,0,0,1,0,1,0,0,0,0,0,0,0,0,0,0,0,0,0,0,0,0,0,0,0,0,0,0,0,1,0,0,0.10842293906810042,0.0,250.0,0.0026739116427911772,0.0,0.00819672131147541,2
OFFER_0777,22102,WAFFARHA,0.0,PERCENTAGE,34.1793570219966,228992.0,Despacito,Food & Beverages,NATIONWIDE,,NATIONWIDE,1,Delicious & varied breakfast options with up to 39% off @Despacito branches!,2026-08-18 00:00:00,2026-10-01 00:00:00,389.0,0,0,0,1,0,1,0,0,0,0,0,0,0,0,0,0,0,0,0,0,0,0,0,0,0,0,0,0,0,1,0,0,0.07350399359569161,0.0,150.0,0.0016000515452846804,0.0,0.0,0
OFFER_0029,24108.0,WAFFARHA,0.0,PERCENTAGE,38.5542168674699,231713.0,Andiamo Italian Restaurant,Food & Beverages,NATIONWIDE,,NATIONWIDE,1,"A variety of sandwiches, pizza & pasta with up to 39% off @Andiamo Italian Restaurant, Dokki",2026-08-18 00:00:00,2026-10-01 00:00:00,255.0,0,0,0,1,0,1,0,0,0,0,0,0,0,0,0,0,0,0,0,0,0,0,0,0,0,0,0,0,0,1,0,0,0.08291229433864494,0.0,351.0,0.003758510341272739,0.0,0.005763688760806916,2
OFFER_0370,24106.0,WAFFARHA,0.0,PERCENTAGE,36.3636363636364,231714.0,Pub's Pizza,Food & Beverages,NATIONWIDE,,NATIONWIDE,1,Treat yourself to delicious pizza with amazing flavors & toppings to suit every taste with up to 36% off @Pub's Pizza branches!,2026-08-18 00:00:00,2026-10-01 00:00:00,105.0,0,0,0,1,0,1,0,0,0,0,0,0,0,0,0,0,0,0,0,0,0,0,0,0,0,0,0,0,0,1,0,0,0.07820136852394925,0.0,395.0,0.004231008784175597,0.0,0.1016949152542373,2
OFFER_0485,24498,WAFFARHA,0.0,PERCENTAGE,30.0,228791.0,Enab Beirut,Food & Beverages,NATIONWIDE,,NATIONWIDE,1,"Authentic Lebanese main dishes & grills with 30% off @Enab Beirut, City Centre Almaza and Madinaty branches!",2026-08-18 00:00:00,2026-10-01 00:00:00,490.0,0,0,0,1,0,1,0,0,0,0,0,0,0,0,0,0,0,0,0,0,0,0,0,0,0,0,0,0,0,1,0,0,0.06451612903225806,0.0,204.0,0.0021799359979381887,0.0,0.0,0
OFFER_0669,24483,WAFFARHA,0.0,PERCENTAGE,30.4093567251462,228791.0,Enab Beirut,Food & Beverages,NATIONWIDE,,NATIONWIDE,1,"Lebanese-style breakfast tray for 2 with 30% off @Enab Beirut, City Centre Almaza & Madinaty branches!",2026-08-18 00:00:00,2026-10-01 00:00:00,595.0,0,0,0,1,0,1,0,0,0,0,0,0,0,0,0,0,0,0,0,0,0,0,0,0,0,0,0,0,0,1,0,0,0.06539646607558322,0.0,86.0,0.0009127810828805223,0.0,0.0,0
OFFER_0958,22203.0,WAFFARHA,0.0,PERCENTAGE,82.5,230671.0,Amani El-Tunsi Beauty center & Spa,Clinics ,NATIONWIDE,NATIONWIDE,NATIONWIDE,1,"Soft and vibrant hair with hair restoration sessions with up to 71% off at AMANI El Tunsi Beauty & spa, Maadi!",2026-08-18 00:00:00,2026-10-01 00:00:00,399.0,0,0,0,1,0,0,0,0,0,0,0,0,0,0,1,0,0,0,0,0,0,0,0,0,0,0,0,0,0,1,0,0,0.1774193548387097,0.0,7.0,6.443160585038982e-05,0.0,1.0,2
OFFER_1218,23910.0,WAFFARHA,0.0,PERCENTAGE,31.578947368421,230673.0,Buko,Food & Beverages,NATIONWIDE,,NATIONWIDE,1,"Enjoy your favorite drink & ice cream with up to 33% off @Buko, Mokattam!",2026-08-18 00:00:00,2026-10-01 00:00:00,65.0,0,0,0,1,0,1,0,0,0,0,0,0,0,0,0,0,0,0,0,0,0,0,0,0,0,0,0,0,0,1,0,0,0.06791171477079785,0.0,143.0,0.0015248813384592256,0.0,0.007194244604316547,2
OFFER_0991,22403,WAFFARHA,0.0,PERCENTAGE,44.2307692307692,230674.0,Sip & Chill,Food & Beverages,NATIONWIDE,,NATIONWIDE,1,"Delicious chicken dishes, burger, pizza & pasta served with drink & dessert with up to 44% off @Sip & Chill, Heliopolis",2026-07-19 00:00:00,2026-09-01 00:00:00,145.0,0,0,0,1,0,1,0,0,0,0,0,0,0,0,0,0,0,0,0,0,0,0,0,0,0,0,0,0,0,1,0,0,0.09511993382961118,0.0,59.0,0.0006228388565537681,0.0,0.0,0
OFFER_0072,22404,WAFFARHA,0.0,PERCENTAGE,36.3636363636364,230675.0,Asian Wok,Food & Beverages,NATIONWIDE,,NATIONWIDE,1,"Delicious Asian meals with 36% off @Asian Wok, Roxy",2026-06-08 00:00:00,2026-07-01 00:00:00,175.0,0,0,0,1,0,1,0,0,0,0,0,0,0,0,0,0,0,0,0,0,0,0,0,0,0,0,0,0,0,1,0,0,0.07820136852394925,0.0,57.0,0.0006013616546036382,0.0,0.0,0
OFFER_0884,24122,WAFFARHA,0.0,PERCENTAGE,30.0,230676.0,AniMania Zoo,Entertainment,NATIONWIDE,,NATIONWIDE,1,Day of fun & activities for all with 30% off @AniMania Zoo - Obour!,2026-08-18 00:00:00,2026-10-01 00:00:00,210.0,0,0,0,1,0,0,0,0,0,0,0,0,0,0,0,0,0,0,0,0,0,1,0,0,0,0,0,0,0,1,0,0,0.06451612903225806,0.0,62.0,0.000655054659478963,0.0,0.0,0
OFFER_0881,21871.0,WAFFARHA,0.0,PERCENTAGE,30.0,229203.0,Fantazy International Circus,Entertainment,NATIONWIDE,,NATIONWIDE,1,"Interesting Circus shows with 30% off @Fantazy International Circus, 6th of October!",2026-06-28 00:00:00,2026-06-28 00:00:00,140.0,0,0,0,1,0,0,0,0,0,0,0,0,0,0,0,0,0,0,0,0,0,1,0,0,0,0,0,0,0,1,0,0,0.06451612903225806,0.0,112.0,0.0011919847082322115,0.0,0.18691588785046728,2
OFFER_1178,24125.0,WAFFARHA,0.0,PERCENTAGE,34.0909090909091,230677.0,Shawermer,Food & Beverages,NATIONWIDE,,NATIONWIDE,1,"Taste the authentic flavors of beef, chicken & fattah shawarma meals with up to 34% off @Shawermer branches!",2026-08-18 00:00:00,2026-10-01 00:00:00,145.0,0,0,0,1,0,1,0,0,0,0,0,0,0,0,0,0,0,0,0,0,0,0,0,0,0,0,0,0,0,1,0,0,0.07331378299120236,0.0,474.0,0.00507935826120573,0.0,0.04035874439461883,2
OFFER_0425,21880.0,DISCOUNT_VOUCHER,0.0,PERCENTAGE,10.0,229703.0,IHOP Applebees,Food & Beverages,NATIONWIDE,,NATIONWIDE,0,Congrats you won 10% discount from IHOP Applebee’s,2026-05-21 00:00:00,2026-11-30 00:00:00,0.0,1,0,0,0,0,1,0,0,0,0,0,0,0,0,0,0,0,0,0,0,0,0,0,0,0,0,0,0,0,1,0,0,0.021505376344086023,0.0,2566.0,0.027544511501041643,0.0,0.09366168752523213,1
OFFER_0663,22402,WAFFARHA,0.0,PERCENTAGE,0.0,231702.0,Hilton Cairo Zamalek Residences,Travel & Hotels,NATIONWIDE,,NATIONWIDE,1,Flash sale: 1 Person Day use + meal @Hilton Cairo Zamalek Residences,2026-05-13 00:00:00,2026-05-31 00:00:00,1475.0,0,0,0,1,0,0,0,1,0,0,0,0,0,0,0,0,0,0,0,0,0,0,0,0,0,0,0,0,0,1,0,0,0.0,0.0,30.0,0.00031141942827688407,0.0,0.0,0
OFFER_0065,23921,WAFFARHA,0.0,PERCENTAGE,40.6130268199234,230674.0,Sip & Chill,Food & Beverages,NATIONWIDE,,NATIONWIDE,1,"Fresh juices, coffee, fresh-baked pastries, or breakfast trays with up to 47% off @Sip & Chill, Heliopolis!",2026-07-19 00:00:00,2026-09-01 00:00:00,155.0,0,0,0,1,0,1,0,0,0,0,0,0,0,0,0,0,0,0,0,0,0,0,0,0,0,0,0,0,0,1,0,0,0.08733984262349118,0.0,431.0,0.004617598419277937,0.0,0.0,0
OFFER_0242,21881.0,DISCOUNT_VOUCHER,0.0,PERCENTAGE,10.0,225553.0,Airalo,Travel & Hotels,NATIONWIDE,,NATIONWIDE,0,Get 10% off eSIM plans and enjoy instant data in 200+ countries -no physical SIM card required.,2026-05-18 00:00:00,2026-12-31 00:00:00,0.0,1,0,0,0,0,0,0,1,0,0,0,0,0,0,0,0,0,0,0,0,0,0,0,0,0,0,0,0,0,1,0,0,0.021505376344086023,0.0,3304.0,0.03546959902063959,0.0,0.10076045627376426,1
OFFER_0192,24484,WAFFARHA,0.0,PERCENTAGE,41.4705882352941,231715.0,Shay B Lamon,Food & Beverages,NATIONWIDE,,NATIONWIDE,1,"Mornings are better with an Egyptian & Eastern breakfast, with 41% off @Shay B Lamon, Dokki!",2026-08-18 00:00:00,2026-10-01 00:00:00,199.0,0,0,0,1,0,1,0,0,0,0,0,0,0,0,0,0,0,0,0,0,0,0,0,0,0,0,0,0,0,1,0,0,0.08918406072106258,0.0,86.0,0.0009127810828805223,0.0,0.0,0
OFFER_0240,22054.0,WAFFARHA,0.0,PERCENTAGE,45.4545454545454,231715.0,Shay B Lamon,Food & Beverages,NATIONWIDE,,NATIONWIDE,1,"Your favorite chicken dishes, pizza, & pasta served with drink & dessert with up to 45% off @Shay B Lamon, Dokki!",2026-08-18 00:00:00,2026-10-01 00:00:00,210.0,0,0,0,1,0,1,0,0,0,0,0,0,0,0,0,0,0,0,0,0,0,0,0,0,0,0,0,0,0,1,0,0,0.09775171065493635,0.0,24.0,0.00024698782242649426,0.0,0.041666666666666664,2
OFFER_1230,22057.0,WAFFARHA,0.0,PERCENTAGE,0.0,230679.0,Turquoise Beach,Travel & Hotels,NATIONWIDE,,NATIONWIDE,1,"Enjoy the summer vibes with a day full of fun & relaxation @Turquoise Beach, New Alamein!",2026-08-18 00:00:00,2026-10-01 00:00:00,525.0,0,0,0,1,0,0,0,1,0,0,0,0,0,0,0,0,0,0,0,0,0,0,0,0,0,0,0,0,0,1,0,0,0.0,0.0,1367.0,0.014668928931938748,0.0,0.00156128024980484,2
OFFER_1045,22408.0,WAFFARHA,0.0,PERCENTAGE,0.0,230680.0,Nile Aqua Park,Travel & Hotels,NATIONWIDE,,NATIONWIDE,1,"Day use full of joy & fun includes meals, Pool & Aqua park for adults & kids @Nile Aqua Park, Badrashin - Giza",2026-08-18 00:00:00,2026-10-01 00:00:00,330.0,0,0,0,1,0,0,0,1,0,0,0,0,0,0,0,0,0,0,0,0,0,0,0,0,0,0,0,0,0,1,0,0,0.0,0.0,843.0,0.009041902021004704,0.0,0.006218905472636816,2
OFFER_0190,22654.0,WAFFARHA,0.0,PERCENTAGE,28.5714285714286,230681.0,Ground Control,Entertainment,NATIONWIDE,,NATIONWIDE,1,Games credit for adults & children with up to 36% off @Ground Control branches,2026-08-18 00:00:00,2026-10-01 00:00:00,500.0,0,0,0,1,0,0,0,0,0,0,0,0,0,0,0,0,0,0,0,0,0,1,0,0,0,0,0,0,0,1,0,0,0.06144393241167441,0.0,67.0,0.000708747664354288,0.0,0.03076923076923077,2
OFFER_0760,25053.0,WAFFARHA,0.0,PERCENTAGE,29.7619047619048,230682.0,Super Park,Entertainment,NATIONWIDE,,NATIONWIDE,1,"An energetic and fun-filled experience with trampolines, climbing & interactive games with up to 30% off @Super Park, Mall of Arabia",2026-08-18 00:00:00,2026-09-01 00:00:00,295.0,0,0,0,1,0,0,0,0,0,0,0,0,0,0,0,0,0,0,0,0,0,1,0,0,0,0,0,0,0,1,0,0,0.06400409626216086,0.0,101.0,0.0010738600975064968,0.0,0.04040404040404041,2
OFFER_0159,22406.0,WAFFARHA,0.0,PERCENTAGE,26.046511627907,231716.0,Mazag El Melouk,Food & Beverages,NATIONWIDE,,NATIONWIDE,1,"Your choice of plain, spiced & flavored coffee with up to 30% off @Mazag El Melouk branches",2026-08-18 00:00:00,2026-10-01 00:00:00,130.0,0,0,0,1,0,1,0,0,0,0,0,0,0,0,0,0,0,0,0,0,0,0,0,0,0,0,0,0,0,1,0,0,0.05601400350087527,0.0,92.0,0.0009772126887309122,0.0,0.04597701149425287,2
OFFER_0119,22055,WAFFARHA,0.0,PERCENTAGE,32.0754716981132,231717.0,OAK Specialty Coffee,Food & Beverages,NATIONWIDE,,NATIONWIDE,1,"Desserts & coffee with a unique flavor with up to 32% off @OAK Specialty Coffee, Heliopolis",2026-08-18 00:00:00,2026-10-01 00:00:00,180.0,0,0,0,1,0,1,0,0,0,0,0,0,0,0,0,0,0,0,0,0,0,0,0,0,0,0,0,0,0,1,0,0,0.06897950902820042,0.0,26.0,0.0002684650243766242,0.0,0.0,0
OFFER_0042,23919.0,WAFFARHA,0.0,PERCENTAGE,31.0,231718.0,Retro Burger,Food & Beverages,NATIONWIDE,,NATIONWIDE,1,Beef & chicken burger sandwiches with an amazing taste with 31% off @Retro Burger branches,2026-08-18 00:00:00,2026-10-01 00:00:00,345.0,0,0,0,1,0,1,0,0,0,0,0,0,0,0,0,0,0,0,0,0,0,0,0,0,0,0,0,0,0,1,0,0,0.06666666666666667,0.0,436.0,0.004671291424153261,0.0,0.0047169811320754715,2
OFFER_0843,21886,DISCOUNT_VOUCHER,0.0,PERCENTAGE,5.0,202553.0,Semsema,Food & Beverages,Giza,Giza,قسم الشيخ زايد,0,Get 5% off when you pay with your yellowcard.,2026-05-20 00:00:00,2026-05-31 00:00:00,0.0,1,0,0,0,0,1,0,0,0,0,0,0,0,0,0,0,0,0,0,0,0,0,0,0,0,0,0,0,0,1,0,0,0.010752688172043012,0.0,387.0,0.004145099976375078,0.0,0.0,0
OFFER_0023,21878,DISCOUNT_VOUCHER,0.0,PERCENTAGE,5.0,42955.0,kazary,Fashion & Footwear,Sharqia,Sharqia|Dakahlia|Ismailia|Red Sea|Damietta|Alexandria|Sohag|Beheira|Gharbia|Qalyubia|Giza|Cairo|Kafr El Sheikh|Monufia,وسط البلد,0,Get 5% off when you pay with your yellowcard.,2026-05-20 00:00:00,2026-05-31 00:00:00,0.0,1,0,0,0,0,0,0,0,1,0,0,0,0,0,0,0,0,0,0,0,0,0,0,0,0,0,0,0,0,1,0,0,0.010752688172043012,0.0,323.0,0.00345782951397092,0.0,0.0,0
OFFER_0846,21877,DISCOUNT_VOUCHER,0.0,PERCENTAGE,5.0,51952.0,Coup,Fashion & Footwear,Port Said,Port Said|Sharqia|Dakahlia|Damietta|Red Sea|Alexandria|Sohag|Luxor|Gharbia|Qalyubia|Giza|Cairo|Monufia|Beni Suef,الاقصر,0,Get 5% off when you pay with your yellowcard.,2026-05-20 00:00:00,2026-05-31 00:00:00,0.0,1,0,0,0,0,0,0,0,1,0,0,0,0,0,0,0,0,0,0,0,0,0,0,0,0,0,0,0,0,1,0,0,0.010752688172043012,0.0,739.0,0.007925087519597947,0.0,0.0,0
OFFER_0229,22702.0,WAFFARHA,0.0,PERCENTAGE,43.5897435897436,231719.0,Debonairs Pizza,Food & Beverages,NATIONWIDE,,NATIONWIDE,1,"Every slice is packed with flavor, fun, & a variety of delicious toppings with up to 46% off @Debonairs Pizza, Nasr City!",2026-08-18 00:00:00,2026-10-01 00:00:00,120.0,0,0,0,1,0,1,0,0,0,0,0,0,0,0,0,0,0,0,0,0,0,0,0,0,0,0,0,0,0,1,0,0,0.09374138406396473,0.0,45.0,0.0004724984429028586,0.0,0.06818181818181818,2
OFFER_0274,21882,DISCOUNT_VOUCHER,0.0,PERCENTAGE,15.0,176452.0,LAPOMME,Food & Beverages,Red Sea,Red Sea|Giza|Cairo,الغردقة,0,Get 15% off when you pay with your yellowcard.,2026-05-21 00:00:00,2026-05-31 00:00:00,0.0,1,0,0,0,0,1,0,0,0,0,0,0,0,0,0,0,0,0,0,0,0,0,0,0,0,0,0,0,0,1,0,0,0.03225806451612903,0.0,593.0,0.0063572517772384615,0.0,0.0,0
OFFER_1276,21883,DISCOUNT_VOUCHER,0.0,PERCENTAGE,5.0,207556.0,Moishi,Food & Beverages,Giza,Giza|Cairo,المعادى,0,Get 5% off when you pay with your yellowcard.,2026-05-21 00:00:00,2026-05-31 00:00:00,0.0,1,0,0,0,0,1,0,0,0,0,0,0,0,0,0,0,0,0,0,0,0,0,0,0,0,0,0,0,0,1,0,0,0.010752688172043012,0.0,277.0,0.0029638538691179315,0.0,0.0,0
OFFER_1260,21884,DISCOUNT_VOUCHER,0.0,PERCENTAGE,10.0,205527.0,Eagle,Fashion & Footwear,NATIONWIDE,,NATIONWIDE,0,Get 10% off when you pay with your yellowcard.,2026-05-21 00:00:00,2026-05-31 00:00:00,0.0,1,0,0,0,0,0,0,0,1,0,0,0,0,0,0,0,0,0,0,0,0,0,0,0,0,0,0,0,0,1,0,0,0.021505376344086023,0.0,525.0,0.005627026910934044,0.0,0.0,0
OFFER_0668,21885,DISCOUNT_VOUCHER,0.0,PERCENTAGE,10.0,205524.0,MEHRAIL,Fashion & Footwear,NATIONWIDE,,NATIONWIDE,0,Get 10% off when you pay with your yellowcard.,2026-05-21 00:00:00,2026-05-31 00:00:00,0.0,1,0,0,0,0,0,0,0,1,0,0,0,0,0,0,0,0,0,0,0,0,0,0,0,0,0,0,0,0,1,0,0,0.021505376344086023,0.0,35.0,0.00036511243315220894,0.0,0.0,0
OFFER_0107,21888,WAFFARHA,0.0,PERCENTAGE,0.0,231720.0,Ramlla Beach,Travel & Hotels,NATIONWIDE,,NATIONWIDE,1,"Unmatched summer vibes and unlimited fun @Ramlla Beach, New Alamein",2026-08-18 00:00:00,2026-10-01 00:00:00,700.0,0,0,0,1,0,0,0,1,0,0,0,0,0,0,0,0,0,0,0,0,0,0,0,0,0,0,0,0,0,1,0,0,0.0,0.0,878.0,0.009417753055131978,0.0,0.0,0
OFFER_0539,22653,WAFFARHA,0.0,PERCENTAGE,30.0,231721.0,Circus Kouta,Entertainment,NATIONWIDE,,NATIONWIDE,1,"Interesting Circus shows with 30% off @Circus Kouta, Nasr City!",2026-08-18 00:00:00,2026-10-01 00:00:00,105.0,0,0,0,1,0,0,0,0,0,0,0,0,0,0,0,0,0,0,0,0,0,1,0,0,0,0,0,0,0,1,0,0,0.06451612903225806,0.0,316.0,0.003382659307145465,0.0,0.0,0
OFFER_1207,22409.0,WAFFARHA,0.0,PERCENTAGE,34.0,231722.0,Ghataty,Retail & Services,NATIONWIDE,,NATIONWIDE,1,"High-quality car services: tire balancing, interior and exterior washing, and more, with up to 35% off @Ghataty branches!",2026-08-18 00:00:00,2026-10-01 00:00:00,99.0,0,0,0,1,0,0,0,0,0,0,0,0,0,0,0,0,0,0,0,0,0,0,0,0,0,0,1,0,0,1,0,0,0.07311827956989247,0.0,2383.0,0.025579347522604753,0.0,0.0022820629849383844,2
OFFER_1167,21889.0,WAFFARHA,0.0,PERCENTAGE,0.0,231723.0,Akoya,Travel & Hotels,NATIONWIDE,,NATIONWIDE,1,Enjoy a great day-use experience in the North Coast's biggest Aqua Park @Akoya WaterPark!,2026-08-18 00:00:00,2026-09-01 00:00:00,650.0,0,0,0,1,0,0,0,1,0,0,0,0,0,0,0,0,0,0,0,0,0,0,0,0,0,0,0,0,0,1,0,0,0.0,0.0,941.0,0.01009428491656107,0.0,0.0033821871476888386,2
OFFER_0176,22752,WAFFARHA,0.0,PERCENTAGE,0.0,230684.0,Venecia Resort,Travel & Hotels,NATIONWIDE,,NATIONWIDE,1,"Enjoy a relaxing day use by the water with amazing summer vibes @Venecia Resort, Fayoum",2026-08-18 00:00:00,2026-10-01 00:00:00,1199.0,0,0,0,1,0,0,0,1,0,0,0,0,0,0,0,0,0,0,0,0,0,0,0,0,0,0,0,0,0,1,0,0,0.0,0.0,505.0,0.0054122548914327445,0.0,0.0,0
OFFER_1328,21890.0,WAFFARHA,0.0,PERCENTAGE,39.0243902439024,230683.0,Bimbo Burger,Food & Beverages,NATIONWIDE,,NATIONWIDE,1,"Enjoy burger sandwiches, combo boxes & drinks with up to 39% off @Bimbo Burger, 5th settlement!",2026-08-18 00:00:00,2026-10-01 00:00:00,125.0,0,0,0,1,0,1,0,0,0,0,0,0,0,0,0,0,0,0,0,0,0,0,0,0,0,0,0,0,0,1,0,0,0.08392341987936,0.0,280.0,0.002996069672043126,0.0,0.003676470588235294,2
OFFER_0303,22410,WAFFARHA,0.0,PERCENTAGE,0.0,230684.0,Venecia Resort,Travel & Hotels,NATIONWIDE,,NATIONWIDE,1,"Treat yourself to a relaxing one-night stay with a delicious breakfast @Venecia Resort, Fayoum!",2026-08-18 00:00:00,2026-10-01 00:00:00,6120.0,0,0,0,1,0,0,0,1,0,0,0,0,0,0,0,0,0,0,0,0,0,0,0,0,0,0,0,0,0,1,0,0,0.0,0.0,889.0,0.009535877665857692,0.0,0.0,0
OFFER_0967,21891.0,WAFFARHA,0.0,PERCENTAGE,0.0,230685.0,Hexa Beach,Travel & Hotels,NATIONWIDE,,NATIONWIDE,1,"Unforgettable day-use in the heart of Alamein @Hexa Beach, Alamein city",2026-08-18 00:00:00,2026-10-01 00:00:00,700.0,0,0,0,1,0,0,0,1,0,0,0,0,0,0,0,0,0,0,0,0,0,0,0,0,0,0,0,0,0,1,0,0,0.0,0.0,1266.0,0.013584330233457185,0.0,0.001694915254237288,2
OFFER_0177,22963.0,WAFFARHA,0.0,PERCENTAGE,35.1648351648352,231724.0,Pizza Bob,Food & Beverages,NATIONWIDE,,NATIONWIDE,1,Delicious seafood pizza selections with up to 34% off @Pizza Bob branches,2026-08-18 00:00:00,2026-10-01 00:00:00,245.0,0,0,0,1,0,1,0,0,0,0,0,0,0,0,0,0,0,0,0,0,0,0,0,0,0,0,0,0,0,1,0,0,0.07562330142975313,0.0,1281.0,0.01374540924808316,0.0,0.004971002485501243,2
OFFER_0609,22753,WAFFARHA,0.0,PERCENTAGE,0.0,231725.0,Rexs Beach,Travel & Hotels,NATIONWIDE,,NATIONWIDE,1,"Sun, Sea & Day-Use Bliss @Rexs Beach, New Alamein",2026-08-18 00:00:00,2026-10-01 00:00:00,525.0,0,0,0,1,0,0,0,1,0,0,0,0,0,0,0,0,0,0,0,0,0,0,0,0,0,0,0,0,0,1,0,0,0.0,0.0,1334.0,0.014314555099761603,0.0,0.0,0
OFFER_1292,22656,WAFFARHA,0.0,PERCENTAGE,0.0,231726.0,Taverna Aqua City,Travel & Hotels,NATIONWIDE,,NATIONWIDE,1,Spend the best day with wide swimming pools and water games for adults and children inside Taverna Aqua City!,2026-08-18 00:00:00,2026-10-01 00:00:00,650.0,0,0,0,1,0,0,0,1,0,0,0,0,0,0,0,0,0,0,0,0,0,0,0,0,0,0,0,0,0,1,0,0,0.0,0.0,891.0,0.009557354867807823,0.0,0.0,0
OFFER_0129,23902.0,DISCOUNT_VOUCHER,0.0,PERCENTAGE,50.0,231663.0,Mobil,Services,NATIONWIDE,,NATIONWIDE,0,Enjoy 50% cashback from myfawry every Wednesday when you pay with your Yellow Card at Mobil stations.,2026-06-24 00:00:00,2026-06-24 00:00:00,0.0,1,0,0,0,0,0,0,0,0,0,0,1,0,0,0,0,0,0,0,0,0,0,0,0,0,0,0,0,0,1,0,0,0.10752688172043011,0.0,20161.0,0.21649019565730976,0.0,0.0009297712762660385,1
OFFER_0878,23923.0,WAFFARHA,0.0,PERCENTAGE,31.5384615384615,230686.0,Caribou Coffee,Food & Beverages,NATIONWIDE,,NATIONWIDE,1,Premium coffee & dessert with 32% off @Caribou Coffee branches,2026-08-18 00:00:00,2026-10-01 00:00:00,89.0,0,0,0,1,0,1,0,0,0,0,0,0,0,0,0,0,0,0,0,0,0,0,0,0,0,0,0,0,0,1,0,0,0.06782464846980968,0.0,1776.0,0.01906101673074032,0.0,0.05970149253731343,2
OFFER_1066,22802,WAFFARHA,0.0,PERCENTAGE,25.7142857142857,230687.0,Süleyman Oğlu Tatlısı,Food & Beverages,NATIONWIDE,,NATIONWIDE,1,Authentic Turkish sweets with a rich & premium taste with up to 26% off @Süleyman Oğlu Tatlısı branches!,2026-08-02 00:00:00,2026-09-01 00:00:00,130.0,0,0,0,1,0,1,0,0,0,0,0,0,0,0,0,0,0,0,0,0,0,0,0,0,0,0,0,0,0,1,0,0,0.05529953917050688,0.0,48.0,0.0005047142458280535,0.0,0.0,0
OFFER_1022,22657,WAFFARHA,0.0,PERCENTAGE,30.2325581395349,226605.0,Chicken & Ribs,Food & Beverages,NATIONWIDE,,NATIONWIDE,1,Tremendously delicious chicken dishes choices with 30% off @Chicken & Ribs branches!,2026-08-18 00:00:00,2026-10-01 00:00:00,390.0,0,0,0,1,0,1,0,0,0,0,0,0,0,0,0,0,0,0,0,0,0,0,0,0,0,0,0,0,0,1,0,0,0.06501625406351591,0.0,31.0,0.0003221580292519491,0.0,0.0,0
OFFER_0218,22058,WAFFARHA,0.0,PERCENTAGE,25.0,230688.0,Bowling Hub,Entertainment,NATIONWIDE,,NATIONWIDE,1,"Unlimited fun with arcade credit & bowling game with up to 33% off @Bowling Hub, Rehab!",2026-08-18 00:00:00,2026-10-01 00:00:00,150.0,0,0,0,1,0,0,0,0,0,0,0,0,0,0,0,0,0,0,0,0,0,1,0,0,0,0,0,0,0,1,0,0,0.053763440860215055,0.0,317.0,0.00339339790812053,0.0,0.0,0
OFFER_0675,22902,WAFFARHA,0.0,PERCENTAGE,43.4285714285714,230689.0,Lo2ma w Fetera,Food & Beverages,NATIONWIDE,,NATIONWIDE,1,"Enjoy a variety of irresistible feteer, pasta & sandwich meals with up to 43% off @Lo2ma w Fetera, Sheikh Zayed!",2026-07-07 00:00:00,2026-08-01 00:00:00,99.0,0,0,0,1,0,1,0,0,0,0,0,0,0,0,0,0,0,0,0,0,0,0,0,0,0,0,0,0,0,1,0,0,0.09339477726574495,0.0,28.0,0.00028994222632675417,0.0,0.0,0
OFFER_0321,24116,WAFFARHA,0.0,PERCENTAGE,40.9090909090909,230690.0,Five Twelve,Food & Beverages,NATIONWIDE,,NATIONWIDE,1,Coffee & dessert in the heart of Korba with up to 41% off @Five Twelve,2026-08-18 00:00:00,2026-10-01 00:00:00,195.0,0,0,0,1,0,1,0,0,0,0,0,0,0,0,0,0,0,0,0,0,0,0,0,0,0,0,0,0,0,1,0,0,0.08797653958944279,0.0,597.0,0.0064002061811387215,0.0,0.0,0
OFFER_0043,22658,WAFFARHA,0.0,PERCENTAGE,30.0,230691.0,Sky Sports Egypt,Entertainment,NATIONWIDE,,NATIONWIDE,1,Unforgettable Sky ride experience with 30% off at Sky Sports Egypt,2026-08-18 00:00:00,2026-10-01 00:00:00,4200.0,0,0,0,1,0,0,0,0,0,0,0,0,0,0,0,0,0,0,0,0,0,1,0,0,0,0,0,0,0,1,0,0,0.06451612903225806,0.0,391.0,0.004188054380275337,0.0,0.0,0
OFFER_0149,22871,WAFFARHA,0.0,PERCENTAGE,0.0,231729.0,Eastern Al Montazah Hotel,Travel & Hotels,NATIONWIDE,,NATIONWIDE,1,"Cheerful day use includes Pool use & lunch meal @Eastern Al Montazah Hotel, Alexandria",2026-08-18 00:00:00,2026-10-01 00:00:00,765.0,0,0,0,1,0,0,0,1,0,0,0,0,0,0,0,0,0,0,0,0,0,0,0,0,0,0,0,0,0,1,0,0,0.0,0.0,614.0,0.006582762397714825,0.0,0.0,0
OFFER_0896,22414,WAFFARHA,0.0,PERCENTAGE,30.5882352941176,232652.0,Vamos Burger,Food & Beverages,NATIONWIDE,,NATIONWIDE,1,"Juicy burgers like no other with up to 37% off @Vamos Burger, 1st settlement",2026-06-30 00:00:00,2026-08-01 00:00:00,59.0,0,0,0,1,0,1,0,0,0,0,0,0,0,0,0,0,0,0,0,0,0,0,0,0,0,0,0,0,0,1,0,0,0.06578115117014538,0.0,25.0,0.00025772642340155926,0.0,0.0,0
OFFER_0831,22872,WAFFARHA,0.0,PERCENTAGE,30.4347826086956,232702.0,Si Johnny,Food & Beverages,NATIONWIDE,,NATIONWIDE,1,"Authentic Eastern-style sandwiches & tajines with up to 32% off @Si Johnny, Sheikh Zayed!",2026-08-18 00:00:00,2026-10-01 00:00:00,80.0,0,0,0,1,0,1,0,0,0,0,0,0,0,0,0,0,0,0,0,0,0,0,0,0,0,0,0,0,0,1,0,0,0.0654511453950443,0.0,37.0,0.0003865896351023389,0.0,0.0,0
OFFER_0935,23402.0,DISCOUNT_VOUCHER,0.0,FIXED,1.0,13952.0,Noon,Online,NATIONWIDE,,NATIONWIDE,0,"Bringing You The Best of Fashion, Electronics, Beauty, Baby and Home Products",2026-06-11 00:00:00,2026-06-30 00:00:00,1.0,1,0,0,0,0,0,0,0,0,0,1,0,0,0,0,0,0,0,0,0,0,0,0,0,0,0,0,0,0,0,1,0,0.002150537634408602,0.0,485.0,0.005197482871931444,0.0,0.0021008403361344537,1
OFFER_0613,23202,WAFFARHA,0.0,PERCENTAGE,0.0,231730.0,Makadi Water World,Travel & Hotels,NATIONWIDE,,NATIONWIDE,1,"Enjoy a day use experience with Aqua Park fun @Makadi Water World, Hurghada!",2026-08-18 00:00:00,2026-10-01 00:00:00,2125.0,0,0,0,1,0,0,0,1,0,0,0,0,0,0,0,0,0,0,0,0,0,0,0,0,0,0,0,0,0,1,0,0,0.0,0.0,622.0,0.006668671205515345,0.0,0.0,0
OFFER_0626,23302,WAFFARHA,0.0,PERCENTAGE,0.0,231731.0,Marseilia Aqua Park,Travel & Hotels,NATIONWIDE,,NATIONWIDE,1,Day use with aqua park games @Marseilia North Coast,2026-08-18 00:00:00,2026-10-01 00:00:00,540.0,0,0,0,1,0,0,0,1,0,0,0,0,0,0,0,0,0,0,0,0,0,0,0,0,0,0,0,0,0,1,0,0,0.0,0.0,592.0,0.006346513176263396,0.0,0.0,0
OFFER_1172,23352.0,WAFFARHA,0.0,PERCENTAGE,39.5833333333333,231732.0,7 Cafe,Food & Beverages,NATIONWIDE,,NATIONWIDE,1,"A lunch just the way you like it, with a variety of pizza, pasta, & main course options, with up to 44% off @7 Cafe, Dokki!",2026-08-18 00:00:00,2026-10-01 00:00:00,145.0,0,0,0,1,0,1,0,0,0,0,0,0,0,0,0,0,0,0,0,0,0,0,0,0,0,0,0,0,0,1,0,0,0.08512544802867376,0.0,1039.0,0.011146667812117437,0.0,0.0009813542688910696,2
OFFER_1166,24135,WAFFARHA,0.0,PERCENTAGE,43.4285714285714,231733.0,Ibn Ezz,Food & Beverages,NATIONWIDE,,NATIONWIDE,1,"A variety of feteer, pizza, sandwiches, & delicious meals with up to 43% off @Ibn Ezz, Sheraton!",2026-08-18 00:00:00,2026-10-01 00:00:00,99.0,0,0,0,1,0,1,0,0,0,0,0,0,0,0,0,0,0,0,0,0,0,0,0,0,0,0,0,0,0,1,0,0,0.09339477726574495,0.0,147.0,0.0015678357423594854,0.0,0.0,0
OFFER_1250,23502,WAFFARHA,0.0,PERCENTAGE,0.0,231734.0,Helnan Mamoura Hotel,Travel & Hotels,NATIONWIDE,,NATIONWIDE,1,"Enjoy a fun day use @Helnan Beach, Mamoura!",2026-08-18 00:00:00,2026-10-01 00:00:00,620.0,0,0,0,1,0,0,0,1,0,0,0,0,0,0,0,0,0,0,0,0,0,0,0,0,0,0,0,0,0,1,0,0,0.0,0.0,710.0,0.007613668091321062,0.0,0.0,0
OFFER_0605,23103,DISCOUNT_VOUCHER,0.0,PERCENTAGE,50.0,217552.0,Oppo,Electronics,Sharqia,Sharqia|Minya|Dakahlia|Gharbia|Alexandria|Qalyubia|Giza|Cairo|Qena|Beheira,ثان الزقازيق,0,"Bringing You The Best of Fashion, Electronics, Beauty, Baby and Home Products",2026-06-11 00:00:00,2026-06-30 00:00:00,1.0,1,0,0,0,0,0,0,0,0,0,0,0,1,0,0,0,0,0,0,0,0,0,0,0,0,0,0,0,0,1,0,0,0.10752688172043011,0.0,2.0,1.0738600975064968e-05,0.0,0.0,0
OFFER_1190,23152,WAFFARHA,0.0,PERCENTAGE,0.0,232802.0,Coraya Water World,Travel & Hotels,NATIONWIDE,,NATIONWIDE,1,"full day of refreshment & adventure with the aqua park rides @Coraya Water World, Marsa Allam",2026-08-18 00:00:00,2026-10-01 00:00:00,1350.0,0,0,0,1,0,0,0,1,0,0,0,0,0,0,0,0,0,0,0,0,0,0,0,0,0,0,0,0,0,1,0,0,0.0,0.0,248.0,0.002652434440841047,0.0,0.0,0
OFFER_1236,23252,WAFFARHA,0.0,PERCENTAGE,37.9947229551451,232803.0,Sphinx Smash Burger,Food & Beverages,NATIONWIDE,,NATIONWIDE,1,"Irresistible Wagyu Beef Burger meals with up to 38% off @Sphinx Smash Burger, Sheikh Zayed",2026-08-18 00:00:00,2026-10-01 00:00:00,235.0,0,0,0,1,0,1,0,0,0,0,0,0,0,0,0,0,0,0,0,0,0,0,0,0,0,0,0,0,0,1,0,0,0.08170908162396796,0.0,42.0,0.0004402826399776637,0.0,0.0,0
OFFER_1065,23304,WAFFARHA,0.0,PERCENTAGE,0.0,231731.0,Marseilia Aqua Park,Travel & Hotels,NATIONWIDE,,NATIONWIDE,1,"Live Summer vibes with a day use & Aqua Park games @Marseilia Aqua Park, Alam el Rom - Marsa Matrouh",2026-08-18 00:00:00,2026-10-01 00:00:00,495.0,0,0,0,1,0,0,0,1,0,0,0,0,0,0,0,0,0,0,0,0,0,0,0,0,0,0,0,0,0,1,0,0,0.0,0.0,473.0,0.005068619660230665,0.0,0.0,0
OFFER_1317,23452,WAFFARHA,0.0,PERCENTAGE,20.7142857142857,233652.0,Horus Jets,Entertainment,NATIONWIDE,,NATIONWIDE,1,"Unforgettable sightseeing flights above Greater Cairo's iconic landmarks with 21% off @Horus Jets, Almaza Airport",2026-08-18 00:00:00,2026-10-01 00:00:00,5550.0,0,0,0,1,0,0,0,0,0,0,0,0,0,0,0,0,0,0,0,0,0,1,0,0,0,0,0,0,0,1,0,0,0.04454685099846387,0.0,260.0,0.002781297652541827,0.0,0.0,0
OFFER_0122,23305.0,WAFFARHA,0.0,PERCENTAGE,0.0,233653.0,Dome Marina Hotel & Resort,Travel & Hotels,NATIONWIDE,,NATIONWIDE,1,"Relaxing day use experience on a stunning sandy beach & pool with lunch @Dome Marina Hotel, Ain Sokhna",2026-08-18 00:00:00,2026-10-01 00:00:00,1099.0,0,0,0,1,0,0,0,1,0,0,0,0,0,0,0,0,0,0,0,0,0,0,0,0,0,0,0,0,0,1,0,0,0.0,0.0,569.0,0.006099525353836902,0.0,0.0056179775280898875,2
OFFER_1032,22955.0,WAFFARHA,0.0,PERCENTAGE,33.9622641509434,233654.0,Turkish Pasha,Food & Beverages,NATIONWIDE,,NATIONWIDE,1,A variety of main courses & desserts prepared the authentic Turkish way with up to 41% off @Turkish Pasha Restaurant!,2026-08-18 00:00:00,2026-10-01 00:00:00,325.0,0,0,0,1,0,1,0,0,0,0,0,0,0,0,0,0,0,0,0,0,0,0,0,0,0,0,0,0,0,1,0,0,0.07303712720632989,0.0,24.0,0.00024698782242649426,0.0,0.041666666666666664,2
OFFER_0758,23503,WAFFARHA,0.0,PERCENTAGE,20.0,228730.0,Ski Egypt,Entertainment,NATIONWIDE,,NATIONWIDE,1,Turn your kids' summer to the coolest experience ever with 20% off @Ski Egypt's Summer Camp - Mall of Egypt!,2026-08-18 00:00:00,2026-10-01 00:00:00,6960.0,0,0,0,1,0,0,0,0,0,0,0,0,0,0,0,0,0,0,0,0,0,1,0,0,0,0,0,0,0,1,0,0,0.043010752688172046,0.0,257.0,0.002749081849616632,0.0,0.0,0
OFFER_0396,23454,WAFFARHA,0.0,PERCENTAGE,40.0,231735.0,Baba,Food & Beverages,NATIONWIDE,,NATIONWIDE,1,Try Baba’s signature flavors in authentic Eastern-style sandwiches and meals with up to 40% off @Baba branches,2026-08-18 00:00:00,2026-10-01 00:00:00,135.0,0,0,0,1,0,1,0,0,0,0,0,0,0,0,0,0,0,0,0,0,0,0,0,0,0,0,0,0,0,1,0,0,0.08602150537634409,0.0,40.0,0.0004188054380275338,0.0,0.0,0
OFFER_0249,23554,WAFFARHA,0.0,PERCENTAGE,30.0,231736.0,Warriors Arena,Entertainment,NATIONWIDE,,NATIONWIDE,1,"Experience the thrill & adrenaline of Gel Blasters with your friends with 30% off @Warriors Arena, Merryland!",2026-08-18 00:00:00,2026-10-01 00:00:00,105.0,0,0,0,1,0,0,0,0,0,0,0,0,0,0,0,0,0,0,0,0,0,1,0,0,0,0,0,0,0,1,0,0,0.06451612903225806,0.0,45.0,0.0004724984429028586,0.0,0.0,0
OFFER_0956,23602,WAFFARHA,0.0,PERCENTAGE,30.0,234652.0,Khayal,Entertainment,NATIONWIDE,,NATIONWIDE,1,"Embark on a unique horse-riding experience by the Pyramids or along the beach, with up to 33% off @Khayal branches!",2026-08-18 00:00:00,2026-10-01 00:00:00,350.0,0,0,0,1,0,0,0,0,0,0,0,0,0,0,0,0,0,0,0,0,0,1,0,0,0,0,0,0,0,1,0,0,0.06451612903225806,0.0,166.0,0.0017718691608857198,0.0,0.0,0
OFFER_0022,23553,WAFFARHA,0.0,PERCENTAGE,0.0,228769.0,El Wadi Aquapark Hotel,Travel & Hotels,NATIONWIDE,,NATIONWIDE,1,"Unforgettable night Stay with an open buffet @El Wadi Aqua Park Hotel Accommodation, Ain Sokhna",2026-08-18 00:00:00,2026-10-01 00:00:00,2635.0,0,0,0,1,0,0,0,1,0,0,0,0,0,0,0,0,0,0,0,0,0,0,0,0,0,0,0,0,0,1,0,0,0.0,0.0,501.0,0.0053693004875324845,0.0,0.0,0
OFFER_1197,22967,WAFFARHA,0.0,PERCENTAGE,39.6551724137931,234702.0,Petra Restaurant & Cafe,Food & Beverages,NATIONWIDE,,NATIONWIDE,1,"Lunch meals featuring delicious main courses, pizzas, and pasta, with up to 48% off @Petra Restaurant & Café - Mamsha Ahl Masr!",2026-08-18 00:00:00,2026-10-01 00:00:00,175.0,0,0,0,1,0,1,0,0,0,0,0,0,0,0,0,0,0,0,0,0,0,0,0,0,0,0,0,0,0,1,0,0,0.08527994067482388,0.0,12.0,0.00011812461072571465,0.0,0.0,0
OFFER_1214,24459,WAFFARHA,0.0,PERCENTAGE,55.2808988764045,234702.0,Petra Restaurant & Cafe,Food & Beverages,NATIONWIDE,,NATIONWIDE,1,Oriental breakfast by the Nile with 55% off @Petra Restaurant & Café - Mamsha Ahl Masr!,2026-08-18 00:00:00,2026-10-01 00:00:00,199.0,0,0,0,1,0,1,0,0,0,0,0,0,0,0,0,0,0,0,0,0,0,0,0,0,0,0,0,0,0,1,0,0,0.11888365349764408,0.0,77.0,0.0008161336741049376,0.0,0.0,0
OFFER_1150,24482,WAFFARHA,0.0,PERCENTAGE,38.8480392156863,234703.0,Snap Grill,Food & Beverages,NATIONWIDE,,NATIONWIDE,1,The ultimate grilling experience with BBQ boxes with up to 39% off @Snap Grill Restaurant,2026-08-18 00:00:00,2026-10-01 00:00:00,499.0,0,0,0,1,0,1,0,0,0,0,0,0,0,0,0,0,0,0,0,0,0,0,0,0,0,0,0,0,0,1,0,0,0.08354417035631462,0.0,184.0,0.001965163978436889,0.0,0.0,0
OFFER_1264,25352,WAFFARHA,0.0,PERCENTAGE,34.0,234704.0,Mirror MAZE,Entertainment,NATIONWIDE,,NATIONWIDE,1,"A thrilling mirror maze packed with puzzles & challenges with up to 34% off @Mirror MAZE, Obour!",2026-08-18 00:00:00,2026-10-01 00:00:00,330.0,0,0,0,1,0,0,0,0,0,0,0,0,0,0,0,0,0,0,0,0,0,1,0,0,0,0,0,0,0,1,0,0,0.07311827956989247,0.0,37.0,0.0003865896351023389,0.0,0.0,0
OFFER_1311,23941,WAFFARHA,0.0,PERCENTAGE,63.0864197530864,234705.0,Halawa we Zataar,Food & Beverages,NATIONWIDE,,NATIONWIDE,1,"The finest lunch dishes with a direct Nile view with up to 63% off @Halawa We Zataar, Manyal!",2026-08-18 00:00:00,2026-10-01 00:00:00,299.0,0,0,0,1,0,1,0,0,0,0,0,0,0,0,0,0,0,0,0,0,0,0,0,0,0,0,0,0,0,1,0,0,0.13566971989911056,0.0,5.0,4.295440390025987e-05,0.0,0.0,0
OFFER_1183,23954,WAFFARHA,0.0,PERCENTAGE,37.1794871794872,234752.0,Filoo,Food & Beverages,NATIONWIDE,,NATIONWIDE,1,"Delightful breakfast for every taste with 37% off @Filoo, Heliopolis",2026-08-18 00:00:00,2026-10-01 00:00:00,245.0,0,0,0,1,0,1,0,0,0,0,0,0,0,0,0,0,0,0,0,0,0,0,0,0,0,0,0,0,0,1,0,0,0.07995588640749934,0.0,14.0,0.00013960181267584458,0.0,0.0,0
OFFER_0377,24052,WAFFARHA,0.0,PERCENTAGE,0.0,234706.0,Noya Beach Alamein,Travel & Hotels,NATIONWIDE,,NATIONWIDE,1,"Enjoy the summer vibes with a day use by the beach & swimming pool @Noya Beach, Alamein!",2026-07-16 00:00:00,2026-07-31 00:00:00,1100.0,0,0,0,1,0,0,0,1,0,0,0,0,0,0,0,0,0,0,0,0,0,0,0,0,0,0,0,0,0,1,0,0,0.0,0.0,435.0,0.004660552823178197,0.0,0.0,0
OFFER_1267,24152,WAFFARHA,0.0,PERCENTAGE,54.1666666666667,234707.0,Niv,Food & Beverages,NATIONWIDE,,NATIONWIDE,1,"Enjoy a relaxing morning by the Nile with an Oriental breakfast with up to 67% off @Niv, El Manyal!",2026-08-18 00:00:00,2026-10-01 00:00:00,110.0,0,0,0,1,0,1,0,0,0,0,0,0,0,0,0,0,0,0,0,0,0,0,0,0,0,0,0,0,0,1,0,0,0.11648745519713269,0.0,16.0,0.00016107901462597454,0.0,0.0,0
OFFER_0114,23806,WAFFARHA,0.0,PERCENTAGE,52.8571428571429,234705.0,Halawa we Zataar,Food & Beverages,NATIONWIDE,,NATIONWIDE,1,"Breakfast experience that brings together authentic flavors & Nile view with up to 55% off @Halawa We Zataar, Manyal!",2026-08-18 00:00:00,2026-10-01 00:00:00,165.0,0,0,0,1,0,1,0,0,0,0,0,0,0,0,0,0,0,0,0,0,0,0,0,0,0,0,0,0,0,1,0,0,0.11367127496159762,0.0,10.0,9.664740877558472e-05,0.0,0.0,0
OFFER_0471,24002,WAFFARHA,0.0,PERCENTAGE,44.2857142857143,234752.0,Filoo,Food & Beverages,NATIONWIDE,,NATIONWIDE,1,"A wide selection of sandwiches, pizzas, pasta & main dishes with up to 44% off @Filoo, Heliopolis",2026-08-18 00:00:00,2026-10-01 00:00:00,195.0,0,0,0,1,0,1,0,0,0,0,0,0,0,0,0,0,0,0,0,0,0,0,0,0,0,0,0,0,0,1,0,0,0.09523809523809526,0.0,14.0,0.00013960181267584458,0.0,0.0,0
OFFER_0404,24003,WAFFARHA,0.0,PERCENTAGE,25.0,234753.0,Future Founders,Entertainment,NATIONWIDE,,NATIONWIDE,1,A summer of learning & adventure for kids with the first CBA camp & interactive games with 25% off @Future Founders,2026-08-18 00:00:00,2026-10-01 00:00:00,5325.0,0,0,0,1,0,0,0,0,0,0,0,0,0,0,0,0,0,0,0,0,0,1,0,0,0,0,0,0,0,1,0,0,0.053763440860215055,0.0,27.0,0.00027920362535168916,0.0,0.0,0
OFFER_0770,24134,WAFFARHA,0.0,PERCENTAGE,39.5348837209302,235802.0,Hum Hum,Food & Beverages,NATIONWIDE,,NATIONWIDE,1,"Crave-worthy pizza, crepe & feteer meals with up to 40% off @Hum Hum branches",2026-08-18 00:00:00,2026-10-01 00:00:00,130.0,0,0,0,1,0,1,0,0,0,0,0,0,0,0,0,0,0,0,0,0,0,0,0,0,0,0,0,0,0,1,0,0,0.0850212553138284,0.0,178.0,0.0019007323725864994,0.0,0.0,0
OFFER_1083,24104,WAFFARHA,0.0,PERCENTAGE,31.25,235803.0,Kazaz,Food & Beverages,NATIONWIDE,,NATIONWIDE,1,Authentic broasted chicken & sandwiches with 31% off @Kazaz branches!,2026-08-18 00:00:00,2026-10-01 00:00:00,110.0,0,0,0,1,0,1,0,0,0,0,0,0,0,0,0,0,0,0,0,0,0,0,0,0,0,0,0,0,0,1,0,0,0.06720430107526881,0.0,42.0,0.0004402826399776637,0.0,0.0,0
OFFER_0965,24153,WAFFARHA,0.0,PERCENTAGE,0.0,234708.0,Tolip Family Park Hotel,Travel & Hotels,NATIONWIDE,,NATIONWIDE,1,"Day use escape with meal @Tolip Family Park Hotel, Rehab",2026-08-18 00:00:00,2026-10-01 00:00:00,850.0,0,0,0,1,0,0,0,1,0,0,0,0,0,0,0,0,0,0,0,0,0,0,0,0,0,0,0,0,0,1,0,0,0.0,0.0,547.0,0.005863276132385473,0.0,0.0,0
OFFER_0019,24453,WAFFARHA,0.0,PERCENTAGE,48.5294117647059,235803.0,Kazaz,Food & Beverages,NATIONWIDE,,NATIONWIDE,1,Oriental breakfast sandwiches with 49% off @Kazaz branches!,2026-08-18 00:00:00,2026-10-01 00:00:00,35.0,0,0,0,1,0,1,0,0,0,0,0,0,0,0,0,0,0,0,0,0,0,0,0,0,0,0,0,0,0,1,0,0,0.10436432637571161,0.0,106.0,0.0011275531023818217,0.0,0.0,0
OFFER_0834,23807.0,WAFFARHA,0.0,PERCENTAGE,25.2252252252252,234709.0,El Abd Patisserie,Food & Beverages,NATIONWIDE,,NATIONWIDE,1,"Treat yourself to El Abd’s finest Tortes, Oriental & Western desserts with 25% off @El Abd Patisserie branches!",2026-07-14 00:00:00,2026-09-01 00:00:00,225.0,0,0,0,1,0,1,0,0,0,0,0,0,0,0,0,0,0,0,0,0,0,0,0,0,0,0,0,0,0,1,0,0,0.054247796183279996,0.0,522.0,0.005594811108008848,0.0,0.4326530612244898,2
OFFER_0911,24204,WAFFARHA,0.0,PERCENTAGE,30.2325581395349,234710.0,Mega Bites,Food & Beverages,NATIONWIDE,,NATIONWIDE,1,"Tasty Pizza, sandwiches & more with up to 33% off @Mega Bites, Mokattam!",2026-08-18 00:00:00,2026-10-01 00:00:00,150.0,0,0,0,1,0,1,0,0,0,0,0,0,0,0,0,0,0,0,0,0,0,0,0,0,0,0,0,0,0,1,0,0,0.06501625406351591,0.0,10.0,9.664740877558472e-05,0.0,0.0,0
OFFER_0492,23809,WAFFARHA,0.0,PERCENTAGE,30.0,235805.0,Italy Yacht,Food & Beverages,NATIONWIDE,,NATIONWIDE,1,"Enjoy a Variety of Main Courses with Stunning Nile Views & Live Entertainment Shows with 30% Off @Italy Yacht, El Manyal!",2026-08-10 00:00:00,2026-09-01 00:00:00,525.0,0,0,0,1,0,1,0,0,0,0,0,0,0,0,0,0,0,0,0,0,0,0,0,0,0,0,0,0,0,1,0,0,0.06451612903225806,0.0,70.0,0.0007409634672794829,0.0,0.0,0
OFFER_0490,24154.0,WAFFARHA,0.0,PERCENTAGE,36.7088607594937,235804.0,Soft Cream,Food & Beverages,NATIONWIDE,,NATIONWIDE,1,A variety of ice cream & unique desserts with up to 34% off @Soft Cream branches,2026-08-18 00:00:00,2026-10-01 00:00:00,59.0,0,0,0,1,0,1,0,0,0,0,0,0,0,0,0,0,0,0,0,0,0,0,0,0,0,0,0,0,0,1,0,0,0.07894378657955635,0.0,12.0,0.00011812461072571465,0.0,0.08333333333333333,2
OFFER_1232,24506.0,DISCOUNT_VOUCHER,0.0,PERCENTAGE,20.0,235753.0,Estringo,Fashion & Footwear,NATIONWIDE,,NATIONWIDE,0,20% discount from Estringo,2026-07-01 00:00:00,2026-07-20 00:00:00,0.0,1,0,0,0,0,0,0,0,1,0,0,0,0,0,0,0,0,0,0,0,0,0,0,0,0,0,0,0,0,1,0,0,0.043010752688172046,0.0,297.0,0.0031786258886192307,0.0,0.11072664359861592,1
OFFER_0730,24302,WAFFARHA,0.0,PERCENTAGE,30.0,235805.0,Italy Yacht,Food & Beverages,NATIONWIDE,,NATIONWIDE,1,"Enjoy a Varied Breakfast Meal on the Nile with 30% Off @Italy Yacht, El Manyal!",2026-08-10 00:00:00,2026-09-01 00:00:00,175.0,0,0,0,1,0,1,0,0,0,0,0,0,0,0,0,0,0,0,0,0,0,0,0,0,0,0,0,0,0,1,0,0,0.06451612903225806,0.0,45.0,0.0004724984429028586,0.0,0.0,0
OFFER_0161,24172,WAFFARHA,0.0,PERCENTAGE,33.6666666666667,236752.0,Nile Zoo,Entertainment,NATIONWIDE,,NATIONWIDE,1,"Discover the first open Zoo on an island in the Nile with up to 34% off @Nile Zoo, Maadi Corniche!",2026-08-18 00:00:00,2026-10-01 00:00:00,199.0,0,0,0,1,0,0,0,0,0,0,0,0,0,0,0,0,0,0,0,0,0,1,0,0,0,0,0,0,0,1,0,0,0.07240143369175635,0.0,92.0,0.0009772126887309122,0.0,0.0,0
OFFER_1015,24415.0,WAFFARHA,0.0,PERCENTAGE,35.1648351648352,236753.0,Kaizen Sushi House,Food & Beverages,NATIONWIDE,,NATIONWIDE,1,"Enjoy a variety of sushi combo meals with flavors worth trying, with up to 43% off @Kaizen Sushi House!",2026-08-18 00:00:00,2026-10-01 00:00:00,295.0,0,0,0,1,0,1,0,0,0,0,0,0,0,0,0,0,0,0,0,0,0,0,0,0,0,0,0,0,0,1,0,0,0.07562330142975313,0.0,17.0,0.0001718176156010395,0.0,0.058823529411764705,2
OFFER_0821,24171,WAFFARHA,0.0,PERCENTAGE,33.7662337662338,236754.0,Kok's Cafe & Restaurant,Food & Beverages,NATIONWIDE,,NATIONWIDE,1,"Pizza, pasta & main dishes with up to 39% off @Kok's Cafe & Restaurant branches",2026-08-18 00:00:00,2026-10-01 00:00:00,255.0,0,0,0,1,0,1,0,0,0,0,0,0,0,0,0,0,0,0,0,0,0,0,0,0,0,0,0,0,0,1,0,0,0.0726155564865243,0.0,21.0,0.00021477201950129938,0.0,0.0,0
OFFER_0731,24416,WAFFARHA,0.0,PERCENTAGE,42.4657534246575,236754.0,Kok's Cafe & Restaurant,Food & Beverages,NATIONWIDE,,NATIONWIDE,1,Variety of breakfast options with 42% off @Kok's Cafe & Restaurant branches,2026-08-18 00:00:00,2026-10-01 00:00:00,210.0,0,0,0,1,0,1,0,0,0,0,0,0,0,0,0,0,0,0,0,0,0,0,0,0,0,0,0,0,0,1,0,0,0.09132420091324193,0.0,9.0,8.590880780051974e-05,0.0,0.0,0
OFFER_0031,24507.0,DISCOUNT_VOUCHER,0.0,PERCENTAGE,5.0,231662.0,Abou mazen,Food & Beverages,NATIONWIDE,,NATIONWIDE,0,5% discount from ABO MAZEN,2026-07-09 00:00:00,2027-07-07 00:00:00,0.0,1,0,0,0,0,1,0,0,0,0,0,0,0,0,0,0,0,0,0,0,0,0,0,0,0,0,0,0,0,1,0,0,0.010752688172043012,0.0,3026.0,0.03248426794957153,0.0,0.13893653516295026,1
OFFER_0676,24509,DISCOUNT_VOUCHER,0.0,PERCENTAGE,18.0,190466.0,Fresh,Electronics,Asyut,Asyut|Alexandria|Giza|Cairo|Beni Suef,بنى سويف,0,Get 18% off when you pay with your Yellow Card.,2026-07-10 00:00:00,2026-07-31 00:00:00,0.0,1,0,0,0,0,0,0,0,0,0,0,0,1,0,0,0,0,0,0,0,0,0,0,0,0,0,0,0,0,1,0,0,0.03870967741935484,0.0,15737.0,0.16898262494362234,0.0,0.0,0
OFFER_0204,24364.0,WAFFARHA,0.0,PERCENTAGE,39.7651006711409,236755.0,Butcher's Burger,Food & Beverages,NATIONWIDE,,NATIONWIDE,1,Delicious combo burger meal with 40% off @Butcher's Burger branches,2026-08-18 00:00:00,2026-10-01 00:00:00,359.0,0,0,0,1,0,1,0,0,0,0,0,0,0,0,0,0,0,0,0,0,0,0,0,0,0,0,0,0,0,1,0,0,0.08551634552933526,0.0,83.0,0.0008805652799553274,0.0,0.18518518518518517,2
OFFER_0806,24552.0,WAFFARHA,0.0,PERCENTAGE,0.0,236756.0,Villa kiks,Travel & Hotels,NATIONWIDE,,NATIONWIDE,1,"Extraordinary coastal vibes await you @Villa Kiks Beach, New Alamein!",2026-08-18 00:00:00,2026-09-21 00:00:00,765.0,0,0,0,1,0,0,0,1,0,0,0,0,0,0,0,0,0,0,0,0,0,0,0,0,0,0,0,0,0,1,0,0,0.0,0.0,308.0,0.0032967504993449454,0.0,0.003355704697986577,2
OFFER_0011,24365,WAFFARHA,0.0,PERCENTAGE,0.0,236757.0,Beside by Karl,Travel & Hotels,NATIONWIDE,,NATIONWIDE,1,"Summer's finest coastal vibes @Beside by Karl, New Alamein",2026-08-18 00:00:00,2026-09-21 00:00:00,680.0,0,0,0,1,0,0,0,1,0,0,0,0,0,0,0,0,0,0,0,0,0,0,0,0,0,0,0,0,0,1,0,0,0.0,0.0,381.0,0.004080668370524688,0.0,0.0,0
OFFER_1303,24553,WAFFARHA,0.0,PERCENTAGE,37.2881355932203,236759.0,Piccadilly Restaurant,Food & Beverages,NATIONWIDE,,NATIONWIDE,1,"A wide selection of pizzas, pasta & desserts with up to 37% off @Piccadilly, Alexandria",2026-08-18 00:00:00,2026-10-01 00:00:00,185.0,0,0,0,1,0,1,0,0,0,0,0,0,0,0,0,0,0,0,0,0,0,0,0,0,0,0,0,0,0,1,0,0,0.08018953891015118,0.0,7.0,6.443160585038982e-05,0.0,0.0,0
OFFER_0836,24554,WAFFARHA,0.0,PERCENTAGE,39.6969696969697,236759.0,Piccadilly Restaurant,Food & Beverages,NATIONWIDE,,NATIONWIDE,1,"Special international breakfast with 40% off @Piccadilly Restaurant, Alexandria",2026-08-18 00:00:00,2026-10-01 00:00:00,199.0,0,0,0,1,0,1,0,0,0,0,0,0,0,0,0,0,0,0,0,0,0,0,0,0,0,0,0,0,0,1,0,0,0.08536982730531119,0.0,6.0,5.3693004875324844e-05,0.0,0.0,0
OFFER_0707,24366,WAFFARHA,0.0,PERCENTAGE,30.0,236760.0,The National Circus,Entertainment,NATIONWIDE,,NATIONWIDE,1,"Spectacular circus shows featuring lions & tigers with 30% off @The National Circus, North Coast!",2026-08-18 00:00:00,2026-10-01 00:00:00,140.0,0,0,0,1,0,0,0,0,0,0,0,0,0,0,0,0,0,0,0,0,0,1,0,0,0,0,0,0,0,1,0,0,0.06451612903225806,0.0,55.0,0.0005798844526535083,0.0,0.0,0
OFFER_0517,24217,WAFFARHA,0.0,PERCENTAGE,42.6229508196721,236761.0,Kamona village,Food & Beverages,NATIONWIDE,,NATIONWIDE,1,"Delicious grilled dishes, tajines & a variety of platters with up to 45% off @Kamona village, Alexandria",2026-08-18 00:00:00,2026-10-01 00:00:00,245.0,0,0,0,1,0,1,0,0,0,0,0,0,0,0,0,0,0,0,0,0,0,0,0,0,0,0,0,0,0,1,0,0,0.09166225982725182,0.0,31.0,0.0003221580292519491,0.0,0.0,0
OFFER_1227,24516,DISCOUNT_VOUCHER,0.0,PERCENTAGE,15.0,190484.0,Noon ,Online,NATIONWIDE,,NATIONWIDE,0,"Get 15% off when you pay with your Yellow Card, capped at EGP 200.",2026-07-20 00:00:00,2026-07-27 00:00:00,0.0,1,0,0,0,0,0,0,0,0,0,1,0,0,0,0,0,0,0,0,0,0,0,0,0,0,0,0,0,0,1,0,0,0.03225806451612903,0.0,10497.0,0.11271235583428191,0.0,0.0,0
OFFER_0867,24520.0,DISCOUNT_VOUCHER,0.0,PERCENTAGE,20.0,231660.0,Voye,Travel & Hotels,NATIONWIDE,,NATIONWIDE,0,Get 20% off on all Voye travel eSIM data plans when using the promo code FAWRY20.,2026-07-19 00:00:00,2027-12-31 00:00:00,0.0,1,0,0,0,0,0,0,1,0,0,0,0,0,0,0,0,0,0,0,0,0,0,0,0,0,0,0,0,0,1,0,0,0.043010752688172046,0.0,981.0,0.010523828955563669,0.0,0.035789473684210524,1
OFFER_0851,24518.0,DISCOUNT_VOUCHER,0.0,PERCENTAGE,50.0,237754.0,Temu,Online,NATIONWIDE,,NATIONWIDE,0,Enjoy 50% OFF for new TEMU app users or 10% OFF for existing users with promo code ALE891418. Please ignore any other promo codes generated.,2026-07-19 00:00:00,2026-09-30 00:00:00,0.0,1,0,0,0,0,0,0,0,0,0,1,0,0,0,0,0,0,0,0,0,0,0,0,0,0,0,0,0,0,1,0,0,0.10752688172043011,0.0,15049.0,0.16159446747277764,0.0,0.27335918636130824,1
OFFER_1056,24367,WAFFARHA,0.0,PERCENTAGE,37.8125,236762.0,Sapori,Food & Beverages,NATIONWIDE,,NATIONWIDE,1,"Enjoy the finest Italian dishes, including pizza, pasta, & more, with up to 50% off @Sapori, Zamalek!",2026-08-18 00:00:00,2026-10-01 00:00:00,199.0,0,0,0,1,0,1,0,0,0,0,0,0,0,0,0,0,0,0,0,0,0,0,0,0,0,0,0,0,0,1,0,0,0.08131720430107527,0.0,8.0,7.517020682545478e-05,0.0,0.0,0
OFFER_1016,24707.0,PURCHASE_VOUCHER,5.0,UNKNOWN,0.0,237753.0,Samar29UAT,Health & Beauty,NATIONWIDE,,NATIONWIDE,0,The Gift Card is non-refundable.,2026-07-20 00:00:00,2026-07-31 00:00:00,5.0,0,1,0,0,0,0,1,0,0,0,0,0,0,0,0,0,0,0,0,0,0,0,0,0,0,0,0,0,0,0,0,1,0.0,0.0004166666666666667,4.0,3.221580292519491e-05,0.0,1.0,1
OFFER_0230,24653,WAFFARHA,0.0,PERCENTAGE,33.5,236763.0,ZING,Entertainment,NATIONWIDE,,NATIONWIDE,1,"Fun never stops at Sahel’s first indoor and outdoor play Area for your kids, with 34% off @ZING, Lakeyard - Hacienda Bay!",2026-08-18 00:00:00,2026-10-01 00:00:00,399.0,0,0,0,1,0,0,0,0,0,0,0,0,0,0,0,0,0,0,0,0,0,1,0,0,0,0,0,0,0,1,0,0,0.07204301075268817,0.0,20.0,0.0002040334185262344,0.0,0.0,0
OFFER_0419,24654,WAFFARHA,0.0,PERCENTAGE,30.7692307692308,236764.0,Bunker,Entertainment,NATIONWIDE,,NATIONWIDE,1,"Your next escape starts with up to 44% off arcade game credits @Bunker, 5th settlement & North Coast!",2026-08-18 00:00:00,2026-10-01 00:00:00,450.0,0,0,0,1,0,0,0,0,0,0,0,0,0,0,0,0,0,0,0,0,0,1,0,0,0,0,0,0,0,1,0,0,0.06617038875103398,0.0,32.0,0.00033289663022701403,0.0,0.0,0
OFFER_0537,24752,WAFFARHA,0.0,PERCENTAGE,0.0,228852.0,La Mer Hotel,Travel & Hotels,NATIONWIDE,,NATIONWIDE,1,"Enjoy a full stay with a luxurious set menu dining experience @La Mer Hotel, Alexandria!",2026-08-18 00:00:00,2026-10-01 00:00:00,1320.0,0,0,0,1,0,0,0,1,0,0,0,0,0,0,0,0,0,0,0,0,0,0,0,0,0,0,0,0,0,1,0,0,0.0,0.0,164.0,0.0017503919589355898,0.0,0.0,0
OFFER_1158,24368,WAFFARHA,0.0,PERCENTAGE,49.5575221238938,236765.0,OYO Sushi,Food & Beverages,NATIONWIDE,,NATIONWIDE,1,"Sushi combo selections to suit every taste, with up to 50% @OYO Sushi branches!",2026-08-18 00:00:00,2026-10-01 00:00:00,285.0,0,0,0,1,0,1,0,0,0,0,0,0,0,0,0,0,0,0,0,0,0,0,0,0,0,0,0,0,0,1,0,0,0.10657531639547053,0.0,5.0,4.295440390025987e-05,0.0,0.0,0
OFFER_0126,24522.0,WAFFARHA,0.0,PERCENTAGE,54.8387096774193,229166.0,JOE’S,Food & Beverages,NATIONWIDE,,NATIONWIDE,1,"Delicious nostalgic combos with up to 56% off from JOE'S, 5th Settlement!",2026-08-18 00:00:00,2026-10-01 00:00:00,126.0,0,0,0,1,0,1,0,0,0,0,0,0,0,0,0,0,0,0,0,0,0,0,0,0,0,0,0,0,0,1,0,0,0.11793270898369743,0.0,8.0,7.517020682545478e-05,0.0,0.25,2
OFFER_0362,24753,WAFFARHA,0.0,PERCENTAGE,30.0,236766.0,Fork Foods,Food & Beverages,NATIONWIDE,,NATIONWIDE,1,"Freshly prepared ready to eat & cooked meals with 30% off @Fork Foods, Online Store",2026-08-18 00:00:00,2026-10-01 00:00:00,329.0,0,0,0,1,0,1,0,0,0,0,0,0,0,0,0,0,0,0,0,0,0,0,0,0,0,0,0,0,0,1,0,0,0.06451612903225806,0.0,18.0,0.00018255621657610447,0.0,0.0,0
OFFER_1302,24652,WAFFARHA,0.0,PERCENTAGE,33.6666666666667,238802.0,Kemet Circus - Ashraf El Helw,Entertainment,NATIONWIDE,,NATIONWIDE,1,"34% off on interesting circus shows @Kemet Circus - Ashraf El Helw, New Alamein",2026-08-18 00:00:00,2026-10-01 00:00:00,199.0,0,0,0,1,0,0,0,0,0,0,0,0,0,0,0,0,0,0,0,0,0,1,0,0,0,0,0,0,0,1,0,0,0.07240143369175635,0.0,53.0,0.0005584072507033783,0.0,0.0,0
OFFER_0212,24702,DISCOUNT_VOUCHER,0.0,PERCENTAGE,50.0,237752.0,Promo29,Transportation,NATIONWIDE,,NATIONWIDE,0,done.,2026-07-21 00:00:00,2026-07-31 00:00:00,1.0,1,0,0,0,0,0,0,0,0,0,0,0,0,0,0,0,0,0,0,0,0,0,0,0,0,0,0,0,1,1,0,0,0.10752688172043011,0.0,1.0,0.0,0.0,0.0,0
OFFER_0518,24704.0,DISCOUNT_VOUCHER,0.0,PERCENTAGE,50.0,237752.0,Promo29,Transportation,NATIONWIDE,,NATIONWIDE,0,done.,2026-07-21 00:00:00,2026-07-31 00:00:00,1.0,1,0,0,0,0,0,0,0,0,0,0,0,0,0,0,0,0,0,0,0,0,0,0,0,0,0,0,0,1,1,0,0,0.10752688172043011,0.0,2.0,1.0738600975064968e-05,0.0,0.5,1
OFFER_0839,25202.0,WAFFARHA,0.0,PERCENTAGE,58.4199584199584,229146.0,KOI Sushi,Food & Beverages,NATIONWIDE,,NATIONWIDE,1,Hero of the day: 16 Sushi pcs with up to 58% off @KOI Sushi branches,2026-08-07 00:00:00,2026-09-01 00:00:00,200.0,0,0,0,1,0,1,0,0,0,0,0,0,0,0,0,0,0,0,0,0,0,0,0,0,0,0,0,0,0,1,0,0,0.12563431918270623,0.0,33.0,0.000343635231202079,0.0,1.0,2
OFFER_0979,25453.0,DISCOUNT_VOUCHER,0.0,FIXED,1.0,237752.0,Promo29,Transportation,NATIONWIDE,NATIONWIDE,NATIONWIDE,0,"Amazon.com, Inc. (doing business as Amazon) is an American multinational technology company engaged in e-commerce, cloud computing, online advertising",2026-08-12 00:00:00,2026-08-31 00:00:00,1.0,1,0,0,0,0,0,0,0,0,0,0,0,0,0,0,0,0,0,0,0,0,0,0,0,0,0,0,0,1,0,1,0,0.002150537634408602,0.0,2.0,1.0738600975064968e-05,0.0,1.0,1
OFFER_0800,24802.0,WAFFARHA,0.0,PERCENTAGE,38.3333333333333,236767.0,Munchies,Food & Beverages,NATIONWIDE,NATIONWIDE,NATIONWIDE,1,"Savor the ultimate crunch and flavor, delicious burgers and crepes in generous sizes with up to 38% off @Munchies, North Coast",2026-08-18 00:00:00,2026-10-01 00:00:00,185.0,0,0,0,1,0,1,0,0,0,0,0,0,0,0,0,0,0,0,0,0,0,0,0,0,0,0,0,0,0,1,0,0,0.08243727598566301,0.0,10.0,9.664740877558472e-05,0.0,0.3,2
OFFER_0443,24755,WAFFARHA,0.0,PERCENTAGE,31.8181818181818,236768.0,Sintra,Food & Beverages,NATIONWIDE,NATIONWIDE,NATIONWIDE,1,"A variety of sandwiches, bakeries, & desserts for every craving with up to 40% off @Sintra Cafe, Nasr City!",2026-08-18 00:00:00,2026-10-01 00:00:00,75.0,0,0,0,1,0,1,0,0,0,0,0,0,0,0,0,0,0,0,0,0,0,0,0,0,0,0,0,0,0,1,0,0,0.06842619745845548,0.0,4.0,3.221580292519491e-05,0.0,0.0,0
OFFER_0940,24529,WAFFARHA,0.0,PERCENTAGE,46.4864864864865,236769.0,Hawa Lobnan,Food & Beverages,NATIONWIDE,NATIONWIDE,NATIONWIDE,1,"Authentic Lebanese flavors with delicious meals & desserts with up to 52% off @Hawa Lobnan, 5th Settlement",2026-08-18 00:00:00,2026-10-01 00:00:00,99.0,0,0,0,1,0,1,0,0,0,0,0,0,0,0,0,0,0,0,0,0,0,0,0,0,0,0,0,0,0,1,0,0,0.09997093868061613,0.0,1.0,0.0,0.0,0.0,0
OFFER_0996,24756,WAFFARHA,0.0,PERCENTAGE,47.945205479452,236769.0,Hawa Lobnan,Food & Beverages,NATIONWIDE,NATIONWIDE,NATIONWIDE,1,"Authentic Lebanese breakfast with 48% off @Hawa Lobnan, 5th Settlement",2026-08-18 00:00:00,2026-10-01 00:00:00,190.0,0,0,0,1,0,1,0,0,0,0,0,0,0,0,0,0,0,0,0,0,0,0,0,0,0,0,0,0,0,1,0,0,0.10310796877301505,0.0,1.0,0.0,0.0,0.0,0
OFFER_0363,24856,DISCOUNT_VOUCHER,0.0,FIXED,1.0,239752.0,pro test,Fashion & Footwear,NATIONWIDE,,NATIONWIDE,0,"Blue Card gives you an easy way to shop at participating brands which are IKEA, Toys R Us, Marks & Spencer, and Ted Baker once added to your wallet in the Blue Rewards app.",2026-07-29 00:00:00,2026-07-31 00:00:00,0.0,1,0,0,0,0,0,0,0,1,0,0,0,0,0,0,0,0,0,0,0,0,0,0,0,0,0,0,0,0,0,1,0,0.002150537634408602,0.0,38.0,0.00039732823607740384,0.0,0.0,0
OFFER_1042,24853.0,DISCOUNT_VOUCHER,0.0,PERCENTAGE,1.0,239752.0,pro test,Fashion & Footwear,NATIONWIDE,,NATIONWIDE,0,"Blue Card gives you an easy way to shop at participating brands which are IKEA, Toys R Us, Marks & Spencer, and Ted Baker once added to your wallet in the Blue Rewards app.",2026-07-29 00:00:00,2026-07-31 00:00:00,1.0,1,0,0,0,0,0,0,0,1,0,0,0,0,0,0,0,0,0,0,0,0,0,0,0,0,0,0,0,0,1,0,0,0.002150537634408602,0.0,1.0,0.0,0.0,1.0,1
OFFER_1040,24854.0,PURCHASE_VOUCHER,5.0,UNKNOWN,0.0,239752.0,pro test,Fashion & Footwear,NATIONWIDE,,NATIONWIDE,0,"The Gift Card is non-refundable.
",2026-07-29 00:00:00,2026-07-31 00:00:00,5.0,0,1,0,0,0,0,0,0,1,0,0,0,0,0,0,0,0,0,0,0,0,0,0,0,0,0,0,0,0,0,0,1,0.0,0.0004166666666666667,1.0,0.0,0.0,1.0,1
OFFER_0565,24902,WAFFARHA,0.0,PERCENTAGE,30.188679245283,239802.0,Smokery Burger,Food & Beverages,NATIONWIDE,,NATIONWIDE,1,"Irresistible burgers, Nashville sandwiches & more with up to 33% off @Smokery Burger, Cairo & Alexandria!",2026-08-18 00:00:00,2026-10-01 00:00:00,185.0,0,0,0,1,0,1,0,0,0,0,0,0,0,0,0,0,0,0,0,0,0,0,0,0,0,0,0,0,0,1,0,0,0.06492189085007097,0.0,8.0,7.517020682545478e-05,0.0,0.0,0
OFFER_0832,24952,WAFFARHA,0.0,PERCENTAGE,30.0,229017.0,BLSTR Egypt,Entertainment,NATIONWIDE,,NATIONWIDE,1,"An action-packed experience with paintball, PlayStation & ping pong with 30% off @BLSTR Egypt, Shorouk City!",2026-08-18 00:00:00,2026-10-01 00:00:00,245.0,0,0,0,1,0,0,0,0,0,0,0,0,0,0,0,0,0,0,0,0,0,1,0,0,0,0,0,0,0,1,0,0,0.06451612903225806,0.0,44.0,0.00046175984192779366,0.0,0.0,0
OFFER_0765,24860.0,WAFFARHA,0.0,PERCENTAGE,25.8620689655172,229003.0,Amir Eldomiaty,Food & Beverages,NATIONWIDE,,NATIONWIDE,1,Mouled treat boxes of various sizes with up to 29% off @Amir Eldomiaty branches,2026-08-18 00:00:00,2026-08-27 00:00:00,215.0,0,0,0,1,0,1,0,0,0,0,0,0,0,0,0,0,0,0,0,0,0,0,0,0,0,0,0,0,0,1,0,0,0.05561735261401548,0.0,28.0,0.00028994222632675417,0.0,0.14814814814814814,2
OFFER_0033,25002.0,WAFFARHA,0.0,PERCENTAGE,26.4705882352941,228992.0,Despacito,Food & Beverages,NATIONWIDE,,NATIONWIDE,1,"Variety of Mouled sweet boxes with up to 27% off @Despacito, all branches!",2026-08-18 00:00:00,2026-08-27 00:00:00,100.0,0,0,0,1,0,1,0,0,0,0,0,0,0,0,0,0,0,0,0,0,0,0,0,0,0,0,0,0,0,1,0,0,0.05692599620493355,0.0,27.0,0.00027920362535168916,0.0,0.4444444444444444,2
OFFER_1014,25052,WAFFARHA,0.0,PERCENTAGE,25.4716981132075,228728.0,DUKES,Food & Beverages,NATIONWIDE,,NATIONWIDE,1,A special selection of Mouled treat boxes with 25% off @Dukes branches,2026-08-18 00:00:00,2026-08-27 00:00:00,395.0,0,0,0,1,0,1,0,0,0,0,0,0,0,0,0,0,0,0,0,0,0,0,0,0,0,0,0,0,0,1,0,0,0.05477784540474731,0.0,117.0,0.0012456777131075363,0.0,0.0,0
OFFER_0051,25102,WAFFARHA,0.0,PERCENTAGE,25.0,228889.0,Canelé patisserie,Food & Beverages,NATIONWIDE,,NATIONWIDE,1,"Make your Mouled celebrations sweeter with a variety of Mouled treats boxes, with 25% off @Canelé Patisserie branches!",2026-08-18 00:00:00,2026-08-27 00:00:00,840.0,0,0,0,1,0,1,0,0,0,0,0,0,0,0,0,0,0,0,0,0,0,0,0,0,0,0,0,0,0,1,0,0,0.053763440860215055,0.0,11.0,0.00010738600975064969,0.0,0.0,0
OFFER_1127,25003.0,WAFFARHA,0.0,PERCENTAGE,25.0,228987.0,Monginis Egypt,Food & Beverages,NATIONWIDE,,NATIONWIDE,1,"Traditional Mouled treats with a variety to suit every taste, with 25% off @Monginis branches!",2026-08-18 00:00:00,2026-08-27 00:00:00,300.0,0,0,0,1,0,1,0,0,0,0,0,0,0,0,0,0,0,0,0,0,0,0,0,0,0,0,0,0,0,1,0,0,0.053763440860215055,0.0,39.0,0.0004080668370524688,0.0,0.1891891891891892,2
OFFER_1046,24861,WAFFARHA,0.0,PERCENTAGE,25.0,229074.0,ElDomiaty Patisserie,Food & Beverages,NATIONWIDE,,NATIONWIDE,1,A variety of Mouled Sweet boxes with 25% off @ElDomiaty Patisserie branches!,2026-08-18 00:00:00,2026-08-27 00:00:00,300.0,0,0,0,1,0,1,0,0,0,0,0,0,0,0,0,0,0,0,0,0,0,0,0,0,0,0,0,0,0,1,0,0,0.053763440860215055,0.0,23.0,0.0002362492214514293,0.0,0.0,0
OFFER_0931,25004,WAFFARHA,0.0,PERCENTAGE,50.0,239803.0,Maro Sushi,Food & Beverages,NATIONWIDE,NATIONWIDE,NATIONWIDE,1,"Sushi meals & Noodles with up to 60% off @Maro Sushi, Sheikh Zayed!",2026-08-18 00:00:00,2026-10-01 00:00:00,275.0,0,0,0,1,0,1,0,0,0,0,0,0,0,0,0,0,0,0,0,0,0,0,0,0,0,0,0,0,0,1,0,0,0.10752688172043011,0.0,6.0,5.3693004875324844e-05,0.0,0.0,0
OFFER_1220,24862.0,WAFFARHA,0.0,PERCENTAGE,24.0,228708.0,Tseppas MG,Food & Beverages,NATIONWIDE,,NATIONWIDE,1,A variety of Mouled treat boxes with 25% off from Tseppas MG branches!,2026-08-18 00:00:00,2026-08-27 00:00:00,95.0,0,0,0,1,0,1,0,0,0,0,0,0,0,0,0,0,0,0,0,0,0,0,0,0,0,0,0,0,0,1,0,0,0.05161290322580645,0.0,62.0,0.000655054659478963,0.0,0.44,2
OFFER_0786,24863,WAFFARHA,0.0,PERCENTAGE,25.3164556962025,228849.0,Exception Pastry & Cafe,Food & Beverages,NATIONWIDE,,NATIONWIDE,1,Mouled Sweets boxes with 25% off @Exception branches!,2026-08-18 00:00:00,2026-08-31 00:00:00,295.0,0,0,0,1,0,1,0,0,0,0,0,0,0,0,0,0,0,0,0,0,0,0,0,0,0,0,0,0,0,1,0,0,0.054443990744521505,0.0,36.0,0.0003758510341272739,0.0,0.0,0
OFFER_0670,25153.0,WAFFARHA,0.0,PERCENTAGE,25.4901960784314,228766.0,Sedra,Food & Beverages,NATIONWIDE,,NATIONWIDE,1,Delightful Mouled sweets boxes with 25% off @Sedra branches,2026-08-18 00:00:00,2026-08-27 00:00:00,380.0,0,0,0,1,0,1,0,0,0,0,0,0,0,0,0,0,0,0,0,0,0,0,0,0,0,0,0,0,0,1,0,0,0.05481762597512129,0.0,34.0,0.000354373832177144,0.0,0.2727272727272727,2
OFFER_0428,24864,WAFFARHA,0.0,PERCENTAGE,0.0,239805.0,Lemon Beach Alamin,Travel & Hotels,NATIONWIDE,NATIONWIDE,NATIONWIDE,1,"Make your summer different on the beaches of the North Coast @Lemon Beach, New Alamin!",2026-08-18 00:00:00,2026-09-30 00:00:00,750.0,0,0,0,1,0,0,0,1,0,0,0,0,0,0,0,0,0,0,0,0,0,0,0,0,0,0,0,0,0,1,0,0,0.0,0.0,70.0,0.0007409634672794829,0.0,0.0,0
OFFER_0936,25054,WAFFARHA,0.0,PERCENTAGE,34.6153846153846,239806.0,Sira,Food & Beverages,NATIONWIDE,NATIONWIDE,NATIONWIDE,1,"A wide selection of specialty coffee, refreshing drinks & delicious desserts with up to 41% off @Sira branches",2026-08-18 00:00:00,2026-10-01 00:00:00,85.0,0,0,0,1,0,1,0,0,0,0,0,0,0,0,0,0,0,0,0,0,0,0,0,0,0,0,0,0,0,1,0,0,0.07444168734491312,0.0,1.0,0.0,0.0,0.0,0
OFFER_1306,25005.0,WAFFARHA,0.0,PERCENTAGE,25.4545454545454,228785.0,Le Doux Patisserie,Food & Beverages,NATIONWIDE,,NATIONWIDE,1,Mouled celebrations even sweeter with 25% off on treat boxes @Le Doux branches,2026-08-18 00:00:00,2026-08-27 00:00:00,225.0,0,0,0,1,0,1,0,0,0,0,0,0,0,0,0,0,0,0,0,0,0,0,0,0,0,0,0,0,0,1,0,0,0.0547409579667643,0.0,10.0,9.664740877558472e-05,0.0,0.3333333333333333,2
OFFER_0134,24865,WAFFARHA,0.0,PERCENTAGE,66.5653495440729,239807.0,Machabess,Food & Beverages,NATIONWIDE,NATIONWIDE,NATIONWIDE,1,Enjoy authentic Gulf-style Mandi & grilled dishes with up to 67% off @Machabess,2026-08-18 00:00:00,2026-10-01 00:00:00,110.0,0,0,0,1,0,1,0,0,0,0,0,0,0,0,0,0,0,0,0,0,0,0,0,0,0,0,0,0,0,1,0,0,0.14315128934209226,0.0,8.0,7.517020682545478e-05,0.0,0.0,0
OFFER_0610,25154,WAFFARHA,0.0,PERCENTAGE,0.0,239808.0,Samos Beach club,Travel & Hotels,NATIONWIDE,NATIONWIDE,NATIONWIDE,1,"Exclusive summer vibes with a day use by the beach & swimming pool @Samos Beach Club, New Alamein!",2026-08-18 00:00:00,2026-09-30 00:00:00,750.0,0,0,0,1,0,0,0,1,0,0,0,0,0,0,0,0,0,0,0,0,0,0,0,0,0,0,0,0,0,1,0,0,0.0,0.0,92.0,0.0009772126887309122,0.0,0.0,0
OFFER_1030,25055.0,WAFFARHA,0.0,PERCENTAGE,25.4545454545454,229069.0,Zadna,Food & Beverages,NATIONWIDE,,NATIONWIDE,1,Mouled got sweeter with a variety of Mouled sweet boxes with 25% off @Zadna!,2026-08-18 00:00:00,2026-08-27 00:00:00,125.0,0,0,0,1,0,1,0,0,0,0,0,0,0,0,0,0,0,0,0,0,0,0,0,0,0,0,0,0,0,1,0,0,0.0547409579667643,0.0,94.0,0.000998689890681042,0.0,0.8837209302325582,2
OFFER_0526,25006,WAFFARHA,0.0,PERCENTAGE,25.1396648044693,228894.0,La Pomme Pastries,Food & Beverages,NATIONWIDE,,NATIONWIDE,1,A variety of Moulid sweet boxes with 25% off @La Pomme branches!,2026-08-18 00:00:00,2026-08-27 00:00:00,670.0,0,0,0,1,0,1,0,0,0,0,0,0,0,0,0,0,0,0,0,0,0,0,0,0,0,0,0,0,0,1,0,0,0.054063795278428604,0.0,6.0,5.3693004875324844e-05,0.0,0.0,0
OFFER_0198,25056,WAFFARHA,0.0,PERCENTAGE,35.2173913043478,228900.0,Egy Skatepark,Entertainment,NATIONWIDE,,NATIONWIDE,1,"Action-packed fun with skateboarding & roller skating with up to 35% off @Egy Skatepark, 6th of October",2026-08-18 00:00:00,2026-10-01 00:00:00,149.0,0,0,0,1,0,0,0,0,0,0,0,0,0,0,0,0,0,0,0,0,0,1,0,0,0,0,0,0,0,1,0,0,0.07573632538569419,0.0,5.0,4.295440390025987e-05,0.0,0.0,0
OFFER_0441,25104,WAFFARHA,0.0,PERCENTAGE,0.0,239810.0,Retal View Sokhna Hotel & Resort,Travel & Hotels,NATIONWIDE,NATIONWIDE,NATIONWIDE,1,"Change your routine & enjoy a relaxing day with meals included & a stunning view @Retal View Hotel, Ain Sokhna!",2026-08-18 00:00:00,2026-09-30 00:00:00,840.0,0,0,0,1,0,0,0,1,0,0,0,0,0,0,0,0,0,0,0,0,0,0,0,0,0,0,0,0,0,1,0,0,0.0,0.0,48.0,0.0005047142458280535,0.0,0.0,0
OFFER_0164,25057,WAFFARHA,0.0,PERCENTAGE,27.2727272727273,239811.0,Dolch,Food & Beverages,NATIONWIDE,NATIONWIDE,NATIONWIDE,1,"Mouled treat boxes in various sizes with up to 27% off @Dolch, Heliopolis",2026-08-18 00:00:00,2026-08-27 00:00:00,120.0,0,0,0,1,0,1,0,0,0,0,0,0,0,0,0,0,0,0,0,0,0,0,0,0,0,0,0,0,0,1,0,0,0.05865102639296193,0.0,5.0,4.295440390025987e-05,0.0,0.0,0
OFFER_0809,25452.0,PURCHASE_VOUCHER,5.0,UNKNOWN,0.0,237752.0,Promo29,Transportation,NATIONWIDE,NATIONWIDE,NATIONWIDE,0,The Gift Card is non-refundable.,2026-08-17 00:00:00,2026-08-31 00:00:00,5.0,0,1,0,0,0,0,0,0,0,0,0,0,0,0,0,0,0,0,0,0,0,0,0,0,0,0,0,0,1,0,0,1,0.0,0.0004166666666666667,2.0,1.0738600975064968e-05,0.0,1.0,1
OFFER_0034,25302,WAFFARHA,0.0,PERCENTAGE,0.0,239812.0,Pyramids Khan Hotel,Travel & Hotels,NATIONWIDE,NATIONWIDE,NATIONWIDE,1,Unique stay with stunning Pyramid views & a delicious breakfast @Pyramids Khan Hotel,2026-08-18 00:00:00,2026-09-30 00:00:00,1360.0,0,0,0,1,0,0,0,1,0,0,0,0,0,0,0,0,0,0,0,0,0,0,0,0,0,0,0,0,0,1,0,0,0.0,0.0,27.0,0.00027920362535168916,0.0,0.0,0
OFFER_0756,25303,WAFFARHA,0.0,PERCENTAGE,0.0,239814.0,Red Beach,Travel & Hotels,NATIONWIDE,NATIONWIDE,NATIONWIDE,1,"A summer day by the sea surrounded by great vibes @Red Beach, Marina 2!",2026-08-18 00:00:00,2026-09-01 00:00:00,399.0,0,0,0,1,0,0,0,1,0,0,0,0,0,0,0,0,0,0,0,0,0,0,0,0,0,0,0,0,0,1,0,0,0.0,0.0,35.0,0.00036511243315220894,0.0,0.0,0
OFFER_0448,13004.0,DISCOUNT_VOUCHER,0.0,PERCENTAGE,10.0,12953.0,Fortune,Health & Beauty,Alexandria,Alexandria|Giza|Cairo,وسط البلد,0,10% discount on total invoice ,2024-01-09 00:00:00,2025-12-31 00:00:00,0.0,1,0,0,0,0,0,1,0,0,0,0,0,0,0,0,0,0,0,0,0,0,0,0,0,0,0,0,0,0,1,0,0,0.021505376344086023,0.0,280.0,0.002996069672043126,0.0,1.0,1
