user_id,offer_id,days_since_first_event,score,max_weight,interaction_count,max_decayed_weight,has_open,has_investigation,has_purchase,has_earned,has_redemption,is_waffarha_signal
CUST_1168,OFFER_1059,414,1.1313402300062543,3,2,0.032727941338144606,1,1,0,0,0,0
CUST_2340,OFFER_0553,325,0.6994271031919939,3,1,0.006279922632048594,1,1,0,0,0,0
CUST_1979,OFFER_1180,386,1.1157501789758382,2,2,0.017137890307728547,1,0,0,0,0,0
CUST_0050,OFFER_0711,568,1.8418455355569803,2,1,1.148698354997035,1,0,0,0,0,1
CUST_0311,OFFER_0147,426,0.7363319580589383,2,1,0.043184777498993014,1,0,0,0,0,0
CUST_2117,OFFER_0581,273,0.6950359065976985,3,1,0.0018887260377532904,1,1,0,0,0,0
CUST_1540,OFFER_1308,51,0.6931509081294049,1,1,3.7275694596643313e-06,0,0,1,0,0,0
CUST_0202,OFFER_0352,464,0.7970519175777938,2,1,0.1039047370178485,1,0,0,0,0,1
CUST_2584,OFFER_0503,397,0.7262928109280647,3,1,0.033145630368119426,1,1,0,0,0,0
CUST_2865,OFFER_1247,68,0.693152701453948,1,1,5.5208940026869835e-06,0,0,1,0,0,0
CUST_0574,OFFER_0788,520,1.2615408930013445,3,1,0.5683937124413992,1,1,0,0,0,1
CUST_1128,OFFER_0710,412,0.7400221805599453,3,1,0.04687500000000002,1,1,0,0,0,0
CUST_1128,OFFER_1059,412,0.7243971805599453,2,1,0.031250000000000014,1,0,0,0,0,0
CUST_2987,OFFER_0529,306,0.6971957534504759,3,1,0.004048572890530595,1,1,0,0,0,0
CUST_0456,OFFER_0937,244,0.6937914715320024,2,1,0.0006442909720570778,1,0,0,0,0,0
CUST_2270,OFFER_0437,531,1.4260171568856297,3,1,0.7328699763256844,0,1,0,0,0,1
CUST_1651,OFFER_0762,453,0.773732824837419,2,1,0.0805856442774737,1,0,0,0,0,1
CUST_0281,OFFER_1120,316,0.6965477686978208,2,1,0.0034005881378754853,1,0,0,0,0,0
CUST_0505,OFFER_0005,244,0.6941136170180309,3,1,0.0009664364580856167,1,1,0,0,0,0
CUST_2010,OFFER_1237,195,0.6932510217661161,1,1,0.00010384120617075866,0,0,1,0,0,0
CUST_1398,OFFER_0289,460,1.1933445740750095,2,2,0.09473228540689993,1,0,0,0,0,1
CUST_0212,OFFER_0595,342,0.6993479659191961,2,1,0.006200785359250782,1,0,0,0,0,0
CUST_0498,OFFER_0437,533,1.2048341265583329,2,1,0.5116869459983876,1,0,0,0,0,1
CUST_0975,OFFER_0433,588,3.428314646234596,3,1,2.7351674656746505,1,1,0,0,0,1
CUST_1911,OFFER_0411,533,1.2048341265583329,2,1,0.5116869459983876,1,0,0,0,0,1
CUST_0125,OFFER_0217,392,0.702990313762249,1,1,0.009843133202303697,1,1,1,0,0,0
CUST_2674,OFFER_1216,322,0.6970534305599453,2,1,0.00390625,1,0,0,0,0,0
CUST_1659,OFFER_0224,440,0.7528247808043463,2,1,0.059677600244401045,1,0,0,0,0,1
CUST_1786,OFFER_0352,524,1.108766128631339,2,1,0.4156189480713939,1,0,0,0,0,1
CUST_0495,OFFER_0062,465,0.7994805756788023,2,1,0.106333395118857,1,0,0,0,0,1
CUST_2498,OFFER_0075,244,0.6937914715320024,2,1,0.0006442909720570778,1,0,0,0,0,0
CUST_0735,OFFER_0085,518,1.4604295980282043,2,2,0.3618173093600946,1,0,0,0,0,1
CUST_2330,OFFER_0382,414,0.7422390925671623,3,1,0.04909191200721691,1,1,0,0,0,0
CUST_0554,OFFER_0167,563,1.71652107255672,2,1,1.0233738919967748,1,0,0,0,0,1
CUST_0459,OFFER_0651,313,0.6963200414832118,2,1,0.003172860923266548,1,0,0,0,0,0
CUST_2002,OFFER_1262,513,1.1766610462247875,3,1,0.4835138656648422,1,1,0,0,0,1
CUST_2620,OFFER_0919,436,0.747556590765953,2,1,0.054409410206007786,1,0,0,0,0,0
CUST_2492,OFFER_1180,265,0.6941938343319534,2,1,0.0010466537720080996,1,0,0,0,0,0
CUST_0212,OFFER_1180,342,0.6993479659191961,2,1,0.006200785359250782,1,0,0,0,0,0
CUST_0966,OFFER_0919,423,0.7334400026986821,2,1,0.04029282213873684,1,0,0,0,0,0
CUST_1312,OFFER_0908,362,0.702990313762249,2,1,0.009843133202303695,1,0,0,0,0,0
CUST_1951,OFFER_0762,447,0.798377997588949,3,1,0.10523081702900369,1,1,0,0,0,1
CUST_1651,OFFER_0420,453,0.773732824837419,2,1,0.0805856442774737,1,0,0,0,0,1
CUST_0914,OFFER_0752,527,1.138596539630115,2,1,0.44544935907016964,1,0,0,0,0,0
CUST_1950,OFFER_0908,356,1.3948633062737548,2,3,0.008568945153864272,1,0,0,0,0,0
CUST_1746,OFFER_1125,515,1.0307346671019928,2,1,0.33758748654204745,1,0,0,0,0,1
CUST_0766,OFFER_0352,464,0.849004286086718,3,1,0.15585710552677273,1,1,0,0,0,1
CUST_0956,OFFER_0073,443,0.7571080488097437,2,1,0.06396086824979844,1,0,0,0,0,0
CUST_2588,OFFER_1084,389,0.7115151165956267,2,1,0.018367936035681386,1,0,0,0,0,0
CUST_2717,OFFER_0788,509,1.1339776454162986,3,1,0.44083046485635335,0,1,0,0,0,1
CUST_1102,OFFER_1308,294,0.6951926768935793,2,1,0.002045496333634037,1,0,0,0,0,0
CUST_2058,OFFER_0167,509,1.1339776454162986,3,1,0.44083046485635335,1,1,0,0,0,1
CUST_0832,OFFER_0272,360,0.7025458136543368,2,1,0.009398633094391533,1,0,0,0,0,0
CUST_0311,OFFER_1246,238,0.6937080684285962,2,1,0.0005608878686508964,1,0,0,0,0,0
CUST_0621,OFFER_1247,96,0.6931577237185144,1,1,1.0543158569090086e-05,0,0,1,0,0,0
CUST_0866,OFFER_0352,517,1.2234772664498559,3,1,0.5303300858899107,1,1,0,0,0,1
CUST_1753,OFFER_0071,194,0.6932486500296893,1,1,0.00010146946974399259,0,0,1,0,0,0
CUST_2287,OFFER_0877,501,0.9374371726685068,2,1,0.2442899921085615,1,0,0,0,0,1
CUST_2680,OFFER_1010,552,1.486847706544045,2,1,0.7937005259840997,1,0,0,0,0,1
CUST_0178,OFFER_0851,587,2.4749446168406237,2,1,1.7817974362806785,1,0,0,0,0,0
CUST_2815,OFFER_1140,316,0.6965477686978208,2,1,0.0034005881378754853,1,0,0,0,0,0
CUST_1398,OFFER_1064,460,0.7878794659668452,2,1,0.09473228540689993,1,0,0,0,0,1
CUST_1542,OFFER_0503,426,0.7363319580589383,2,1,0.043184777498993014,1,0,0,0,0,0
CUST_2097,OFFER_1237,254,0.6939589363178972,2,1,0.0008117557579519408,1,0,0,0,0,0
CUST_2438,OFFER_1180,291,0.6950556961232934,2,1,0.0019085155633481372,1,0,0,0,0,0
CUST_1983,OFFER_0271,564,1.740441303380572,2,1,1.0472941228206267,1,0,0,0,0,0
CUST_2224,OFFER_1273,269,0.6942951765621753,2,1,0.0011479960022300862,1,0,0,0,0,0
CUST_0224,OFFER_0167,570,2.589319397202007,2,3,1.2030250360821166,1,0,0,0,0,1
CUST_0515,OFFER_0503,395,0.7247960074232622,3,1,0.03164882686331695,1,1,0,0,0,0
CUST_0495,OFFER_0132,465,0.7994805756788023,2,1,0.106333395118857,1,0,0,0,0,1
CUST_2351,OFFER_0529,318,1.3916364850762863,3,3,0.0053421239563958035,1,1,0,0,0,0
CUST_0241,OFFER_1210,413,0.7251276146848445,2,1,0.03198043412489922,1,0,0,0,0,0
CUST_2770,OFFER_0503,432,0.7427534634339515,2,1,0.04960628287400622,1,0,0,0,0,0
CUST_1660,OFFER_0710,393,0.7233667971639979,3,1,0.030219616604052632,1,1,0,0,0,0
CUST_0866,OFFER_0032,517,1.0467005711532191,2,1,0.3535533905932738,1,0,0,0,0,1
CUST_1486,OFFER_0073,444,0.7586030632362345,2,1,0.06545588267628918,1,0,0,0,0,0
CUST_1099,OFFER_0468,426,0.7363319580589383,2,1,0.043184777498993014,1,0,0,0,0,1
CUST_1028,OFFER_0914,446,0.7616987417908594,2,1,0.0685515612309141,1,0,0,0,0,1
CUST_0617,OFFER_0928,268,0.694268956297247,2,1,0.001121775737301793,1,0,0,0,0,0
CUST_1128,OFFER_0841,412,0.7400221805599453,3,1,0.04687500000000002,1,1,0,0,0,0
CUST_1375,OFFER_0665,414,0.7422390925671623,3,1,0.04909191200721691,1,1,0,0,0,0
CUST_0524,OFFER_0529,361,1.1130397622619952,3,2,0.01442747359388574,1,1,0,0,0,0
CUST_2664,OFFER_0503,405,0.7197305293396595,2,1,0.026583348779714234,1,0,0,0,0,0
CUST_0233,OFFER_0890,428,1.9048273784030845,5,5,0.11306790917502954,0,0,1,0,0,1
CUST_0866,OFFER_1207,518,1.6413382527082514,3,2,0.5427259640401418,1,1,0,0,0,1
CUST_1832,OFFER_0382,420,0.7495389791262945,3,1,0.056391798566349224,1,1,0,0,0,0
CUST_0841,OFFER_0871,297,0.6953394892480496,2,1,0.0021923086881042446,1,0,0,0,0,0
CUST_0079,OFFER_0251,573,2.627202643219314,3,1,1.9340554626593687,1,1,0,0,0,1
CUST_2277,OFFER_1180,247,0.694182981508949,3,1,0.0010358009490037325,1,1,0,0,0,0
CUST_0376,OFFER_0281,454,0.7756164249832512,2,1,0.0824692444233059,1,0,0,0,0,1
CUST_1674,OFFER_0411,586,3.3047988704483178,3,1,2.6116516898883724,0,1,0,0,0,1
CUST_2669,OFFER_0812,378,0.7145156763855285,3,1,0.0213684958255832,1,1,0,0,0,0
CUST_0379,OFFER_0206,83,0.6931549882831203,1,1,7.807723175024223e-06,0,0,1,0,0,0
CUST_2581,OFFER_0073,379,0.7150151412990892,3,1,0.02186796073914393,1,1,0,0,0,0
CUST_0156,OFFER_0863,564,1.740441303380572,2,1,1.0472941228206267,1,0,0,0,0,1
CUST_1411,OFFER_1180,287,0.6957572353982471,3,1,0.0026100548383017745,1,1,0,0,0,0
CUST_2334,OFFER_0199,447,0.7633010585792811,2,1,0.0701538780193358,1,0,0,0,0,1
CUST_0584,OFFER_1237,267,0.6942433349039974,2,1,0.0010961543440521223,1,0,0,0,0,0
CUST_0048,OFFER_1059,416,0.7274229611754024,2,1,0.034275780615457066,1,0,0,0,0,0
CUST_2188,OFFER_0540,364,0.7189188194422284,5,1,0.0257716388822831,0,0,1,0,0,1
CUST_0495,OFFER_1323,510,1.5497466771989032,3,2,0.45113438853079374,1,1,0,0,0,1
CUST_2419,OFFER_1295,448,1.5657784790881772,5,3,0.17948411796828673,0,0,1,0,0,1
CUST_1205,OFFER_0433,576,2.075060060527721,2,1,1.381912879967776,1,0,0,0,0,1
CUST_1030,OFFER_0268,442,0.7556471805599453,2,1,0.0625,1,0,0,0,0,1
CUST_2695,OFFER_0071,191,0.6932418549228502,1,1,9.467436290489106e-05,0,0,1,0,0,0
CUST_1019,OFFER_0676,573,1.9825174889995245,2,1,1.2893703084395791,1,0,0,0,0,0
CUST_0495,OFFER_0379,465,0.7994805756788023,2,1,0.106333395118857,1,0,0,0,0,1
CUST_2498,OFFER_0863,561,2.0757722571023556,3,2,0.9771599684342459,1,1,0,0,0,1
CUST_2498,OFFER_0762,460,0.8352456086702952,3,1,0.1420984281103499,1,1,0,0,0,1
CUST_1295,OFFER_1096,486,0.8658862905559173,2,1,0.172739109995972,1,0,0,0,0,1
CUST_1236,OFFER_1247,98,0.6931582223479507,1,1,1.1041788005373969e-05,0,0,1,0,0,0
CUST_1458,OFFER_0865,495,0.9058139707976592,2,1,0.21266679023771393,1,0,0,0,0,1
CUST_2943,OFFER_0871,486,1.5590334711158627,2,3,0.172739109995972,1,1,1,0,0,0
CUST_2583,OFFER_0868,531,1.9145971411027527,5,1,1.2214499605428073,0,0,1,0,0,1
CUST_1037,OFFER_0411,552,1.8836979695360947,3,1,1.1905507889761495,0,1,0,0,0,1
CUST_2071,OFFER_1216,326,0.6974316531368774,2,1,0.004284472576932136,1,0,0,0,0,0
CUST_2555,OFFER_0915,319,1.1040792788528955,3,2,0.005466990184785981,1,1,1,0,0,0
CUST_0832,OFFER_0529,360,0.7072451302015326,3,1,0.0140979496415873,1,1,0,0,0,0
CUST_1295,OFFER_0807,486,0.8658862905559173,2,1,0.172739109995972,1,0,0,0,0,1
CUST_0524,OFFER_1140,351,0.7007812428133379,2,1,0.0076340622533925505,1,0,0,0,0,0
CUST_0697,OFFER_0073,395,1.1197115065769876,3,2,0.02109921790887797,1,1,0,0,0,0
CUST_2314,OFFER_0129,530,1.814743491600922,3,2,0.7161312029328124,1,1,0,0,0,0
CUST_0754,OFFER_1090,414,1.1313402300062543,2,2,0.032727941338144606,1,0,0,0,0,0
CUST_0413,OFFER_1180,358,0.7021213864583596,2,1,0.008974205898414338,1,0,0,0,0,0
CUST_0495,OFFER_0265,465,0.7994805756788023,2,1,0.106333395118857,1,0,0,0,0,1
CUST_2498,OFFER_0512,460,0.8352456086702952,3,1,0.1420984281103499,1,1,0,0,0,1
CUST_0389,OFFER_1090,361,0.7027654962892025,2,1,0.00961831572925716,1,0,0,0,0,0
CUST_2027,OFFER_1246,237,0.6936952577319714,2,1,0.0005480771720260616,1,0,0,0,0,0
CUST_2943,OFFER_1070,451,0.8085669693110312,3,1,0.11541978875108591,1,1,0,0,0,1
CUST_0557,OFFER_0975,539,1.5748081102726519,3,1,0.8816609297127065,1,1,0,0,0,1
CUST_1411,OFFER_0217,287,0.6957572353982471,3,1,0.0026100548383017745,1,1,0,0,0,0
CUST_1434,OFFER_0073,331,0.7003609173568881,3,1,0.00721373679694287,1,1,0,0,0,0
CUST_2958,OFFER_0005,246,0.6941593237825779,3,1,0.0010121432226326485,1,1,0,0,0,0
CUST_2792,OFFER_0665,483,0.8543184691148926,2,1,0.1611712885549474,1,0,0,0,0,0
CUST_2587,OFFER_0411,527,1.138596539630115,2,1,0.44544935907016964,1,0,0,0,0,1
CUST_0264,OFFER_0071,238,1.0994536204710859,3,2,0.0008413318029763446,1,1,0,0,0,0
CUST_1312,OFFER_1180,362,0.702990313762249,2,1,0.009843133202303695,1,0,0,0,0,0
CUST_2617,OFFER_0776,208,0.693287402527108,1,1,0.0001402219671627241,0,0,1,0,0,0
CUST_0310,OFFER_1090,370,0.710909484073739,3,1,0.01776230351379373,1,1,0,0,0,0
CUST_0446,OFFER_0495,25,0.6931492248055937,1,1,2.04424564845332e-06,0,0,1,0,0,0
CUST_1622,OFFER_0382,422,0.7522059797737675,3,1,0.05905879921382221,1,1,0,0,0,0
CUST_2530,OFFER_0504,52,0.6931509952572109,1,1,3.814697265625001e-06,0,0,1,0,0,0
CUST_0562,OFFER_0871,462,0.841966029181964,3,1,0.1488188486220187,1,1,0,0,0,0
CUST_2504,OFFER_1090,531,1.1817271647770682,2,1,0.48857998421712295,1,0,0,0,0,0
CUST_1142,OFFER_0553,318,1.1039544126245053,3,2,0.0053421239563958035,1,1,0,0,0,0
CUST_1594,OFFER_0005,257,0.6944522079790961,3,1,0.001305027419150887,1,1,0,0,0,0
CUST_0821,OFFER_1006,481,0.9239867580621172,3,1,0.23083957750217185,1,1,0,0,0,0
CUST_2088,OFFER_0071,181,0.6932223236515801,1,1,7.514309163482166e-05,0,0,1,0,0,0
CUST_2608,OFFER_0495,9,0.693148593044641,1,1,1.4124846957078598e-06,0,0,1,0,0,0
CUST_0866,OFFER_1200,517,1.0467005711532191,2,1,0.3535533905932738,1,0,0,0,0,1
CUST_2923,OFFER_0757,453,0.773732824837419,2,1,0.0805856442774737,1,0,0,0,0,1
CUST_0021,OFFER_0928,247,1.946945950004317,3,6,0.0010358009490037325,1,1,0,0,0,0
CUST_1028,OFFER_0025,446,0.7616987417908594,2,1,0.0685515612309141,1,0,0,0,0,1
CUST_0285,OFFER_1254,318,0.6967085965308758,2,1,0.0035614159709305357,1,0,0,0,0,0
CUST_1914,OFFER_1247,129,0.6931697803150766,1,1,2.2599755131325723e-05,0,0,1,0,0,0
CUST_0532,OFFER_0227,214,0.6933082533029595,1,1,0.00016107274301426942,0,0,1,0,0,0
CUST_0048,OFFER_1210,416,0.7445608514831309,3,1,0.0514136709231856,1,1,0,0,0,0
CUST_1142,OFFER_1120,318,0.6967085965308758,2,1,0.0035614159709305357,1,0,0,0,0,0
CUST_1839,OFFER_1308,295,0.6941938343319534,1,1,0.0010466537720080998,1,1,1,0,0,0
CUST_0264,OFFER_1260,512,1.0081274430336635,2,1,0.31498026247371824,1,0,0,0,0,0
CUST_0840,OFFER_0275,279,0.6953167570525526,3,1,0.002169576492607272,1,1,0,0,0,0
CUST_2619,OFFER_1308,286,1.6110993717328324,2,4,0.0016614592987321405,1,1,1,0,0,0
CUST_1087,OFFER_1090,378,1.1199807844936926,3,2,0.0213684958255832,1,1,0,0,0,0
CUST_0176,OFFER_1308,66,0.6931524521392298,1,1,5.271579284545042e-06,0,0,1,0,0,0
CUST_2666,OFFER_0073,321,0.6969642116866416,2,1,0.003817031126696275,1,0,0,0,0,0
CUST_1367,OFFER_0595,371,0.6992063397858583,1,1,0.006059159225913031,1,1,1,0,0,0
CUST_1193,OFFER_1120,325,0.6973337956479777,2,1,0.004186615088032396,1,0,0,0,0,0
CUST_2377,OFFER_0850,319,0.6986141707447313,3,1,0.005466990184785981,1,1,0,0,0,0
CUST_0125,OFFER_0227,392,0.702990313762249,1,1,0.009843133202303697,1,1,1,0,0,0
CUST_0599,OFFER_0851,568,2.416194713055498,3,1,1.7230475324955528,1,1,0,0,0,0
CUST_1943,OFFER_0788,460,0.7878794659668452,2,1,0.09473228540689993,1,0,0,0,0,1
CUST_2024,OFFER_0992,570,2.49768473468312,3,1,1.804537554123175,1,1,0,0,0,1
CUST_2260,OFFER_1210,450,0.7683362453150776,2,1,0.07518906475513232,1,0,0,0,0,0
CUST_0666,OFFER_1297,36,0.6931498163495876,1,1,2.635789642272521e-06,0,0,1,0,0,0
CUST_0841,OFFER_1308,297,0.6953394892480496,2,1,0.0021923086881042446,1,0,0,0,0,0
CUST_0866,OFFER_0104,518,1.4604295980282043,2,2,0.3618173093600946,1,0,0,0,0,1
CUST_1247,OFFER_1204,520,1.0720763221875447,2,1,0.3789291416275995,1,0,0,0,0,1
CUST_1659,OFFER_0401,256,0.6939973275944141,2,1,0.0008501470344688711,1,0,0,0,0,0
CUST_1365,OFFER_1154,413,0.7411178317472941,3,1,0.04797065118734883,1,1,0,0,0,0
CUST_1968,OFFER_0411,590,2.602830388380778,2,1,1.909683207820833,1,0,0,0,0,1
CUST_1248,OFFER_0888,512,1.0081274430336635,2,1,0.31498026247371824,1,0,0,0,0,1
CUST_0852,OFFER_1237,255,0.6939779102093113,2,1,0.0008307296493660701,1,0,0,0,0,0
CUST_1841,OFFER_0992,562,2.0986122886681096,2,2,1.0,1,0,0,0,0,1
CUST_2578,OFFER_0752,526,1.1284224622080075,2,1,0.4352752816480622,1,0,0,0,0,0
CUST_1295,OFFER_0642,485,0.861940923830969,2,1,0.16879374327102373,1,0,0,0,0,1
CUST_1383,OFFER_0633,296,0.6963605349926444,3,1,0.0032133544326991012,1,1,0,0,0,0
CUST_1580,OFFER_1120,327,0.6975317979361538,2,1,0.00438461737620849,1,0,0,0,0,0
CUST_0459,OFFER_0529,282,0.694697376899758,2,1,0.0015501963398126951,1,0,0,0,0,0
CUST_0627,OFFER_1084,439,0.780619023516521,3,1,0.0874718429565757,1,1,0,0,0,0
CUST_2819,OFFER_0503,406,0.733954238214451,3,1,0.0408070576545058,1,1,0,0,0,0
CUST_2558,OFFER_0665,271,0.6943494700261025,2,1,0.0012022894661571448,1,0,0,0,0,0
CUST_1525,OFFER_1261,167,0.6932015567024099,1,1,5.437614246462033e-05,0,0,1,0,0,0
CUST_0466,OFFER_1289,442,0.7556471805599453,2,1,0.0625,1,0,0,0,0,1
CUST_2275,OFFER_1120,316,0.6982480627667585,3,1,0.005100882206813228,1,1,0,0,0,0
CUST_0608,OFFER_1281,453,0.773732824837419,2,1,0.0805856442774737,1,0,0,0,0,1
CUST_2573,OFFER_1059,276,0.6944967048567888,2,1,0.0013495242968435317,1,0,0,0,0,0
CUST_1728,OFFER_1171,419,0.729883052631308,2,1,0.03673587207136277,1,0,0,0,0,0
CUST_0673,OFFER_1059,425,0.7353456163777012,2,1,0.04219843581775594,1,0,0,0,0,0
CUST_0886,OFFER_1213,264,0.6941699287267623,2,1,0.0010227481668170185,1,0,0,0,0,0
CUST_0843,OFFER_0167,464,0.849004286086718,3,1,0.15585710552677273,1,1,0,0,0,1
CUST_0264,OFFER_0268,462,1.2474311372901283,3,2,0.1488188486220187,1,1,0,0,0,1
CUST_0758,OFFER_0217,370,0.7049887162358077,2,1,0.011841535675862488,1,0,0,0,0,0
CUST_1391,OFFER_0704,512,1.480597836744241,5,1,0.7874506561842955,0,0,1,0,0,1
CUST_0490,OFFER_0073,273,0.6937767559058631,1,1,0.0006295753459177635,1,1,1,0,0,0
CUST_1412,OFFER_0712,443,0.789088482934643,3,1,0.09594130237469765,1,1,0,0,0,1
CUST_0540,OFFER_0167,510,0.9939034395804744,2,1,0.30075625902052916,1,0,0,0,0,1
CUST_1388,OFFER_1144,241,0.6937483252930239,2,1,0.0006011447330785723,1,0,0,0,0,0
CUST_1338,OFFER_0762,451,0.7700937063940025,2,1,0.07694652583405727,1,0,0,0,0,1
CUST_0144,OFFER_1102,580,2.2088637470703434,2,1,1.5157165665103982,1,0,0,0,0,1
CUST_2235,OFFER_0710,399,0.7278604044416617,3,1,0.034713223881716375,1,1,0,0,0,0
CUST_0731,OFFER_1308,257,0.6944522079790961,3,1,0.001305027419150887,1,1,0,0,0,0
CUST_0781,OFFER_1180,280,0.6946273725194281,2,1,0.0014801919594828118,1,0,0,0,0,0
CUST_0264,OFFER_1078,530,2.102425564052703,3,3,0.7161312029328124,1,1,0,0,0,1
CUST_0264,OFFER_0762,452,0.7718922461783748,2,1,0.07874506561842959,1,0,0,0,0,1
CUST_1412,OFFER_0864,443,0.7571080488097437,2,1,0.06396086824979844,1,0,0,0,0,1
CUST_0541,OFFER_0928,266,0.6947538577762948,3,1,0.0016066772163495506,1,1,0,0,0,0
CUST_1728,OFFER_0871,419,0.729883052631308,2,1,0.03673587207136277,1,0,0,0,0,0
CUST_2697,OFFER_1323,556,2.4044381336122957,3,2,1.3058258449441862,1,1,0,0,0,1
CUST_0880,OFFER_0695,476,0.8302503030217735,2,1,0.1371031224618282,1,0,0,0,0,1
CUST_2334,OFFER_0488,445,0.7601330219684637,2,1,0.06698584140851835,1,0,0,0,0,0
CUST_1249,OFFER_1059,425,0.7353456163777012,2,1,0.04219843581775594,1,0,0,0,0,0
CUST_2652,OFFER_0769,580,2.2088637470703434,2,1,1.5157165665103982,1,0,0,0,0,1
CUST_0317,OFFER_1090,387,0.7194548848171962,3,1,0.026307704257250944,1,1,0,0,0,0
CUST_0508,OFFER_1006,554,1.9298501848108973,2,2,0.8312378961427878,1,1,1,0,0,0
CUST_1097,OFFER_0922,483,0.9349041133923663,3,1,0.24175693283242108,1,1,0,0,0,1
CUST_0575,OFFER_0705,533,1.2048341265583329,2,1,0.5116869459983876,1,0,0,0,0,1
CUST_2959,OFFER_0181,303,0.6956654819436163,2,1,0.002518301383671054,1,0,0,0,0,0
CUST_1923,OFFER_1120,328,0.699877834983756,3,1,0.006730654423810759,1,1,0,0,0,0
CUST_1088,OFFER_0382,427,1.849469363603598,3,5,0.05770989437554297,1,1,0,0,0,0
CUST_2293,OFFER_1261,179,1.098684038418249,1,2,7.174975013938043e-05,0,0,1,0,0,0
CUST_0977,OFFER_1210,413,0.7251276146848445,2,1,0.03198043412489922,1,0,0,0,0,0
CUST_1053,OFFER_0509,533,1.2048341265583329,2,1,0.5116869459983876,1,0,0,0,0,1
CUST_1726,OFFER_1210,429,0.7394314790689004,2,1,0.04628429850895514,1,0,0,0,0,0
CUST_0617,OFFER_0005,267,0.6947914120760235,3,1,0.0016442315160781836,1,1,0,0,0,0
CUST_2470,OFFER_0888,455,0.7775440521954572,2,1,0.08439687163551189,1,0,0,0,0,1
CUST_0330,OFFER_0307,528,1.1490084248390537,2,1,0.45586124427910846,1,0,0,0,0,1
CUST_0053,OFFER_0592,519,2.1648494945415617,3,4,0.5554115821074616,1,1,0,0,0,0
CUST_0579,OFFER_1120,319,1.1040792788528955,3,2,0.005466990184785981,1,1,0,0,0,0
CUST_0996,OFFER_0352,514,1.023024158253169,2,1,0.32987697769322366,1,0,0,0,0,1
CUST_1451,OFFER_0272,260,0.694079643063764,2,1,0.0009324625038187667,1,0,0,0,0,0
CUST_0370,OFFER_0992,582,2.2805482325281448,2,1,1.5874010519681994,1,0,0,0,0,1
CUST_2540,OFFER_1180,296,1.1007545249565756,2,2,0.0021422362884660675,1,0,0,0,0,0
CUST_1967,OFFER_0391,569,2.4564690399853584,3,1,1.763321859425413,1,1,0,0,0,1
CUST_0215,OFFER_0411,567,2.2210743369774826,2,2,1.122462048309373,1,0,0,0,0,1
CUST_2048,OFFER_0633,317,1.1020923617858454,2,2,0.0034800731177357,1,0,0,0,0,0
CUST_0718,OFFER_1254,187,0.6932334973056956,1,1,8.631674575031096e-05,0,0,1,0,0,0
CUST_2573,OFFER_0752,480,0.8435253100702098,2,1,0.15037812951026458,1,0,0,0,0,0
CUST_2672,OFFER_0915,327,0.6953394892480496,1,1,0.002192308688104245,1,1,1,0,0,0
CUST_0380,OFFER_0841,433,0.74391295533221,2,1,0.05076577477226472,1,0,0,0,0,0
CUST_1983,OFFER_0919,438,1.4717683444222234,3,3,0.08547398330233281,1,1,0,0,0,0
CUST_2357,OFFER_1154,410,0.7379053807432461,3,1,0.044758200183300775,1,1,0,0,0,0
CUST_0390,OFFER_0841,428,0.760987926064963,3,1,0.06784074550501773,1,1,0,0,0,0
CUST_1606,OFFER_0325,585,2.3944815024616566,2,1,1.7013343219017114,1,0,0,0,0,1
CUST_0455,OFFER_0408,89,0.6931561492787127,1,1,8.968718767422567e-06,0,0,1,0,0,0
CUST_2055,OFFER_0556,43,0.6931502790569407,1,1,3.098496995377483e-06,0,0,1,0,0,0
CUST_2652,OFFER_1090,473,1.2265340251677064,2,2,0.1279217364995969,1,0,0,0,0,0
CUST_2919,OFFER_0690,314,1.1034828232158211,3,2,0.004870534547711646,1,1,0,0,0,0
CUST_0089,OFFER_0503,421,0.731620443476974,2,1,0.03847326291702865,1,0,0,0,0,0
CUST_2669,OFFER_0676,562,2.1931471805599454,3,1,1.5,1,1,0,0,0,0
CUST_0885,OFFER_0401,351,0.7007812428133379,2,1,0.0076340622533925505,1,0,0,0,0,0
CUST_2220,OFFER_1059,321,0.6988727272499897,3,1,0.005725546690044412,1,1,0,0,0,0
CUST_0500,OFFER_0107,520,1.477541430295709,2,2,0.3789291416275995,1,0,0,0,0,1
CUST_1451,OFFER_0313,260,0.694079643063764,2,1,0.0009324625038187667,1,0,0,0,0,0
CUST_0978,OFFER_0352,502,1.0681471805599454,3,1,0.3750000000000001,1,1,0,0,0,1
CUST_2620,OFFER_1019,475,0.8941047047855003,3,1,0.20095752422555502,1,1,0,0,0,1
CUST_0042,OFFER_0863,590,3.963137100399359,3,2,2.8645248117312496,1,1,0,0,0,1
CUST_0950,OFFER_0411,527,1.7667863272733642,3,2,0.6681740386052545,1,1,0,0,0,1
CUST_1473,OFFER_0788,450,0.7683362453150776,2,1,0.07518906475513232,1,0,0,0,0,1
CUST_1728,OFFER_0073,419,0.729883052631308,2,1,0.03673587207136277,1,0,0,0,0,0
CUST_0600,OFFER_0841,434,1.1505646571770338,2,2,0.05195236850892424,1,0,0,0,0,0
CUST_1667,OFFER_1091,456,0.7795167355579313,2,1,0.086369554997986,1,0,0,0,0,1
CUST_0575,OFFER_0860,533,1.2048341265583329,2,1,0.5116869459983876,1,0,0,0,0,1
CUST_0991,OFFER_1090,398,0.7157607623949512,2,1,0.02261358183500591,1,0,0,0,0,0
CUST_0947,OFFER_0005,241,0.6937483252930239,2,1,0.0006011447330785723,1,0,0,0,0,0
CUST_0915,OFFER_1310,422,0.7325197133691601,2,1,0.03937253280921481,1,0,0,0,0,0
CUST_0776,OFFER_0698,540,1.2946596986010037,2,1,0.6015125180410584,1,0,0,0,0,1
CUST_1444,OFFER_0085,516,1.0386254005518893,2,1,0.34547821999194406,1,0,0,0,0,1
CUST_2808,OFFER_0592,440,0.7826635809265469,3,1,0.08951640036660156,1,1,0,0,0,0
CUST_0042,OFFER_0411,568,1.8418455355569803,2,1,1.148698354997035,1,0,0,0,0,1
CUST_2235,OFFER_1059,396,0.72553576368419,3,1,0.032388583124244745,1,1,0,0,0,0
CUST_0066,OFFER_1204,564,1.740441303380572,2,1,1.0472941228206267,1,0,0,0,0,1
CUST_0458,OFFER_0937,249,0.6938703727241478,2,1,0.0007231921642024241,1,0,0,0,0,0
CUST_1933,OFFER_1090,424,0.7549991138774247,3,1,0.061851933317479416,1,1,0,0,0,0
CUST_1050,OFFER_1241,573,2.627202643219314,3,1,1.9340554626593687,1,1,0,0,0,1
CUST_2215,OFFER_0736,233,0.6938967219847476,3,1,0.0007495414248023257,1,1,0,0,0,0
CUST_1721,OFFER_0841,423,0.7535864137680506,3,1,0.060439233208105264,1,1,0,0,0,0
CUST_1644,OFFER_1125,526,1.1284224622080075,2,1,0.4352752816480622,1,0,0,0,0,1
CUST_1433,OFFER_1215,442,0.7556471805599453,2,1,0.0625,1,0,0,0,0,1
CUST_2704,OFFER_0358,570,2.49768473468312,3,1,1.804537554123175,1,1,0,0,0,1
CUST_1993,OFFER_0690,310,0.6975877564383938,3,1,0.0044405758784484325,1,1,0,0,0,0
CUST_0508,OFFER_0411,540,1.2946596986010037,2,1,0.6015125180410584,1,0,0,0,0,1
CUST_1712,OFFER_0079,564,1.740441303380572,2,1,1.0472941228206267,1,0,0,0,0,1
CUST_0669,OFFER_0005,245,0.6938065311195977,2,1,0.0006593505596524369,1,0,0,0,0,0
CUST_1581,OFFER_0992,589,2.55921316363356,2,1,1.8660659830736148,1,0,0,0,0,1
CUST_0792,OFFER_0665,467,0.7488283504437165,1,1,0.05568116988377122,1,1,1,0,0,0
CUST_1713,OFFER_0888,447,0.7633010585792811,2,1,0.0701538780193358,1,0,0,0,0,1
CUST_2551,OFFER_0521,294,0.6951926768935793,2,1,0.002045496333634037,1,0,0,0,0,0
CUST_2786,OFFER_0160,430,0.7405133232633953,2,1,0.04736614270344996,1,0,0,0,0,1
CUST_2162,OFFER_0651,309,0.6974863335451599,3,1,0.004339152985214545,1,1,0,0,0,0
CUST_2411,OFFER_0073,365,1.114436702099768,3,2,0.015824413431658475,1,1,0,0,0,0
CUST_1342,OFFER_1210,415,0.7433865616163341,3,1,0.05023938105638876,1,1,0,0,0,0
CUST_0787,OFFER_0686,462,0.7923597463079577,2,1,0.09921256574801246,1,0,0,0,0,0
CUST_2030,OFFER_0073,281,0.6946619703664235,2,1,0.0015147898064782573,1,0,0,0,0,0
CUST_1836,OFFER_0515,496,0.9107848213839763,2,1,0.21763764082403106,1,0,0,0,0,1
CUST_1637,OFFER_0592,524,1.108766128631339,2,1,0.4156189480713939,1,0,0,0,0,0
CUST_2756,OFFER_0129,537,1.9404588249001395,3,2,0.84184653623203,1,1,0,0,0,0
CUST_2688,OFFER_0251,582,2.686013340636309,2,2,1.5874010519681994,1,0,0,0,0,1
CUST_0458,OFFER_0129,523,1.3023364778271218,3,1,0.6091892972671766,1,1,0,0,0,0
CUST_1225,OFFER_0863,555,2.8772113973083386,3,5,1.0854519280802837,1,1,0,0,0,1
CUST_1087,OFFER_1289,450,0.7683362453150776,2,1,0.07518906475513232,1,0,0,0,0,1
CUST_0504,OFFER_0702,255,0.6943932750339944,3,1,0.0012460944740491052,1,1,0,0,0,0
CUST_2148,OFFER_0102,315,0.6981315584561417,3,1,0.004984377896196417,1,1,0,0,0,0
CUST_0233,OFFER_1078,474,1.9367173258155463,5,4,0.327279413381446,0,0,1,0,0,1
CUST_1148,OFFER_0085,444,0.7586030632362345,2,1,0.06545588267628918,1,0,0,0,0,1
CUST_0024,OFFER_0915,313,0.6963200414832118,2,1,0.003172860923266548,1,0,0,0,0,0
CUST_2731,OFFER_1210,433,0.7692958427183424,3,1,0.07614866215839708,1,1,0,0,0,0
CUST_0525,OFFER_0871,440,0.7528247808043463,2,1,0.059677600244401045,1,0,0,0,0,0
CUST_0164,OFFER_0217,294,0.6951926768935793,2,1,0.002045496333634037,1,0,0,0,0,0
CUST_1303,OFFER_1297,32,0.6931495836686372,1,1,2.4031086919686777e-06,0,0,1,0,0,0
CUST_2895,OFFER_0841,429,0.7394314790689004,2,1,0.04628429850895514,1,0,0,0,0,0
CUST_1644,OFFER_1091,538,1.7515252111402029,3,2,0.6529129224720933,1,1,0,0,0,1
CUST_2231,OFFER_1308,266,0.6936827396320618,1,1,0.0005355590721165169,1,1,1,0,0,0
CUST_0872,OFFER_0073,277,0.6952187824579528,3,1,0.0020716018980074633,1,1,0,0,0,0
CUST_1989,OFFER_0553,326,0.6974316531368774,2,1,0.004284472576932136,1,0,0,0,0,0
CUST_2013,OFFER_1289,534,1.2167942419702586,2,1,0.5236470614103134,1,0,0,0,0,1
CUST_0623,OFFER_0769,584,3.1868608689883087,3,1,2.4937136884283633,1,1,0,0,0,1
CUST_0600,OFFER_1154,430,0.7405133232633953,2,1,0.04736614270344996,1,0,0,0,0,0
CUST_2853,OFFER_1090,378,0.7145156763855285,3,1,0.0213684958255832,1,1,0,0,0,0
CUST_0210,OFFER_1078,386,0.7359919063292667,5,1,0.04284472576932137,0,0,1,0,0,1
CUST_1257,OFFER_0690,314,1.1029514416533241,3,2,0.004339152985214545,1,1,0,0,0,0
CUST_1949,OFFER_0529,264,0.6941699287267623,2,1,0.0010227481668170185,1,0,0,0,0,0
CUST_2911,OFFER_0688,270,0.6949094242651437,3,1,0.0017622437051984133,1,1,0,0,0,0
CUST_1502,OFFER_0447,531,1.1817271647770682,2,1,0.48857998421712295,1,0,0,0,0,1
CUST_2853,OFFER_0217,378,0.7073928444436675,2,1,0.014245663883722132,1,0,0,0,0,0
CUST_1087,OFFER_0698,450,0.7683362453150776,2,1,0.07518906475513232,1,0,0,0,0,1
CUST_2631,OFFER_0690,310,1.103052864546558,3,2,0.0044405758784484325,1,1,0,0,0,0
CUST_2621,OFFER_0217,303,0.6944063312517809,1,1,0.001259150691835527,1,1,1,0,0,0
CUST_0489,OFFER_0690,312,0.6962475732395706,2,1,0.0031003926796253907,1,0,0,0,0,0
CUST_0102,OFFER_1120,329,0.7000351565733258,3,1,0.0068879760133805186,1,1,0,0,0,0
CUST_2215,OFFER_1175,233,0.6936468748431468,2,1,0.0004996942832015505,1,0,0,0,0,0
CUST_2780,OFFER_0762,439,0.8389335854875715,5,1,0.14578640492762615,0,0,1,0,0,1
CUST_0776,OFFER_0411,540,1.2946596986010037,2,1,0.6015125180410584,1,0,0,0,0,1
CUST_2469,OFFER_0049,583,2.317651973272416,2,1,1.624504792712471,1,0,0,0,0,1
CUST_2867,OFFER_0071,201,0.6932664627826546,1,1,0.00011928222270925866,0,0,1,0,0,0
CUST_0944,OFFER_0915,307,0.6972903843559602,3,1,0.004143203796014927,1,1,0,0,0,0
CUST_2662,OFFER_0206,82,0.6931548099544765,1,1,7.629394531250002e-06,0,0,1,0,0,0
CUST_1254,OFFER_0005,245,0.694136206399424,3,1,0.0009890258394786554,1,1,0,0,0,0
CUST_1395,OFFER_0992,551,1.8565057519352464,3,1,1.163358571375301,1,1,0,0,0,1
CUST_1856,OFFER_1237,250,0.6938872765396867,2,1,0.0007400959797414059,1,0,0,0,0,0
CUST_0716,OFFER_0181,314,0.6963942035917531,2,1,0.0032470230318077642,1,0,0,0,0,0
CUST_0066,OFFER_1092,564,1.740441303380572,2,1,1.0472941228206267,1,0,0,0,0,1
CUST_0001,OFFER_0922,533,1.2048341265583329,2,1,0.5116869459983876,1,0,0,0,0,1
CUST_2111,OFFER_1180,293,0.6941465691263484,1,1,0.000999388566403101,1,1,1,0,0,0
CUST_1659,OFFER_0937,232,0.6936354618099453,2,1,0.0004882812500000003,1,0,0,0,0,0
CUST_2926,OFFER_0297,236,0.6936827396320618,2,1,0.0005355590721165173,1,0,0,0,0,0
CUST_0915,OFFER_0919,426,1.163389454916599,3,2,0.06477716624848952,1,1,0,0,0,0
CUST_1427,OFFER_0073,437,0.7488283504437165,2,1,0.05568116988377121,1,0,0,0,0,0
CUST_2123,OFFER_1173,518,0.8740558352399925,1,1,0.1809086546800473,1,1,1,0,0,0
CUST_0673,OFFER_1210,425,0.7142463984688232,1,1,0.02109921790887797,1,1,1,0,0,0
CUST_1015,OFFER_0382,420,0.7495389791262945,3,1,0.056391798566349224,1,1,0,0,0,0
CUST_0733,OFFER_0433,449,0.7666189247026709,2,1,0.07347174414272556,1,0,0,0,0,1
CUST_1358,OFFER_0411,579,2.1742447328465095,2,1,1.4810975522865644,1,0,0,0,0,1
CUST_1043,OFFER_0271,332,0.6956079638605213,1,1,0.0024607833005759238,1,1,1,0,0,0
CUST_0614,OFFER_1308,249,0.6942319688062489,3,1,0.001084788246303636,1,1,0,0,0,0
CUST_2590,OFFER_0937,267,1.0997084430121618,2,2,0.0010961543440521223,1,0,0,0,0,0
CUST_1641,OFFER_0313,309,0.6960399492167549,2,1,0.002892768656809697,1,0,0,0,0,0
CUST_1511,OFFER_0304,297,0.6953394892480496,2,1,0.0021923086881042446,1,0,0,0,0,0
CUST_1093,OFFER_1173,301,0.6967540489584167,3,1,0.0036068683984714347,1,1,0,0,0,0
CUST_0093,OFFER_0275,300,1.3886440193934884,2,3,0.0023496582735978828,1,0,0,0,0,0
CUST_0575,OFFER_0368,533,1.2048341265583329,2,1,0.5116869459983876,1,0,0,0,0,1
CUST_1404,OFFER_1059,340,0.6990679483978766,2,1,0.005920767837931243,1,0,0,0,0,0
CUST_0733,OFFER_0520,449,0.7666189247026709,2,1,0.07347174414272556,1,0,0,0,0,1
CUST_0147,OFFER_0919,431,0.7658570912709016,3,1,0.07270991071095632,1,1,0,0,0,0
CUST_0683,OFFER_0358,573,1.9825174889995245,2,1,1.2893703084395791,1,0,0,0,0,1
CUST_1185,OFFER_1091,547,1.4002539617464929,2,1,0.7071067811865476,1,0,0,0,0,1
CUST_2936,OFFER_0313,285,0.6956393695080435,3,1,0.002492188948098211,1,1,0,0,0,0
CUST_0765,OFFER_0850,403,0.7185300679460777,2,1,0.02538288738613237,1,0,0,0,0,0
CUST_2167,OFFER_0665,544,2.275787126748537,3,6,0.3298769776932236,1,1,1,0,0,0
CUST_1987,OFFER_1090,331,0.6979563384245738,2,1,0.00480915786462858,1,0,0,0,0,0
CUST_1944,OFFER_0412,467,0.8601906902112589,3,1,0.16704350965131365,1,1,0,0,0,1
CUST_0648,OFFER_1090,432,0.7427534634339515,2,1,0.04960628287400622,1,0,0,0,0,0
CUST_2334,OFFER_0420,573,2.627202643219314,3,1,1.9340554626593687,1,1,0,0,0,1
CUST_0886,OFFER_0665,264,0.6941699287267623,2,1,0.0010227481668170185,1,0,0,0,0,0
CUST_1370,OFFER_1202,457,0.9141180496807414,5,1,0.2209708691207961,0,0,1,0,0,1
CUST_1112,OFFER_0698,495,0.9058139707976592,2,1,0.21266679023771393,1,0,0,0,0,1
CUST_2590,OFFER_0167,513,1.01548975766984,2,1,0.32234257710989483,1,0,0,0,0,1
CUST_2318,OFFER_0156,568,1.8418455355569803,2,1,1.148698354997035,1,0,0,0,0,0
CUST_1871,OFFER_0841,433,0.7692958427183424,3,1,0.07614866215839708,1,1,0,0,0,0
CUST_1154,OFFER_0592,486,0.8658862905559173,2,1,0.172739109995972,1,0,0,0,0,0
CUST_2487,OFFER_1308,268,0.694268956297247,2,1,0.001121775737301793,1,0,0,0,0,0
CUST_0963,OFFER_0352,457,0.825729702032423,3,1,0.13258252147247768,1,1,0,0,0,1
CUST_2334,OFFER_0073,445,1.1655981300766278,2,2,0.06698584140851835,1,1,1,0,0,0
CUST_0538,OFFER_0325,583,3.129904369628652,3,1,2.4367571890687065,1,1,0,0,0,1
CUST_2600,OFFER_1247,36,0.6931498163495876,1,1,2.635789642272521e-06,0,0,1,0,0,0
CUST_0993,OFFER_0073,304,0.6957243444481735,2,1,0.0025771638882283094,1,0,0,0,0,0
CUST_0575,OFFER_0452,533,1.6102992346664973,2,2,0.5116869459983876,1,0,0,0,0,1
CUST_2085,OFFER_0859,488,0.8740558352399925,2,1,0.1809086546800473,1,0,0,0,0,1
CUST_2624,OFFER_0184,326,0.6995738894253435,3,1,0.006426708865398204,1,1,0,0,0,0
CUST_1449,OFFER_0005,245,1.0996013145075882,3,2,0.0009890258394786554,1,1,0,0,0,0
CUST_0924,OFFER_0071,180,0.6932206073809952,1,1,7.342682104993401e-05,0,0,1,0,0,0
CUST_1386,OFFER_0690,314,0.698017715107657,3,1,0.004870534547711646,1,1,0,0,0,0
CUST_1534,OFFER_1090,468,0.8071124916297223,2,1,0.11396531106977709,1,0,0,0,0,0
CUST_0527,OFFER_0411,568,2.416194713055498,3,1,1.7230475324955528,1,1,0,0,0,1
CUST_0911,OFFER_0411,554,1.9400040247741268,3,1,1.2468568442141816,1,1,0,0,0,1
CUST_2306,OFFER_0915,324,1.1042070636910222,3,2,0.005594775022912596,1,1,0,0,0,0
CUST_0991,OFFER_0769,580,2.2088637470703434,2,1,1.5157165665103982,1,0,0,0,0,1
CUST_1395,OFFER_1091,551,1.4687195614768127,2,1,0.7755723809168673,1,0,0,0,0,1
CUST_0623,OFFER_1241,584,3.1868608689883087,3,1,2.4937136884283633,1,1,0,0,0,1
CUST_0554,OFFER_0325,527,2.054468399725145,3,3,0.6681740386052545,1,1,0,0,0,1
CUST_1313,OFFER_1180,524,1.108766128631339,2,1,0.4156189480713939,1,0,0,0,0,0
CUST_1117,OFFER_0433,491,0.8870402757891621,2,1,0.1938930952292168,1,0,0,0,0,1
CUST_2084,OFFER_0217,278,0.695267203856977,3,1,0.002120023297031805,1,1,0,0,0,0
CUST_1665,OFFER_0085,513,1.01548975766984,2,1,0.32234257710989483,1,0,0,0,0,1
CUST_0059,OFFER_0325,556,1.5636977438560695,2,1,0.8705505632961241,1,0,0,0,0,1
CUST_0264,OFFER_0739,585,3.087628683021602,3,3,1.7013343219017114,1,1,0,0,0,1
CUST_2909,OFFER_1180,437,0.7488283504437165,2,1,0.05568116988377121,1,0,0,0,0,0
CUST_1225,OFFER_0411,571,2.329756702013026,2,2,1.2311444133449163,1,0,0,0,0,1
CUST_0617,OFFER_0937,268,1.0997340644054114,2,2,0.001121775737301793,1,0,0,0,0,0
CUST_0508,OFFER_0877,545,2.511706689495688,3,4,0.9022687770615876,1,1,0,0,0,1
CUST_0978,OFFER_1323,502,0.9431471805599454,2,1,0.25000000000000006,1,0,0,0,0,1
CUST_2691,OFFER_0937,269,0.6942951765621753,2,1,0.0011479960022300862,1,0,0,0,0,0
CUST_0952,OFFER_0420,568,2.247310643665145,2,2,1.148698354997035,1,0,0,0,0,1
CUST_0283,OFFER_1126,267,0.6942433349039974,2,1,0.0010961543440521223,1,0,0,0,0,0
CUST_2989,OFFER_0762,518,1.0549644899200399,2,1,0.3618173093600946,1,0,0,0,0,1
CUST_2019,OFFER_0851,589,3.492246155170368,3,1,2.7990989746104225,1,1,0,0,0,0
CUST_2414,OFFER_0871,309,0.6974863335451599,3,1,0.004339152985214545,1,1,0,0,0,0
CUST_2536,OFFER_0503,431,0.7416204543672495,2,1,0.048473273807304214,1,0,0,0,0,0
CUST_1877,OFFER_0073,310,0.6961075644789109,2,1,0.0029603839189656215,1,0,0,0,0,0
CUST_2736,OFFER_0992,555,1.5438143415108012,2,1,0.8506671609508558,1,0,0,0,0,1
CUST_1499,OFFER_1154,412,0.7243971805599453,2,1,0.031250000000000014,1,0,0,0,0,0
CUST_2866,OFFER_0859,488,0.9645101625800162,3,1,0.2713629820200709,1,1,0,0,0,1
CUST_2298,OFFER_0282,522,1.0899974435519952,2,1,0.3968502629920499,1,0,0,0,0,1
CUST_2639,OFFER_0325,483,0.8543184691148926,2,1,0.1611712885549474,1,0,0,0,0,1
CUST_0458,OFFER_1155,475,0.8271188633769819,2,1,0.13397168281703667,1,0,0,0,0,1
CUST_0878,OFFER_0382,411,0.7389515540803006,3,1,0.04580437352035527,1,1,0,0,0,0
CUST_1231,OFFER_0642,485,0.861940923830969,2,1,0.16879374327102373,1,0,0,0,0,1
CUST_0052,OFFER_0401,312,0.6977977695793833,3,1,0.004650589019438086,1,1,0,0,0,0
CUST_1509,OFFER_0005,259,0.6945139281061418,3,1,0.0013667475461964951,1,1,0,0,0,0
CUST_2423,OFFER_0841,427,0.7594384412961841,3,1,0.06629126073623882,1,1,0,0,0,0
CUST_0001,OFFER_0219,533,1.2048341265583329,2,1,0.5116869459983876,1,0,0,0,0,1
CUST_0841,OFFER_0702,358,1.107586494566524,2,2,0.008974205898414338,1,0,0,0,0,0
CUST_2911,OFFER_1258,270,0.6949094242651437,3,1,0.0017622437051984133,1,1,0,0,0,0
CUST_2470,OFFER_0788,455,0.8197424880132131,3,1,0.12659530745326783,1,1,0,0,0,1
CUST_1839,OFFER_0868,490,1.3828091448888093,3,2,0.2841968562206997,1,1,0,0,0,1
CUST_2123,OFFER_0307,518,1.0549644899200399,2,1,0.3618173093600946,1,0,0,0,0,1
CUST_2830,OFFER_0877,495,0.9058139707976592,2,1,0.21266679023771393,1,0,0,0,0,1
CUST_2620,OFFER_0399,475,0.8941047047855003,3,1,0.20095752422555502,1,1,0,0,0,1
CUST_1377,OFFER_0071,238,1.0994344044261486,3,2,0.0008221157580390924,1,1,0,0,0,0
CUST_1452,OFFER_1090,389,0.7115151165956267,2,1,0.018367936035681386,1,0,0,0,0,0
CUST_1001,OFFER_0998,463,0.7946787301044748,2,1,0.10153154954452945,1,0,0,0,0,1
CUST_0872,OFFER_0071,245,0.6938065311195977,2,1,0.0006593505596524369,1,0,0,0,0,0
CUST_1750,OFFER_1120,317,0.6983672902365489,3,1,0.00522010967660355,1,1,0,0,0,0
CUST_0026,OFFER_1090,406,0.7203518856629492,2,1,0.027204705103003865,1,0,0,0,0,0
CUST_1295,OFFER_1100,485,0.861940923830969,2,1,0.16879374327102373,1,0,0,0,0,1
CUST_2628,OFFER_0325,539,1.2809211337017496,2,1,0.5877739531418044,1,0,0,0,0,1
CUST_0437,OFFER_0557,442,0.7556471805599453,2,1,0.0625,1,0,0,0,0,1
CUST_1090,OFFER_0710,408,0.7358841722111117,3,1,0.0427369916511664,1,1,0,0,0,0
CUST_0791,OFFER_0592,419,0.7482509886669895,3,1,0.055103808107044155,1,1,0,0,0,0
CUST_0600,OFFER_0382,430,0.7641963946151202,3,1,0.07104921405517493,1,1,0,0,0,0
CUST_2123,OFFER_0233,519,1.0634215686315862,2,1,0.37027438807164104,1,0,0,0,0,1
CUST_2798,OFFER_0863,585,2.3944815024616566,2,1,1.7013343219017114,1,0,0,0,0,1
CUST_1750,OFFER_0073,317,0.6983672902365489,3,1,0.00522010967660355,1,1,0,0,0,0
CUST_0128,OFFER_0282,441,0.8458284256277963,5,1,0.15268124506785097,0,0,1,0,0,1
CUST_2812,OFFER_1223,160,0.6931934365586792,1,1,4.6255998733837856e-05,0,0,1,0,0,0
CUST_2507,OFFER_1227,570,2.9031498427912847,3,2,1.804537554123175,1,1,0,0,0,0
CUST_1668,OFFER_0005,268,1.1002949522740622,3,2,0.0016826636059526895,1,1,0,0,0,0
CUST_2639,OFFER_1323,483,0.8543184691148926,2,1,0.1611712885549474,1,0,0,0,0,1
CUST_1614,OFFER_0871,298,0.6965125077718507,3,1,0.003365327211905379,1,1,0,0,0,0
CUST_1297,OFFER_1289,536,1.5157659153309146,3,1,0.8226187347709695,1,1,0,0,0,1
CUST_2316,OFFER_0820,447,0.7633010585792811,2,1,0.0701538780193358,1,0,0,0,0,1
CUST_2786,OFFER_0841,430,0.7405133232633953,2,1,0.04736614270344996,1,0,0,0,0,0
CUST_1295,OFFER_0530,485,0.861940923830969,2,1,0.16879374327102373,1,0,0,0,0,1
CUST_2818,OFFER_0071,233,0.6936468748431468,2,1,0.0004996942832015505,1,0,0,0,0,0
CUST_0128,OFFER_1323,391,0.7412387592062311,5,1,0.04809157864628577,0,0,1,0,0,1
CUST_0942,OFFER_0145,6,0.6931484984547664,1,1,1.3178948211362604e-06,0,0,1,0,0,0
CUST_1547,OFFER_0503,398,0.7157607623949512,2,1,0.02261358183500591,1,0,0,0,0,0
CUST_2026,OFFER_0384,158,0.6931913477119668,1,1,4.416715202149588e-05,0,0,1,0,0,0
CUST_1773,OFFER_0071,199,0.693261076188795,1,1,0.00011389562884970791,0,0,1,0,0,0
CUST_2926,OFFER_0480,236,0.6936827396320618,2,1,0.0005355590721165173,1,0,0,0,0,0
CUST_2215,OFFER_0899,233,0.6936468748431468,2,1,0.0004996942832015505,1,0,0,0,0,0
CUST_2509,OFFER_0005,243,0.694091543578822,3,1,0.0009443630188766442,1,1,0,0,0,0
CUST_0872,OFFER_0665,277,0.6945282484919503,2,1,0.0013810679320049755,1,0,0,0,0,0
CUST_0883,OFFER_0420,544,1.3529011359463925,2,1,0.6597539553864472,1,0,0,0,0,1
CUST_0630,OFFER_0167,588,3.428314646234596,3,1,2.7351674656746505,1,1,0,0,0,1
CUST_1724,OFFER_0073,387,0.7106856500647792,2,1,0.017538469504833964,1,0,0,0,0,0
CUST_2235,OFFER_1090,399,0.7278604044416617,3,1,0.034713223881716375,1,1,0,0,0,0
CUST_2418,OFFER_0251,573,1.9825174889995245,2,1,1.2893703084395791,1,0,0,0,0,1
CUST_2023,OFFER_0871,317,0.6983672902365489,3,1,0.00522010967660355,1,1,0,0,0,0
CUST_1896,OFFER_1006,483,0.8543184691148926,2,1,0.1611712885549474,1,0,0,0,0,0
CUST_2607,OFFER_0295,82,0.6931548099544765,1,1,7.629394531250002e-06,0,0,1,0,0,0
CUST_0460,OFFER_0811,582,3.0742487585122444,3,1,2.381101577952299,1,1,0,0,0,1
CUST_0944,OFFER_0411,586,3.3047988704483178,3,1,2.6116516898883724,1,1,0,0,0,1
CUST_2464,OFFER_0401,98,0.6931582223479507,1,1,1.1041788005373969e-05,0,0,1,0,0,0
CUST_0233,OFFER_0326,397,1.1538550059483086,5,2,0.05524271728019905,0,0,1,0,0,1
CUST_1297,OFFER_1078,536,1.2415596704072582,2,1,0.548412489847313,1,0,0,0,0,1
CUST_2162,OFFER_0690,309,0.6974863335451599,3,1,0.004339152985214545,1,1,0,0,0,0
CUST_2334,OFFER_0908,383,0.7171325061536197,3,1,0.023985325593674413,1,1,0,0,0,0
CUST_0648,OFFER_0841,432,0.7675566048709546,3,1,0.07440942431100933,1,1,0,0,0,0
CUST_1496,OFFER_0437,528,1.1490084248390537,2,1,0.45586124427910846,1,0,0,0,0,1
CUST_1724,OFFER_0665,387,0.7106856500647792,2,1,0.017538469504833964,1,0,0,0,0,0
CUST_2791,OFFER_1261,152,0.6931856302990168,1,1,3.8449739071498856e-05,0,0,1,0,0,0
CUST_1758,OFFER_0493,589,2.55921316363356,2,1,1.8660659830736148,1,0,0,0,0,1
CUST_0733,OFFER_0794,449,0.7666189247026709,2,1,0.07347174414272556,1,0,0,0,0,1
CUST_1772,OFFER_0059,523,1.099273378738063,2,1,0.4061261981781178,1,0,0,0,0,0
CUST_0472,OFFER_1173,479,1.172084032810835,1,2,0.07347174414272556,1,1,1,0,0,0
CUST_1377,OFFER_0129,518,1.2358731446000872,3,1,0.5427259640401418,1,1,0,0,0,0
CUST_2615,OFFER_1180,371,1.1046714478940225,1,2,0.006059159225913031,1,1,1,0,0,0
CUST_2787,OFFER_0503,427,0.7594384412961841,3,1,0.06629126073623882,1,1,0,0,0,0
CUST_2222,OFFER_1120,322,0.6990065555599453,3,1,0.005859375,1,1,0,0,0,0
CUST_1022,OFFER_0503,438,0.7786211638622781,3,1,0.08547398330233281,1,1,0,0,0,0
CUST_0741,OFFER_0227,383,0.7091373976223949,2,1,0.01599021706244961,1,0,0,0,0,0
CUST_0741,OFFER_1171,383,0.7091373976223949,2,1,0.01599021706244961,1,0,0,0,0,0
CUST_2549,OFFER_1289,525,1.1184807610353733,2,1,0.4253335804754279,1,0,0,0,0,1
CUST_2316,OFFER_0147,447,0.7633010585792811,2,1,0.0701538780193358,1,0,0,0,0,0
CUST_2833,OFFER_0767,521,1.2748264662475959,3,1,0.5816792856876506,1,1,0,0,0,0
CUST_1331,OFFER_1140,328,0.699877834983756,3,1,0.006730654423810759,1,1,0,0,0,0
CUST_1554,OFFER_0493,459,0.7857157775778556,2,1,0.0925685970179103,1,0,0,0,0,1
CUST_1157,OFFER_0411,516,1.4440905086600537,2,2,0.34547821999194406,1,0,0,0,0,1
CUST_2628,OFFER_0056,539,1.2809211337017496,2,1,0.5877739531418044,1,0,0,0,0,1
CUST_2015,OFFER_1180,357,0.7019164153123623,2,1,0.00876923475241698,1,0,0,0,0,0
CUST_1728,OFFER_0127,547,1.4002539617464929,2,1,0.7071067811865476,1,0,0,0,0,1
CUST_1154,OFFER_0980,486,0.8658862905559173,2,1,0.172739109995972,1,0,0,0,0,1
CUST_2691,OFFER_1180,269,0.6942951765621753,2,1,0.0011479960022300862,1,0,0,0,0,0
CUST_2992,OFFER_0916,509,0.9870341571308475,2,1,0.29388697657090224,1,0,0,0,0,0
CUST_2235,OFFER_1310,399,0.7278604044416617,3,1,0.034713223881716375,1,1,0,0,0,0
CUST_0460,OFFER_0519,582,3.0742487585122444,3,1,2.381101577952299,1,1,0,0,0,1
CUST_2100,OFFER_0863,535,1.9024423855703294,3,2,0.8038300969022198,1,1,0,0,0,1
CUST_1222,OFFER_0129,537,1.814743491600922,3,2,0.7161312029328124,1,1,0,0,0,0
CUST_0253,OFFER_0553,321,0.6988727272499897,3,1,0.005725546690044412,1,1,0,0,0,0
CUST_1239,OFFER_0851,585,2.3944815024616566,2,1,1.7013343219017114,1,0,0,0,0,0
CUST_0934,OFFER_0432,464,0.7970519175777938,2,1,0.1039047370178485,1,0,0,0,0,1
CUST_0264,OFFER_0325,452,0.7718922461783748,2,1,0.07874506561842959,1,0,0,0,0,1
CUST_1412,OFFER_0433,443,0.789088482934643,3,1,0.09594130237469765,1,1,0,0,0,1
CUST_0842,OFFER_0073,361,0.7027654962892025,2,1,0.00961831572925716,1,0,0,0,0,0
CUST_2620,OFFER_1078,475,0.8271188633769819,2,1,0.13397168281703667,1,0,0,0,0,1
CUST_2053,OFFER_1180,256,0.6944224011116485,3,1,0.0012752205517033066,1,1,0,0,0,0
CUST_2436,OFFER_1180,345,0.7031159363523382,3,1,0.009968755792392836,1,1,0,0,0,0
CUST_2569,OFFER_0877,512,1.0081274430336635,2,1,0.31498026247371824,1,0,0,0,0,1
CUST_2556,OFFER_0992,576,2.075060060527721,2,1,1.381912879967776,1,0,0,0,0,1
CUST_1715,OFFER_0005,241,0.6937483252930239,2,1,0.0006011447330785723,1,0,0,0,0,0
CUST_0233,OFFER_0696,474,1.0204265939413912,5,1,0.327279413381446,0,0,1,0,0,1
CUST_1275,OFFER_0411,571,1.9242915939048615,2,1,1.2311444133449163,1,0,0,0,0,1
CUST_1141,OFFER_0553,323,0.6991435119583639,3,1,0.005996331398418608,1,1,0,0,0,0
CUST_0591,OFFER_1084,404,0.7191233648144074,2,1,0.025976184254462117,1,0,0,0,0,0
CUST_1278,OFFER_0992,566,1.7899721602545715,2,1,1.0968249796946261,1,0,0,0,0,1
CUST_0333,OFFER_0553,326,0.6974316531368774,2,1,0.004284472576932136,1,0,0,0,0,0
CUST_1051,OFFER_0871,469,0.8097763045020462,2,1,0.11662912394210094,1,0,0,0,0,0
CUST_0611,OFFER_0710,421,0.7508570749354883,3,1,0.05770989437554297,1,1,0,0,0,0
CUST_2552,OFFER_0005,267,0.6942433349039974,2,1,0.0010961543440521223,1,0,0,0,0,0
CUST_2667,OFFER_1295,508,1.1239090636838334,3,1,0.4307618831238881,0,1,0,0,0,1
CUST_1412,OFFER_0877,443,0.789088482934643,3,1,0.09594130237469765,1,1,0,0,0,1
CUST_1072,OFFER_0313,273,0.6950359065976985,3,1,0.0018887260377532904,1,1,0,0,0,0
CUST_0198,OFFER_0814,584,2.355622972845521,2,1,1.6624757922855755,1,0,0,0,0,1
CUST_0264,OFFER_0009,294,0.6962154250603964,3,1,0.0030682445004510555,1,1,0,0,0,0
CUST_2305,OFFER_1180,502,0.9431471805599454,2,1,0.25000000000000006,1,0,0,0,0,0
CUST_0459,OFFER_1186,301,0.6955517594922596,2,1,0.0024045789323142897,1,0,0,0,0,0
CUST_0240,OFFER_0437,556,1.5636977438560695,2,1,0.8705505632961241,1,0,0,0,0,1
CUST_1087,OFFER_0528,450,0.8059307776926438,3,1,0.11278359713269848,1,1,0,0,0,1
CUST_0427,OFFER_0651,310,0.6961075644789109,2,1,0.0029603839189656215,1,0,0,0,0,0
CUST_2176,OFFER_0297,253,0.6939403957907619,2,1,0.0007932152308166369,1,0,0,0,0,0
CUST_1581,OFFER_0769,589,2.55921316363356,2,1,1.8660659830736148,1,0,0,0,0,1
CUST_1739,OFFER_0592,482,0.9293823774152341,3,1,0.23623519685528876,1,1,0,0,0,0
CUST_2346,OFFER_0812,484,0.7756164249832512,1,1,0.0824692444233059,1,1,1,0,0,0
CUST_1827,OFFER_0411,569,1.868695086843554,2,1,1.1755479062836087,1,0,0,0,0,1
CUST_0042,OFFER_0676,573,2.627202643219314,3,1,1.9340554626593687,1,1,0,0,0,0
CUST_2424,OFFER_0851,580,1.8564705719233086,1,2,0.7578582832551991,0,0,1,0,0,0
CUST_1103,OFFER_1257,527,1.3613212191651998,3,1,0.6681740386052545,1,1,0,0,0,1
CUST_0264,OFFER_1237,238,1.0994536204710859,3,2,0.0008413318029763446,1,1,0,0,0,0
CUST_1695,OFFER_0529,333,1.1061671928191228,3,2,0.007554904151013163,1,1,0,0,0,0
CUST_0460,OFFER_0397,582,2.2805482325281448,2,1,1.5874010519681994,1,0,0,0,0,1
CUST_1308,OFFER_1006,537,1.254378204714632,2,1,0.5612310241546866,1,0,0,0,0,0
CUST_1713,OFFER_1090,447,0.7633010585792811,2,1,0.0701538780193358,1,0,0,0,0,0
CUST_1257,OFFER_0919,438,1.155594944202998,2,2,0.05698265553488854,1,0,0,0,0,0
CUST_0521,OFFER_1036,562,1.6931471805599454,2,1,1.0,1,0,0,0,0,1
CUST_2334,OFFER_0156,494,0.9009566545956422,2,1,0.2078094740356969,1,0,0,0,0,0
CUST_2334,OFFER_0059,494,0.9009566545956422,2,1,0.2078094740356969,1,0,0,0,0,0
CUST_0500,OFFER_0609,520,1.477541430295709,2,2,0.3789291416275995,1,0,0,0,0,1
CUST_2059,OFFER_0488,451,0.7700937063940025,2,1,0.07694652583405727,1,0,0,0,0,0
CUST_1964,OFFER_1059,404,1.1245884729225717,2,2,0.025976184254462117,1,0,0,0,0,0
CUST_2667,OFFER_1119,484,0.940554913829863,3,1,0.24740773326991772,1,1,0,0,0,1
CUST_0575,OFFER_0104,533,1.2048341265583329,2,1,0.5116869459983876,1,0,0,0,0,1
CUST_2397,OFFER_0915,325,0.6994271031919939,3,1,0.006279922632048594,1,1,0,0,0,0
CUST_2787,OFFER_0147,427,0.7373413543841045,2,1,0.044194173824159216,1,0,0,0,0,0
CUST_0271,OFFER_1308,298,0.6953907320345488,2,1,0.002243551474603586,1,0,0,0,0,0
CUST_1619,OFFER_0710,417,0.7457625890744471,3,1,0.052615408514501846,1,1,0,0,0,0
CUST_2862,OFFER_0877,446,0.7616987417908594,2,1,0.0685515612309141,1,0,0,0,0,1
CUST_2605,OFFER_0503,432,0.7675566048709546,3,1,0.07440942431100933,1,1,0,0,0,0
CUST_1614,OFFER_1308,298,0.6953907320345488,2,1,0.002243551474603586,1,0,0,0,0,0
CUST_0493,OFFER_1323,570,3.1908319152430655,3,3,1.804537554123175,1,1,0,0,0,1
CUST_0165,OFFER_1120,327,0.699724106624258,3,1,0.006576926064312735,1,1,0,0,0,0
CUST_0066,OFFER_0642,564,1.740441303380572,2,1,1.0472941228206267,1,0,0,0,0,1
CUST_2790,OFFER_1289,495,0.9058139707976592,2,1,0.21266679023771393,1,0,0,0,0,1
CUST_1239,OFFER_1192,585,2.3944815024616566,2,1,1.7013343219017114,1,0,0,0,0,1
CUST_2864,OFFER_0592,473,0.8850297853093406,3,1,0.19188260474939534,1,1,0,0,0,0
CUST_0527,OFFER_0690,314,0.6963942035917531,2,1,0.0032470230318077642,1,0,0,0,0,0
CUST_2753,OFFER_0102,320,0.6968770305752203,2,1,0.003729850015275064,1,0,0,0,0,0
CUST_0705,OFFER_0102,316,0.6965477686978208,2,1,0.0034005881378754853,1,0,0,0,0,0
CUST_0202,OFFER_1120,328,0.699877834983756,3,1,0.006730654423810759,1,1,0,0,0,0
CUST_2777,OFFER_1090,423,0.7334400026986821,2,1,0.04029282213873684,1,0,0,0,0,0
CUST_2410,OFFER_0841,419,0.7482509886669895,3,1,0.055103808107044155,1,1,0,0,0,0
CUST_0364,OFFER_0529,354,0.7013291658944815,2,1,0.00818198533453615,1,0,0,0,0,0
CUST_0036,OFFER_1154,413,0.7251276146848445,2,1,0.03198043412489922,1,0,0,0,0,0
CUST_2811,OFFER_0005,242,0.6940699742976613,3,1,0.0009227937377159711,1,1,0,0,0,0
CUST_0664,OFFER_0085,442,0.7556471805599453,2,1,0.0625,1,0,0,0,0,1
CUST_1563,OFFER_1308,306,1.3903429340104212,3,3,0.004048572890530595,1,1,0,0,0,0
CUST_0575,OFFER_1323,532,1.1931471805599454,2,1,0.5,1,0,0,0,0,1
CUST_0296,OFFER_0181,312,0.6962475732395706,2,1,0.0031003926796253907,1,0,0,0,0,0
CUST_1944,OFFER_0713,467,0.8045095203274877,2,1,0.11136233976754244,1,0,0,0,0,1
CUST_0098,OFFER_0325,579,2.579709840954674,2,2,1.4810975522865644,1,0,0,0,0,1
CUST_0996,OFFER_0397,514,1.023024158253169,2,1,0.32987697769322366,1,0,0,0,0,1
CUST_1803,OFFER_0676,574,2.6724090467192867,3,1,1.9792618661593413,1,1,0,0,0,0
CUST_2067,OFFER_0592,578,2.8640510367205128,3,1,2.1709038561605674,1,1,0,0,0,0
CUST_0816,OFFER_0922,520,1.0720763221875447,2,1,0.3789291416275995,1,0,0,0,0,1
CUST_1211,OFFER_0998,532,2.636294361119891,5,3,1.25,0,0,1,0,0,1
CUST_0044,OFFER_0295,86,0.6931555486704472,1,1,8.36811050182058e-06,0,0,1,0,0,0
CUST_2031,OFFER_0411,453,0.773732824837419,2,1,0.0805856442774737,1,0,0,0,0,1
CUST_2327,OFFER_0919,430,0.7641963946151202,3,1,0.07104921405517493,1,1,0,0,0,0
CUST_0461,OFFER_0382,423,1.1550040872344587,3,2,0.056391798566349224,1,1,1,0,0,0
CUST_1433,OFFER_0901,442,0.7556471805599453,2,1,0.0625,1,0,0,0,0,0
CUST_0137,OFFER_0071,234,0.693914241685058,3,1,0.0007670611251127639,1,1,0,0,0,0
CUST_0362,OFFER_0868,578,2.1404164180003233,2,1,1.4472692374403782,1,0,0,0,0,1
CUST_0889,OFFER_1090,443,0.7251276146848445,1,1,0.03198043412489922,1,1,1,0,0,0
CUST_1462,OFFER_0184,328,0.699877834983756,3,1,0.006730654423810759,1,1,0,0,0,0
CUST_0044,OFFER_0633,265,0.6941938343319534,2,1,0.0010466537720080996,1,0,0,0,0,0
CUST_2013,OFFER_0227,235,0.6936705074459494,2,1,0.0005233268860040493,1,0,0,0,0,0
CUST_2343,OFFER_0871,327,0.6975317979361538,2,1,0.00438461737620849,1,0,0,0,0,0
CUST_0001,OFFER_1204,533,1.4606775995575267,3,1,0.7675304189975813,1,1,0,0,0,1
CUST_0279,OFFER_0313,271,0.694950614759181,3,1,0.0018034341992357174,1,1,0,0,0,0
CUST_0883,OFFER_0877,544,1.3529011359463925,2,1,0.6597539553864472,1,0,0,0,0,1
CUST_0325,OFFER_1120,317,0.6983672902365489,3,1,0.00522010967660355,1,1,0,0,0,0
CUST_2719,OFFER_0326,471,1.914800402569802,5,4,0.3053624901357018,0,0,1,0,0,1
CUST_1644,OFFER_0307,526,1.1284224622080075,2,1,0.4352752816480622,1,0,0,0,0,1
CUST_1700,OFFER_0614,578,2.1404164180003233,2,1,1.4472692374403782,1,0,0,0,0,1
CUST_1393,OFFER_0581,285,0.6956393695080435,3,1,0.002492188948098211,1,1,0,0,0,0
CUST_1036,OFFER_1186,342,0.6993479659191961,2,1,0.006200785359250782,1,0,0,0,0,0
CUST_0460,OFFER_0778,582,3.0742487585122444,3,1,2.381101577952299,1,1,0,0,0,1
CUST_0484,OFFER_0592,523,1.5047384868462275,2,2,0.4061261981781178,1,0,0,0,0,0
CUST_0978,OFFER_0325,573,2.3879825971076887,5,2,1.2893703084395791,1,1,1,0,0,1
CUST_0601,OFFER_0147,426,0.7363319580589383,2,1,0.043184777498993014,1,0,0,0,0,0
CUST_2989,OFFER_0411,518,1.0549644899200399,2,1,0.3618173093600946,1,0,0,0,0,1
CUST_2538,OFFER_0919,431,0.7658570912709016,3,1,0.07270991071095632,1,1,0,0,0,0
CUST_0770,OFFER_0389,527,1.138596539630115,2,1,0.44544935907016964,1,0,0,0,0,1
CUST_1083,OFFER_0325,440,0.8423411811709479,5,1,0.1491940006110026,0,0,1,0,0,1
CUST_1295,OFFER_0981,485,0.861940923830969,2,1,0.16879374327102373,1,0,0,0,0,1
CUST_1239,OFFER_1090,585,3.2451486634125124,3,1,2.552001482852567,1,1,0,0,0,0
CUST_2002,OFFER_0592,468,0.8640951471646109,3,1,0.17094796660466563,1,1,0,0,0,0
CUST_0791,OFFER_1180,419,0.7482509886669895,3,1,0.055103808107044155,1,1,0,0,0,0
CUST_1148,OFFER_0926,444,0.7586030632362345,2,1,0.06545588267628918,1,0,0,0,0,1
CUST_1411,OFFER_0665,232,0.6938796024349453,3,1,0.0007324218750000004,1,1,0,0,0,0
CUST_2052,OFFER_1059,381,0.7084153050667303,2,1,0.015268124506785101,1,0,0,0,0,0
CUST_2334,OFFER_0167,503,0.948990653559139,2,1,0.2558434729991938,1,0,0,0,0,1
CUST_1995,OFFER_0071,196,0.6932534489392539,1,1,0.00010626837930860897,0,0,1,0,0,0
CUST_2109,OFFER_1180,458,0.8288286715699807,3,1,0.13568149101003546,1,1,0,0,0,0
CUST_2889,OFFER_0411,576,2.7660165005116095,3,1,2.072869319951664,1,1,0,0,0,1
CUST_0450,OFFER_0352,558,2.521160400992317,3,4,0.9117224885582168,1,1,0,0,0,1
CUST_2837,OFFER_0590,487,0.9583122235049006,3,1,0.26516504294495535,1,1,0,0,0,1
CUST_1644,OFFER_1289,543,1.3378323347797347,2,1,0.6446851542197896,1,0,0,0,0,1
CUST_0404,OFFER_0665,255,0.6939779102093113,2,1,0.0008307296493660701,1,0,0,0,0,0
CUST_2048,OFFER_0850,317,1.1020923617858454,2,2,0.0034800731177357,1,0,0,0,0,0
CUST_2697,OFFER_0863,556,1.9989730255041316,3,1,1.3058258449441862,1,1,0,0,0,1
CUST_0733,OFFER_0598,449,0.7666189247026709,2,1,0.07347174414272556,1,0,0,0,0,1
CUST_0961,OFFER_0937,268,0.694268956297247,2,1,0.001121775737301793,1,0,0,0,0,0
CUST_1439,OFFER_0409,462,0.9411785949299765,5,1,0.24803141437003115,0,0,1,0,0,1
CUST_2683,OFFER_1247,58,1.0986166706045835,1,2,4.381936473835126e-06,0,0,1,0,0,0
CUST_0471,OFFER_1213,195,0.6932510217661161,1,1,0.00010384120617075866,0,0,1,0,0,0
CUST_2408,OFFER_0005,268,0.694268956297247,2,1,0.001121775737301793,1,0,0,0,0,0
CUST_0597,OFFER_0998,514,1.023024158253169,2,1,0.32987697769322366,1,0,0,0,0,1
CUST_1328,OFFER_1308,267,0.6942433349039974,2,1,0.0010961543440521223,1,0,0,0,0,0
CUST_0878,OFFER_1154,411,0.7236834295735155,2,1,0.030536249013570178,1,0,0,0,0,0
CUST_0318,OFFER_0005,269,0.6942951765621753,2,1,0.0011479960022300862,1,0,0,0,0,0
CUST_1555,OFFER_0167,507,1.6669098731972338,2,3,0.2806155120773433,1,0,0,0,0,1
CUST_2943,OFFER_0686,473,1.2861122886681096,3,2,0.1875,1,1,0,0,0,0
CUST_1442,OFFER_0592,465,1.258112381346395,3,2,0.15950009267828552,1,1,0,0,0,0
CUST_2504,OFFER_0352,520,1.0720763221875447,2,1,0.3789291416275995,1,0,0,0,0,1
CUST_2334,OFFER_0325,557,1.989511006808449,2,2,0.8908987181403394,1,0,0,0,0,1
CUST_0460,OFFER_0769,582,3.0742487585122444,3,1,2.381101577952299,1,1,0,0,0,1
CUST_1502,OFFER_0129,530,1.1705679825151536,2,1,0.47742080195520825,1,0,0,0,0,0
CUST_1208,OFFER_1180,336,0.7012443263410065,3,1,0.008097145781061191,1,1,0,0,0,0
CUST_2751,OFFER_0227,488,0.9645101625800162,3,1,0.2713629820200709,1,1,0,0,0,0
CUST_1050,OFFER_0992,573,1.9825174889995245,2,1,1.2893703084395791,1,0,0,0,0,1
CUST_1949,OFFER_0772,264,0.6941699287267623,2,1,0.0010227481668170185,1,0,0,0,0,0
CUST_0907,OFFER_0871,460,0.7878794659668452,2,1,0.09473228540689993,1,0,0,0,0,0
CUST_2730,OFFER_1120,319,1.1040792788528955,3,2,0.005466990184785981,1,1,0,0,0,0
CUST_0604,OFFER_1308,308,0.695973878289321,2,1,0.0028266977293757403,1,0,0,0,0,0
CUST_1820,OFFER_0592,483,0.9349041133923663,3,1,0.24175693283242108,1,1,0,0,0,0
CUST_2344,OFFER_1247,71,0.6931530977076269,1,1,5.917147681555689e-06,0,0,1,0,0,0
CUST_0886,OFFER_0220,265,1.0996589424401177,2,2,0.0010466537720080996,1,0,0,0,0,0
CUST_0416,OFFER_0633,271,0.6943494700261025,2,1,0.0012022894661571448,1,0,0,0,0,0
CUST_2942,OFFER_0071,181,0.6932223236515801,1,1,7.514309163482166e-05,0,0,1,0,0,0
CUST_2491,OFFER_1090,389,0.7206990846134673,3,1,0.027551904053522078,1,1,0,0,0,0
CUST_1822,OFFER_1090,325,0.6952404881039614,1,1,0.002093307544016198,1,1,1,0,0,0
CUST_1358,OFFER_0251,579,2.1742447328465095,2,1,1.4810975522865644,1,0,0,0,0,1
CUST_0773,OFFER_0085,518,1.0549644899200399,2,1,0.3618173093600946,1,0,0,0,0,1
CUST_2402,OFFER_0629,506,0.9673534254836018,2,1,0.27420624492365653,1,0,0,0,0,1
CUST_0264,OFFER_1059,413,1.8237399033529542,3,5,0.03198043412489922,1,1,0,0,0,0
CUST_1538,OFFER_1207,581,2.24429194239368,2,1,1.5511447618337346,1,0,0,0,0,1
CUST_1755,OFFER_1289,447,0.7633010585792811,2,1,0.0701538780193358,1,0,0,0,0,1
CUST_2709,OFFER_0411,471,0.815292176614226,2,1,0.12214499605428074,1,0,0,0,0,1
CUST_1161,OFFER_1155,522,1.28842257504802,3,1,0.5952753944880749,1,1,0,0,0,1
CUST_1222,OFFER_0411,537,1.254378204714632,2,1,0.5612310241546866,1,0,0,0,0,1
CUST_1715,OFFER_1247,124,1.3863144952127673,1,3,2.0134092876783674e-05,0,0,1,0,0,0
CUST_2719,OFFER_0124,525,2.4496283123084606,5,3,1.0633339511885698,0,0,1,0,0,1
CUST_2369,OFFER_0788,502,1.0681471805599454,3,1,0.3750000000000001,1,1,0,0,0,1
CUST_2268,OFFER_0851,582,3.0742487585122444,3,1,2.381101577952299,1,1,0,0,0,0
CUST_1967,OFFER_0411,566,1.7899721602545715,2,1,1.0968249796946261,1,0,0,0,0,1
CUST_0264,OFFER_0519,530,1.814743491600922,3,2,0.7161312029328124,1,1,0,0,0,1
CUST_2516,OFFER_1131,307,0.6972903843559602,3,1,0.004143203796014927,1,1,0,0,0,0
CUST_2559,OFFER_0592,412,1.1454872886681096,3,2,0.04687500000000002,1,1,0,0,0,0
CUST_1644,OFFER_0141,526,1.1284224622080075,2,1,0.4352752816480622,1,0,0,0,0,1
CUST_1405,OFFER_0382,416,0.7445608514831309,3,1,0.0514136709231856,1,1,0,0,0,0
CUST_0575,OFFER_1072,533,1.2048341265583329,2,1,0.5116869459983876,1,0,0,0,0,1
CUST_2339,OFFER_0411,519,1.0634215686315862,2,1,0.37027438807164104,1,0,0,0,0,1
CUST_2709,OFFER_0592,471,0.8763646746413664,3,1,0.1832174940814211,1,1,0,0,0,0
CUST_2904,OFFER_0529,271,0.6943494700261025,2,1,0.0012022894661571448,1,0,0,0,0,0
CUST_2980,OFFER_0005,250,0.6942573245295574,3,1,0.001110143969612109,1,1,0,0,0,0
CUST_2192,OFFER_0859,491,0.9839868234037705,3,1,0.2908396428438252,1,1,0,0,0,1
CUST_1095,OFFER_0871,381,0.7084153050667303,2,1,0.015268124506785101,1,0,0,0,0,0
CUST_2912,OFFER_0859,491,0.9839868234037705,3,1,0.2908396428438252,1,1,0,0,0,1
CUST_1451,OFFER_0005,260,0.6945458743156734,3,1,0.00139869375572815,1,1,0,0,0,0
CUST_1694,OFFER_0433,539,1.2809211337017496,2,1,0.5877739531418044,1,0,0,0,0,1
CUST_0163,OFFER_1295,506,1.10445654794543,3,1,0.4113093673854848,1,1,0,0,0,1
CUST_1757,OFFER_0411,552,1.8836979695360947,3,1,1.1905507889761495,0,1,0,0,0,1
CUST_1555,OFFER_1034,507,1.5005273371192196,3,2,0.40191504845111004,1,1,0,0,0,1
CUST_2334,OFFER_0569,515,1.6049935184811808,3,2,0.5063812298130712,1,1,0,0,0,1
CUST_2989,OFFER_0916,518,1.0549644899200399,2,1,0.3618173093600946,1,0,0,0,0,0
CUST_0460,OFFER_1062,582,3.0742487585122444,3,1,2.381101577952299,1,1,0,0,0,1
CUST_0173,OFFER_0919,433,0.74391295533221,2,1,0.05076577477226472,1,0,0,0,0,0
CUST_0601,OFFER_1210,426,0.7579243468084348,3,1,0.06477716624848952,1,1,0,0,0,0
CUST_1222,OFFER_0875,514,1.023024158253169,2,1,0.32987697769322366,1,0,0,0,0,1
CUST_2521,OFFER_0529,301,0.6967540489584167,3,1,0.0036068683984714347,1,1,0,0,0,0
CUST_2832,OFFER_0592,440,1.1582898889125106,2,2,0.059677600244401045,1,1,1,0,0,0
CUST_2344,OFFER_0921,521,1.080933371018379,2,1,0.3877861904584337,1,0,0,0,0,1
CUST_1419,OFFER_0300,56,0.6931513646151962,1,1,4.184055250910289e-06,0,0,1,0,0,0
CUST_2833,OFFER_0307,521,1.080933371018379,2,1,0.3877861904584337,1,0,0,0,0,1
CUST_1594,OFFER_1120,318,0.6984893045163411,3,1,0.0053421239563958035,1,1,0,0,0,0
CUST_0885,OFFER_0871,351,0.7007812428133379,2,1,0.0076340622533925505,1,0,0,0,0,0
CUST_0264,OFFER_0147,452,0.8112647789875896,3,1,0.11811759842764438,1,1,0,0,0,0
CUST_1789,OFFER_0871,468,0.8071124916297223,2,1,0.11396531106977709,1,0,0,0,0,0
CUST_1453,OFFER_0310,269,0.6942951765621753,2,1,0.0011479960022300862,1,0,0,0,0,0
CUST_2252,OFFER_0325,551,1.4687195614768127,2,1,0.7755723809168673,1,0,0,0,0,1
CUST_0540,OFFER_1171,532,1.4431471805599454,3,1,0.75,1,1,0,0,0,0
CUST_1118,OFFER_0129,523,1.3023364778271218,3,1,0.6091892972671766,1,1,0,0,0,0
CUST_1861,OFFER_0871,297,0.6953394892480496,2,1,0.0021923086881042446,1,0,0,0,0,0
CUST_2741,OFFER_0411,535,1.229033911828092,2,1,0.5358867312681466,1,0,0,0,0,1
CUST_1869,OFFER_1090,378,0.7073928444436675,2,1,0.014245663883722132,1,0,0,0,0,0
CUST_2556,OFFER_0769,576,2.075060060527721,2,1,1.381912879967776,1,0,0,0,0,1
CUST_2334,OFFER_0519,503,1.076912390058736,3,1,0.38376520949879067,1,1,0,0,0,1
CUST_2109,OFFER_0592,458,0.7383743442299571,1,1,0.045227163670011825,1,1,1,0,0,0
CUST_0460,OFFER_0457,582,3.0742487585122444,3,1,2.381101577952299,1,1,0,0,0,1
CUST_0233,OFFER_0167,474,2.5245039907176654,5,8,0.327279413381446,0,0,1,0,0,1
CUST_1161,OFFER_0026,522,1.0899974435519952,2,1,0.3968502629920499,1,0,0,0,0,1
CUST_2844,OFFER_0328,214,0.6933082533029595,1,1,0.00016107274301426942,0,0,1,0,0,0
CUST_0065,OFFER_0690,310,1.390734936998339,3,3,0.0044405758784484325,1,1,0,0,0,0
CUST_1291,OFFER_0665,435,0.7463138781193738,2,1,0.053166697559428495,1,0,0,0,0,0
CUST_0264,OFFER_0592,484,0.940554913829863,3,1,0.24740773326991772,1,1,0,0,0,0
CUST_0157,OFFER_1125,586,3.3047988704483178,3,1,2.6116516898883724,1,1,0,0,0,1
CUST_1101,OFFER_0129,530,1.4092783834927576,3,1,0.7161312029328124,1,1,0,0,0,0
CUST_1141,OFFER_1180,298,0.694268956297247,1,1,0.001121775737301793,1,1,1,0,0,0
CUST_2269,OFFER_0184,314,0.698017715107657,3,1,0.004870534547711646,1,1,0,0,0,0
CUST_2449,OFFER_0181,326,0.6995738894253435,3,1,0.006426708865398204,1,1,0,0,0,0
CUST_2866,OFFER_0437,488,0.8740558352399925,2,1,0.1809086546800473,1,0,0,0,0,1
CUST_2011,OFFER_0762,468,1.6712076387943333,5,3,0.28491327767444274,0,0,1,0,0,1
CUST_1785,OFFER_0869,91,0.6931565734463997,1,1,9.392886454352706e-06,0,0,1,0,0,0
CUST_0790,OFFER_0922,468,0.8071124916297223,2,1,0.11396531106977709,1,0,0,0,0,1
CUST_0066,OFFER_0449,564,1.740441303380572,2,1,1.0472941228206267,1,0,0,0,0,1
CUST_2652,OFFER_0992,580,2.2088637470703434,2,1,1.5157165665103982,1,0,0,0,0,1
CUST_1909,OFFER_0227,496,1.019603641795992,3,1,0.3264564612360466,1,1,0,0,0,0
CUST_0127,OFFER_1091,567,1.8156092288693184,2,1,1.122462048309373,1,0,0,0,0,1
CUST_0540,OFFER_0156,510,1.144281569090739,3,1,0.45113438853079374,1,1,0,0,0,0
CUST_1201,OFFER_0503,405,0.7197305293396595,2,1,0.026583348779714234,1,0,0,0,0,0
CUST_1148,OFFER_0089,444,0.7586030632362345,2,1,0.06545588267628918,1,0,0,0,0,1
CUST_2195,OFFER_0937,239,0.6940081775616178,3,1,0.0008609970016725654,1,1,0,0,0,0
CUST_0221,OFFER_0665,439,0.7514617425309957,2,1,0.05831456197105046,1,0,0,0,0,0
CUST_2328,OFFER_0272,302,0.6956079638605213,2,1,0.0024607833005759233,1,0,0,0,0,0
CUST_0264,OFFER_0651,312,0.6977977695793833,3,1,0.004650589019438086,1,1,0,0,0,0
CUST_2344,OFFER_0379,521,1.080933371018379,2,1,0.3877861904584337,1,0,0,0,0,1
CUST_0013,OFFER_1241,570,2.49768473468312,3,1,1.804537554123175,1,1,0,0,0,1
CUST_0405,OFFER_0156,490,0.882611751373745,2,1,0.18946457081379978,1,0,0,0,0,0
CUST_2951,OFFER_1059,396,0.7147395693094418,2,1,0.021592388749496497,1,0,0,0,0,0
CUST_0129,OFFER_1258,242,0.6937623763850893,2,1,0.0006151958251439807,1,0,0,0,0,0
CUST_1227,OFFER_0848,448,0.8726312985282321,5,1,0.17948411796828673,1,1,1,0,0,1
CUST_1038,OFFER_1186,330,0.6978464971071411,2,1,0.004699316547195766,1,0,0,0,0,0
CUST_2959,OFFER_1140,303,0.6956654819436163,2,1,0.002518301383671054,1,0,0,0,0,0
CUST_2854,OFFER_1180,272,0.6937623763850893,1,1,0.0006151958251439808,1,1,1,0,0,0
CUST_2620,OFFER_1059,386,0.7102850708676738,2,1,0.017137890307728547,1,0,0,0,0,0
CUST_0264,OFFER_0904,237,0.6939692963179844,3,1,0.0008221157580390924,1,1,0,0,0,0
CUST_0264,OFFER_1090,484,1.707621736448534,3,4,0.09818382401443378,1,1,1,0,0,0
CUST_1247,OFFER_0841,422,0.7325197133691601,2,1,0.03937253280921481,1,0,0,0,0,0
CUST_1168,OFFER_0841,414,0.7258751218980899,2,1,0.032727941338144606,1,0,0,0,0,0
CUST_2381,OFFER_1161,469,0.8680908664730966,3,1,0.1749436859131514,1,1,0,0,0,0
CUST_0472,OFFER_1006,490,0.882611751373745,2,1,0.18946457081379978,1,0,0,0,0,0
CUST_0649,OFFER_0690,310,0.6961075644789109,2,1,0.0029603839189656215,1,0,0,0,0,0
CUST_0150,OFFER_0859,488,0.9645101625800162,3,1,0.2713629820200709,1,1,0,0,0,1
CUST_1249,OFFER_1090,425,0.7353456163777012,2,1,0.04219843581775594,1,0,0,0,0,0
CUST_1746,OFFER_0592,435,0.772897226899088,3,1,0.07975004633914275,1,1,0,0,0,0
CUST_1295,OFFER_0752,485,0.9463377954664809,3,1,0.2531906149065356,1,1,0,0,0,0
CUST_2573,OFFER_0529,276,0.6944967048567888,2,1,0.0013495242968435317,1,0,0,0,0,0
CUST_2725,OFFER_0915,306,0.6971957534504759,3,1,0.004048572890530595,1,1,0,0,0,0
CUST_0095,OFFER_1237,192,0.6932440678311835,1,1,9.688727123829343e-05,0,0,1,0,0,0
CUST_0939,OFFER_0411,449,0.8033547967740337,3,1,0.11020761621408834,1,1,0,0,0,1
CUST_2215,OFFER_1256,233,0.6936468748431468,2,1,0.0004996942832015505,1,0,0,0,0,0
CUST_2318,OFFER_1006,568,1.8418455355569803,2,1,1.148698354997035,1,0,0,0,0,0
CUST_2045,OFFER_0529,318,0.6967085965308758,2,1,0.0035614159709305357,1,0,0,0,0,0
CUST_1433,OFFER_0698,442,0.7556471805599453,2,1,0.0625,1,0,0,0,0,1
CUST_2837,OFFER_0167,586,3.127395487712139,3,3,1.7411011265922482,1,1,0,0,0,1
CUST_0627,OFFER_0167,503,1.076912390058736,3,1,0.38376520949879067,1,1,0,0,0,1
CUST_1305,OFFER_0356,253,0.6939403957907619,2,1,0.0007932152308166369,1,0,0,0,0,0
CUST_0188,OFFER_0729,277,0.6952187824579528,3,1,0.0020716018980074633,1,1,0,0,0,0
CUST_0813,OFFER_0313,281,0.6946619703664235,2,1,0.0015147898064782573,1,0,0,0,0,0
CUST_1743,OFFER_0871,439,1.1860841316246853,3,2,0.0874718429565757,1,1,0,0,0,0
CUST_0545,OFFER_0167,506,0.9673534254836018,2,1,0.27420624492365653,1,0,0,0,0,1
CUST_0765,OFFER_1059,403,0.7185300679460777,2,1,0.02538288738613237,1,0,0,0,0,0
CUST_2040,OFFER_0005,246,0.6941593237825779,3,1,0.0010121432226326485,1,1,0,0,0,0
CUST_0902,OFFER_1186,336,0.6985452777473194,2,1,0.005398097187374128,1,0,0,0,0,0
CUST_0902,OFFER_0871,336,0.6985452777473194,2,1,0.005398097187374128,1,0,0,0,0,0
CUST_1700,OFFER_1250,585,2.3944815024616566,2,1,1.7013343219017114,1,0,0,0,0,1
CUST_0474,OFFER_0581,136,0.6931737476547725,1,1,2.656709482715224e-05,0,0,1,0,0,0
CUST_0961,OFFER_1241,570,1.896172216642062,2,1,1.2030250360821166,1,0,0,0,0,1
CUST_0106,OFFER_0907,524,1.108766128631339,2,1,0.4156189480713939,1,0,0,0,0,1
CUST_0657,OFFER_0206,78,0.6931541364505135,1,1,6.9558905682236974e-06,0,0,1,0,0,0
CUST_0906,OFFER_0005,252,1.7929221164829146,3,5,0.0011626472548595223,1,1,0,0,0,0
CUST_0735,OFFER_0877,532,1.5986122886681096,2,2,0.5,1,0,0,0,0,1
CUST_2504,OFFER_0863,520,1.2615408930013445,3,1,0.5683937124413992,1,1,0,0,0,1
CUST_1222,OFFER_0682,514,1.023024158253169,2,1,0.32987697769322366,1,0,0,0,0,1
CUST_0460,OFFER_0370,582,3.0742487585122444,3,1,2.381101577952299,1,1,0,0,0,1
CUST_2649,OFFER_0773,158,0.6931913477119668,1,1,4.416715202149588e-05,0,0,1,0,0,0
CUST_1952,OFFER_0850,353,0.70114228909117,2,1,0.007995108531224803,1,0,0,0,0,0
CUST_2866,OFFER_0049,488,0.8740558352399925,2,1,0.1809086546800473,1,0,0,0,0,1
CUST_0625,OFFER_0488,448,0.8008376513409173,3,1,0.10769047078097205,1,1,0,0,0,0
CUST_0122,OFFER_0859,488,0.8740558352399925,2,1,0.1809086546800473,1,0,0,0,0,1
CUST_2883,OFFER_0251,574,2.0126550913328396,2,1,1.3195079107728942,1,0,0,0,0,1
CUST_0277,OFFER_0071,197,0.6932559328448745,1,1,0.00010875228492924067,0,0,1,0,0,0
CUST_2556,OFFER_0788,576,2.075060060527721,2,1,1.381912879967776,1,0,0,0,0,1
CUST_0902,OFFER_1090,336,0.6985452777473194,2,1,0.005398097187374128,1,0,0,0,0,0
CUST_0264,OFFER_0401,237,0.6939692963179844,3,1,0.0008221157580390924,1,1,0,0,0,0
CUST_2364,OFFER_0863,516,1.0386254005518893,2,1,0.34547821999194406,1,0,0,0,0,1
CUST_0575,OFFER_1106,532,1.1931471805599454,2,1,0.5,1,0,0,0,0,1
CUST_1161,OFFER_0319,522,1.28842257504802,3,1,0.5952753944880749,1,1,0,0,0,1
CUST_1972,OFFER_0778,555,1.9492794496189654,2,2,0.8506671609508558,1,0,0,0,0,1
CUST_2443,OFFER_1247,44,0.6931503514808748,1,1,3.1709209294997727e-06,0,0,1,0,0,0
CUST_0264,OFFER_0581,237,0.6936952577319714,2,1,0.0005480771720260616,1,0,0,0,0,0
CUST_0051,OFFER_0071,217,0.6933198140514459,1,1,0.0001726334915006219,0,0,1,0,0,0
CUST_0128,OFFER_1034,441,0.8458284256277963,5,1,0.15268124506785097,0,0,1,0,0,1
CUST_0068,OFFER_1154,437,0.7488283504437165,2,1,0.05568116988377121,1,0,0,0,0,0
CUST_0162,OFFER_1102,583,3.129904369628652,3,1,2.4367571890687065,0,1,0,0,0,1
CUST_0754,OFFER_0294,477,1.0439165706566245,5,1,0.35076939009667907,0,0,1,0,0,1
CUST_1621,OFFER_0812,257,0.6935821896996622,1,1,0.0004350091397169624,1,1,1,0,0,0
CUST_2100,OFFER_0325,531,1.1817271647770682,2,1,0.48857998421712295,1,0,0,0,0,1
CUST_1889,OFFER_1237,260,1.6108366061898285,3,4,0.00139869375572815,1,1,1,0,0,0
CUST_0169,OFFER_1180,379,0.7004365008063266,1,1,0.00728932024638131,1,1,1,0,0,0
CUST_0645,OFFER_0271,395,0.7142463984688232,2,1,0.02109921790887797,1,0,0,0,0,0
CUST_0616,OFFER_0859,480,0.9187143748253421,3,1,0.22556719426539687,1,1,0,0,0,1
CUST_2876,OFFER_0871,487,0.8699238758565822,2,1,0.1767766952966369,1,0,0,0,0,0
CUST_0725,OFFER_0690,313,0.6979064719448451,3,1,0.004759291384899822,1,1,0,0,0,0
CUST_0106,OFFER_1034,524,1.316575602667036,3,1,0.6234284221070908,1,1,0,0,0,1
CUST_2730,OFFER_0503,438,1.4717683444222234,3,3,0.08547398330233281,1,1,0,0,0,0
CUST_1375,OFFER_1154,409,0.7368831020382332,3,1,0.043735921478287865,1,1,0,0,0,0
CUST_2639,OFFER_0980,483,0.8543184691148926,2,1,0.1611712885549474,1,0,0,0,0,1
CUST_0575,OFFER_1091,532,1.1931471805599454,2,1,0.5,1,0,0,0,0,1
CUST_0496,OFFER_0401,320,0.6968770305752203,2,1,0.003729850015275064,1,0,0,0,0,0
CUST_2591,OFFER_0690,313,1.390534407713954,3,3,0.004240046594063611,1,1,0,0,0,0
CUST_0423,OFFER_0073,333,0.6981837833272874,2,1,0.0050366027673421085,1,0,0,0,0,0
CUST_1288,OFFER_0167,554,1.5243850767027332,2,1,0.8312378961427878,1,0,0,0,0,1
CUST_2980,OFFER_0752,480,0.8435253100702098,2,1,0.15037812951026458,1,0,0,0,0,0
CUST_0365,OFFER_0525,446,0.7616987417908594,2,1,0.0685515612309141,1,0,0,0,0,1
CUST_2100,OFFER_1289,531,1.1817271647770682,2,1,0.48857998421712295,1,0,0,0,0,1
CUST_1055,OFFER_0167,587,2.4749446168406237,2,1,1.7817974362806785,1,0,0,0,0,1
CUST_2085,OFFER_0592,488,0.9645101625800162,3,1,0.2713629820200709,1,1,0,0,0,0
CUST_2203,OFFER_1180,335,0.6984219850371648,2,1,0.0052748044772194915,1,0,0,0,0,0
CUST_2103,OFFER_0529,316,0.6982480627667585,3,1,0.005100882206813228,1,1,0,0,0,0
CUST_2903,OFFER_0005,251,0.694283272914804,3,1,0.0011360923548586928,1,1,0,0,0,0
CUST_0460,OFFER_0167,582,3.0742487585122444,3,1,2.381101577952299,1,1,0,0,0,1
CUST_1952,OFFER_1059,353,0.70114228909117,2,1,0.007995108531224803,1,0,0,0,0,0
CUST_1168,OFFER_1090,414,0.7422390925671623,3,1,0.04909191200721691,1,1,0,0,0,0
CUST_2605,OFFER_0919,432,0.7427534634339515,2,1,0.04960628287400622,1,0,0,0,0,0
CUST_0447,OFFER_0227,451,0.7700937063940025,2,1,0.07694652583405727,1,0,0,0,0,0
CUST_1805,OFFER_0503,418,0.7290440041536026,2,1,0.03589682359365736,1,0,0,0,0,0
CUST_1375,OFFER_0888,524,1.108766128631339,2,1,0.4156189480713939,1,0,0,0,0,1
CUST_0158,OFFER_0529,262,0.6941237430599453,2,1,0.0009765624999999999,1,0,0,0,0,0
CUST_0770,OFFER_1207,527,1.138596539630115,2,1,0.44544935907016964,1,0,0,0,0,1
CUST_0950,OFFER_1090,346,0.6965477686978208,1,1,0.0034005881378754853,1,1,1,0,0,0
CUST_1231,OFFER_0813,485,0.861940923830969,2,1,0.16879374327102373,1,0,0,0,0,1
CUST_0714,OFFER_0005,268,1.1002949522740622,3,2,0.0016826636059526895,1,1,0,0,0,0
CUST_2914,OFFER_0049,518,1.0549644899200399,2,1,0.3618173093600946,1,0,0,0,0,1
CUST_0666,OFFER_0937,245,0.694136206399424,3,1,0.0009890258394786554,1,1,0,0,0,0
CUST_2193,OFFER_0867,590,2.602830388380778,2,1,1.909683207820833,1,0,0,0,0,0
CUST_1850,OFFER_0005,264,0.6946813028101708,3,1,0.0015341222502255278,1,1,0,0,0,0
CUST_1225,OFFER_1005,571,1.9242915939048615,2,1,1.2311444133449163,1,0,0,0,0,1
CUST_1009,OFFER_0908,383,1.114602505730559,2,2,0.01599021706244961,1,0,0,0,0,0
CUST_1304,OFFER_0686,478,0.8367344749345746,2,1,0.1435872943746294,1,0,0,0,0,0
CUST_0315,OFFER_0812,490,0.882611751373745,2,1,0.18946457081379978,1,0,0,0,0,0
CUST_1865,OFFER_0922,522,1.0899974435519952,2,1,0.3968502629920499,1,0,0,0,0,1
CUST_2753,OFFER_1090,406,0.7203518856629492,2,1,0.027204705103003865,1,0,0,0,0,0
CUST_2883,OFFER_0358,574,2.0126550913328396,2,1,1.3195079107728942,1,0,0,0,0,1
CUST_2970,OFFER_0841,417,0.7457625890744471,3,1,0.052615408514501846,1,1,0,0,0,0
CUST_0095,OFFER_1090,374,0.7061352726871764,2,1,0.012988092127231059,1,0,0,0,0,0
CUST_0021,OFFER_1140,332,1.3916364850762863,3,3,0.0053421239563958035,1,1,0,0,0,0
CUST_1622,OFFER_1180,419,0.729883052631308,2,1,0.03673587207136277,1,0,0,0,0,0
CUST_2225,OFFER_0525,528,1.5544735329472181,2,2,0.45586124427910846,1,0,0,0,0,1
CUST_1161,OFFER_0525,522,1.0899974435519952,2,1,0.3968502629920499,1,0,0,0,0,1
CUST_2500,OFFER_0788,515,1.0307346671019928,2,1,0.33758748654204745,1,0,0,0,0,1
CUST_0666,OFFER_0071,245,0.694136206399424,3,1,0.0009890258394786554,1,1,0,0,0,0
CUST_0625,OFFER_0592,483,1.259783577223057,3,2,0.1611712885549474,1,1,0,0,0,0
CUST_0737,OFFER_1241,583,2.317651973272416,2,1,1.624504792712471,1,0,0,0,0,1
CUST_0283,OFFER_0928,267,0.6942433349039974,2,1,0.0010961543440521223,1,0,0,0,0,0
CUST_1222,OFFER_0282,514,1.023024158253169,2,1,0.32987697769322366,1,0,0,0,0,1
CUST_1222,OFFER_1235,514,1.023024158253169,2,1,0.32987697769322366,1,0,0,0,0,1
CUST_0021,OFFER_1126,248,0.6938538549922892,2,1,0.000706674432343935,1,0,0,0,0,0
CUST_1153,OFFER_0612,586,5.045899997040566,5,1,4.352752816480621,0,0,1,0,0,1
CUST_1087,OFFER_0919,419,0.729883052631308,2,1,0.03673587207136277,1,0,0,0,0,0
CUST_2054,OFFER_0411,576,2.075060060527721,2,1,1.381912879967776,1,0,0,0,0,1
CUST_0283,OFFER_0574,267,0.6947914120760235,3,1,0.0016442315160781836,1,1,0,0,0,0
CUST_0021,OFFER_0639,248,0.6938538549922892,2,1,0.000706674432343935,1,0,0,0,0,0
CUST_2100,OFFER_1271,546,1.3841036205438333,2,1,0.690956439983888,1,0,0,0,0,1
CUST_2736,OFFER_0049,555,1.5438143415108012,2,1,0.8506671609508558,1,0,0,0,0,1
CUST_1127,OFFER_0871,373,0.6994929024064783,1,1,0.006345721846533091,1,1,1,0,0,0
CUST_1555,OFFER_1170,479,0.8400906688453964,2,1,0.14694348828545112,1,0,0,0,0,1
CUST_0264,OFFER_0812,237,0.6939692963179844,3,1,0.0008221157580390924,1,1,0,0,0,0
CUST_2298,OFFER_1090,435,1.689187958773243,3,4,0.07975004633914275,1,1,0,0,0,0
CUST_1047,OFFER_0313,309,0.6960399492167549,2,1,0.002892768656809697,1,0,0,0,0,0
CUST_1754,OFFER_1247,102,0.69315929146885,1,1,1.2110908904786676e-05,0,0,1,0,0,0
CUST_2748,OFFER_0710,398,0.7157607623949512,2,1,0.02261358183500591,1,0,0,0,0,0
CUST_2123,OFFER_0129,530,2.3255691153669127,3,4,0.7161312029328124,1,1,0,0,0,0
CUST_1955,OFFER_0705,540,1.5954159576215328,3,1,0.9022687770615876,1,1,0,0,0,1
CUST_0697,OFFER_0271,354,0.7013291658944815,2,1,0.00818198533453615,1,0,0,0,0,0
CUST_0009,OFFER_0553,324,0.6972381732272134,2,1,0.004090992667268075,1,0,0,0,0,0
CUST_0264,OFFER_1180,237,0.6936952577319714,2,1,0.0005480771720260616,1,0,0,0,0,0
CUST_0233,OFFER_0739,474,1.4258917020495556,5,2,0.327279413381446,0,0,1,0,0,1
CUST_2805,OFFER_0005,263,0.6946462634095499,3,1,0.0014990828496046515,1,1,0,0,0,0
CUST_1289,OFFER_1300,133,0.6931719685359083,1,1,2.478797596301987e-05,0,0,1,0,0,0
CUST_1715,OFFER_0690,308,0.6973872271540089,3,1,0.004240046594063611,1,1,0,0,0,0
CUST_1715,OFFER_0529,308,0.695973878289321,2,1,0.0028266977293757403,1,0,0,0,0,0
CUST_0041,OFFER_0877,463,0.8454445048767394,3,1,0.15229732431679416,1,1,0,0,0,1
CUST_1728,OFFER_0851,580,2.614328855178508,2,2,1.5157165665103982,1,0,0,0,0,0
CUST_0315,OFFER_0325,490,0.882611751373745,2,1,0.18946457081379978,1,0,0,0,0,1
CUST_0065,OFFER_0651,310,1.103052864546558,3,2,0.0044405758784484325,1,1,0,0,0,0
CUST_2222,OFFER_0553,322,0.6990065555599453,3,1,0.005859375,1,1,0,0,0,0
CUST_1375,OFFER_0592,409,0.7368831020382332,3,1,0.043735921478287865,1,1,0,0,0,0
CUST_1629,OFFER_1154,412,1.1454872886681096,3,2,0.04687500000000002,1,1,0,0,0,0
CUST_2804,OFFER_1204,495,0.9058139707976592,2,1,0.21266679023771393,1,0,0,0,0,1
CUST_0749,OFFER_0073,364,0.7034558361128586,2,1,0.01030865555291324,1,0,0,0,0,0
CUST_0338,OFFER_0851,586,1.5636977438560695,1,1,0.8705505632961241,0,0,1,0,0,0
CUST_0616,OFFER_1241,480,0.8435253100702098,2,1,0.15037812951026458,1,0,0,0,0,1
CUST_0575,OFFER_0863,537,2.2281408973519206,3,3,0.84184653623203,1,1,0,0,0,1
CUST_2989,OFFER_1289,518,1.0549644899200399,2,1,0.3618173093600946,1,0,0,0,0,1
CUST_1555,OFFER_0859,479,0.8400906688453964,2,1,0.14694348828545112,1,0,0,0,0,1
CUST_0264,OFFER_0310,237,0.6939692963179844,3,1,0.0008221157580390924,1,1,0,0,0,0
CUST_0460,OFFER_0219,582,2.2805482325281448,2,1,1.5874010519681994,1,0,0,0,0,1
CUST_1964,OFFER_0942,274,0.6950800534761166,3,1,0.0019328729161712317,1,1,0,0,0,0
CUST_0683,OFFER_0167,573,1.9825174889995245,2,1,1.2893703084395791,1,0,0,0,0,1
CUST_1776,OFFER_0871,440,0.7826635809265469,3,1,0.08951640036660156,1,1,0,0,0,0
CUST_0905,OFFER_0788,442,0.7556471805599453,2,1,0.0625,1,0,0,0,0,1
CUST_0251,OFFER_0129,523,1.3023364778271218,3,1,0.6091892972671766,1,1,0,0,0,0
CUST_1700,OFFER_0806,585,2.7999466105698207,2,2,1.7013343219017114,1,0,0,0,0,1
CUST_2770,OFFER_0812,434,1.4359006439938968,2,3,0.04960628287400622,1,1,1,0,0,0
CUST_0575,OFFER_0049,533,1.6102992346664973,2,2,0.5116869459983876,1,0,0,0,0,1
CUST_0575,OFFER_0352,532,1.1931471805599454,2,1,0.5,1,0,0,0,0,1
CUST_1728,OFFER_0123,589,3.492246155170368,3,1,2.7990989746104225,1,1,0,0,0,1
CUST_2697,OFFER_1125,556,2.3746130300943933,3,2,1.2760007414262837,1,1,0,0,0,1
CUST_1222,OFFER_0698,514,1.023024158253169,2,1,0.32987697769322366,1,0,0,0,0,1
CUST_0106,OFFER_0762,524,1.316575602667036,3,1,0.6234284221070908,1,1,0,0,0,1
CUST_2479,OFFER_0556,66,0.6931524521392298,1,1,5.271579284545042e-06,0,0,1,0,0,0
CUST_2686,OFFER_0863,534,1.4786177726754155,3,1,0.7854705921154701,1,1,0,0,0,1
CUST_1538,OFFER_0642,581,2.24429194239368,2,1,1.5511447618337346,1,0,0,0,0,1
CUST_2064,OFFER_1131,287,0.6948872171188132,2,1,0.0017400365588678497,1,0,0,0,0,0
CUST_0264,OFFER_1144,237,0.6939692963179844,3,1,0.0008221157580390924,1,1,0,0,0,0
CUST_0700,OFFER_0358,589,2.55921316363356,2,1,1.8660659830736148,1,0,0,0,0,1
CUST_0128,OFFER_0070,483,1.5015405100554782,5,2,0.4029282213873685,0,0,1,0,0,1
CUST_2100,OFFER_0686,531,1.1817271647770682,2,1,0.48857998421712295,1,0,0,0,0,0
CUST_0901,OFFER_1180,416,0.7274229611754024,2,1,0.034275780615457066,1,0,0,0,0,0
CUST_0365,OFFER_1192,446,0.7616987417908594,2,1,0.0685515612309141,1,0,0,0,0,1
CUST_1700,OFFER_0537,585,2.3944815024616566,2,1,1.7013343219017114,1,0,0,0,0,1
CUST_2147,OFFER_0980,473,0.8850297853093406,3,1,0.19188260474939534,1,1,0,0,0,1
CUST_0616,OFFER_0326,480,0.8435253100702098,2,1,0.15037812951026458,1,0,0,0,0,1
CUST_1978,OFFER_0556,27,0.6931493214863985,1,1,2.140926453226802e-06,0,0,1,0,0,0
CUST_0654,OFFER_0005,246,0.6938219427083671,2,1,0.0006747621484217657,1,0,0,0,0,0
CUST_0219,OFFER_0915,320,0.6968770305752203,2,1,0.003729850015275064,1,0,0,0,0,0
CUST_1157,OFFER_0071,180,0.6932206073809952,1,1,7.342682104993401e-05,0,0,1,0,0,0
CUST_0596,OFFER_0915,309,0.6960399492167549,2,1,0.002892768656809697,1,0,0,0,0,0
CUST_2747,OFFER_0992,550,1.4510054638151444,2,1,0.757858283255199,1,0,0,0,0,1
CUST_0575,OFFER_0411,532,1.1931471805599454,2,1,0.5,1,0,0,0,0,1
CUST_0575,OFFER_0877,532,1.1931471805599454,2,1,0.5,1,0,0,0,0,1
CUST_1161,OFFER_0528,522,1.28842257504802,3,1,0.5952753944880749,1,1,0,0,0,1
CUST_1449,OFFER_0928,245,0.694136206399424,3,1,0.0009890258394786554,1,1,0,0,0,0
CUST_1964,OFFER_0275,274,0.6944357625040595,2,1,0.0012885819441141545,1,0,0,0,0,0
CUST_0460,OFFER_1224,582,2.2805482325281448,2,1,1.5874010519681994,1,0,0,0,0,1
CUST_0961,OFFER_0992,570,1.896172216642062,2,1,1.2030250360821166,1,0,0,0,0,1
CUST_2334,OFFER_0673,503,0.948990653559139,2,1,0.2558434729991938,1,0,0,0,0,1
CUST_2410,OFFER_0503,419,0.7482509886669895,3,1,0.055103808107044155,1,1,0,0,0,0
CUST_2334,OFFER_1091,557,1.989511006808449,3,2,0.8908987181403394,1,1,0,0,0,1
CUST_0460,OFFER_1005,582,3.0742487585122444,3,1,2.381101577952299,1,1,0,0,0,1
CUST_1638,OFFER_1154,412,0.7400221805599453,3,1,0.04687500000000002,1,1,0,0,0,0
CUST_2872,OFFER_0859,490,0.977344036780645,3,1,0.2841968562206997,1,1,0,0,0,1
CUST_0854,OFFER_0871,453,0.8140256469761559,3,1,0.12087846641621054,1,1,0,0,0,0
CUST_1963,OFFER_0311,106,0.6931604641073589,1,1,1.3283547413576118e-05,0,0,1,0,0,0
CUST_2956,OFFER_0031,581,2.24429194239368,2,1,1.5511447618337346,1,0,0,0,0,0
CUST_0621,OFFER_0184,314,0.698017715107657,3,1,0.004870534547711646,1,1,0,0,0,0
CUST_0460,OFFER_0358,582,3.0742487585122444,3,1,2.381101577952299,1,1,0,0,0,1
CUST_2544,OFFER_1327,238,0.6937080684285962,2,1,0.0005608878686508964,1,0,0,0,0,0
CUST_0741,OFFER_1090,383,0.7091373976223949,2,1,0.01599021706244961,1,0,0,0,0,0
CUST_2504,OFFER_0420,520,1.0720763221875447,2,1,0.3789291416275995,1,0,0,0,0,1
CUST_1715,OFFER_0313,241,0.6937483252930239,2,1,0.0006011447330785723,1,0,0,0,0,0
CUST_0354,OFFER_0908,424,0.7343818027715983,2,1,0.041234622211652944,1,0,0,0,0,0
CUST_0694,OFFER_0129,530,1.814743491600922,3,2,0.7161312029328124,1,1,0,0,0,0
CUST_0264,OFFER_0928,237,0.6939692963179844,3,1,0.0008221157580390924,1,1,0,0,0,0
CUST_1056,OFFER_0503,406,0.733954238214451,3,1,0.0408070576545058,1,1,0,0,0,0
CUST_0177,OFFER_0769,574,2.0126550913328396,2,1,1.3195079107728942,1,0,0,0,0,1
CUST_1660,OFFER_0851,576,2.7660165005116095,3,1,2.072869319951664,1,1,0,0,0,0
CUST_1168,OFFER_0503,414,0.7258751218980899,2,1,0.032727941338144606,1,0,0,0,0,0
CUST_0177,OFFER_0167,574,2.0126550913328396,2,1,1.3195079107728942,1,0,0,0,0,1
CUST_0780,OFFER_0227,298,0.6953907320345488,2,1,0.002243551474603586,1,0,0,0,0,0
CUST_0648,OFFER_0859,488,1.3699752706881805,3,2,0.2713629820200709,1,1,0,0,0,1
CUST_0664,OFFER_0411,442,0.7556471805599453,2,1,0.0625,1,0,0,0,0,1
CUST_1193,OFFER_0698,515,1.0307346671019928,2,1,0.33758748654204745,1,0,0,0,0,1
CUST_0411,OFFER_0824,576,2.7660165005116095,3,1,2.072869319951664,1,1,0,0,0,1
CUST_0616,OFFER_0369,480,0.8435253100702098,2,1,0.15037812951026458,1,0,0,0,0,1
CUST_1538,OFFER_0877,581,2.24429194239368,2,1,1.5511447618337346,1,0,0,0,0,1
CUST_0579,OFFER_0651,312,1.1031566580875443,3,2,0.004544369419434773,1,1,0,0,0,0
CUST_0741,OFFER_1095,383,0.7091373976223949,2,1,0.01599021706244961,1,0,0,0,0,0
CUST_1001,OFFER_0368,463,0.8454445048767394,3,1,0.15229732431679416,1,1,0,0,0,1
CUST_0538,OFFER_0878,583,3.129904369628652,3,1,2.4367571890687065,1,1,0,0,0,1
CUST_2423,OFFER_0075,217,0.6933198140514459,1,1,0.0001726334915006219,0,0,1,0,0,0
CUST_2921,OFFER_1180,297,1.1008045973562137,2,2,0.0021923086881042446,1,0,0,0,0,0
CUST_2639,OFFER_1078,483,0.8543184691148926,2,1,0.1611712885549474,1,0,0,0,0,1
CUST_0021,OFFER_0275,248,0.6938538549922892,2,1,0.000706674432343935,1,0,0,0,0,0
CUST_0754,OFFER_0411,383,0.7331227232160693,5,1,0.03997554265612402,0,0,1,0,0,1
CUST_2418,OFFER_0824,573,2.627202643219314,3,1,1.9340554626593687,1,1,0,0,0,1
CUST_2622,OFFER_1308,236,1.0994156272762843,3,2,0.000803338608174776,1,1,0,0,0,0
CUST_0616,OFFER_0926,480,0.8435253100702098,2,1,0.15037812951026458,1,0,0,0,0,1
CUST_2408,OFFER_0181,268,0.694268956297247,2,1,0.001121775737301793,1,0,0,0,0,0
CUST_2957,OFFER_0071,230,1.0993116355459736,3,2,0.0006993468778640743,1,1,1,0,0,0
CUST_2328,OFFER_0529,302,0.6968383555108092,3,1,0.003691174950863885,1,1,0,0,0,0
CUST_1914,OFFER_1254,190,0.6932396925574129,1,1,9.251199746767555e-05,0,0,1,0,0,0
CUST_2236,OFFER_0073,291,0.6950556961232934,2,1,0.0019085155633481372,1,0,0,0,0,0
CUST_2736,OFFER_1102,555,1.5438143415108012,2,1,0.8506671609508558,1,0,0,0,0,1
CUST_1308,OFFER_0129,537,1.5349937167919752,3,1,0.84184653623203,1,1,0,0,0,0
CUST_2294,OFFER_0928,242,0.6937623763850893,2,1,0.0006151958251439807,1,0,0,0,0,0
CUST_2657,OFFER_0859,485,0.9463377954664809,3,1,0.2531906149065356,1,1,0,0,0,1
CUST_0460,OFFER_0992,582,3.0742487585122444,3,1,2.381101577952299,1,1,0,0,0,1
CUST_2504,OFFER_0282,520,1.0720763221875447,2,1,0.3789291416275995,1,0,0,0,0,1
CUST_0737,OFFER_0167,583,3.129904369628652,3,1,2.4367571890687065,1,1,0,0,0,1
CUST_1146,OFFER_1210,414,0.7422390925671623,3,1,0.04909191200721691,1,1,0,0,0,0
CUST_0597,OFFER_0445,514,1.1879626470997808,3,1,0.4948154665398355,1,1,0,0,0,1
CUST_1222,OFFER_1180,514,1.023024158253169,2,1,0.32987697769322366,1,0,0,0,0,0
CUST_2439,OFFER_0739,475,0.8941047047855003,3,1,0.20095752422555502,1,1,0,0,0,1
CUST_2950,OFFER_0871,486,1.2713513986640816,3,2,0.172739109995972,1,1,0,0,0,0
CUST_1861,OFFER_1180,297,0.6953394892480496,2,1,0.0021923086881042446,1,0,0,0,0,0
CUST_2911,OFFER_0676,569,2.4564690399853584,3,1,1.763321859425413,1,1,0,0,0,0
CUST_0264,OFFER_0480,249,1.0996970769144132,3,2,0.001084788246303636,1,1,0,0,0,0
CUST_1328,OFFER_1237,267,1.0997084430121618,2,2,0.0010961543440521223,1,0,1,0,0,0
CUST_1168,OFFER_1095,414,0.7258751218980899,2,1,0.032727941338144606,1,0,0,0,0,0
CUST_1901,OFFER_0391,540,1.2946596986010037,2,1,0.6015125180410584,1,0,0,0,0,1
CUST_2871,OFFER_0553,320,0.6968770305752203,2,1,0.003729850015275064,1,0,0,0,0,0
CUST_1222,OFFER_0953,514,1.023024158253169,2,1,0.32987697769322366,1,0,0,0,0,1
CUST_0249,OFFER_0841,425,0.7353456163777012,2,1,0.04219843581775594,1,0,0,0,0,0
CUST_0575,OFFER_0233,532,1.1931471805599454,2,1,0.5,1,0,0,0,0,1
CUST_2259,OFFER_0503,425,1.1619099423947434,3,2,0.0632976537266339,1,1,0,0,0,0
CUST_1972,OFFER_1096,555,1.9691479219862291,3,1,1.2760007414262837,1,1,0,0,0,1
CUST_0271,OFFER_0313,298,0.6953907320345488,2,1,0.002243551474603586,1,0,0,0,0,0
CUST_0092,OFFER_0005,235,0.6936705074459494,2,1,0.0005233268860040493,1,0,0,0,0,0
CUST_0315,OFFER_0515,490,0.882611751373745,2,1,0.18946457081379978,1,0,0,0,0,1
CUST_2532,OFFER_1140,274,0.6950800534761166,3,1,0.0019328729161712317,1,1,0,0,0,0
CUST_2364,OFFER_1257,516,1.2113645105478614,3,1,0.518217329987916,1,1,0,0,0,1
CUST_2600,OFFER_0556,36,0.6931498163495876,1,1,2.635789642272521e-06,0,0,1,0,0,0
CUST_0575,OFFER_0788,532,1.1931471805599454,2,1,0.5,1,0,0,0,0,1
CUST_0005,OFFER_1090,364,0.7086101638893152,3,1,0.015462983329369859,1,1,0,0,0,0
CUST_0362,OFFER_1323,578,2.1404164180003233,2,1,1.4472692374403782,1,0,0,0,0,1
CUST_0106,OFFER_0788,524,1.108766128631339,2,1,0.4156189480713939,1,0,0,0,0,1
CUST_2866,OFFER_0389,488,0.8740558352399925,2,1,0.1809086546800473,1,0,0,0,0,1
CUST_1896,OFFER_0073,483,0.8543184691148926,2,1,0.1611712885549474,1,0,0,0,0,0
CUST_2420,OFFER_1090,321,0.6969642116866416,2,1,0.003817031126696275,1,0,0,0,0,0
CUST_2767,OFFER_0852,124,0.6931673146528221,1,1,2.0134092876783674e-05,0,0,1,0,0,0
CUST_1964,OFFER_0529,274,0.6944357625040595,2,1,0.0012885819441141545,1,0,0,0,0,0
CUST_0296,OFFER_0529,312,0.6977977695793833,3,1,0.004650589019438086,1,1,0,0,0,0
CUST_2507,OFFER_0851,570,1.2946596986010035,1,1,0.6015125180410583,1,1,1,0,0,0
CUST_2331,OFFER_1180,286,0.6948474746288831,2,1,0.0017002940689377424,1,0,0,0,0,0
CUST_0460,OFFER_1096,582,3.0742487585122444,3,1,2.381101577952299,1,1,0,0,0,1
CUST_2100,OFFER_0282,535,1.6344990199362561,2,2,0.5358867312681466,1,0,0,0,0,1
CUST_2460,OFFER_1180,444,1.4844781851343243,3,3,0.09818382401443378,1,1,1,0,0,0
CUST_0219,OFFER_1180,320,0.6950121055675829,1,1,0.001864925007637532,1,1,1,0,0,0
CUST_1099,OFFER_1180,372,0.7055487512784469,2,1,0.012401570718501564,1,0,0,0,0,0
CUST_0827,OFFER_1308,47,0.6931505790688494,1,1,3.3985089040387694e-06,0,0,1,0,0,0
CUST_1095,OFFER_0710,394,1.119229599773936,2,2,0.02061731110582648,1,0,0,0,0,0
CUST_1307,OFFER_0922,441,0.7542196785870857,2,1,0.06107249802714039,1,0,0,0,0,1
CUST_0752,OFFER_0005,261,1.3872486189015647,2,3,0.0009542577816740685,1,0,0,0,0,0
CUST_1288,OFFER_0934,554,1.9400040247741268,3,1,1.2468568442141816,1,1,0,0,0,1
CUST_1750,OFFER_0401,317,0.696627253677681,2,1,0.0034800731177357,1,0,0,0,0,0
CUST_1865,OFFER_0788,522,1.0899974435519952,2,1,0.3968502629920499,1,0,0,0,0,1
CUST_0224,OFFER_0992,570,4.393856951325183,5,3,3.007562590205292,1,1,1,0,0,1
CUST_0724,OFFER_0553,322,0.6990065555599453,3,1,0.005859375,1,1,0,0,0,0
CUST_0906,OFFER_0928,243,0.694091543578822,3,1,0.0009443630188766442,1,1,0,0,0,0
CUST_2752,OFFER_0834,420,0.7871335115038607,5,1,0.09398633094391538,0,0,1,0,0,1
CUST_1238,OFFER_0942,281,0.6954193652696626,3,1,0.002272184709717386,1,1,0,0,0,0
CUST_1638,OFFER_0382,412,0.7400221805599453,3,1,0.04687500000000002,1,1,0,0,0,0
CUST_0297,OFFER_0005,256,0.6939973275944141,2,1,0.0008501470344688711,1,0,0,0,0,0
CUST_2869,OFFER_1180,276,0.6951714670052106,3,1,0.0020242864452652974,1,1,0,0,0,0
CUST_0041,OFFER_0788,463,0.8454445048767394,3,1,0.15229732431679416,1,1,0,0,0,1
CUST_2125,OFFER_1090,373,0.7121843460995445,3,1,0.019037165539599273,1,1,0,0,0,0
CUST_1187,OFFER_0313,304,0.6970129263922877,3,1,0.0038657458323424643,1,1,0,0,0,0
CUST_2298,OFFER_0437,522,1.0899974435519952,2,1,0.3968502629920499,1,0,0,0,0,1
CUST_0264,OFFER_1117,237,0.6939692963179844,3,1,0.0008221157580390924,1,1,0,0,0,0
CUST_1142,OFFER_1246,249,0.6942319688062489,3,1,0.001084788246303636,1,1,0,0,0,0
CUST_1658,OFFER_0401,137,0.6931743686311777,1,1,2.7188071232310162e-05,0,0,1,0,0,0
CUST_2809,OFFER_0581,257,0.6935821896996622,1,1,0.0004350091397169624,1,1,1,0,0,0
CUST_1912,OFFER_0592,460,0.7878794659668452,2,1,0.09473228540689993,1,0,0,0,0,0
CUST_0621,OFFER_0102,314,0.6963942035917531,2,1,0.0032470230318077642,1,0,0,0,0,0
CUST_2013,OFFER_0071,235,0.6939321708889513,3,1,0.0007849903290060739,1,1,0,0,0,0
CUST_1520,OFFER_1140,303,0.6969246326354519,3,1,0.0037774520755065807,1,1,0,0,0,0
CUST_0770,OFFER_0642,527,1.138596539630115,2,1,0.44544935907016964,1,0,0,0,0,1
CUST_2404,OFFER_0073,293,0.6951459576927514,2,1,0.001998777132806202,1,0,0,0,0,0
CUST_2507,OFFER_0242,570,1.896172216642062,2,1,1.2030250360821166,1,0,0,0,0,0
CUST_0991,OFFER_0005,257,1.0999173160872604,3,2,0.001305027419150887,1,1,0,0,0,0
CUST_0621,OFFER_0553,314,0.698017715107657,3,1,0.004870534547711646,1,1,0,0,0,0
CUST_0960,OFFER_0005,269,0.6942951765621753,2,1,0.0011479960022300862,1,0,0,0,0,0
CUST_2500,OFFER_0049,518,1.4604295980282043,2,2,0.3618173093600946,1,0,0,0,0,1
CUST_2460,OFFER_1140,257,0.6940171988393792,2,1,0.0008700182794339247,1,0,0,0,0,0
CUST_0021,OFFER_0529,275,1.3876130622391953,3,3,0.0013187011193048737,1,1,0,0,0,0
CUST_1001,OFFER_1262,463,0.7946787301044748,2,1,0.10153154954452945,1,0,0,0,0,1
CUST_2345,OFFER_0871,283,0.6947336110215786,2,1,0.001586430461633274,1,0,0,0,0,0
CUST_2599,OFFER_1180,326,0.6952894168484114,1,1,0.002142236288466068,1,1,1,0,0,0
CUST_0419,OFFER_0915,319,0.6986141707447313,3,1,0.005466990184785981,1,1,0,0,0,0
CUST_0224,OFFER_0411,554,3.176707029025079,5,2,2.0780947403569696,1,1,1,0,0,1
CUST_0901,OFFER_0919,416,0.7274229611754024,2,1,0.034275780615457066,1,0,0,0,0,0
CUST_2294,OFFER_0005,242,0.6940699742976613,3,1,0.0009227937377159711,1,1,0,0,0,0
CUST_2334,OFFER_0175,557,1.5840458987002846,2,1,0.8908987181403394,1,0,0,0,0,1
CUST_0388,OFFER_0841,429,1.1448965871770647,2,2,0.04628429850895514,1,0,0,0,0,0
CUST_2866,OFFER_1151,488,0.8740558352399925,2,1,0.1809086546800473,1,0,0,0,0,1
CUST_2901,OFFER_0382,413,1.1305927227930088,2,2,0.03198043412489922,1,0,0,0,0,0
CUST_0095,OFFER_1180,502,1.0681471805599454,3,1,0.3750000000000001,1,1,0,0,0,0
CUST_2480,OFFER_1237,187,0.6932334973056956,1,1,8.631674575031096e-05,0,0,1,0,0,0
CUST_2719,OFFER_0167,525,2.1619462398566793,5,2,1.0633339511885698,0,0,1,0,0,1
CUST_1499,OFFER_0382,417,1.1298622886681096,2,2,0.031250000000000014,1,1,1,0,0,0
CUST_1745,OFFER_0556,32,0.6931495836686372,1,1,2.4031086919686777e-06,0,0,1,0,0,0
CUST_1538,OFFER_0863,581,2.24429194239368,2,1,1.5511447618337346,1,0,0,0,0,1
CUST_0463,OFFER_0411,464,0.849004286086718,3,1,0.15585710552677273,1,1,0,0,0,1
CUST_2770,OFFER_1173,434,1.6632831478245864,3,4,0.05384523539048604,1,1,1,0,0,0
CUST_0899,OFFER_0201,270,0.6943220096967442,2,1,0.0011748291367989422,1,0,0,0,0,0
CUST_1051,OFFER_0411,553,1.9108646850243451,2,2,0.8122523963562356,1,0,0,0,0,1
CUST_2151,OFFER_0665,347,0.7001073267954167,2,1,0.0069601462354714,1,0,0,0,0,0
CUST_1449,OFFER_0937,245,0.694136206399424,3,1,0.0009890258394786554,1,1,0,0,0,0
CUST_0177,OFFER_0411,574,2.0126550913328396,2,1,1.3195079107728942,1,0,0,0,0,1
CUST_2072,OFFER_0919,419,1.4413981692269346,3,3,0.055103808107044155,1,1,0,0,0,0
CUST_0264,OFFER_0602,237,0.6939692963179844,3,1,0.0008221157580390924,1,1,0,0,0,0
CUST_1612,OFFER_1308,281,0.6946619703664235,2,1,0.0015147898064782573,1,0,0,0,0,0
CUST_1142,OFFER_0529,358,1.8052207780756764,3,5,0.013461308847621508,1,1,0,0,0,0
CUST_0250,OFFER_0184,331,1.3935080979168335,3,3,0.00721373679694287,1,1,0,0,0,0
CUST_1222,OFFER_0863,514,1.023024158253169,2,1,0.32987697769322366,1,0,0,0,0,1
CUST_2334,OFFER_0204,557,1.5840458987002846,2,1,0.8908987181403394,1,0,0,0,0,1
CUST_0568,OFFER_0073,324,0.6992836695608474,3,1,0.006136489000902112,1,1,0,0,0,0
CUST_2849,OFFER_1059,379,0.7077258210527079,2,1,0.01457864049276262,1,0,0,0,0,0
CUST_1704,OFFER_1154,410,0.7379053807432461,3,1,0.044758200183300775,1,1,0,0,0,0
CUST_2225,OFFER_0788,538,2.070086227538553,3,3,0.6837918664186626,1,1,0,0,0,1
CUST_2193,OFFER_0851,590,3.557671992291195,3,1,2.8645248117312496,1,1,0,0,0,0
CUST_1222,OFFER_1128,514,1.023024158253169,2,1,0.32987697769322366,1,0,0,0,0,1
CUST_0157,OFFER_0853,86,0.6931555486704472,1,1,8.36811050182058e-06,0,0,1,0,0,0
CUST_2747,OFFER_0167,550,1.4510054638151444,2,1,0.757858283255199,1,0,0,0,0,1
CUST_2148,OFFER_0503,424,0.7549991138774247,3,1,0.061851933317479416,1,1,0,0,0,0
CUST_2100,OFFER_1164,546,1.3841036205438333,2,1,0.690956439983888,1,0,0,0,0,1
CUST_2648,OFFER_0382,412,0.7243971805599453,2,1,0.031250000000000014,1,0,0,0,0,0
CUST_1127,OFFER_1186,373,0.7121843460995445,3,1,0.019037165539599273,1,1,0,0,0,0
CUST_1363,OFFER_0592,461,0.7900937281745537,2,1,0.09694654761460839,1,0,0,0,0,0
CUST_0264,OFFER_0937,242,1.3872171548576064,3,3,0.0009227937377159711,1,1,0,0,0,0
CUST_1964,OFFER_0172,91,0.6931565734463997,1,1,9.392886454352706e-06,0,0,1,0,0,0
CUST_2672,OFFER_1261,166,0.6932003147495996,1,1,5.313418965430448e-05,0,0,1,0,0,0
CUST_1005,OFFER_0553,322,0.6970534305599453,2,1,0.00390625,1,0,0,0,0,0
CUST_2362,OFFER_0352,516,1.0386254005518893,2,1,0.34547821999194406,1,0,0,0,0,1
CUST_1710,OFFER_0877,455,0.7775440521954572,2,1,0.08439687163551189,1,0,0,0,0,1
CUST_2310,OFFER_1078,474,1.7135737745013366,5,3,0.327279413381446,0,0,1,0,0,1
CUST_0460,OFFER_0982,582,3.0742487585122444,3,1,2.381101577952299,1,1,0,0,0,1
CUST_1514,OFFER_0411,582,3.0742487585122444,3,1,2.381101577952299,0,1,0,0,0,1
CUST_0362,OFFER_0044,578,2.8640510367205128,3,1,2.1709038561605674,1,1,0,0,0,1
CUST_1133,OFFER_1180,307,1.1027554924641245,3,2,0.004143203796014927,1,1,0,0,0,0
CUST_0632,OFFER_1120,315,0.6964700991574095,2,1,0.0033229185974642784,1,0,0,0,0,0
CUST_0093,OFFER_0005,256,1.0998875092198128,3,2,0.0012752205517033066,1,1,0,0,0,0
CUST_0074,OFFER_1294,531,1.1817271647770682,2,1,0.48857998421712295,1,0,0,0,0,1
CUST_1230,OFFER_1090,382,0.7087721805599453,2,1,0.015625000000000003,1,0,0,0,0,0
CUST_0114,OFFER_1161,475,0.8271188633769819,2,1,0.13397168281703667,1,0,0,0,0,0
CUST_2866,OFFER_1070,488,0.8740558352399925,2,1,0.1809086546800473,1,0,0,0,0,1
CUST_2239,OFFER_0233,442,0.7556471805599453,2,1,0.0625,1,0,0,0,0,1
CUST_1222,OFFER_1006,514,1.023024158253169,2,1,0.32987697769322366,1,0,0,0,0,0
CUST_2770,OFFER_1171,434,0.7450995490688695,2,1,0.05195236850892424,1,0,0,0,0,0
CUST_2129,OFFER_1078,453,1.3000763993617939,5,2,0.20146411069368425,0,0,1,0,0,1
CUST_2013,OFFER_1308,235,0.6936705074459494,2,1,0.0005233268860040493,1,0,0,0,0,0
CUST_2500,OFFER_0411,515,1.0307346671019928,2,1,0.33758748654204745,1,0,0,0,0,1
CUST_0517,OFFER_0005,258,0.6935923575563117,1,1,0.0004451769963663169,0,0,1,0,0,0
CUST_1704,OFFER_0382,410,0.7229859806821458,2,1,0.02983880012220052,1,0,0,0,0,0
CUST_2504,OFFER_0411,520,1.2615408930013445,3,1,0.5683937124413992,1,1,0,0,0,1
CUST_0132,OFFER_0401,252,0.6939222787298517,2,1,0.0007750981699063482,1,0,0,0,0,0
CUST_2563,OFFER_0059,516,1.0386254005518893,2,1,0.34547821999194406,1,0,0,0,0,0
CUST_2844,OFFER_0217,214,0.6933082533029595,1,1,0.00016107274301426942,0,0,1,0,0,0
CUST_1352,OFFER_0841,421,0.7508570749354883,3,1,0.05770989437554297,1,1,0,0,0,0
CUST_0036,OFFER_0382,413,0.7251276146848445,2,1,0.03198043412489922,1,0,0,0,0,0
CUST_0828,OFFER_1090,369,0.7105037925008034,3,1,0.017356611940858184,1,1,0,0,0,0
CUST_1955,OFFER_0177,540,1.5954159576215328,3,1,0.9022687770615876,1,1,0,0,0,1
CUST_2418,OFFER_0167,573,2.627202643219314,3,1,1.9340554626593687,1,1,0,0,0,1
CUST_2811,OFFER_0665,242,0.6937623763850893,2,1,0.0006151958251439807,1,0,0,0,0,0
CUST_2225,OFFER_0877,538,1.9606435386184082,2,3,0.5743491774985175,1,0,0,0,0,1
CUST_0297,OFFER_0313,256,0.6939973275944141,2,1,0.0008501470344688711,1,0,0,0,0,0
CUST_1222,OFFER_1080,514,1.023024158253169,2,1,0.32987697769322366,1,0,0,0,0,1
CUST_1670,OFFER_0300,68,0.693152701453948,1,1,5.5208940026869835e-06,0,0,1,0,0,0
CUST_2625,OFFER_1308,248,1.0996723003166256,3,2,0.0010600116485159025,1,1,1,0,0,0
CUST_0524,OFFER_0503,391,0.7123838120184596,2,1,0.019236631458514307,1,0,0,0,0,0
CUST_1222,OFFER_0233,514,1.1879626470997808,3,1,0.4948154665398355,1,1,0,0,0,1
CUST_1222,OFFER_0665,514,1.023024158253169,2,1,0.32987697769322366,1,0,0,0,0,0
CUST_1168,OFFER_0812,414,0.7258751218980899,2,1,0.032727941338144606,1,0,0,0,0,0
CUST_0107,OFFER_0503,404,0.7321114569416385,3,1,0.038964276381693176,1,1,0,0,0,0
CUST_1222,OFFER_0754,537,1.659843312822796,2,2,0.5612310241546866,1,0,0,0,0,1
CUST_2328,OFFER_1131,302,0.6968383555108092,3,1,0.003691174950863885,1,1,0,0,0,0
CUST_1629,OFFER_0382,412,1.1454872886681096,3,2,0.04687500000000002,1,1,0,0,0,0
CUST_2989,OFFER_0167,518,1.0549644899200399,2,1,0.3618173093600946,1,0,0,0,0,1
CUST_2030,OFFER_0503,429,0.7394314790689004,2,1,0.04628429850895514,1,0,0,0,0,0
CUST_0954,OFFER_0073,396,0.72553576368419,3,1,0.032388583124244745,1,1,0,0,0,0
CUST_2334,OFFER_0770,557,1.5840458987002846,2,1,0.8908987181403394,1,0,0,0,0,1
CUST_0108,OFFER_0129,523,1.3023364778271218,3,1,0.6091892972671766,1,1,0,0,0,0
CUST_0750,OFFER_0871,442,0.7556471805599453,2,1,0.0625,1,0,0,0,0,0
CUST_0902,OFFER_0227,336,0.6985452777473194,2,1,0.005398097187374128,1,0,0,0,0,0
CUST_0021,OFFER_0365,248,0.6938538549922892,2,1,0.000706674432343935,1,0,0,0,0,0
CUST_1127,OFFER_0227,373,0.7121843460995445,3,1,0.019037165539599273,1,1,0,0,0,0
CUST_1084,OFFER_0401,141,0.6931770011156226,1,1,2.9820555677314657e-05,0,0,1,0,0,0
CUST_0365,OFFER_1289,446,0.7616987417908594,2,1,0.0685515612309141,1,0,0,0,0,1
CUST_2334,OFFER_0934,515,1.6049935184811808,3,2,0.5063812298130712,1,1,0,0,0,1
CUST_1935,OFFER_0665,464,0.7970519175777938,2,1,0.1039047370178485,1,0,0,0,0,0
CUST_0315,OFFER_0665,490,0.977344036780645,3,1,0.2841968562206997,1,1,0,0,0,0
CUST_2365,OFFER_1227,569,2.4564690399853584,3,1,1.763321859425413,1,1,0,0,0,0
CUST_1955,OFFER_0352,540,1.5954159576215328,3,1,0.9022687770615876,1,1,0,0,0,1
CUST_2501,OFFER_0503,428,0.7383743442299571,2,1,0.04522716367001182,1,0,0,0,0,0
CUST_0295,OFFER_0727,154,0.6931874487456988,1,1,4.026818575356735e-05,0,0,1,0,0,0
CUST_2869,OFFER_1171,276,0.6938219427083671,1,1,0.0006747621484217658,1,1,1,0,0,0
CUST_1127,OFFER_0942,284,0.6947706920758492,2,1,0.001623511515903882,1,0,0,0,0,0
CUST_2648,OFFER_1154,412,0.7243971805599453,2,1,0.031250000000000014,1,0,0,0,0,0
CUST_1222,OFFER_0762,514,1.1879626470997808,3,1,0.4948154665398355,1,1,0,0,0,1
CUST_0264,OFFER_0201,237,0.6936952577319714,2,1,0.0005480771720260616,1,0,0,0,0,0
CUST_2809,OFFER_0702,257,0.6940171988393792,2,1,0.0008700182794339247,1,0,0,0,0,0
CUST_1168,OFFER_0919,414,0.7258751218980899,2,1,0.032727941338144606,1,0,0,0,0,0
CUST_0150,OFFER_0686,488,0.8740558352399925,2,1,0.1809086546800473,1,0,0,0,0,0
CUST_1095,OFFER_0841,429,1.4325786596288457,2,3,0.04628429850895514,1,0,0,0,0,0
CUST_1404,OFFER_0358,586,3.3047988704483178,3,1,2.6116516898883724,1,1,0,0,0,1
CUST_1988,OFFER_0382,420,0.7307417129375114,2,1,0.03759453237756615,1,0,0,0,0,0
CUST_2334,OFFER_0970,557,1.5840458987002846,2,1,0.8908987181403394,1,0,0,0,0,1
CUST_0460,OFFER_0399,582,3.0742487585122444,3,1,2.381101577952299,1,1,0,0,0,1
CUST_1462,OFFER_0651,313,0.6963200414832118,2,1,0.003172860923266548,1,0,0,0,0,0
CUST_2399,OFFER_0592,555,1.5438143415108012,2,1,0.8506671609508558,1,0,0,0,0,0
CUST_1161,OFFER_0039,522,1.0899974435519952,2,1,0.3968502629920499,1,0,0,0,0,1
CUST_0053,OFFER_0553,319,0.6967918406831359,2,1,0.0036446601231906544,1,0,0,0,0,0
CUST_2556,OFFER_0251,576,2.075060060527721,2,1,1.381912879967776,1,0,0,0,0,1
CUST_2501,OFFER_1090,428,0.760987926064963,3,1,0.06784074550501773,1,1,0,0,0,0
CUST_1390,OFFER_0908,378,0.7073928444436675,2,1,0.014245663883722132,1,0,0,0,0,0
CUST_0283,OFFER_0688,267,0.6942433349039974,2,1,0.0010961543440521223,1,0,0,0,0,0
CUST_1001,OFFER_0210,463,0.8454445048767394,3,1,0.15229732431679416,1,1,0,0,0,1
CUST_2529,OFFER_0529,300,1.3886740068123404,3,3,0.002379645692449911,1,1,0,0,0,0
CUST_1435,OFFER_0251,575,2.7186720998122302,3,1,2.025524919252285,1,1,0,0,0,1
CUST_1161,OFFER_0244,522,1.28842257504802,3,1,0.5952753944880749,1,1,0,0,0,1
CUST_2736,OFFER_0411,555,2.3746130300943933,3,2,1.2760007414262837,1,1,0,0,0,1
CUST_2513,OFFER_1261,156,0.6931893531942216,1,1,4.217263427636035e-05,0,0,1,0,0,0
CUST_1715,OFFER_0665,241,0.6940488976595631,3,1,0.0009017170996178585,1,1,0,0,0,0
CUST_1087,OFFER_0915,329,1.10550026468149,3,2,0.0068879760133805186,1,1,1,0,0,0
CUST_0362,OFFER_0733,578,2.1404164180003233,2,1,1.4472692374403782,1,0,0,0,0,1
CUST_2395,OFFER_1261,155,0.6931883899699236,1,1,4.1209409978277365e-05,0,0,1,0,0,0
CUST_2971,OFFER_0595,378,0.7073928444436675,2,1,0.014245663883722132,1,0,0,0,0,0
CUST_1231,OFFER_0948,485,0.861940923830969,2,1,0.16879374327102373,1,0,0,0,0,1
CUST_1161,OFFER_0079,522,1.28842257504802,3,1,0.5952753944880749,1,1,0,0,0,1
CUST_2736,OFFER_0167,555,1.5438143415108012,2,1,0.8506671609508558,1,0,0,0,0,1
CUST_2268,OFFER_1102,582,2.2805482325281448,2,1,1.5874010519681994,1,0,0,0,0,1
CUST_2461,OFFER_1320,76,0.6931538223336521,1,1,6.641773706788058e-06,0,0,1,0,0,0
CUST_2639,OFFER_0762,483,0.8543184691148926,2,1,0.1611712885549474,1,0,0,0,0,1
CUST_0575,OFFER_0437,532,1.4431471805599454,3,1,0.75,1,1,0,0,0,1
CUST_1964,OFFER_1140,274,0.6944357625040595,2,1,0.0012885819441141545,1,0,0,0,0,0
CUST_1572,OFFER_0313,343,0.6994929024064784,2,1,0.006345721846533097,1,0,0,0,0,0
CUST_2804,OFFER_0437,517,1.0467005711532191,2,1,0.3535533905932738,1,0,0,0,0,1
CUST_0501,OFFER_0863,573,1.9825174889995245,2,1,1.2893703084395791,1,0,0,0,0,1
CUST_0552,OFFER_0300,67,0.6931525753565547,1,1,5.394796609394432e-06,0,0,1,0,0,0
CUST_0493,OFFER_0762,519,1.4688866767397506,2,2,0.37027438807164104,1,0,0,0,0,1
CUST_1201,OFFER_0690,314,0.6963942035917531,2,1,0.0032470230318077642,1,0,0,0,0,0
CUST_1225,OFFER_1186,339,0.6989327178735647,2,1,0.005785537313619394,1,0,0,0,0,0
CUST_2875,OFFER_0919,424,0.7343818027715983,2,1,0.041234622211652944,1,0,0,0,0,0
CUST_2427,OFFER_1090,450,0.7683362453150776,2,1,0.07518906475513232,1,0,0,0,0,0
CUST_2728,OFFER_0698,464,0.7970519175777938,2,1,0.1039047370178485,1,0,0,0,0,1
CUST_1667,OFFER_0863,462,0.841966029181964,3,1,0.1488188486220187,1,1,0,0,0,1
CUST_2165,OFFER_0358,450,0.7683362453150776,2,1,0.07518906475513232,1,0,0,0,0,1
CUST_0345,OFFER_1210,448,0.76494082774726,2,1,0.0717936471873147,1,0,0,0,0,0
CUST_1517,OFFER_1308,121,0.693165966332854,1,1,1.8785772908705412e-05,0,0,1,0,0,0
CUST_1283,OFFER_0788,504,0.954970711265102,2,1,0.2618235307051567,1,0,0,0,0,1
CUST_0221,OFFER_0919,417,0.7457625890744471,3,1,0.052615408514501846,1,1,0,0,0,0
CUST_1709,OFFER_0167,566,1.7899721602545715,2,1,1.0968249796946261,1,0,0,0,0,1
CUST_0257,OFFER_0651,310,0.6961075644789109,2,1,0.0029603839189656215,1,0,0,0,0,0
CUST_0570,OFFER_0871,355,0.7057070258240424,3,1,0.012559845264097189,1,1,0,0,0,0
CUST_1024,OFFER_1034,518,1.2358731446000872,3,1,0.5427259640401418,1,1,0,0,0,1
CUST_2640,OFFER_0529,318,0.6984893045163411,3,1,0.0053421239563958035,1,1,0,0,0,0
CUST_0088,OFFER_0788,560,1.6479887844703618,2,1,0.9548416039104166,1,0,0,0,0,1
CUST_0906,OFFER_1059,306,0.6958462291536324,2,1,0.0026990485936870634,1,0,0,0,0,0
CUST_2048,OFFER_0529,307,0.6959093164239553,2,1,0.0027621358640099515,1,0,0,0,0,0
CUST_1018,OFFER_0227,452,0.7718922461783748,2,1,0.07874506561842959,1,0,0,0,0,0
CUST_2681,OFFER_0878,544,1.3529011359463925,2,1,0.6597539553864472,1,0,0,0,0,1
CUST_1022,OFFER_0073,377,0.7140276192663595,3,1,0.020880438706414203,1,1,0,0,0,0
CUST_0118,OFFER_1125,368,0.7214141578537027,5,1,0.02826697729375738,0,0,1,0,0,1
CUST_0977,OFFER_1120,318,0.6984893045163411,3,1,0.0053421239563958035,1,1,0,0,0,0
CUST_2533,OFFER_0382,411,0.7389515540803006,3,1,0.04580437352035527,1,1,0,0,0,0
CUST_0078,OFFER_0167,506,0.9673534254836018,2,1,0.27420624492365653,1,0,0,0,0,1
CUST_0136,OFFER_1246,241,0.6940488976595631,3,1,0.0009017170996178585,1,1,0,0,0,0
CUST_1153,OFFER_0812,516,0.8658862905559173,1,1,0.17273910999597203,1,1,1,0,0,0
CUST_1679,OFFER_1281,545,1.3683221536440402,2,1,0.675174973084095,1,0,0,0,0,1
CUST_2299,OFFER_0275,272,0.6943775722102332,2,1,0.0012303916502879617,1,0,0,0,0,0
CUST_2280,OFFER_0005,242,0.6940699742976613,3,1,0.0009227937377159711,1,1,0,0,0,0
CUST_2006,OFFER_0915,318,0.6984893045163411,3,1,0.0053421239563958035,1,1,0,0,0,0
CUST_1526,OFFER_0071,233,0.6936468748431468,2,1,0.0004996942832015505,1,0,0,0,0,0
CUST_1171,OFFER_0740,160,0.6931934365586792,1,1,4.6255998733837856e-05,0,0,1,0,0,0
CUST_0958,OFFER_0992,564,1.740441303380572,2,1,1.0472941228206267,1,0,0,0,0,1
CUST_1907,OFFER_0871,447,0.798377997588949,3,1,0.10523081702900369,1,1,0,0,0,0
CUST_2295,OFFER_0411,519,1.0634215686315862,2,1,0.37027438807164104,1,0,0,0,0,1
CUST_1794,OFFER_0167,567,1.8156092288693184,2,1,1.122462048309373,1,0,0,0,0,1
CUST_0881,OFFER_0525,544,1.6827781136396163,3,1,0.9896309330796709,1,1,0,0,0,1
CUST_0201,OFFER_0841,424,0.7549991138774247,3,1,0.061851933317479416,1,1,0,0,0,0
CUST_0508,OFFER_1090,554,1.108766128631339,1,1,0.4156189480713939,1,1,1,0,0,0
CUST_0614,OFFER_1180,444,0.7913310045743791,3,1,0.09818382401443378,1,1,0,0,0,0
CUST_0487,OFFER_0559,253,0.6939403957907619,2,1,0.0007932152308166369,1,0,0,0,0,0
CUST_0893,OFFER_0981,519,1.2485587626674068,3,1,0.5554115821074616,1,1,0,0,0,1
CUST_1956,OFFER_0503,409,0.7223044615454706,2,1,0.029157280985525242,1,0,0,0,0,0
CUST_1349,OFFER_1164,493,0.8962102796490042,2,1,0.20306309908905892,1,0,0,0,0,1
CUST_1139,OFFER_0206,77,0.6931539775777533,1,1,6.79701780807754e-06,0,0,1,0,0,0
CUST_0743,OFFER_1155,488,0.8740558352399925,2,1,0.1809086546800473,1,0,0,0,0,1
CUST_0952,OFFER_0863,571,1.9242915939048615,2,1,1.2311444133449163,1,0,0,0,0,1
CUST_1203,OFFER_0313,348,0.7038314284727369,3,1,0.0106842479127916,1,1,0,0,0,0
CUST_0359,OFFER_1002,514,1.023024158253169,2,1,0.32987697769322366,1,0,0,0,0,1
CUST_0893,OFFER_0652,519,1.0634215686315862,2,1,0.37027438807164104,1,0,0,0,0,1
CUST_0958,OFFER_0167,564,1.740441303380572,2,1,1.0472941228206267,1,0,0,0,0,1
CUST_0135,OFFER_0812,442,0.7556471805599453,2,1,0.0625,1,0,0,0,0,0
CUST_0664,OFFER_0592,491,0.8870402757891621,2,1,0.1938930952292168,1,0,0,0,0,0
CUST_2226,OFFER_0752,530,1.4092783834927576,3,1,0.7161312029328124,1,1,0,0,0,0
CUST_2460,OFFER_0871,260,0.694079643063764,2,1,0.0009324625038187667,1,0,0,0,0,0
CUST_0532,OFFER_1180,473,1.290494893417505,3,2,0.19188260474939534,1,1,0,0,0,0
CUST_2073,OFFER_1180,275,1.0996589424401177,2,2,0.0010466537720080996,1,1,1,0,0,0
CUST_2571,OFFER_1034,506,0.9673534254836018,2,1,0.27420624492365653,1,0,0,0,0,1
CUST_0211,OFFER_0005,251,0.694283272914804,3,1,0.0011360923548586928,1,1,0,0,0,0
CUST_0412,OFFER_0401,251,0.694283272914804,3,1,0.0011360923548586928,1,1,0,0,0,0
CUST_1222,OFFER_1224,506,0.9673534254836018,2,1,0.27420624492365653,1,0,0,0,0,1
CUST_2608,OFFER_1308,56,0.6931513646151962,1,1,4.184055250910289e-06,0,0,1,0,0,0
CUST_1424,OFFER_0123,590,2.602830388380778,2,1,1.909683207820833,1,0,0,0,0,1
CUST_1490,OFFER_1237,270,0.6943220096967442,2,1,0.0011748291367989422,1,0,0,0,0,0
CUST_1931,OFFER_0871,470,1.2179674891569117,2,2,0.11935520048880205,1,0,0,0,0,0
CUST_0264,OFFER_0242,525,1.1184807610353733,2,1,0.4253335804754279,1,0,0,0,0,0
CUST_2728,OFFER_0352,508,1.3857868774173683,2,2,0.2871745887492587,1,0,0,0,0,1
CUST_1222,OFFER_0059,506,0.9673534254836018,2,1,0.27420624492365653,1,0,0,0,0,0
CUST_2237,OFFER_1257,578,2.1404164180003233,2,1,1.4472692374403782,1,0,0,0,0,1
CUST_1951,OFFER_0055,516,1.0386254005518893,2,1,0.34547821999194406,1,0,0,0,0,1
CUST_0743,OFFER_0456,488,0.9645101625800162,3,1,0.2713629820200709,1,1,0,0,0,1
CUST_2995,OFFER_0919,434,0.7450995490688695,2,1,0.05195236850892424,1,0,0,0,0,0
CUST_2627,OFFER_0871,424,0.7343818027715983,2,1,0.041234622211652944,1,0,0,0,0,0
CUST_0235,OFFER_1171,502,0.9431471805599454,2,1,0.25000000000000006,1,0,0,0,0,0
CUST_2048,OFFER_0871,307,0.6945282484919503,1,1,0.0013810679320049757,1,1,1,0,0,0
CUST_2015,OFFER_0408,91,0.6931565734463997,1,1,9.392886454352706e-06,0,0,1,0,0,0
CUST_0409,OFFER_1180,231,0.6936243094507824,2,1,0.0004771288908370346,1,0,0,0,0,0
CUST_2009,OFFER_0553,330,0.700196155380739,3,1,0.00704897482079365,1,1,0,0,0,0
CUST_2875,OFFER_1090,424,0.7343818027715983,2,1,0.041234622211652944,1,0,0,0,0,0
CUST_0458,OFFER_1289,474,0.8895148285888128,3,1,0.19636764802886758,1,1,0,0,0,1
CUST_1028,OFFER_1102,587,2.8804097249487883,2,2,1.7817974362806785,1,0,0,0,0,1
CUST_0818,OFFER_0919,431,0.7416204543672495,2,1,0.048473273807304214,1,0,0,0,0,0
CUST_2126,OFFER_0595,334,0.6983015083364019,2,1,0.005154327776456619,1,0,0,0,0,0
CUST_2474,OFFER_0420,553,1.5053995769161808,2,1,0.8122523963562356,1,0,0,0,0,1
CUST_1661,OFFER_0325,573,1.9825174889995245,2,1,1.2893703084395791,1,0,0,0,0,1
CUST_0613,OFFER_1308,284,0.6939589363178972,1,1,0.000811755757951941,0,0,1,0,0,0
CUST_1531,OFFER_1120,328,0.6976342835091525,2,1,0.004487102949207173,1,0,0,0,0,0
CUST_0736,OFFER_1241,576,2.075060060527721,2,1,1.381912879967776,1,0,0,0,0,1
CUST_1277,OFFER_0056,542,1.3231077055073819,2,1,0.6299605249474366,1,0,0,0,0,1
CUST_2457,OFFER_1180,372,0.7055487512784469,2,1,0.012401570718501564,1,0,0,0,0,0
CUST_0226,OFFER_0411,580,2.2088637470703434,2,1,1.5157165665103982,1,0,0,0,0,1
CUST_2899,OFFER_0711,493,1.3016753877571685,2,2,0.20306309908905892,1,0,0,0,0,1
CUST_2728,OFFER_0411,464,0.7970519175777938,2,1,0.1039047370178485,1,0,0,0,0,1
CUST_0948,OFFER_0219,556,1.5636977438560695,2,1,0.8705505632961241,1,0,0,0,0,1
CUST_1518,OFFER_0181,307,0.6972903843559602,3,1,0.004143203796014927,1,1,0,0,0,0
CUST_1921,OFFER_0458,278,0.6945605294246332,2,1,0.00141334886468787,1,0,0,0,0,0
CUST_0656,OFFER_1180,455,0.7775440521954572,2,1,0.08439687163551189,1,0,0,0,0,0
CUST_1353,OFFER_1247,105,0.6931601607107166,1,1,1.2980150771344853e-05,0,0,1,0,0,0
CUST_2324,OFFER_0411,572,1.9530682304548184,2,1,1.2599210498948732,1,0,0,0,0,1
CUST_2240,OFFER_0005,240,0.6940283024125445,3,1,0.0008811218525992066,1,1,0,0,0,0
CUST_0628,OFFER_0442,447,0.8685318756082848,5,1,0.1753846950483395,0,0,1,0,0,1
CUST_1087,OFFER_0980,483,0.8543184691148926,2,1,0.1611712885549474,1,0,0,0,0,1
CUST_0868,OFFER_0503,392,0.7128334469645526,2,1,0.019686266404607394,1,0,0,0,0,0
CUST_0990,OFFER_0553,324,0.6972381732272134,2,1,0.004090992667268075,1,0,0,0,0,0
CUST_2108,OFFER_0908,370,0.710909484073739,3,1,0.01776230351379373,1,1,0,0,0,0
CUST_1121,OFFER_0073,284,0.6947706920758492,2,1,0.001623511515903882,1,0,0,0,0,0
CUST_0493,OFFER_0883,543,1.3378323347797347,2,1,0.6446851542197896,1,0,0,0,0,1
CUST_0057,OFFER_0382,411,0.7236834295735155,2,1,0.030536249013570178,1,0,0,0,0,0
CUST_1667,OFFER_0325,462,0.7923597463079577,2,1,0.09921256574801246,1,0,0,0,0,1
CUST_1231,OFFER_0592,537,1.814743491600922,3,2,0.7161312029328124,1,1,0,0,0,0
CUST_0893,OFFER_0333,519,1.0634215686315862,2,1,0.37027438807164104,1,0,0,0,0,1
CUST_1573,OFFER_0145,12,0.6931486944235584,1,1,1.513863613098334e-06,0,0,1,0,0,0
CUST_1535,OFFER_0919,433,0.7692958427183424,3,1,0.07614866215839708,1,1,0,0,0,0
CUST_2243,OFFER_0167,580,2.2088637470703434,2,1,1.5157165665103982,1,0,0,0,0,1
CUST_0893,OFFER_1039,519,1.0634215686315862,2,1,0.37027438807164104,1,0,0,0,0,1
CUST_0120,OFFER_0184,320,0.6987419555828579,3,1,0.005594775022912596,1,1,0,0,0,0
CUST_0088,OFFER_0127,560,1.6479887844703618,2,1,0.9548416039104166,1,0,0,0,0,1
CUST_0616,OFFER_0901,428,0.7383743442299571,2,1,0.04522716367001182,1,0,0,0,0,0
CUST_2138,OFFER_1171,457,0.7815355282082638,2,1,0.08838834764831845,1,0,0,0,0,0
CUST_0406,OFFER_0073,379,0.7077258210527079,2,1,0.01457864049276262,1,0,0,0,0,0
CUST_0247,OFFER_1241,581,3.0198643233105473,3,1,2.326717142750602,1,1,0,0,0,1
CUST_2054,OFFER_0592,521,1.080933371018379,2,1,0.3877861904584337,1,0,0,0,0,0
CUST_2118,OFFER_1120,317,0.696627253677681,2,1,0.0034800731177357,1,0,0,0,0,0
CUST_1745,OFFER_0049,581,2.24429194239368,2,1,1.5511447618337346,1,0,0,0,0,1
CUST_1589,OFFER_1223,167,0.6932015567024099,1,1,5.437614246462033e-05,0,0,1,0,0,0
CUST_0412,OFFER_0480,251,0.694283272914804,3,1,0.0011360923548586928,1,1,0,0,0,0
CUST_0062,OFFER_0437,464,0.7970519175777938,2,1,0.1039047370178485,1,0,0,0,0,1
CUST_1139,OFFER_0990,114,0.6931631610000518,1,1,1.5980440106515907e-05,0,0,1,0,0,0
CUST_1385,OFFER_0992,552,1.486847706544045,2,1,0.7937005259840997,1,0,0,0,0,1
CUST_2755,OFFER_0503,429,0.7625736283233779,3,1,0.06942644776343271,1,1,0,0,0,0
CUST_2119,OFFER_0271,544,1.3529011359463925,2,1,0.6597539553864472,1,0,0,0,0,0
CUST_0282,OFFER_0437,526,1.3460601030320385,3,1,0.6529129224720933,1,1,0,0,0,1
CUST_2498,OFFER_0812,380,0.7080665806210455,2,1,0.014919400061100258,1,0,0,0,0,0
CUST_1879,OFFER_0300,69,0.6931528304987281,1,1,5.64993878283144e-06,0,0,1,0,0,0
CUST_0932,OFFER_0507,510,0.9939034395804744,2,1,0.30075625902052916,1,0,0,0,0,1
CUST_0915,OFFER_0597,461,0.7900937281745537,2,1,0.09694654761460839,1,0,0,0,0,1
CUST_2274,OFFER_1247,43,0.6931502790569407,1,1,3.098496995377483e-06,0,0,1,0,0,0
CUST_1647,OFFER_0942,259,0.694058345590743,2,1,0.0009111650307976634,1,0,0,0,0,0
CUST_1551,OFFER_0503,413,0.7251276146848445,2,1,0.03198043412489922,1,0,0,0,0,0
CUST_1506,OFFER_0325,542,1.3231077055073819,2,1,0.6299605249474366,1,0,0,0,0,1
CUST_2951,OFFER_0716,519,1.0634215686315862,2,1,0.37027438807164104,1,0,0,0,0,1
CUST_1334,OFFER_0456,451,0.8085669693110312,3,1,0.11541978875108591,1,1,0,0,0,1
CUST_1028,OFFER_0592,587,3.3658433349809633,3,1,2.672696154421018,1,1,0,0,0,0
CUST_0136,OFFER_1101,241,0.6940488976595631,3,1,0.0009017170996178585,1,1,0,0,0,0
CUST_2423,OFFER_1213,234,0.6936585546433538,2,1,0.0005113740834085093,1,0,0,0,0,0
CUST_2603,OFFER_1084,396,0.72553576368419,3,1,0.032388583124244745,1,1,0,0,0,0
CUST_0062,OFFER_0788,464,0.849004286086718,3,1,0.15585710552677273,1,1,0,0,0,1
CUST_2762,OFFER_1170,490,1.3294518661702814,3,2,0.23083957750217185,1,1,0,0,0,1
CUST_0597,OFFER_0901,436,0.7203518856629492,1,1,0.027204705103003893,1,1,1,0,0,0
CUST_1396,OFFER_0503,416,0.7445608514831309,3,1,0.0514136709231856,1,1,0,0,0,0
CUST_2804,OFFER_0648,517,1.0467005711532191,2,1,0.3535533905932738,1,0,0,0,0,1
CUST_2644,OFFER_1308,236,0.6939505191681201,3,1,0.000803338608174776,1,1,0,0,0,0
CUST_2876,OFFER_0592,507,1.1140704486759603,3,1,0.420923268116015,1,1,0,0,0,0
CUST_2554,OFFER_0602,233,0.6936468748431468,2,1,0.0004996942832015505,1,0,0,0,0,0
CUST_2283,OFFER_1227,569,2.4564690399853584,3,1,1.763321859425413,1,1,0,0,0,0
CUST_0500,OFFER_0219,518,1.0549644899200399,2,1,0.3618173093600946,1,0,0,0,0,1
CUST_0345,OFFER_0382,422,1.1550040872344587,3,2,0.056391798566349224,1,1,1,0,0,0
CUST_0629,OFFER_0181,272,0.6949927680353772,3,1,0.0018455874754319426,1,1,0,0,0,0
CUST_2562,OFFER_0917,520,1.0720763221875447,2,1,0.3789291416275995,1,0,0,0,0,1
CUST_0663,OFFER_0275,278,0.6945605294246332,2,1,0.00141334886468787,1,0,0,0,0,0
CUST_2522,OFFER_0167,522,1.0899974435519952,2,1,0.3968502629920499,1,0,0,0,0,1
CUST_0695,OFFER_0592,447,0.7282241195696132,1,1,0.0350769390096679,1,1,1,0,0,0
CUST_0412,OFFER_0202,251,0.694283272914804,3,1,0.0011360923548586928,1,1,0,0,0,0
CUST_2943,OFFER_1096,486,0.8658862905559173,2,1,0.172739109995972,1,0,0,0,0,1
CUST_1333,OFFER_0592,491,0.8870402757891621,2,1,0.1938930952292168,1,0,0,0,0,0
CUST_2801,OFFER_0629,467,0.8601906902112589,3,1,0.16704350965131365,1,1,0,0,0,1
CUST_0088,OFFER_1289,560,1.6479887844703618,2,1,0.9548416039104166,1,0,0,0,0,1
CUST_0972,OFFER_1323,502,0.9431471805599454,2,1,0.25000000000000006,1,0,0,0,0,1
CUST_2478,OFFER_0871,289,0.6949695106215407,2,1,0.001822330061595327,1,0,0,0,0,0
CUST_1348,OFFER_0071,180,0.6932206073809952,1,1,7.342682104993401e-05,0,0,1,0,0,0
CUST_0138,OFFER_1120,328,0.699877834983756,3,1,0.006730654423810759,1,1,0,0,0,0
CUST_0990,OFFER_0184,322,1.6152972874341003,3,4,0.005859375,1,1,0,0,0,0
CUST_2640,OFFER_0073,318,0.6984893045163411,3,1,0.0053421239563958035,1,1,0,0,0,0
CUST_0980,OFFER_0529,285,1.1011044776162078,3,2,0.002492188948098211,1,1,0,0,0,0
CUST_1439,OFFER_0863,364,0.7189188194422284,5,1,0.0257716388822831,0,0,1,0,0,1
CUST_0031,OFFER_0863,569,1.868695086843554,2,1,1.1755479062836087,1,0,0,0,0,1
CUST_2240,OFFER_0928,240,0.6940283024125445,3,1,0.0008811218525992066,1,1,0,0,0,0
CUST_2424,OFFER_0915,310,1.1000924806275925,1,2,0.0014801919594828108,0,0,1,0,0,0
CUST_2522,OFFER_0788,522,1.0899974435519952,2,1,0.3968502629920499,1,0,0,0,0,1
CUST_1024,OFFER_0049,518,1.0549644899200399,2,1,0.3618173093600946,1,0,0,0,0,1
CUST_2990,OFFER_0992,582,2.686013340636309,2,2,1.5874010519681994,1,0,0,0,0,1
CUST_1626,OFFER_0411,518,1.0549644899200399,2,1,0.3618173093600946,1,0,0,0,0,1
CUST_1038,OFFER_0124,523,1.7084626760052397,5,1,1.0153154954452945,0,0,1,0,0,1
CUST_1248,OFFER_0132,537,1.254378204714632,2,1,0.5612310241546866,1,0,0,0,0,1
CUST_1006,OFFER_0123,582,2.2805482325281448,2,1,1.5874010519681994,1,0,0,0,0,1
CUST_0599,OFFER_0788,576,2.075060060527721,2,1,1.381912879967776,1,0,0,0,0,1
CUST_2388,OFFER_0992,570,1.896172216642062,2,1,1.2030250360821166,1,0,0,0,0,1
CUST_2298,OFFER_0352,444,0.7913310045743791,3,1,0.09818382401443378,1,1,0,0,0,1
CUST_2580,OFFER_0307,443,0.7571080488097437,2,1,0.06396086824979844,1,0,0,0,0,1
CUST_0953,OFFER_0005,267,0.6942433349039974,2,1,0.0010961543440521223,1,0,0,0,0,0
CUST_1921,OFFER_0313,278,0.695267203856977,3,1,0.002120023297031805,1,1,0,0,0,0
CUST_2027,OFFER_0073,297,0.6953394892480496,2,1,0.0021923086881042446,1,0,0,0,0,0
CUST_1645,OFFER_0005,243,0.694091543578822,3,1,0.0009443630188766442,1,1,0,0,0,0
CUST_1025,OFFER_0868,432,1.2226279958531252,5,2,0.12401570718501556,0,0,1,0,0,1
CUST_1353,OFFER_0386,484,0.7756164249832512,1,1,0.0824692444233059,0,0,1,0,0,0
CUST_1225,OFFER_1090,339,0.6989327178735647,2,1,0.005785537313619394,1,0,0,0,0,0
CUST_2505,OFFER_0827,44,0.6931503514808748,1,1,3.1709209294997727e-06,0,0,1,0,0,0
CUST_2442,OFFER_0928,268,0.694268956297247,2,1,0.001121775737301793,1,0,0,0,0,0
CUST_1127,OFFER_0629,474,0.8240589459125237,2,1,0.1309117653525784,1,0,0,0,0,1
CUST_1757,OFFER_0049,553,1.5053995769161808,2,1,0.8122523963562356,1,0,0,0,0,1
CUST_2760,OFFER_0503,397,0.7262928109280647,3,1,0.033145630368119426,1,1,0,0,0,0
CUST_0707,OFFER_1034,511,1.0009332838961744,2,1,0.30778610333622913,1,0,0,0,0,1
CUST_1181,OFFER_0102,315,0.6981315584561417,3,1,0.004984377896196417,1,1,0,0,0,0
CUST_1209,OFFER_0437,492,0.9907848778039827,3,1,0.29763769724403744,1,1,0,0,0,1
CUST_1376,OFFER_0919,435,0.7463138781193738,2,1,0.053166697559428495,1,0,0,0,0,0
CUST_1446,OFFER_0698,523,1.099273378738063,2,1,0.4061261981781178,1,0,0,0,0,1
CUST_2511,OFFER_1180,467,0.8045095203274877,2,1,0.11136233976754244,1,0,0,0,0,0
CUST_2919,OFFER_0073,316,0.6965477686978208,2,1,0.0034005881378754853,1,0,0,0,0,0
CUST_2689,OFFER_1154,414,0.7258751218980899,2,1,0.032727941338144606,1,0,0,0,0,0
CUST_0989,OFFER_0553,325,0.6973337956479777,2,1,0.004186615088032396,1,0,0,0,0,0
CUST_0515,OFFER_0005,256,0.6944224011116485,3,1,0.0012752205517033066,1,1,0,0,0,0
CUST_0087,OFFER_0325,552,1.486847706544045,2,1,0.7937005259840997,1,0,0,0,0,1
CUST_0640,OFFER_0625,509,0.9870341571308475,2,1,0.29388697657090224,1,0,0,0,0,1
CUST_0214,OFFER_0503,419,0.729883052631308,2,1,0.03673587207136277,1,0,0,0,0,0
CUST_2575,OFFER_0990,169,0.6932041283743702,1,1,5.694781442485395e-05,0,0,1,0,0,0
CUST_0291,OFFER_0503,429,0.7625736283233779,3,1,0.06942644776343271,1,1,0,0,0,0
CUST_2968,OFFER_0908,426,0.7147395693094418,1,1,0.021592388749496507,1,1,1,0,0,0
CUST_0804,OFFER_0411,554,1.5243850767027332,2,1,0.8312378961427878,1,0,0,0,0,1
CUST_1432,OFFER_0184,330,0.6978464971071411,2,1,0.004699316547195766,1,0,0,0,0,0
CUST_0579,OFFER_0184,319,1.1022569487913003,2,2,0.0036446601231906544,1,0,0,0,0,0
CUST_2493,OFFER_1154,410,0.7379053807432461,3,1,0.044758200183300775,1,1,0,0,0,0
CUST_2701,OFFER_1090,367,0.6986714522879652,1,1,0.005524271728019904,1,1,1,0,0,0
CUST_1121,OFFER_0071,205,0.6932780122814463,1,1,0.00013083172150101232,0,0,1,0,0,0
CUST_1456,OFFER_0600,385,0.7350133314402693,5,1,0.04186615088032397,0,0,1,0,0,1
CUST_0244,OFFER_0411,522,1.0899974435519952,2,1,0.3968502629920499,1,0,0,0,0,1
CUST_2767,OFFER_0300,43,0.6931502790569407,1,1,3.098496995377483e-06,0,0,1,0,0,0
CUST_1600,OFFER_1235,496,1.019603641795992,3,1,0.3264564612360466,1,1,0,0,0,1
CUST_0893,OFFER_0600,519,1.0634215686315862,2,1,0.37027438807164104,1,0,0,0,0,1
CUST_0092,OFFER_1094,537,1.254378204714632,2,1,0.5612310241546866,1,0,0,0,0,1
CUST_1794,OFFER_1154,415,0.7433865616163341,3,1,0.05023938105638876,1,1,0,0,0,0
CUST_2476,OFFER_0818,490,0.882611751373745,2,1,0.18946457081379978,1,0,0,0,0,1
CUST_0093,OFFER_0772,249,0.6942319688062489,3,1,0.001084788246303636,1,1,0,0,0,0
CUST_1334,OFFER_0219,451,0.7700937063940025,2,1,0.07694652583405727,1,0,0,0,0,1
CUST_1568,OFFER_0382,412,0.7243971805599453,2,1,0.031250000000000014,1,0,0,0,0,0
CUST_1143,OFFER_0352,489,0.8782843745957659,2,1,0.1851371940358206,1,0,0,0,0,1
CUST_1702,OFFER_0503,406,0.733954238214451,3,1,0.0408070576545058,1,1,0,0,0,0
CUST_2434,OFFER_1223,174,0.6932111023203713,1,1,6.392176042606364e-05,0,0,1,0,0,0
CUST_1222,OFFER_0167,506,0.9673534254836018,2,1,0.27420624492365653,1,0,0,0,0,1
CUST_0893,OFFER_0445,519,1.0634215686315862,2,1,0.37027438807164104,1,0,0,0,0,1
CUST_2072,OFFER_0382,417,0.7457625890744471,3,1,0.052615408514501846,1,1,0,0,0,0
CUST_2283,OFFER_0073,569,2.4564690399853584,3,1,1.763321859425413,1,1,0,0,0,0
CUST_1694,OFFER_0525,533,1.2048341265583329,2,1,0.5116869459983876,1,0,0,0,0,1
CUST_1798,OFFER_0167,570,2.49768473468312,3,1,1.804537554123175,1,1,0,0,0,1
CUST_2885,OFFER_0841,425,1.1512276971826114,3,2,0.052615408514501846,1,1,0,0,0,0
CUST_1912,OFFER_0503,438,0.7786211638622781,3,1,0.08547398330233281,1,1,0,0,0,0
CUST_2001,OFFER_1171,459,0.7857157775778556,2,1,0.0925685970179103,1,0,0,0,0,0
CUST_2133,OFFER_0129,523,1.3023364778271218,3,1,0.6091892972671766,1,1,0,0,0,0
CUST_1059,OFFER_1154,411,0.7084153050667303,1,1,0.015268124506785089,1,1,1,0,0,0
CUST_1983,OFFER_0629,492,0.9907848778039827,3,1,0.29763769724403744,1,1,0,0,0,1
CUST_0894,OFFER_1090,448,0.8008376513409173,3,1,0.10769047078097205,1,1,0,0,0,0
CUST_2427,OFFER_0665,450,0.8059307776926438,3,1,0.11278359713269848,1,1,0,0,0,0
CUST_0450,OFFER_0863,558,1.604869669118162,2,1,0.9117224885582168,1,0,0,0,0,1
CUST_0800,OFFER_0859,488,0.8740558352399925,2,1,0.1809086546800473,1,0,0,0,0,1
CUST_0915,OFFER_0886,461,0.7900937281745537,2,1,0.09694654761460839,1,0,0,0,0,1
CUST_2590,OFFER_0690,314,1.3911648956676022,3,3,0.004870534547711646,1,1,0,0,0,0
CUST_1800,OFFER_0251,579,2.1742447328465095,2,1,1.4810975522865644,1,0,0,0,0,1
CUST_1983,OFFER_1227,565,2.7062724824725493,3,2,1.6076601938044397,1,1,0,0,0,0
CUST_0180,OFFER_1224,504,1.6481178918250472,2,3,0.2618235307051567,1,0,0,0,0,1
CUST_0180,OFFER_1105,496,0.9107848213839763,2,1,0.21763764082403106,1,0,0,0,0,1
CUST_0805,OFFER_0167,499,0.9264054284441471,2,1,0.2332582478842018,1,0,0,0,0,1
CUST_2249,OFFER_1090,347,0.7035873999131523,3,1,0.0104402193532071,1,1,0,0,0,0
CUST_1225,OFFER_0377,554,1.5243850767027332,2,1,0.8312378961427878,1,0,0,0,0,1
CUST_0193,OFFER_0411,586,2.4342483071521936,2,1,1.7411011265922482,1,0,0,0,0,1
CUST_0868,OFFER_1090,392,0.7128334469645526,2,1,0.019686266404607394,1,0,0,0,0,0
CUST_2205,OFFER_1120,315,0.6981315584561417,3,1,0.004984377896196417,1,1,0,0,0,0
CUST_0602,OFFER_0871,471,0.815292176614226,2,1,0.12214499605428074,1,0,0,0,0,0
CUST_2920,OFFER_0908,482,0.8506373117968045,2,1,0.15749013123685918,1,0,0,0,0,0
CUST_2397,OFFER_0827,57,1.386298642972797,1,3,4.281852906453604e-06,0,0,1,0,0,0
CUST_0735,OFFER_0528,508,1.1239090636838334,3,1,0.4307618831238881,1,1,0,0,0,1
CUST_1010,OFFER_0325,590,2.602830388380778,2,1,1.909683207820833,1,0,0,0,0,1
CUST_2087,OFFER_0456,493,0.8962102796490042,2,1,0.20306309908905892,1,0,0,0,0,1
CUST_2078,OFFER_0123,564,1.740441303380572,2,1,1.0472941228206267,1,0,0,0,0,1
CUST_1544,OFFER_0519,538,1.2674963580584628,2,1,0.5743491774985175,1,0,0,0,0,1
CUST_2814,OFFER_0073,425,0.7353456163777012,2,1,0.04219843581775594,1,0,0,0,0,0
CUST_0549,OFFER_0852,115,0.6931635345251329,1,1,1.6353965187626563e-05,0,0,1,0,0,0
CUST_2402,OFFER_0841,425,0.7564448342865792,3,1,0.0632976537266339,1,1,0,0,0,0
CUST_2929,OFFER_0698,450,0.7683362453150776,2,1,0.07518906475513232,1,0,0,0,0,1
CUST_0350,OFFER_0908,389,0.7115151165956267,2,1,0.018367936035681386,1,0,0,0,0,0
CUST_1404,OFFER_0217,305,0.695784582798555,2,1,0.0026374022386097453,1,0,0,0,0,0
CUST_1767,OFFER_0049,531,1.1817271647770682,2,1,0.48857998421712295,1,0,0,0,0,1
CUST_2640,OFFER_0313,305,0.695784582798555,2,1,0.0026374022386097453,1,0,0,0,0,0
CUST_2290,OFFER_0686,465,0.7994805756788023,2,1,0.106333395118857,1,0,0,0,0,0
CUST_0464,OFFER_0071,191,0.6932418549228502,1,1,9.467436290489106e-05,0,0,1,0,0,0
CUST_1804,OFFER_0420,580,2.2088637470703434,2,1,1.5157165665103982,1,0,0,0,0,1
CUST_0440,OFFER_0495,5,0.6931484683540071,1,1,1.2877940618211647e-06,0,0,1,0,0,0
CUST_1222,OFFER_0335,506,0.9673534254836018,2,1,0.27420624492365653,1,0,0,0,0,1
CUST_0088,OFFER_0868,560,2.12540958642557,3,1,1.4322624058656248,1,1,0,0,0,1
CUST_0723,OFFER_0698,516,1.0386254005518893,2,1,0.34547821999194406,1,0,0,0,0,1
CUST_0217,OFFER_0411,552,1.486847706544045,2,1,0.7937005259840997,1,0,0,0,0,1
CUST_1332,OFFER_0592,497,1.3763180797218404,3,2,0.2777057910537309,1,1,0,0,0,0
CUST_1145,OFFER_0251,588,2.516592157676379,2,1,1.8234449771164336,1,0,0,0,0,1
CUST_1899,OFFER_0167,568,1.8418455355569803,2,1,1.148698354997035,1,0,0,0,0,1
CUST_0085,OFFER_0071,184,0.6932277169314525,1,1,8.053637150713471e-05,0,0,1,0,0,0
CUST_1336,OFFER_0227,444,0.7913310045743791,3,1,0.09818382401443378,1,1,0,0,0,0
CUST_2255,OFFER_0578,561,1.6703071489941912,2,1,0.9771599684342459,1,0,0,0,0,1
CUST_2255,OFFER_1065,561,1.6703071489941912,2,1,0.9771599684342459,1,0,0,0,0,1
CUST_2878,OFFER_1210,450,0.8059307776926438,3,1,0.11278359713269848,1,1,0,0,0,0
CUST_2705,OFFER_0690,308,0.6973872271540089,3,1,0.004240046594063611,1,1,0,0,0,0
CUST_0647,OFFER_0788,570,1.896172216642062,2,1,1.2030250360821166,1,0,0,0,0,1
CUST_1931,OFFER_1171,470,0.7528247808043463,1,1,0.059677600244401025,0,0,1,0,0,0
CUST_0810,OFFER_1171,411,0.7236834295735155,2,1,0.030536249013570178,1,0,0,0,0,0
CUST_1366,OFFER_0665,290,0.6950121055675829,2,1,0.0018649250076375335,1,0,0,0,0,0
CUST_0876,OFFER_0863,521,2.3557598372659747,5,3,0.9694654761460842,0,0,1,0,0,1
CUST_2272,OFFER_1272,487,0.8699238758565822,2,1,0.1767766952966369,1,0,0,0,0,1
CUST_2573,OFFER_0850,408,0.7216385083273895,2,1,0.028491327767444268,1,0,0,0,0,0
CUST_0972,OFFER_0128,502,0.9431471805599454,2,1,0.25000000000000006,1,0,0,0,0,1
CUST_0403,OFFER_1224,558,1.604869669118162,2,1,0.9117224885582168,1,0,0,0,0,1
CUST_1228,OFFER_0806,586,3.3047988704483178,3,1,2.6116516898883724,1,1,0,0,0,1
CUST_1557,OFFER_0937,268,1.1002949522740622,3,2,0.0016826636059526895,1,1,0,0,0,0
CUST_0666,OFFER_0167,583,5.159874270449286,5,2,4.061261981781177,1,1,1,0,0,1
CUST_2283,OFFER_0167,569,2.4564690399853584,3,1,1.763321859425413,1,1,0,0,0,1
CUST_2750,OFFER_0992,576,2.480525168635886,2,2,1.381912879967776,1,0,0,0,0,1
CUST_2896,OFFER_0167,566,1.7899721602545715,2,1,1.0968249796946261,1,0,0,0,0,1
CUST_0180,OFFER_0244,496,1.019603641795992,3,1,0.3264564612360466,1,1,0,0,0,1
CUST_0416,OFFER_0592,442,0.7556471805599453,2,1,0.0625,1,0,0,0,0,0
CUST_0545,OFFER_0382,424,0.7137644916657717,1,1,0.020617311105826472,1,1,1,0,0,0
CUST_1912,OFFER_0710,438,0.7501298360948339,2,1,0.05698265553488854,1,0,0,0,0,0
CUST_2161,OFFER_1207,518,1.2358731446000872,3,1,0.5427259640401418,1,1,0,0,0,1
CUST_2846,OFFER_0005,243,1.0995566516869861,3,2,0.0009443630188766442,1,1,0,0,0,0
CUST_1624,OFFER_1091,565,1.7649206430962385,2,1,1.0717734625362931,1,0,0,0,0,1
CUST_1778,OFFER_0129,517,1.2234772664498559,3,1,0.5303300858899107,1,1,0,0,0,0
CUST_1153,OFFER_1006,571,2.53986380057732,3,1,1.8467166200173746,1,1,0,0,0,0
CUST_0547,OFFER_0863,555,1.5438143415108012,2,1,0.8506671609508558,1,0,0,0,0,1
CUST_0285,OFFER_1171,412,0.7400221805599453,3,1,0.04687500000000002,1,1,0,0,0,0
CUST_0285,OFFER_0382,412,0.7243971805599453,2,1,0.031250000000000014,1,0,0,0,0,0
CUST_0534,OFFER_0665,388,1.1165607004649383,2,2,0.017948411796828677,1,0,0,0,0,0
CUST_2014,OFFER_0592,484,0.8580856694065571,2,1,0.1649384888466118,1,0,0,0,0,0
CUST_1664,OFFER_1096,588,2.516592157676379,2,1,1.8234449771164336,1,0,0,0,0,1
CUST_1839,OFFER_0875,490,0.882611751373745,2,1,0.18946457081379978,1,0,0,0,0,1
CUST_1273,OFFER_1224,522,1.0899974435519952,2,1,0.3968502629920499,1,0,0,0,0,1
CUST_0109,OFFER_0919,443,0.789088482934643,3,1,0.09594130237469765,1,1,0,0,0,0
CUST_0957,OFFER_0503,408,0.7358841722111117,3,1,0.0427369916511664,1,1,0,0,0,0
CUST_1283,OFFER_1180,532,2.136294361119891,3,3,0.75,1,1,0,0,0,0
CUST_1835,OFFER_0859,488,0.8740558352399925,2,1,0.1809086546800473,1,0,0,0,0,1
CUST_2804,OFFER_0511,517,1.0467005711532191,2,1,0.3535533905932738,1,0,0,0,0,1
CUST_2527,OFFER_0411,573,1.9825174889995245,2,1,1.2893703084395791,1,0,0,0,0,1
CUST_1846,OFFER_0651,311,1.1031566580875443,3,2,0.004544369419434773,1,1,0,0,0,0
CUST_0893,OFFER_1215,519,1.0634215686315862,2,1,0.37027438807164104,1,0,0,0,0,1
CUST_1936,OFFER_0676,567,2.376840253024005,3,1,1.6836930724640595,1,1,0,0,0,0
CUST_1753,OFFER_1140,303,0.6956654819436163,2,1,0.002518301383671054,1,0,0,0,0,0
CUST_2072,OFFER_1154,417,0.7282241195696132,2,1,0.0350769390096679,1,0,0,0,0,0
CUST_1608,OFFER_0071,183,0.693225877478185,1,1,7.869691823972047e-05,0,0,1,0,0,0
CUST_0559,OFFER_0282,552,1.8836979695360947,3,1,1.1905507889761495,0,1,0,0,0,1
CUST_1717,OFFER_0877,579,2.1742447328465095,2,1,1.4810975522865644,1,0,0,0,0,1
CUST_0670,OFFER_0167,572,1.9530682304548184,2,1,1.2599210498948732,1,0,0,0,0,1
CUST_2863,OFFER_1090,419,0.729883052631308,2,1,0.03673587207136277,1,0,0,0,0,0
CUST_0106,OFFER_0532,585,2.3944815024616566,2,1,1.7013343219017114,1,0,0,0,0,1
CUST_2290,OFFER_0752,465,0.7994805756788023,2,1,0.106333395118857,1,0,0,0,0,0
CUST_1283,OFFER_0592,504,1.0858824766176802,3,1,0.39273529605773505,1,1,0,0,0,0
CUST_2938,OFFER_1308,278,0.6945605294246332,2,1,0.00141334886468787,1,0,0,0,0,0
CUST_1099,OFFER_0313,297,0.6964356435921016,3,1,0.003288463032156367,1,1,0,0,0,0
CUST_1961,OFFER_1120,317,1.1020923617858454,2,2,0.0034800731177357,1,0,0,0,0,0
CUST_1737,OFFER_0307,585,3.2451486634125124,3,1,2.552001482852567,1,1,0,0,0,1
CUST_0893,OFFER_0409,519,1.0634215686315862,2,1,0.37027438807164104,1,0,0,0,0,1
CUST_1076,OFFER_0824,588,2.516592157676379,2,1,1.8234449771164336,1,0,0,0,0,1
CUST_0685,OFFER_0123,564,1.740441303380572,2,1,1.0472941228206267,1,0,0,0,0,1
CUST_2283,OFFER_0156,569,2.4564690399853584,3,1,1.763321859425413,1,1,0,0,0,0
CUST_2158,OFFER_0411,576,2.075060060527721,2,1,1.381912879967776,1,0,0,0,0,1
CUST_1087,OFFER_1059,394,1.1295382553268494,3,2,0.030925966658739718,1,1,0,0,0,0
CUST_2531,OFFER_0710,396,0.7147395693094418,2,1,0.021592388749496497,1,0,0,0,0,0
CUST_2056,OFFER_1180,313,0.6979064719448451,3,1,0.004759291384899822,1,1,0,0,0,0
CUST_1145,OFFER_1224,588,2.516592157676379,2,1,1.8234449771164336,1,0,0,0,0,1
CUST_1745,OFFER_1180,481,0.9239867580621172,3,1,0.23083957750217185,1,1,0,0,0,0
CUST_1348,OFFER_0676,570,1.896172216642062,2,1,1.2030250360821166,1,0,0,0,0,0
CUST_2911,OFFER_0132,580,2.2088637470703434,2,1,1.5157165665103982,1,0,0,0,0,1
CUST_2562,OFFER_0719,520,1.0720763221875447,2,1,0.3789291416275995,1,0,0,0,0,1
CUST_1951,OFFER_1180,297,1.388365963017898,3,3,0.0020716018980074633,1,1,1,0,0,0
CUST_0603,OFFER_0665,371,0.7052654990117714,2,1,0.012118318451826062,1,0,0,0,0,0
CUST_2990,OFFER_1241,582,2.2805482325281448,2,1,1.5874010519681994,1,0,0,0,0,1
CUST_2571,OFFER_0493,506,0.9673534254836018,2,1,0.27420624492365653,1,0,0,0,0,1
CUST_0233,OFFER_0282,440,1.758631913045103,5,4,0.1491940006110026,0,0,1,0,0,1
CUST_2415,OFFER_0435,90,0.6931563589125765,1,1,9.178352631241748e-06,0,0,1,0,0,0
CUST_0366,OFFER_0005,243,1.0995566516869861,3,2,0.0009443630188766442,1,1,0,0,0,0
CUST_0699,OFFER_0852,116,0.6931639167809489,1,1,1.673622100364116e-05,0,0,1,0,0,0
CUST_1329,OFFER_0592,478,0.8367344749345746,2,1,0.1435872943746294,1,0,0,0,0,0
CUST_1930,OFFER_0005,259,0.694058345590743,2,1,0.0009111650307976634,1,0,0,0,0,0
CUST_2987,OFFER_0841,414,0.7258751218980899,2,1,0.032727941338144606,1,0,0,0,0,0
CUST_2732,OFFER_0955,517,1.0467005711532191,2,1,0.3535533905932738,1,0,0,0,0,1
CUST_2312,OFFER_0558,85,0.6931553575425391,1,1,8.176982593813282e-06,0,0,1,0,0,0
CUST_0585,OFFER_0998,518,1.2358731446000872,3,1,0.5427259640401418,0,1,0,0,0,1
CUST_1145,OFFER_1011,588,2.516592157676379,2,1,1.8234449771164336,1,0,0,0,0,1
CUST_0232,OFFER_1247,43,0.6931502790569407,1,1,3.098496995377483e-06,0,0,1,0,0,0
CUST_0527,OFFER_0990,123,0.6931668547895052,1,1,1.9674229559930115e-05,0,0,1,0,0,0
CUST_0635,OFFER_0437,504,1.0858824766176802,3,1,0.39273529605773505,1,1,0,0,0,1
CUST_2951,OFFER_1207,519,1.0634215686315862,2,1,0.37027438807164104,1,0,0,0,0,1
CUST_2165,OFFER_0128,450,0.7683362453150776,2,1,0.07518906475513232,1,0,0,0,0,1
CUST_1325,OFFER_1090,383,0.7091373976223949,2,1,0.01599021706244961,1,0,0,0,0,0
CUST_1647,OFFER_0529,259,0.694058345590743,2,1,0.0009111650307976634,1,0,0,0,0,0
CUST_0867,OFFER_0227,376,0.7067495331114473,2,1,0.013602352551501943,1,0,0,0,0,0
CUST_2919,OFFER_0651,312,1.613982281853535,3,4,0.004544369419434773,1,1,0,0,0,0
CUST_1332,OFFER_0917,518,1.0549644899200399,2,1,0.3618173093600946,1,0,0,0,0,1
CUST_1865,OFFER_0035,497,1.2499588793976577,5,1,0.5568116988377123,0,0,1,0,0,1
CUST_2619,OFFER_1140,284,1.1010475559419655,3,2,0.002435267273855823,1,1,0,0,0,0
CUST_1007,OFFER_0167,475,0.8271188633769819,2,1,0.13397168281703667,1,0,0,0,0,1
CUST_1632,OFFER_0411,549,1.8039703447748687,3,1,1.1108231642149233,1,1,0,0,0,1
CUST_1471,OFFER_0686,475,0.8271188633769819,2,1,0.13397168281703667,1,0,0,0,0,0
CUST_1075,OFFER_0411,550,1.4510054638151444,2,1,0.757858283255199,1,0,0,0,0,1
CUST_1937,OFFER_0071,198,0.6932584748090369,1,1,0.0001112942490915792,0,0,1,0,0,0
CUST_0799,OFFER_0437,530,1.1705679825151536,2,1,0.47742080195520825,1,0,0,0,0,1
CUST_0640,OFFER_0493,509,0.9870341571308475,2,1,0.29388697657090224,1,0,0,0,0,1
CUST_1607,OFFER_1180,369,0.7047182551871841,2,1,0.01157107462723879,1,0,0,0,0,0
CUST_0805,OFFER_0698,453,0.8140256469761559,3,1,0.12087846641621054,1,1,0,0,0,1
CUST_0616,OFFER_1154,428,0.7383743442299571,2,1,0.04522716367001182,1,0,0,0,0,0
CUST_1522,OFFER_1154,414,0.7095111512290175,1,1,0.016363970669072303,1,1,1,0,0,0
CUST_1221,OFFER_1243,7,0.6931485292590976,1,1,1.3486991523486078e-06,0,0,1,0,0,0
CUST_0952,OFFER_1294,568,1.8418455355569803,2,1,1.148698354997035,1,0,0,0,0,1
CUST_0180,OFFER_0188,496,1.019603641795992,3,1,0.3264564612360466,1,1,0,0,0,1
CUST_1225,OFFER_1224,554,1.9400040247741268,3,1,1.2468568442141816,1,1,0,0,0,1
CUST_0725,OFFER_0310,274,0.6937914715320024,1,1,0.0006442909720570772,0,0,1,0,0,0
CUST_2926,OFFER_0850,371,0.7052654990117714,2,1,0.012118318451826062,1,0,0,0,0,0
CUST_2654,OFFER_0922,525,1.1184807610353733,2,1,0.4253335804754279,1,0,0,0,0,1
CUST_2135,OFFER_0818,485,0.861940923830969,2,1,0.16879374327102373,1,0,0,0,0,1
CUST_1426,OFFER_0325,477,1.9602073025307793,5,4,0.35076939009667907,0,0,1,0,0,1
CUST_1366,OFFER_1180,290,0.6950121055675829,2,1,0.0018649250076375335,1,0,0,0,0,0
CUST_0970,OFFER_1308,260,0.694079643063764,2,1,0.0009324625038187667,1,0,0,0,0,0
CUST_2891,OFFER_0852,125,0.6931677852649344,1,1,2.060470498913868e-05,0,0,1,0,0,0
CUST_0403,OFFER_1125,558,1.604869669118162,2,1,0.9117224885582168,1,0,0,0,0,1
CUST_0207,OFFER_1120,324,0.6972381732272134,2,1,0.004090992667268075,1,0,0,0,0,0
CUST_0473,OFFER_0227,371,0.7052654990117714,2,1,0.012118318451826062,1,0,0,0,0,0
CUST_2238,OFFER_0073,297,0.6942433349039974,1,1,0.0010961543440521223,1,1,1,0,0,0
CUST_2742,OFFER_0005,252,0.6943098278148048,3,1,0.0011626472548595223,1,1,0,0,0,0
CUST_0480,OFFER_1180,445,0.7601330219684637,2,1,0.06698584140851835,1,0,0,0,0,0
CUST_2435,OFFER_0871,472,0.8181471805599453,2,1,0.125,1,0,0,0,0,0
CUST_2298,OFFER_1154,425,0.7353456163777012,2,1,0.04219843581775594,1,0,0,0,0,0
CUST_0747,OFFER_0852,128,0.693169264135956,1,1,2.208357601074794e-05,0,0,1,0,0,0
CUST_0136,OFFER_0071,241,0.6940488976595631,3,1,0.0009017170996178585,1,1,0,0,0,0
CUST_1366,OFFER_0217,290,0.6950121055675829,2,1,0.0018649250076375335,1,0,0,0,0,0
CUST_0201,OFFER_0503,424,0.7549991138774247,3,1,0.061851933317479416,1,1,0,0,0,0
CUST_0245,OFFER_0592,490,0.882611751373745,2,1,0.18946457081379978,1,0,0,0,0,0
CUST_2139,OFFER_0818,490,0.882611751373745,2,1,0.18946457081379978,1,0,0,0,0,1
CUST_0143,OFFER_0197,581,2.24429194239368,2,1,1.5511447618337346,1,0,0,0,0,1
CUST_0562,OFFER_0525,524,1.108766128631339,2,1,0.4156189480713939,1,0,0,0,0,1
CUST_0646,OFFER_0300,48,0.6931506585052294,1,1,3.4779452841118487e-06,0,0,1,0,0,0
CUST_2255,OFFER_0907,561,2.0757722571023556,2,2,0.9771599684342459,1,0,0,0,0,1
CUST_1892,OFFER_0698,528,1.1490084248390537,2,1,0.45586124427910846,1,0,0,0,0,1
CUST_1145,OFFER_0705,588,2.516592157676379,2,1,1.8234449771164336,1,0,0,0,0,1
CUST_1839,OFFER_0849,490,0.882611751373745,2,1,0.18946457081379978,1,0,0,0,0,1
CUST_2834,OFFER_1090,379,0.7150151412990892,3,1,0.02186796073914393,1,1,0,0,0,0
CUST_1778,OFFER_1090,517,0.8699238758565822,1,1,0.1767766952966369,1,1,1,0,0,0
CUST_1944,OFFER_1114,431,0.7416204543672495,2,1,0.048473273807304214,1,0,0,0,0,0
CUST_1563,OFFER_0877,560,1.6479887844703618,2,1,0.9548416039104166,1,0,0,0,0,1
CUST_1332,OFFER_0055,518,1.0549644899200399,2,1,0.3618173093600946,1,0,0,0,0,1
CUST_2992,OFFER_1227,570,1.896172216642062,2,1,1.2030250360821166,1,0,0,0,0,0
CUST_1892,OFFER_0740,38,0.6931499410069466,1,1,2.7604470013434918e-06,0,0,1,0,0,0
CUST_2497,OFFER_0788,522,1.28842257504802,3,1,0.5952753944880749,1,1,0,0,0,1
CUST_1828,OFFER_1090,459,0.8320000760868107,3,1,0.13885289552686544,1,1,0,0,0,0
CUST_2840,OFFER_1262,518,1.0549644899200399,2,1,0.3618173093600946,1,0,0,0,0,1
CUST_0272,OFFER_0300,74,1.0986186305099686,1,2,6.341841858999546e-06,0,0,1,0,0,0
CUST_1906,OFFER_0841,412,0.7400221805599453,3,1,0.04687500000000002,1,1,0,0,0,0
CUST_2223,OFFER_1210,413,0.7411178317472941,3,1,0.04797065118734883,1,1,0,0,0,0
CUST_2542,OFFER_0049,488,0.8740558352399925,2,1,0.1809086546800473,1,0,0,0,0,1
CUST_0458,OFFER_0319,474,0.8240589459125237,2,1,0.1309117653525784,1,0,0,0,0,1
CUST_1899,OFFER_1102,574,2.0126550913328396,2,1,1.3195079107728942,1,0,0,0,0,1
CUST_0972,OFFER_0762,502,0.9431471805599454,2,1,0.25000000000000006,1,0,0,0,0,1
CUST_0959,OFFER_0503,412,0.7243971805599453,2,1,0.031250000000000014,1,0,0,0,0,0
CUST_0066,OFFER_0437,553,1.5053995769161808,2,1,0.8122523963562356,1,0,0,0,0,1
CUST_0896,OFFER_0676,559,2.0926966678651566,3,1,1.3995494873052112,1,1,0,0,0,0
CUST_1332,OFFER_0511,518,1.0549644899200399,2,1,0.3618173093600946,1,0,0,0,0,1
CUST_1327,OFFER_1308,261,0.6941014383416193,2,1,0.0009542577816740685,1,0,0,0,0,0
CUST_1418,OFFER_1002,492,0.8915723120559702,2,1,0.19842513149602495,1,0,0,0,0,1
CUST_0248,OFFER_0871,366,0.7093414721220677,3,1,0.016194291562122386,1,1,0,0,0,0
CUST_0350,OFFER_1180,389,0.7206990846134673,3,1,0.027551904053522078,1,1,0,0,0,0
CUST_0972,OFFER_1180,360,0.7072451302015326,3,1,0.0140979496415873,1,1,0,0,0,0
CUST_2427,OFFER_1180,450,0.7683362453150776,2,1,0.07518906475513232,1,0,0,0,0,0
CUST_1181,OFFER_0665,315,0.6964700991574095,2,1,0.0033229185974642784,1,0,0,0,0,0
CUST_0434,OFFER_0852,123,1.0986319628976695,1,2,1.9674229559930115e-05,0,0,1,0,0,0
CUST_1195,OFFER_0871,532,1.4431471805599454,3,1,0.75,1,1,0,0,0,0
CUST_0239,OFFER_0005,269,0.6942951765621753,2,1,0.0011479960022300862,1,0,0,0,0,0
CUST_0487,OFFER_0005,253,0.6943370034061702,3,1,0.0011898228462249552,1,1,0,0,0,0
CUST_0972,OFFER_0203,502,0.9431471805599454,2,1,0.25000000000000006,1,0,0,0,0,1
CUST_2478,OFFER_0529,289,0.6958806756523382,3,1,0.0027334950923929907,1,1,0,0,0,0
CUST_2943,OFFER_0665,389,0.7115151165956267,2,1,0.018367936035681386,1,0,0,0,0,0
CUST_0403,OFFER_0411,558,2.0607309133972707,3,1,1.3675837328373253,1,1,0,0,0,1
CUST_1332,OFFER_0445,518,1.0549644899200399,2,1,0.3618173093600946,1,0,0,0,0,1
CUST_0098,OFFER_0177,546,1.7295818405357775,3,1,1.036434659975832,1,1,0,0,0,1
CUST_1249,OFFER_0167,569,1.868695086843554,2,1,1.1755479062836087,1,0,0,0,0,1
CUST_2652,OFFER_1180,484,0.940554913829863,3,1,0.24740773326991772,1,1,0,0,0,0
CUST_1767,OFFER_0411,531,1.1817271647770682,2,1,0.48857998421712295,1,0,0,0,0,1
CUST_1513,OFFER_1154,409,0.7077258210527079,1,1,0.014578640492762621,1,1,1,0,0,0
CUST_1842,OFFER_0411,550,1.4510054638151444,2,1,0.757858283255199,1,0,0,0,0,1
CUST_1667,OFFER_1047,462,0.7923597463079577,2,1,0.09921256574801246,1,0,0,0,0,1
CUST_1411,OFFER_0928,270,1.388056604825089,3,3,0.0017622437051984133,1,1,0,0,0,0
CUST_1950,OFFER_0313,345,0.7031159363523382,3,1,0.009968755792392836,1,1,0,0,0,0
CUST_1518,OFFER_1140,307,0.6959093164239553,2,1,0.0027621358640099515,1,0,0,0,0,0
CUST_0285,OFFER_1059,360,0.7072451302015326,3,1,0.0140979496415873,1,1,0,0,0,0
CUST_2250,OFFER_0313,296,0.6952894168484114,2,1,0.0021422362884660675,1,0,0,0,0,0
CUST_1395,OFFER_0937,241,0.6940488976595631,3,1,0.0009017170996178585,1,1,0,0,0,0
CUST_1889,OFFER_0915,305,0.6971032839178599,3,1,0.003956103357914618,1,1,0,0,0,0
CUST_1839,OFFER_0622,490,0.882611751373745,2,1,0.18946457081379978,1,0,0,0,0,1
CUST_0866,OFFER_1104,518,1.6413382527082514,3,2,0.5427259640401418,1,1,0,0,0,1
CUST_1028,OFFER_0009,273,0.6944063312517809,2,1,0.001259150691835527,1,0,0,0,0,0
CUST_1044,OFFER_0863,451,1.2140320774191955,3,2,0.11541978875108591,1,1,0,0,0,1
CUST_2804,OFFER_0129,517,1.0467005711532191,2,1,0.3535533905932738,1,0,0,0,0,0
CUST_0458,OFFER_0643,474,0.8895148285888128,3,1,0.19636764802886758,1,1,0,0,0,1
CUST_2091,OFFER_0888,514,1.023024158253169,2,1,0.32987697769322366,1,0,0,0,0,1
CUST_0743,OFFER_0397,488,0.8740558352399925,2,1,0.1809086546800473,1,0,0,0,0,1
CUST_2929,OFFER_0102,318,0.6967085965308758,2,1,0.0035614159709305357,1,0,0,0,0,0
CUST_1129,OFFER_0877,553,1.9108646850243451,2,2,0.8122523963562356,1,0,0,0,0,1
CUST_1555,OFFER_0788,555,1.9492794496189654,2,2,0.8506671609508558,1,0,0,0,0,1
CUST_1161,OFFER_1090,372,0.7117495366376976,3,1,0.018602356077752347,1,1,0,0,0,0
CUST_1938,OFFER_0382,413,0.7251276146848445,2,1,0.03198043412489922,1,0,0,0,0,0
CUST_0939,OFFER_0980,481,0.8470402322280599,2,1,0.15389305166811457,1,0,0,0,0,1
CUST_0958,OFFER_0411,564,1.740441303380572,2,1,1.0472941228206267,1,0,0,0,0,1
CUST_2048,OFFER_0915,307,0.6945282484919503,1,1,0.0013810679320049757,1,1,1,0,0,0
CUST_1198,OFFER_1191,9,0.693148593044641,1,1,1.4124846957078598e-06,0,0,1,0,0,0
CUST_0880,OFFER_1295,508,1.1239090636838334,3,1,0.4307618831238881,0,1,0,0,0,1
CUST_2899,OFFER_0590,493,0.9977418291935336,3,1,0.30459464863358837,1,1,0,0,0,1
CUST_0135,OFFER_0352,442,0.7556471805599453,2,1,0.0625,1,0,0,0,0,1
CUST_0640,OFFER_0209,509,0.9870341571308475,2,1,0.29388697657090224,1,0,0,0,0,1
CUST_0487,OFFER_1308,253,0.6943370034061702,3,1,0.0011898228462249552,1,1,0,0,0,0
CUST_0940,OFFER_0710,430,0.7641963946151202,3,1,0.07104921405517493,1,1,0,0,0,0
CUST_0893,OFFER_0671,519,1.0634215686315862,2,1,0.37027438807164104,1,0,0,0,0,1
CUST_2105,OFFER_1161,525,1.1184807610353733,2,1,0.4253335804754279,1,0,0,0,0,0
CUST_1088,OFFER_0147,427,0.7594384412961841,3,1,0.06629126073623882,1,1,0,0,0,0
CUST_0191,OFFER_0592,419,0.729883052631308,2,1,0.03673587207136277,1,0,0,0,0,0
CUST_0142,OFFER_0288,193,0.6932463324637974,1,1,9.91519038520795e-05,0,0,1,0,0,0
CUST_2905,OFFER_0258,509,0.9870341571308475,2,1,0.29388697657090224,1,0,0,0,0,1
CUST_0554,OFFER_0407,483,0.9349041133923663,3,1,0.24175693283242108,1,1,0,0,0,1
CUST_0500,OFFER_1292,523,1.7924205592980083,2,3,0.4061261981781178,1,0,0,0,0,1
CUST_1632,OFFER_0382,412,0.7400221805599453,3,1,0.04687500000000002,1,1,0,0,0,0
CUST_1487,OFFER_1078,537,1.254378204714632,2,1,0.5612310241546866,1,0,0,0,0,1
CUST_0739,OFFER_0919,444,0.7586030632362345,2,1,0.06545588267628918,1,0,0,0,0,0
CUST_2255,OFFER_0793,561,1.6703071489941912,2,1,0.9771599684342459,1,0,0,0,0,1
CUST_0866,OFFER_1093,518,1.6413382527082514,3,2,0.5427259640401418,1,1,0,0,0,1
CUST_0237,OFFER_1171,299,0.6942951765621753,1,1,0.0011479960022300864,0,0,1,0,0,0
CUST_0326,OFFER_0877,562,1.6931471805599454,2,1,1.0,1,0,0,0,0,1
CUST_2462,OFFER_1261,211,0.6932974667432149,1,1,0.00015028618326964332,0,0,1,0,0,0
CUST_2575,OFFER_0071,219,1.0987930867091602,1,2,0.00018079804105060584,0,0,1,0,0,0
CUST_0225,OFFER_0071,238,0.6939885123629216,3,1,0.0008413318029763446,1,1,0,0,0,0
CUST_1871,OFFER_0503,435,0.7463138781193738,2,1,0.053166697559428495,1,0,0,0,0,0
CUST_2557,OFFER_0085,488,0.8740558352399925,2,1,0.1809086546800473,1,0,0,0,0,1
CUST_2465,OFFER_0788,447,0.7633010585792811,2,1,0.0701538780193358,1,0,0,0,0,1
CUST_2241,OFFER_0698,503,0.948990653559139,2,1,0.2558434729991938,1,0,0,0,0,1
CUST_2246,OFFER_0233,519,1.0634215686315862,2,1,0.37027438807164104,1,0,0,0,0,1
CUST_0803,OFFER_0859,488,0.8740558352399925,2,1,0.1809086546800473,1,0,0,0,0,1
CUST_2362,OFFER_0074,478,0.9085281221218894,3,1,0.2153809415619441,1,1,0,0,0,1
CUST_2362,OFFER_1006,478,1.3139932302300537,3,2,0.2153809415619441,1,1,0,0,0,0
CUST_2362,OFFER_1194,478,0.9085281221218894,3,1,0.2153809415619441,1,1,0,0,0,1
CUST_1529,OFFER_0529,299,0.6965911685666355,3,1,0.0034439880066902593,1,1,0,0,0,0
CUST_0096,OFFER_0877,556,1.5636977438560695,2,1,0.8705505632961241,1,0,0,0,0,1
CUST_0096,OFFER_0868,556,1.5636977438560695,2,1,0.8705505632961241,1,0,0,0,0,1
CUST_2750,OFFER_0081,576,2.075060060527721,2,1,1.381912879967776,1,0,0,0,0,1
CUST_1892,OFFER_0411,528,1.1490084248390537,2,1,0.45586124427910846,1,0,0,0,0,1
CUST_1972,OFFER_1257,538,1.2674963580584628,2,1,0.5743491774985175,1,0,0,0,0,1
CUST_1248,OFFER_0233,533,1.2048341265583329,2,1,0.5116869459983876,1,0,0,0,0,1
CUST_1609,OFFER_0503,417,0.7282241195696132,2,1,0.0350769390096679,1,0,0,0,0,0
CUST_0866,OFFER_0705,518,1.4604295980282043,2,2,0.3618173093600946,1,0,0,0,0,1
CUST_2884,OFFER_0275,273,0.6950359065976985,3,1,0.0018887260377532904,1,1,0,0,0,0
CUST_0893,OFFER_0998,518,1.2358731446000872,3,1,0.5427259640401418,0,1,0,0,0,1
CUST_0681,OFFER_0553,316,0.6965477686978208,2,1,0.0034005881378754853,1,0,0,0,0,0
CUST_2612,OFFER_0201,253,0.6939403957907619,2,1,0.0007932152308166369,1,0,0,0,0,0
CUST_0214,OFFER_0841,419,1.1537160967751536,3,2,0.055103808107044155,1,1,0,0,0,0
CUST_1240,OFFER_1186,358,0.7021213864583596,2,1,0.008974205898414338,1,0,0,0,0,0
CUST_2465,OFFER_0147,447,0.798377997588949,3,1,0.10523081702900369,1,1,0,0,0,0
CUST_0725,OFFER_0739,539,1.5748081102726519,3,1,0.8816609297127065,1,1,0,0,0,1
CUST_2246,OFFER_1091,519,1.0634215686315862,2,1,0.37027438807164104,1,0,0,0,0,1
CUST_2189,OFFER_0438,461,0.7900937281745537,2,1,0.09694654761460839,1,0,0,0,0,1
CUST_0564,OFFER_0710,433,0.74391295533221,2,1,0.05076577477226472,1,0,0,0,0,0
CUST_1677,OFFER_0005,266,0.6942182987041783,2,1,0.0010711181442330337,1,0,0,0,0,0
CUST_1667,OFFER_0268,462,0.7923597463079577,2,1,0.09921256574801246,1,0,0,0,0,1
CUST_0393,OFFER_1289,519,1.0634215686315862,2,1,0.37027438807164104,1,0,0,0,0,1
CUST_2594,OFFER_0871,462,0.841966029181964,3,1,0.1488188486220187,1,1,0,0,0,0
CUST_0509,OFFER_0686,469,0.8680908664730966,3,1,0.1749436859131514,1,1,0,0,0,0
CUST_0360,OFFER_0676,570,1.896172216642062,2,1,1.2030250360821166,1,0,0,0,0,0
CUST_0735,OFFER_0788,532,1.5986122886681096,2,2,0.5,1,0,0,0,0,1
CUST_0076,OFFER_0922,455,0.7775440521954572,2,1,0.08439687163551189,1,0,0,0,0,1
CUST_0952,OFFER_0814,568,1.8418455355569803,2,1,1.148698354997035,1,0,0,0,0,1
CUST_2351,OFFER_0850,398,0.7157607623949512,2,1,0.02261358183500591,1,0,0,0,0,0
CUST_0193,OFFER_1241,586,2.4342483071521936,2,1,1.7411011265922482,1,0,0,0,0,1
CUST_1445,OFFER_0727,155,0.6931883899699236,1,1,4.1209409978277365e-05,0,0,1,0,0,0
CUST_0098,OFFER_1227,565,2.300807374364385,3,1,1.6076601938044397,1,1,0,0,0,0
CUST_0115,OFFER_0592,462,0.7923597463079577,2,1,0.09921256574801246,1,0,0,0,0,0
CUST_0083,OFFER_0863,586,2.4342483071521936,2,1,1.7411011265922482,1,0,0,0,0,1
CUST_0893,OFFER_0433,519,1.0634215686315862,2,1,0.37027438807164104,1,0,0,0,0,1
CUST_2465,OFFER_0352,447,0.7633010585792811,2,1,0.0701538780193358,1,0,0,0,0,1
CUST_0624,OFFER_0411,573,1.9825174889995245,2,1,1.2893703084395791,1,0,0,0,0,1
CUST_0228,OFFER_0525,518,1.0549644899200399,2,1,0.3618173093600946,1,0,0,0,0,1
CUST_1548,OFFER_0871,257,0.6935821896996622,1,1,0.0004350091397169624,1,1,1,0,0,0
CUST_0952,OFFER_1178,568,1.8418455355569803,2,1,1.148698354997035,1,0,0,0,0,1
CUST_0576,OFFER_1090,377,0.7001073267954167,1,1,0.006960146235471401,1,1,1,0,0,0
CUST_1664,OFFER_0934,588,2.516592157676379,2,1,1.8234449771164336,1,0,0,0,0,1
CUST_1802,OFFER_0167,507,0.9737626926372887,2,1,0.2806155120773433,1,0,0,0,0,1
CUST_1361,OFFER_0922,545,1.3683221536440402,2,1,0.675174973084095,1,0,0,0,0,1
CUST_2926,OFFER_0217,371,0.7052654990117714,2,1,0.012118318451826062,1,0,0,0,0,0
CUST_2360,OFFER_0282,569,1.868695086843554,2,1,1.1755479062836087,1,0,0,0,0,1
CUST_2876,OFFER_1140,318,0.6967085965308758,2,1,0.0035614159709305357,1,0,0,0,0,0
CUST_0193,OFFER_1102,586,2.4342483071521936,2,1,1.7411011265922482,1,0,0,0,0,1
CUST_0160,OFFER_0073,299,0.6954431725644055,2,1,0.002295992004460173,1,0,0,0,0,0
CUST_2362,OFFER_0237,478,0.8367344749345746,2,1,0.1435872943746294,1,0,0,0,0,1
CUST_1751,OFFER_1171,418,0.711095592356774,1,1,0.01794841179682868,1,1,1,0,0,0
CUST_0952,OFFER_0698,568,1.8418455355569803,2,1,1.148698354997035,1,0,0,0,0,1
CUST_0408,OFFER_1308,165,0.6931991011630306,1,1,5.192060308537942e-05,0,0,1,0,0,0
CUST_0849,OFFER_0145,18,0.6931489195325874,1,1,1.7389726420559241e-06,0,0,1,0,0,0
CUST_2011,OFFER_0167,504,1.347706007322837,5,1,0.6545588267628917,0,0,1,0,0,1
CUST_0416,OFFER_0397,442,0.7868971805599453,3,1,0.09375,1,1,0,0,0,1
CUST_0739,OFFER_1090,444,0.7913310045743791,3,1,0.09818382401443378,1,1,0,0,0,0
CUST_0186,OFFER_0073,461,0.7900937281745537,2,1,0.09694654761460839,1,0,0,0,0,0
CUST_1572,OFFER_1186,343,0.702665763329745,3,1,0.009518582769799645,1,1,0,0,0,0
CUST_0063,OFFER_0665,301,0.6955517594922596,2,1,0.0024045789323142897,1,0,0,0,0,0
CUST_2529,OFFER_1120,319,0.6986141707447313,3,1,0.005466990184785981,1,1,0,0,0,0
CUST_1836,OFFER_0816,493,0.8962102796490042,2,1,0.20306309908905892,1,0,0,0,0,0
CUST_1214,OFFER_0871,462,0.7923597463079577,2,1,0.09921256574801246,1,0,0,0,0,0
CUST_2348,OFFER_0513,325,0.6994271031919939,3,1,0.006279922632048594,1,1,0,0,0,0
CUST_2226,OFFER_0073,530,1.1705679825151536,2,1,0.47742080195520825,1,0,0,0,0,0
CUST_2724,OFFER_1164,500,1.0512127820263515,3,1,0.35806560146640615,1,1,0,0,0,1
CUST_0111,OFFER_0145,32,0.6931495836686372,1,1,2.4031086919686777e-06,0,0,1,0,0,0
CUST_0570,OFFER_0227,355,0.7057070258240424,3,1,0.012559845264097189,1,1,0,0,0,0
CUST_0076,OFFER_0399,484,0.940554913829863,3,1,0.24740773326991772,1,1,0,0,0,1
CUST_1041,OFFER_0701,369,0.7220748671280423,5,1,0.028927686568096973,0,0,1,0,0,1
CUST_0056,OFFER_0503,407,0.7209877655018309,2,1,0.027840584941885606,1,0,0,0,0,0
CUST_0096,OFFER_0619,567,1.8156092288693184,2,1,1.122462048309373,1,0,0,0,0,1
CUST_1145,OFFER_0197,588,2.516592157676379,2,1,1.8234449771164336,1,0,0,0,0,1
CUST_2161,OFFER_1257,518,1.0549644899200399,2,1,0.3618173093600946,1,0,0,0,0,1
CUST_0093,OFFER_1246,249,0.6938703727241478,2,1,0.0007231921642024241,1,0,0,0,0,0
CUST_0458,OFFER_0340,474,0.8240589459125237,2,1,0.1309117653525784,1,0,0,0,0,1
CUST_2855,OFFER_0824,538,1.2674963580584628,2,1,0.5743491774985175,1,0,0,0,0,1
CUST_0801,OFFER_0071,182,0.6932240800380883,1,1,7.689947814299773e-05,0,0,1,0,0,0
CUST_2612,OFFER_1237,253,0.6939403957907619,2,1,0.0007932152308166369,1,0,0,0,0,0
CUST_2594,OFFER_0325,462,0.7923597463079577,2,1,0.09921256574801246,1,0,0,0,0,1
CUST_2507,OFFER_0132,568,2.416194713055498,3,1,1.7230475324955528,1,1,0,0,0,1
CUST_1506,OFFER_0863,542,1.3231077055073819,2,1,0.6299605249474366,1,0,0,0,0,1
CUST_2734,OFFER_0145,9,0.693148593044641,1,1,1.4124846957078598e-06,0,0,1,0,0,0
CUST_2048,OFFER_1059,317,1.1020923617858454,2,2,0.0034800731177357,1,0,0,0,0,0
CUST_2837,OFFER_1289,564,2.6695534728990498,3,2,1.5709411842309402,1,1,0,0,0,1
CUST_2124,OFFER_1192,459,0.8320000760868107,3,1,0.13885289552686544,1,1,0,0,0,1
CUST_2899,OFFER_0871,467,0.7488283504437165,1,1,0.05568116988377122,1,1,1,0,0,0
CUST_2283,OFFER_0877,556,1.5636977438560695,2,1,0.8705505632961241,1,0,0,0,0,1
CUST_0031,OFFER_0992,569,2.4564690399853584,3,1,1.763321859425413,0,1,0,0,0,1
CUST_0138,OFFER_0184,328,0.6976342835091525,2,1,0.004487102949207173,1,0,0,0,0,0
CUST_1268,OFFER_0818,479,0.8400906688453964,2,1,0.14694348828545112,1,0,0,0,0,1
CUST_0891,OFFER_0184,323,0.6971447348255577,2,1,0.003997554265612405,1,0,0,0,0,0
CUST_2311,OFFER_0184,315,0.6964700991574095,2,1,0.0033229185974642784,1,0,0,0,0,0
CUST_2855,OFFER_1090,538,1.5546709468077218,3,1,0.8615237662477764,1,1,0,0,0,0
CUST_1600,OFFER_0629,496,1.019603641795992,3,1,0.3264564612360466,1,1,0,0,0,1
CUST_2119,OFFER_0073,544,1.3529011359463925,2,1,0.6597539553864472,1,0,0,0,0,0
CUST_2801,OFFER_1241,467,0.8601906902112589,3,1,0.16704350965131365,1,1,0,0,0,1
CUST_1955,OFFER_0251,573,3.0326677513274785,3,2,1.9340554626593687,1,1,0,0,0,1
CUST_0952,OFFER_0121,568,2.416194713055498,3,1,1.7230475324955528,1,1,0,0,0,1
CUST_0774,OFFER_0411,365,0.7195212029460427,5,1,0.026374022386097457,0,0,1,0,0,1
CUST_2592,OFFER_1180,526,1.1284224622080075,2,1,0.4352752816480622,1,0,0,0,0,0
CUST_2256,OFFER_0665,245,0.6938065311195977,2,1,0.0006593505596524369,1,0,0,0,0,0
CUST_1519,OFFER_0071,239,0.6937211785610603,2,1,0.0005739980011150435,1,0,0,0,0,0
CUST_1656,OFFER_0073,367,0.7041957240159851,2,1,0.011048543456039808,1,0,0,0,0,0
CUST_0473,OFFER_0503,394,0.7137644916657717,2,1,0.02061731110582648,1,0,0,0,0,0
CUST_2012,OFFER_0595,364,0.7034558361128586,2,1,0.01030865555291324,1,0,0,0,0,0
CUST_0247,OFFER_0411,581,2.24429194239368,2,1,1.5511447618337346,1,0,0,0,0,1
CUST_2640,OFFER_1120,318,0.6967085965308758,2,1,0.0035614159709305357,1,0,0,0,0,0
CUST_1510,OFFER_1140,314,0.698017715107657,3,1,0.004870534547711646,1,1,0,0,0,0
CUST_1106,OFFER_0928,230,0.6936134118118547,2,1,0.00046623125190938284,1,0,0,0,0,0
CUST_1222,OFFER_0124,506,0.9673534254836018,2,1,0.27420624492365653,1,0,0,0,0,1
CUST_1956,OFFER_0592,409,0.7223044615454706,2,1,0.029157280985525242,1,0,0,0,0,0
CUST_0972,OFFER_0411,502,0.9431471805599454,2,1,0.25000000000000006,1,0,0,0,0,1
CUST_1647,OFFER_0005,259,0.6945139281061418,3,1,0.0013667475461964951,1,1,0,0,0,0
CUST_1721,OFFER_0702,261,0.6941014383416193,2,1,0.0009542577816740685,1,0,0,0,0,0
CUST_2362,OFFER_0622,478,0.8367344749345746,2,1,0.1435872943746294,1,0,0,0,0,1
CUST_2282,OFFER_0071,232,1.0993447105431096,3,2,0.0007324218750000004,1,1,1,0,0,0
CUST_0205,OFFER_0690,308,0.695973878289321,2,1,0.0028266977293757403,1,0,0,0,0,0
CUST_0939,OFFER_0009,343,0.6994929024064784,2,1,0.006345721846533097,1,0,0,0,0,0
CUST_1141,OFFER_1154,411,0.7236834295735155,2,1,0.030536249013570178,1,0,0,0,0,0
CUST_2919,OFFER_0556,78,1.0986192445586778,1,2,6.9558905682236974e-06,0,0,1,0,0,0
CUST_2385,OFFER_1090,416,0.7445608514831309,3,1,0.0514136709231856,1,1,0,0,0,0
CUST_1510,OFFER_0690,314,0.6963942035917531,2,1,0.0032470230318077642,1,0,0,0,0,0
CUST_2423,OFFER_0937,234,0.6936585546433538,2,1,0.0005113740834085093,1,0,0,0,0,0
CUST_0846,OFFER_1308,272,0.6943775722102332,2,1,0.0012303916502879617,1,0,0,0,0,0
CUST_0773,OFFER_0859,491,0.9839868234037705,3,1,0.2908396428438252,1,1,0,0,0,1
CUST_1411,OFFER_0529,274,1.3882272340360617,3,3,0.0019328729161712317,1,1,0,0,0,0
CUST_1176,OFFER_0877,486,0.8658862905559173,2,1,0.172739109995972,1,0,0,0,0,1
CUST_0228,OFFER_0055,518,1.0549644899200399,2,1,0.3618173093600946,1,0,0,0,0,1
CUST_0385,OFFER_0937,247,0.6938377145259478,2,1,0.0006905339660024883,1,0,0,0,0,0
CUST_2432,OFFER_1308,140,0.6931763200131896,1,1,2.913945324433647e-05,0,0,1,0,0,0
CUST_0874,OFFER_1308,329,1.10550026468149,3,2,0.0068879760133805186,1,1,0,0,0,0
CUST_2172,OFFER_0223,206,0.6932810703279744,1,1,0.0001338897680291293,0,0,1,0,0,0
CUST_1403,OFFER_0529,317,0.6983672902365489,3,1,0.00522010967660355,1,1,0,0,0,0
CUST_2493,OFFER_0217,456,0.8227015130569243,3,1,0.129554332496979,1,1,0,0,0,0
CUST_0376,OFFER_0676,568,2.416194713055498,3,1,1.7230475324955528,1,1,0,0,0,0
CUST_0485,OFFER_0665,308,0.695973878289321,2,1,0.0028266977293757403,1,0,0,0,0,0
CUST_0006,OFFER_0877,513,1.1766610462247875,3,1,0.4835138656648422,1,1,0,0,0,1
CUST_0896,OFFER_1235,559,1.6261801720967528,2,1,0.9330329915368075,1,0,0,0,0,1
CUST_2851,OFFER_1210,428,1.1428064624922687,2,2,0.044194173824159216,1,1,1,0,0,0
CUST_2487,OFFER_0915,317,0.696627253677681,2,1,0.0034800731177357,1,0,0,0,0,0
CUST_1273,OFFER_1230,522,1.0899974435519952,2,1,0.3968502629920499,1,0,0,0,0,1
CUST_0770,OFFER_0863,525,1.1184807610353733,2,1,0.4253335804754279,1,0,0,0,0,1
CUST_1730,OFFER_0551,261,0.6955328250141305,5,1,0.0023856444541851714,0,0,1,1,1,0
CUST_1916,OFFER_0877,572,1.9530682304548184,2,1,1.2599210498948732,1,0,0,0,0,1
CUST_1424,OFFER_0992,590,2.602830388380778,2,1,1.909683207820833,1,0,0,0,0,1
CUST_0207,OFFER_0553,324,0.6992836695608474,3,1,0.006136489000902112,1,1,0,0,0,0
CUST_0458,OFFER_0079,474,0.8240589459125237,2,1,0.1309117653525784,1,0,0,0,0,1
CUST_0799,OFFER_0788,530,1.1705679825151536,2,1,0.47742080195520825,1,0,0,0,0,1
CUST_0697,OFFER_0841,424,1.160464221985589,3,2,0.061851933317479416,1,1,0,0,0,0
CUST_0707,OFFER_1224,511,1.0009332838961744,2,1,0.30778610333622913,1,0,0,0,0,1
CUST_1209,OFFER_0447,492,0.8915723120559702,2,1,0.19842513149602495,1,0,0,0,0,1
CUST_0783,OFFER_0841,424,0.7343818027715983,2,1,0.041234622211652944,1,0,0,0,0,0
CUST_0835,OFFER_1180,265,0.6941938343319534,2,1,0.0010466537720080996,1,0,0,0,0,0
CUST_0893,OFFER_0391,519,1.0634215686315862,2,1,0.37027438807164104,1,0,0,0,0,1
CUST_0120,OFFER_1120,320,0.6968770305752203,2,1,0.003729850015275064,1,0,0,0,0,0
CUST_1349,OFFER_0665,493,0.9977418291935336,3,1,0.30459464863358837,1,1,0,0,0,0
CUST_2091,OFFER_0411,552,2.2891630776442593,3,2,1.1905507889761495,1,1,0,0,0,1
CUST_2870,OFFER_0525,566,2.1954372683627357,2,2,1.0968249796946261,1,0,0,0,0,1
CUST_1972,OFFER_0493,538,1.2674963580584628,2,1,0.5743491774985175,1,0,0,0,0,1
CUST_2685,OFFER_0073,345,0.6997930177548738,2,1,0.006645837194928558,1,0,0,0,0,0
CUST_0504,OFFER_0005,253,0.6943370034061702,3,1,0.0011898228462249552,1,1,0,0,0,0
CUST_1194,OFFER_0581,110,0.6931617502865675,1,1,1.4569726622168236e-05,0,0,1,0,0,0
CUST_0264,OFFER_0128,462,0.7923597463079577,2,1,0.09921256574801246,1,0,0,0,0,1
CUST_0512,OFFER_0437,522,1.0899974435519952,2,1,0.3968502629920499,1,0,0,0,0,1
CUST_1967,OFFER_1289,575,2.0434971267281354,2,1,1.35034994616819,1,0,0,0,0,1
CUST_1934,OFFER_0556,66,0.6931524521392298,1,1,5.271579284545042e-06,0,0,1,0,0,0
CUST_1087,OFFER_0592,523,1.7924205592980083,2,3,0.4061261981781178,1,0,0,0,0,0
CUST_2364,OFFER_1090,430,1.1696615027232844,3,2,0.07104921405517493,1,1,0,0,0,0
CUST_2319,OFFER_0877,569,1.868695086843554,2,1,1.1755479062836087,1,0,0,0,0,1
CUST_1290,OFFER_0529,350,0.7006068805904954,2,1,0.007459700030550128,1,0,0,0,0,0
CUST_0186,OFFER_1237,266,0.6942182987041783,2,1,0.0010711181442330337,1,0,0,0,0,0
CUST_1831,OFFER_1120,318,0.6967085965308758,2,1,0.0035614159709305357,1,0,0,0,0,0
CUST_2255,OFFER_1005,561,1.6703071489941912,2,1,0.9771599684342459,1,0,0,0,0,1
CUST_0648,OFFER_0503,432,1.173021712979119,3,2,0.07440942431100933,1,1,0,0,0,0
CUST_2947,OFFER_0916,539,1.2809211337017496,2,1,0.5877739531418044,1,0,0,0,0,0
CUST_1102,OFFER_1180,295,1.101752249984134,3,2,0.0031399613160242998,1,1,0,0,0,0
CUST_0508,OFFER_0665,554,1.5243850767027332,2,1,0.8312378961427878,1,0,0,0,0,0
CUST_1895,OFFER_1308,261,0.6945785672324564,3,1,0.0014313866725111028,1,1,0,0,0,0
CUST_1414,OFFER_1180,503,1.698008572173436,3,3,0.31171421105354535,1,1,0,0,0,0
CUST_0076,OFFER_0980,484,0.8580856694065571,2,1,0.1649384888466118,1,0,0,0,0,1
CUST_2593,OFFER_0592,530,1.1705679825151536,2,1,0.47742080195520825,1,0,0,0,0,0
CUST_0680,OFFER_0071,195,0.6932510217661161,1,1,0.00010384120617075866,0,0,1,0,0,0
CUST_1892,OFFER_0258,528,1.1490084248390537,2,1,0.45586124427910846,1,0,0,0,0,1
CUST_2043,OFFER_0311,109,0.6931614175135515,1,1,1.4236953606213485e-05,0,0,1,0,0,0
CUST_2199,OFFER_0729,286,0.6948474746288831,2,1,0.0017002940689377424,1,0,0,0,0,0
CUST_1441,OFFER_1120,315,0.6981315584561417,3,1,0.004984377896196417,1,1,0,0,0,0
CUST_0676,OFFER_0850,367,1.1096608321241495,2,2,0.011048543456039808,1,0,0,0,0,0
CUST_0407,OFFER_0005,252,0.6939222787298517,2,1,0.0007750981699063482,1,0,0,0,0,0
CUST_0702,OFFER_1090,385,0.7098936409120749,2,1,0.016746460352129587,1,0,0,0,0,0
CUST_2493,OFFER_0711,493,0.8962102796490042,2,1,0.20306309908905892,1,0,0,0,0,1
CUST_0532,OFFER_0665,290,0.694079643063764,1,1,0.0009324625038187668,1,1,1,0,0,0
CUST_2878,OFFER_0791,450,0.7683362453150776,2,1,0.07518906475513232,1,0,0,0,0,1
CUST_1348,OFFER_0181,246,0.6941593237825779,3,1,0.0010121432226326485,1,1,0,0,0,0
CUST_2142,OFFER_0217,286,0.6939973275944141,1,1,0.0008501470344688712,1,1,1,0,0,0
CUST_1192,OFFER_0883,460,0.7878794659668452,2,1,0.09473228540689993,1,0,0,0,0,1
CUST_1597,OFFER_0240,538,1.2674963580584628,2,1,0.5743491774985175,1,0,0,0,0,1
CUST_2460,OFFER_0702,260,0.6945458743156734,3,1,0.00139869375572815,1,1,0,0,0,0
CUST_1620,OFFER_1180,429,0.7162893298144228,1,1,0.02314214925447757,1,1,1,0,0,0
CUST_1569,OFFER_0196,485,0.861940923830969,2,1,0.16879374327102373,1,0,0,0,0,1
CUST_1000,OFFER_0085,498,0.9210778026994995,2,1,0.2279306221395542,1,0,0,0,0,1
CUST_1994,OFFER_0851,570,2.49768473468312,3,1,1.804537554123175,1,1,0,0,0,0
CUST_1024,OFFER_0762,518,1.0549644899200399,2,1,0.3618173093600946,1,0,0,0,0,1
CUST_2878,OFFER_0863,450,0.8059307776926438,3,1,0.11278359713269848,1,1,0,0,0,1
CUST_2611,OFFER_0702,215,0.6933120181998584,1,1,0.0001648376399131092,0,0,1,0,0,0
CUST_0412,OFFER_0937,251,0.694283272914804,3,1,0.0011360923548586928,1,1,0,0,0,0
CUST_1552,OFFER_0915,307,0.6959093164239553,2,1,0.0027621358640099515,1,0,0,0,0,0
CUST_0613,OFFER_1180,284,0.6939589363178972,1,1,0.000811755757951941,0,0,1,0,0,0
CUST_1507,OFFER_0877,584,2.355622972845521,2,1,1.6624757922855755,1,0,0,0,0,1
CUST_1273,OFFER_0184,314,0.698017715107657,3,1,0.004870534547711646,1,1,0,0,0,0
CUST_2763,OFFER_1247,29,0.6931494227396371,1,1,2.2421796918556414e-06,0,0,1,0,0,0
CUST_2396,OFFER_0788,532,1.4431471805599454,3,1,0.75,1,1,0,0,0,1
CUST_1590,OFFER_0102,328,0.6976342835091525,2,1,0.004487102949207173,1,0,0,0,0,0
CUST_0186,OFFER_1090,461,0.7900937281745537,2,1,0.09694654761460839,1,0,0,0,0,0
CUST_1276,OFFER_1090,379,0.7077258210527079,2,1,0.01457864049276262,1,0,0,0,0,0
CUST_0680,OFFER_0859,491,0.8870402757891621,2,1,0.1938930952292168,1,0,0,0,0,1
CUST_2104,OFFER_0071,232,0.6936354618099453,2,1,0.0004882812500000003,1,0,0,0,0,0
CUST_2919,OFFER_1186,349,0.7040811609295172,3,1,0.010933980369571964,1,1,0,0,0,0
CUST_0403,OFFER_1011,558,1.604869669118162,2,1,0.9117224885582168,1,0,0,0,0,1
CUST_1931,OFFER_1173,375,0.6997930177548738,1,1,0.006645837194928558,1,1,1,0,0,0
CUST_0340,OFFER_0592,456,0.8227015130569243,3,1,0.129554332496979,1,1,0,0,0,0
CUST_2482,OFFER_1255,496,0.9107848213839763,2,1,0.21763764082403106,1,0,0,0,0,1
CUST_2679,OFFER_0871,373,0.7058386242530115,2,1,0.012691443693066183,1,0,0,0,0,0
CUST_2610,OFFER_0391,548,1.4167817992801344,2,1,0.7236346187201891,1,0,0,0,0,1
CUST_0880,OFFER_1034,508,0.980321769309204,2,1,0.2871745887492587,1,0,0,0,0,1
CUST_2377,OFFER_1120,317,0.6983672902365489,3,1,0.00522010967660355,1,1,0,0,0,0
CUST_0640,OFFER_0875,509,0.9870341571308475,2,1,0.29388697657090224,1,0,0,0,0,1
CUST_1807,OFFER_0871,365,0.6984219850371648,1,1,0.0052748044772194915,1,1,1,0,0,0
CUST_0524,OFFER_0788,544,1.3529011359463925,2,1,0.6597539553864472,1,0,0,0,0,1
CUST_1251,OFFER_0145,33,0.6931496398386403,1,1,2.459278694991264e-06,0,0,1,0,0,0
CUST_0487,OFFER_0702,253,0.6939403957907619,2,1,0.0007932152308166369,1,0,0,0,0,0
CUST_2919,OFFER_0812,316,0.6965477686978208,2,1,0.0034005881378754853,1,0,0,0,0,0
CUST_0876,OFFER_1116,435,1.2315290325666808,5,2,0.13291674389857125,0,0,1,0,0,1
CUST_2393,OFFER_1078,521,1.2748264662475959,3,1,0.5816792856876506,1,1,0,0,0,1
CUST_2142,OFFER_1140,339,0.7018254865303744,3,1,0.00867830597042909,1,1,0,0,0,0
CUST_1958,OFFER_1006,461,0.8385670019818579,3,1,0.14541982142191257,1,1,0,0,0,0
CUST_0291,OFFER_0592,429,0.7625736283233779,3,1,0.06942644776343271,1,1,0,0,0,0
CUST_1972,OFFER_0420,538,1.2674963580584628,2,1,0.5743491774985175,1,0,0,0,0,1
CUST_2140,OFFER_0510,527,1.138596539630115,2,1,0.44544935907016964,1,0,0,0,0,1
CUST_2006,OFFER_1140,278,0.695267203856977,3,1,0.002120023297031805,1,1,0,0,0,0
CUST_2453,OFFER_0073,311,0.6976915499793801,3,1,0.004544369419434773,1,1,0,0,0,0
CUST_1906,OFFER_1154,412,0.7400221805599453,3,1,0.04687500000000002,1,1,0,0,0,0
CUST_0218,OFFER_0851,587,2.8804097249487883,2,2,1.7817974362806785,1,0,0,0,0,0
CUST_0355,OFFER_0740,18,0.6931489195325874,1,1,1.7389726420559241e-06,0,0,1,0,0,0
CUST_1737,OFFER_1192,585,3.2451486634125124,3,1,2.552001482852567,1,1,0,0,0,1
CUST_1722,OFFER_0059,468,0.8071124916297223,2,1,0.11396531106977709,1,0,0,0,0,0
CUST_1859,OFFER_0592,445,0.7266401012642044,1,1,0.033492920704259174,1,1,1,0,0,0
CUST_2507,OFFER_0877,568,1.8418455355569803,2,1,1.148698354997035,1,0,0,0,0,1
CUST_1620,OFFER_0073,429,0.7625736283233779,3,1,0.06942644776343271,1,1,0,0,0,0
CUST_2097,OFFER_0181,246,0.6938219427083671,2,1,0.0006747621484217657,1,0,0,0,0,0
CUST_2249,OFFER_0009,347,0.7035873999131523,3,1,0.0104402193532071,1,1,0,0,0,0
CUST_0314,OFFER_1120,326,0.6995738894253435,3,1,0.006426708865398204,1,1,0,0,0,0
CUST_0044,OFFER_1120,315,0.6981315584561417,3,1,0.004984377896196417,1,1,0,0,0,0
CUST_0660,OFFER_1323,484,0.940554913829863,3,1,0.24740773326991772,1,1,0,0,0,1
CUST_0458,OFFER_0793,474,0.8240589459125237,2,1,0.1309117653525784,1,0,0,0,0,1
CUST_2196,OFFER_0581,146,0.6931806530019525,1,1,3.3472442007282325e-05,0,0,1,0,0,0
CUST_2899,OFFER_0503,391,0.7220021277477168,3,1,0.02885494718777146,1,1,0,0,0,0
CUST_2919,OFFER_1227,570,1.896172216642062,2,1,1.2030250360821166,1,0,0,0,0,0
CUST_1545,OFFER_0433,525,1.3311475512730873,3,1,0.6380003707131419,1,1,0,0,0,1
CUST_0864,OFFER_0592,523,1.099273378738063,2,1,0.4061261981781178,1,0,0,0,0,0
CUST_1332,OFFER_0368,518,1.0549644899200399,2,1,0.3618173093600946,1,0,0,0,0,1
CUST_1225,OFFER_0022,554,1.5243850767027332,2,1,0.8312378961427878,1,0,0,0,0,1
CUST_0557,OFFER_0411,549,2.209435452883033,3,2,1.1108231642149233,1,1,0,0,0,1
CUST_0739,OFFER_0073,444,0.7258751218980899,1,1,0.03272794133814459,1,1,1,0,0,0
CUST_0293,OFFER_0915,306,0.6958462291536324,2,1,0.0026990485936870634,1,0,0,0,0,0
CUST_1301,OFFER_0401,324,0.6972381732272134,2,1,0.004090992667268075,1,0,0,0,0,0
CUST_0220,OFFER_0469,507,0.9737626926372887,2,1,0.2806155120773433,1,0,0,0,0,1
CUST_0824,OFFER_0005,267,0.6942433349039974,2,1,0.0010961543440521223,1,0,0,0,0,0
CUST_2884,OFFER_0227,273,0.6944063312517809,2,1,0.001259150691835527,1,0,0,0,0,0
CUST_1334,OFFER_1224,451,0.7700937063940025,2,1,0.07694652583405727,1,0,0,0,0,1
CUST_1334,OFFER_0784,451,0.8085669693110312,3,1,0.11541978875108591,1,1,0,0,0,1
CUST_2300,OFFER_0310,256,0.6944224011116485,3,1,0.0012752205517033066,1,1,0,0,0,0
CUST_1932,OFFER_0556,63,0.6931520991173352,1,1,4.918557389982528e-06,0,0,1,0,0,0
CUST_0711,OFFER_0812,471,0.7542196785870856,1,1,0.06107249802714037,1,1,1,0,0,0
CUST_1915,OFFER_1186,316,0.6965477686978208,2,1,0.0034005881378754853,1,0,0,0,0,0
CUST_1586,OFFER_1323,569,1.868695086843554,2,1,1.1755479062836087,1,0,0,0,0,1
CUST_1704,OFFER_1131,327,0.699724106624258,3,1,0.006576926064312735,1,1,0,0,0,0
CUST_1088,OFFER_0690,310,0.6946273725194281,1,1,0.0014801919594828108,0,0,1,0,0,0
CUST_2804,OFFER_0320,517,1.0467005711532191,2,1,0.3535533905932738,1,0,0,0,0,1
CUST_0264,OFFER_0919,444,0.7913310045743791,3,1,0.09818382401443378,1,1,0,0,0,0
CUST_2640,OFFER_1140,318,0.6967085965308758,2,1,0.0035614159709305357,1,0,0,0,0,0
CUST_2894,OFFER_0005,252,0.6939222787298517,2,1,0.0007750981699063482,1,0,0,0,0,0
CUST_2185,OFFER_0863,567,1.8156092288693184,2,1,1.122462048309373,1,0,0,0,0,1
CUST_1022,OFFER_0908,377,0.7140276192663595,3,1,0.020880438706414203,1,1,0,0,0,0
CUST_0412,OFFER_1237,251,0.6939045754631844,2,1,0.0007573949032391286,1,0,0,0,0,0
CUST_1836,OFFER_1173,473,0.8210689170595422,2,1,0.1279217364995969,1,0,0,0,0,0
CUST_1222,OFFER_0507,506,0.9673534254836018,2,1,0.27420624492365653,1,0,0,0,0,1
CUST_1177,OFFER_0676,553,1.9115257750942987,3,1,1.2183785945343533,1,1,0,0,0,0
CUST_2100,OFFER_0073,457,0.7815355282082638,2,1,0.08838834764831845,1,0,0,0,0,0
CUST_2585,OFFER_0167,506,0.9673534254836018,2,1,0.27420624492365653,1,0,0,0,0,1
CUST_2230,OFFER_0325,546,1.7295818405357775,3,1,1.036434659975832,1,1,0,0,0,1
CUST_2440,OFFER_0841,397,0.7152442674720249,2,1,0.02209708691207962,1,0,0,0,0,0
CUST_2075,OFFER_0356,259,0.6945139281061418,3,1,0.0013667475461964951,1,1,0,0,0,0
CUST_1535,OFFER_1180,433,0.7692958427183424,3,1,0.07614866215839708,1,1,0,0,0,0
CUST_1721,OFFER_0005,261,0.6945785672324564,3,1,0.0014313866725111028,1,1,0,0,0,0
CUST_1983,OFFER_0676,570,3.15934320206538,3,5,1.3675837328373253,1,1,0,0,0,0
CUST_1547,OFFER_1144,232,0.6936354618099453,2,1,0.0004882812500000003,1,0,0,0,0,0
CUST_1172,OFFER_0061,576,2.075060060527721,2,1,1.381912879967776,1,0,0,0,0,1
CUST_1238,OFFER_0915,307,0.6959093164239553,2,1,0.0027621358640099515,1,0,0,0,0,0
CUST_1683,OFFER_1154,410,0.7080665806210455,1,1,0.01491940006110026,1,1,1,0,0,0
CUST_1709,OFFER_1257,525,1.1184807610353733,2,1,0.4253335804754279,1,0,0,0,0,1
CUST_1962,OFFER_1117,202,0.6932692508724453,1,1,0.00012207031250000008,0,0,1,0,0,0
CUST_1087,OFFER_0838,483,0.8543184691148926,2,1,0.1611712885549474,1,0,0,0,0,1
CUST_0054,OFFER_0233,442,0.7556471805599453,2,1,0.0625,1,0,0,0,0,1
CUST_0696,OFFER_1261,167,0.6932015567024099,1,1,5.437614246462033e-05,0,0,1,0,0,0
CUST_2750,OFFER_1235,576,2.075060060527721,2,1,1.381912879967776,1,0,0,0,0,1
CUST_2919,OFFER_0907,443,1.1945535910428071,3,2,0.09594130237469765,1,1,0,0,0,1
CUST_1145,OFFER_0992,588,2.516592157676379,2,1,1.8234449771164336,1,0,0,0,0,1
CUST_2075,OFFER_0928,262,0.6946120243099453,3,1,0.0014648437499999998,1,1,0,0,0,0
CUST_1222,OFFER_0788,495,1.012147365916516,3,1,0.3190001853565709,1,1,0,0,0,1
CUST_0004,OFFER_1090,448,0.7290440041536026,1,1,0.03589682359365735,1,1,1,0,0,0
CUST_2878,OFFER_0901,450,0.8059307776926438,3,1,0.11278359713269848,1,1,0,0,0,0
CUST_0891,OFFER_1120,323,0.6971447348255577,2,1,0.003997554265612405,1,0,0,0,0,0
CUST_0801,OFFER_0665,371,0.7052654990117714,2,1,0.012118318451826062,1,0,0,0,0,0
CUST_0698,OFFER_1154,410,0.7379053807432461,3,1,0.044758200183300775,1,1,0,0,0,0
CUST_0233,OFFER_1036,369,0.7220748671280423,5,1,0.028927686568096973,0,0,1,0,0,1
CUST_1366,OFFER_0521,290,0.6959445680714016,3,1,0.0027973875114563,1,1,0,0,0,0
CUST_1915,OFFER_1308,316,0.6965477686978208,2,1,0.0034005881378754853,1,0,0,0,0,0
CUST_1688,OFFER_0919,420,0.7307417129375114,2,1,0.03759453237756615,1,0,0,0,0,0
CUST_2335,OFFER_1308,275,0.6944658816792502,2,1,0.0013187011193048737,1,0,0,0,0,0
CUST_0133,OFFER_0778,581,2.24429194239368,2,1,1.5511447618337346,1,0,0,0,0,1
CUST_1972,OFFER_0883,538,1.2674963580584628,2,1,0.5743491774985175,1,0,0,0,0,1
CUST_1265,OFFER_0595,327,0.6953394892480496,1,1,0.002192308688104245,1,1,1,0,0,0
CUST_0416,OFFER_1269,442,0.7868971805599453,3,1,0.09375,1,1,0,0,0,1
CUST_2553,OFFER_0156,506,0.9673534254836018,2,1,0.27420624492365653,1,0,0,0,0,0
CUST_0999,OFFER_0217,441,0.7542196785870857,2,1,0.06107249802714039,1,0,0,0,0,0
CUST_1681,OFFER_0665,366,0.6985452777473194,1,1,0.0053980971873741285,1,1,1,0,0,0
CUST_1119,OFFER_0529,337,1.1068986962601395,3,2,0.008286407592029855,1,1,0,0,0,0
CUST_1640,OFFER_0129,517,1.6289423745580203,3,2,0.5303300858899107,1,1,0,0,0,0
CUST_0214,OFFER_0908,415,0.7098936409120749,1,1,0.016746460352129587,1,1,1,0,0,0
CUST_2940,OFFER_0592,444,0.7586030632362345,2,1,0.06545588267628918,1,0,0,0,0,0
CUST_1951,OFFER_0871,447,1.2038431056971133,3,2,0.10523081702900369,1,1,0,0,0,0
CUST_2464,OFFER_1308,99,0.6931584804375109,1,1,1.1299877565662862e-05,0,0,1,0,0,0
CUST_0830,OFFER_0992,580,2.2088637470703434,2,1,1.5157165665103982,1,0,0,0,0,1
CUST_1659,OFFER_0123,566,1.7899721602545715,2,1,1.0968249796946261,1,0,0,0,0,1
CUST_2427,OFFER_0073,450,0.7683362453150776,2,1,0.07518906475513232,1,0,0,0,0,0
CUST_1041,OFFER_0282,520,2.333617215188889,5,3,0.9473228540689987,0,0,1,0,0,1
CUST_1667,OFFER_0791,462,0.7923597463079577,2,1,0.09921256574801246,1,0,0,0,0,1
CUST_1411,OFFER_0005,270,1.3880163551232356,3,3,0.0017219940033451294,1,1,0,0,0,0
CUST_0554,OFFER_1055,537,1.254378204714632,2,1,0.5612310241546866,1,0,0,0,0,1
CUST_0224,OFFER_0251,574,2.0126550913328396,2,1,1.3195079107728942,1,0,0,0,0,1
CUST_0818,OFFER_0503,407,1.1264528736099952,2,2,0.027840584941885606,1,0,0,0,0,0
CUST_1976,OFFER_0919,438,0.7501298360948339,2,1,0.05698265553488854,1,0,0,0,0,0
CUST_1310,OFFER_0167,553,1.5053995769161808,2,1,0.8122523963562356,1,0,0,0,0,1
CUST_2399,OFFER_0167,566,2.3383846501018843,3,1,1.6452374695419392,1,1,0,0,0,1
CUST_2281,OFFER_0411,534,1.4786177726754155,3,1,0.7854705921154701,1,1,0,0,0,1
CUST_0352,OFFER_0592,453,0.7334400026986821,1,1,0.04029282213873685,0,0,1,0,0,0
CUST_1979,OFFER_0871,315,0.6981315584561417,3,1,0.004984377896196417,1,1,0,0,0,0
CUST_2732,OFFER_0127,517,1.0467005711532191,2,1,0.3535533905932738,1,0,0,0,0,1
CUST_1395,OFFER_0071,209,0.6932906800602241,1,1,0.00014349950027876088,0,0,1,0,0,0
CUST_0450,OFFER_0917,519,1.0634215686315862,2,1,0.37027438807164104,1,0,0,0,0,1
CUST_1975,OFFER_0167,561,1.6703071489941912,2,1,0.9771599684342459,1,0,0,0,0,1
CUST_0358,OFFER_0633,339,0.6989327178735647,2,1,0.005785537313619394,1,0,0,0,0,0
CUST_2360,OFFER_0420,569,2.4564690399853584,3,1,1.763321859425413,1,1,0,0,0,1
CUST_2378,OFFER_0592,573,2.627202643219314,3,1,1.9340554626593687,1,1,0,0,0,0
CUST_2329,OFFER_0863,555,1.9691479219862291,3,1,1.2760007414262837,1,1,0,0,0,1
CUST_2667,OFFER_1090,475,0.8941047047855003,3,1,0.20095752422555502,1,1,0,0,0,0
CUST_0057,OFFER_0147,444,0.7586030632362345,2,1,0.06545588267628918,1,0,0,0,0,0
CUST_0447,OFFER_0710,398,0.7270675533124542,3,1,0.033920372752508865,1,1,0,0,0,0
CUST_2078,OFFER_0592,560,2.12540958642557,3,1,1.4322624058656248,1,1,0,0,0,0
CUST_0228,OFFER_0219,518,1.2358731446000872,3,1,0.5427259640401418,1,1,0,0,0,1
CUST_1216,OFFER_1154,409,0.7368831020382332,3,1,0.043735921478287865,1,1,0,0,0,0
CUST_0732,OFFER_1186,347,0.7035873999131523,3,1,0.0104402193532071,1,1,0,0,0,0
CUST_2127,OFFER_0401,311,0.6976915499793801,3,1,0.004544369419434773,1,1,0,0,0,0
CUST_2379,OFFER_0788,457,0.825729702032423,3,1,0.13258252147247768,1,1,0,0,0,1
CUST_1629,OFFER_0690,312,1.101712681347735,2,2,0.0031003926796253907,1,0,0,0,0,0
CUST_2510,OFFER_0665,493,0.9977418291935336,3,1,0.30459464863358837,1,1,0,0,0,0
CUST_2728,OFFER_0903,514,1.023024158253169,2,1,0.32987697769322366,1,0,0,0,0,1
CUST_0972,OFFER_1059,430,0.7641963946151202,3,1,0.07104921405517493,1,1,0,0,0,0
CUST_0844,OFFER_0937,263,1.0996116772345126,2,2,0.000999388566403101,1,0,0,0,0,0
CUST_2995,OFFER_0871,436,0.747556590765953,2,1,0.054409410206007786,1,0,0,0,0,0
CUST_0449,OFFER_0919,444,0.7913310045743791,3,1,0.09818382401443378,1,1,0,0,0,0
CUST_0523,OFFER_1090,382,0.7087721805599453,2,1,0.015625000000000003,1,0,0,0,0,0
CUST_0359,OFFER_0813,514,1.023024158253169,2,1,0.32987697769322366,1,0,0,0,0,1
CUST_2008,OFFER_0529,317,1.1038323983447131,3,2,0.00522010967660355,1,1,0,0,0,0
CUST_0493,OFFER_0129,523,1.7078015859352862,3,2,0.6091892972671766,1,1,0,0,0,0
CUST_1859,OFFER_0919,445,0.7601330219684637,2,1,0.06698584140851835,1,0,0,0,0,0
CUST_0803,OFFER_1257,546,1.3841036205438333,2,1,0.690956439983888,1,0,0,0,0,1
CUST_1310,OFFER_1070,543,1.3378323347797347,2,1,0.6446851542197896,1,0,0,0,0,1
CUST_0777,OFFER_1059,275,0.6951252322389025,3,1,0.0019780516789573107,1,1,0,0,0,0
CUST_1504,OFFER_0437,531,1.5871922728852326,2,2,0.48857998421712295,1,0,0,0,0,1
CUST_1745,OFFER_0877,581,2.24429194239368,2,1,1.5511447618337346,1,0,0,0,0,1
CUST_1510,OFFER_0529,314,0.6963942035917531,2,1,0.0032470230318077642,1,0,0,0,0,0
CUST_0062,OFFER_0433,464,0.7970519175777938,2,1,0.1039047370178485,1,0,0,0,0,1
CUST_0711,OFFER_1171,471,0.7542196785870856,1,1,0.06107249802714037,1,1,1,0,0,0
CUST_2423,OFFER_0556,63,0.6931520991173352,1,1,4.918557389982528e-06,0,0,1,0,0,0
CUST_1273,OFFER_0303,522,1.0899974435519952,2,1,0.3968502629920499,1,0,0,0,0,1
CUST_2685,OFFER_0871,345,0.6997930177548738,2,1,0.006645837194928558,1,0,0,0,0,0
CUST_1321,OFFER_1247,78,1.0986192445586778,1,2,6.9558905682236974e-06,0,0,1,0,0,0
CUST_1934,OFFER_1247,93,0.6931570176747253,1,1,9.837114779965057e-06,0,0,1,0,0,0
CUST_2255,OFFER_0626,561,1.6703071489941912,2,1,0.9771599684342459,1,0,0,0,0,1
CUST_2255,OFFER_1011,561,1.6703071489941912,2,1,0.9771599684342459,1,0,0,0,0,1
CUST_0858,OFFER_1180,341,0.6992063397858583,2,1,0.00605915922591303,1,0,0,0,0,0
CUST_0272,OFFER_0313,295,0.6952404881039614,2,1,0.0020933075440161997,1,0,0,0,0,0
CUST_1603,OFFER_1210,448,0.76494082774726,2,1,0.0717936471873147,1,0,0,0,0,0
CUST_2255,OFFER_0638,554,1.5243850767027332,2,1,0.8312378961427878,1,0,0,0,0,1
CUST_1244,OFFER_0851,587,2.4749446168406237,2,1,1.7817974362806785,1,0,0,0,0,0
CUST_1506,OFFER_0282,542,1.6380879679811002,3,1,0.9449407874211548,1,1,0,0,0,1
CUST_2048,OFFER_0009,307,0.6972903843559602,3,1,0.004143203796014927,1,1,0,0,0,0
CUST_1127,OFFER_0307,474,0.8895148285888128,3,1,0.19636764802886758,1,1,0,0,0,1
CUST_0121,OFFER_0123,584,2.355622972845521,2,1,1.6624757922855755,1,0,0,0,0,1
CUST_0898,OFFER_0916,541,1.3087193872324034,2,1,0.6155722066724582,1,0,0,0,0,0
CUST_0640,OFFER_0502,509,0.9870341571308475,2,1,0.29388697657090224,1,0,0,0,0,1
CUST_0949,OFFER_0282,568,1.8418455355569803,2,1,1.148698354997035,1,0,0,0,0,1
CUST_0876,OFFER_1078,516,1.9623078386479698,5,2,0.8636955499798602,0,0,1,0,0,1
CUST_0508,OFFER_1232,554,1.9400040247741268,3,1,1.2468568442141816,1,1,0,0,0,0
CUST_0892,OFFER_0651,310,0.6975877564383938,3,1,0.0044405758784484325,1,1,0,0,0,0
CUST_1967,OFFER_0493,569,2.274160194951718,2,2,1.1755479062836087,1,0,0,0,0,1
CUST_2246,OFFER_1323,519,1.4688866767397506,2,2,0.37027438807164104,1,0,0,0,0,1
CUST_0285,OFFER_0812,412,0.7243971805599453,2,1,0.031250000000000014,1,0,0,0,0,0
CUST_0096,OFFER_0233,556,1.5636977438560695,2,1,0.8705505632961241,1,0,0,0,0,1
CUST_1325,OFFER_0871,367,0.7041957240159851,2,1,0.011048543456039808,1,0,0,0,0,0
CUST_0751,OFFER_0437,530,1.4092783834927576,3,1,0.7161312029328124,0,1,0,0,0,1
CUST_2992,OFFER_0411,582,2.686013340636309,3,2,1.5874010519681994,1,1,0,0,0,1
CUST_0395,OFFER_0651,312,0.6962475732395706,2,1,0.0031003926796253907,1,0,0,0,0,0
CUST_2926,OFFER_0908,453,1.1791979329455833,2,2,0.0805856442774737,1,0,0,0,0,0
CUST_2075,OFFER_0005,262,0.6946120243099453,3,1,0.0014648437499999998,1,1,0,0,0,0
CUST_2200,OFFER_0217,290,0.6959445680714016,3,1,0.0027973875114563,1,1,0,0,0,0
CUST_0522,OFFER_0553,320,0.6968770305752203,2,1,0.003729850015275064,1,0,0,0,0,0
CUST_2706,OFFER_1180,349,0.7004365008063266,2,1,0.00728932024638131,1,0,0,0,0,0
CUST_1728,OFFER_0493,504,0.954970711265102,2,1,0.2618235307051567,1,0,0,0,0,1
CUST_0800,OFFER_0877,488,0.8740558352399925,2,1,0.1809086546800473,1,0,0,0,0,1
CUST_0547,OFFER_1096,555,1.5438143415108012,2,1,0.8506671609508558,1,0,0,0,0,1
CUST_2362,OFFER_0592,462,0.7923597463079577,2,1,0.09921256574801246,1,0,0,0,0,0
CUST_2559,OFFER_1090,409,0.7223044615454706,2,1,0.029157280985525242,1,0,0,0,0,0
CUST_1088,OFFER_0167,523,1.099273378738063,2,1,0.4061261981781178,1,0,0,0,0,1
CUST_0444,OFFER_1256,232,0.6936354618099453,2,1,0.0004882812500000003,1,0,0,0,0,0
CUST_1978,OFFER_0295,83,0.6931549882831203,1,1,7.807723175024223e-06,0,0,1,0,0,0
CUST_2255,OFFER_1271,561,2.158887133211314,3,1,1.4657399526513688,1,1,0,0,0,1
CUST_1583,OFFER_1180,362,0.7079118803634008,3,1,0.014764699803455543,1,1,0,0,0,0
CUST_1683,OFFER_1210,413,0.7411178317472941,3,1,0.04797065118734883,1,1,0,0,0,0
CUST_0259,OFFER_0071,238,0.6939885123629216,3,1,0.0008413318029763446,1,1,0,0,0,0
CUST_0098,OFFER_0025,546,1.3841036205438333,2,1,0.690956439983888,1,0,0,0,0,1
CUST_0515,OFFER_0059,468,0.8640951471646109,3,1,0.17094796660466563,1,1,0,0,0,0
CUST_0739,OFFER_0812,444,0.7913310045743791,3,1,0.09818382401443378,1,1,0,0,0,0
CUST_1585,OFFER_0129,538,1.960136054915886,3,2,0.8615237662477764,1,1,0,0,0,0
CUST_2531,OFFER_1186,338,0.6988005760186967,2,1,0.005653395458751481,1,0,0,0,0,0
CUST_1632,OFFER_0167,549,1.4336959567032275,2,1,0.7405487761432822,1,0,0,0,0,1
CUST_1144,OFFER_0233,546,1.7295818405357775,3,1,1.036434659975832,1,1,0,0,0,1
CUST_1139,OFFER_1247,114,1.098628269108216,1,2,1.5980440106515907e-05,0,0,1,0,0,0
CUST_1127,OFFER_0477,474,0.8240589459125237,2,1,0.1309117653525784,1,0,0,0,0,1
CUST_2129,OFFER_1241,515,2.789878865410432,5,6,0.8439687163551186,0,0,1,0,0,1
CUST_0640,OFFER_0059,509,0.9870341571308475,2,1,0.29388697657090224,1,0,0,0,0,0
CUST_2100,OFFER_0676,574,2.6724090467192867,3,1,1.9792618661593413,1,1,0,0,0,0
CUST_0282,OFFER_0788,526,1.3460601030320385,3,1,0.6529129224720933,1,1,0,0,0,1
CUST_1865,OFFER_0953,458,0.9192829989100044,5,1,0.22613581835005914,0,0,1,0,0,1
CUST_1300,OFFER_1154,410,0.7229859806821458,2,1,0.02983880012220052,1,0,0,0,0,0
CUST_0600,OFFER_0073,377,0.7070674730308881,2,1,0.013920292470942801,1,0,0,0,0,0
CUST_0076,OFFER_0698,455,0.8197424880132131,3,1,0.12659530745326783,1,1,0,0,0,1
CUST_2750,OFFER_0877,576,2.075060060527721,2,1,1.381912879967776,1,0,0,0,0,1
CUST_0242,OFFER_0992,565,1.7649206430962385,2,1,1.0717734625362931,1,0,0,0,0,1
CUST_0604,OFFER_0863,568,1.8418455355569803,2,1,1.148698354997035,1,0,0,0,0,1
CUST_2406,OFFER_0411,383,0.7331227232160693,5,1,0.03997554265612402,0,0,1,0,0,1
CUST_2401,OFFER_0073,531,0.9374371726685068,1,1,0.24428999210856148,1,1,1,0,0,0
CUST_0836,OFFER_0871,404,0.7191233648144074,2,1,0.025976184254462117,1,0,0,0,0,0
CUST_0235,OFFER_0073,502,0.9431471805599454,2,1,0.25000000000000006,1,0,0,0,0,0
CUST_1540,OFFER_0922,445,0.7936259426727228,3,1,0.10047876211277752,1,1,0,0,0,1
CUST_1486,OFFER_0205,505,1.3630055946451285,5,1,0.6698584140851833,0,0,1,0,0,1
CUST_2561,OFFER_0288,210,0.6932940342020452,1,1,0.00014685364209986775,0,0,1,0,0,0
CUST_1172,OFFER_1224,576,2.7660165005116095,3,1,2.072869319951664,1,1,0,0,0,1
CUST_0447,OFFER_0503,408,1.4226493164753686,3,3,0.036354955355478155,1,1,0,0,0,0
CUST_0342,OFFER_0651,312,0.6977977695793833,3,1,0.004650589019438086,1,1,0,0,0,0
CUST_1387,OFFER_0922,518,1.0549644899200399,2,1,0.3618173093600946,1,0,0,0,0,1
CUST_0574,OFFER_0859,484,0.8580856694065571,2,1,0.1649384888466118,1,0,0,0,0,1
CUST_1535,OFFER_0841,433,0.7692958427183424,3,1,0.07614866215839708,1,1,0,0,0,0
CUST_0814,OFFER_0529,276,0.6951714670052106,3,1,0.0020242864452652974,1,1,0,0,0,0
CUST_1895,OFFER_0272,261,0.6936243094507824,1,1,0.00047712889083703424,1,1,1,0,0,0
CUST_2947,OFFER_1224,537,1.254378204714632,2,1,0.5612310241546866,1,0,0,0,0,1
CUST_1405,OFFER_0300,40,0.6931500715598662,1,1,2.890999920864865e-06,0,0,1,0,0,0
CUST_2089,OFFER_0904,160,1.0986585446668433,1,2,4.6255998733837856e-05,0,0,1,0,0,0
CUST_0757,OFFER_0433,523,1.099273378738063,2,1,0.4061261981781178,1,0,0,0,0,1
CUST_0805,OFFER_0307,499,0.9264054284441471,2,1,0.2332582478842018,1,0,0,0,0,1
CUST_0805,OFFER_0629,499,1.0430345523862479,3,1,0.3498873718263027,1,1,0,0,0,1
CUST_0500,OFFER_0397,518,1.0549644899200399,2,1,0.3618173093600946,1,0,0,0,0,1
CUST_1938,OFFER_1154,414,1.1465829398554583,3,2,0.04797065118734883,1,1,1,0,0,0
CUST_2876,OFFER_0184,320,1.1039544126245053,3,2,0.0053421239563958035,1,1,0,0,0,0
CUST_0294,OFFER_1237,265,0.6941938343319534,2,1,0.0010466537720080996,1,0,0,0,0,0
CUST_0661,OFFER_1120,319,0.6967918406831359,2,1,0.0036446601231906544,1,0,0,0,0,0
CUST_2596,OFFER_1131,336,0.6985452777473194,2,1,0.005398097187374128,1,0,0,0,0,0
CUST_0264,OFFER_0167,530,1.814743491600922,3,2,0.7161312029328124,1,1,0,0,0,1
CUST_1774,OFFER_0698,572,2.583028755402255,3,1,1.8898815748423097,1,1,0,0,0,1
CUST_1970,OFFER_0071,198,0.6932584748090369,1,1,0.0001112942490915792,0,0,1,0,0,0
CUST_1761,OFFER_1096,503,0.948990653559139,2,1,0.2558434729991938,1,0,0,0,0,1
CUST_2359,OFFER_0859,478,0.8367344749345746,2,1,0.1435872943746294,1,0,0,0,0,1
CUST_0894,OFFER_0233,539,1.5748081102726519,3,1,0.8816609297127065,1,1,0,0,0,1
CUST_1225,OFFER_0739,554,1.5243850767027332,2,1,0.8312378961427878,1,0,0,0,0,1
CUST_1225,OFFER_1289,554,1.5243850767027332,2,1,0.8312378961427878,1,0,0,0,0,1
CUST_2012,OFFER_1059,364,0.7034558361128586,2,1,0.01030865555291324,1,0,0,0,0,0
CUST_2581,OFFER_0469,513,1.01548975766984,2,1,0.32234257710989483,1,0,0,0,0,1
CUST_1577,OFFER_0129,523,1.099273378738063,2,1,0.4061261981781178,1,0,0,0,0,0
CUST_0687,OFFER_1169,33,0.6931594769534203,5,1,1.229639347495632e-05,0,0,0,0,1,0
CUST_2189,OFFER_0708,461,0.7900937281745537,2,1,0.09694654761460839,1,0,0,0,0,1
CUST_1857,OFFER_1186,365,0.7089715939916038,3,1,0.015824413431658475,1,1,0,0,0,0
CUST_2467,OFFER_0310,233,0.6938967219847476,3,1,0.0007495414248023257,1,1,0,0,0,0
CUST_2876,OFFER_0167,507,1.1140704486759603,3,1,0.420923268116015,1,1,0,0,0,1
CUST_1160,OFFER_0071,193,0.6932463324637974,1,1,9.91519038520795e-05,0,0,1,0,0,0
CUST_1889,OFFER_0102,331,1.3935080979168335,3,3,0.00721373679694287,1,1,0,0,0,0
CUST_0893,OFFER_1188,519,1.0634215686315862,2,1,0.37027438807164104,1,0,0,0,0,1
CUST_0893,OFFER_1132,519,1.0634215686315862,2,1,0.37027438807164104,1,0,0,0,0,1
CUST_2957,OFFER_0871,500,1.4566778901345157,3,2,0.35806560146640615,1,1,1,0,0,0
CUST_0135,OFFER_0160,437,0.7488283504437165,2,1,0.05568116988377121,1,0,0,0,0,1
CUST_0839,OFFER_0009,308,0.695973878289321,2,1,0.0028266977293757403,1,0,0,0,0,0
CUST_0450,OFFER_1180,263,0.6936468748431468,1,1,0.0004996942832015505,1,1,1,0,0,0
CUST_1569,OFFER_0170,485,0.861940923830969,2,1,0.16879374327102373,1,0,0,0,0,1
CUST_0915,OFFER_0282,552,1.8836979695360947,3,1,1.1905507889761495,0,1,0,0,0,1
CUST_1584,OFFER_0908,425,0.7353456163777012,2,1,0.04219843581775594,1,0,0,0,0,0
CUST_0227,OFFER_0503,435,0.772897226899088,3,1,0.07975004633914275,1,1,0,0,0,0
CUST_1095,OFFER_0005,242,0.6940699742976613,3,1,0.0009227937377159711,1,1,0,0,0,0
CUST_1145,OFFER_0532,588,2.516592157676379,2,1,1.8234449771164336,1,0,0,0,0,1
CUST_1887,OFFER_1028,430,0.8115625373185702,5,1,0.1184153567586249,0,0,1,0,0,1
CUST_2926,OFFER_1186,371,1.1107306071199357,2,2,0.012118318451826062,1,0,0,0,0,0
CUST_2590,OFFER_1229,218,0.6933238491680312,1,1,0.00017666860808598355,0,0,1,0,0,0
CUST_2799,OFFER_0788,498,0.9210778026994995,2,1,0.2279306221395542,1,0,0,0,0,1
CUST_1344,OFFER_0282,390,0.7401403460319029,5,1,0.046993165471957664,0,0,1,0,0,1
CUST_0741,OFFER_0071,180,0.6932206073809952,1,1,7.342682104993401e-05,0,0,1,0,0,0
CUST_2383,OFFER_0411,565,2.300807374364385,3,1,1.6076601938044397,1,1,0,0,0,1
CUST_2383,OFFER_0167,565,2.300807374364385,3,1,1.6076601938044397,1,1,0,0,0,1
CUST_0095,OFFER_0217,369,0.7047182551871841,2,1,0.01157107462723879,1,0,0,0,0,0
CUST_2834,OFFER_1059,322,0.6990065555599453,3,1,0.005859375,1,1,0,0,0,0
CUST_0216,OFFER_0871,273,0.6950359065976985,3,1,0.0018887260377532904,1,1,0,0,0,0
CUST_0658,OFFER_1120,327,1.1046086200665282,3,2,0.005996331398418608,1,1,0,0,0,0
CUST_2911,OFFER_0529,292,0.6951003055599453,2,1,0.001953125,1,0,0,0,0,0
CUST_0493,OFFER_0242,517,1.0467005711532191,2,1,0.3535533905932738,1,0,0,0,0,0
CUST_1882,OFFER_1102,589,2.55921316363356,2,1,1.8660659830736148,1,0,0,0,0,1
CUST_0893,OFFER_0520,519,1.0634215686315862,2,1,0.37027438807164104,1,0,0,0,0,1
CUST_2519,OFFER_0071,184,0.6932277169314525,1,1,8.053637150713471e-05,0,0,1,0,0,0
CUST_1565,OFFER_0102,317,0.6983672902365489,3,1,0.00522010967660355,1,1,0,0,0,0
CUST_2839,OFFER_0282,548,1.778599108640229,3,1,1.0854519280802837,0,1,0,0,0,1
CUST_1672,OFFER_0073,377,0.7140276192663595,3,1,0.020880438706414203,1,1,0,0,0,0
CUST_1041,OFFER_0205,369,0.7220748671280423,5,1,0.028927686568096973,0,0,1,0,0,1
CUST_0896,OFFER_1125,559,1.6261801720967528,2,1,0.9330329915368075,1,0,0,0,0,1
CUST_2918,OFFER_0592,423,0.7334400026986821,2,1,0.04029282213873684,1,0,0,0,0,0
CUST_0096,OFFER_0863,556,1.9989730255041316,3,1,1.3058258449441862,1,1,0,0,0,1
CUST_2859,OFFER_1171,515,1.0307346671019928,2,1,0.33758748654204745,1,0,0,0,0,0
CUST_1972,OFFER_0426,538,1.2674963580584628,2,1,0.5743491774985175,1,0,0,0,0,1
CUST_2298,OFFER_0595,314,0.698017715107657,3,1,0.004870534547711646,1,1,0,0,0,0
CUST_0500,OFFER_0188,518,1.0549644899200399,2,1,0.3618173093600946,1,0,0,0,0,1
CUST_1767,OFFER_0863,531,1.1817271647770682,2,1,0.48857998421712295,1,0,0,0,0,1
CUST_0799,OFFER_0079,530,1.1705679825151536,2,1,0.47742080195520825,1,0,0,0,0,1
CUST_1425,OFFER_0871,370,0.7049887162358077,2,1,0.011841535675862488,1,0,0,0,0,0
CUST_0597,OFFER_0665,273,0.6937767559058631,1,1,0.0006295753459177635,0,0,1,0,0,0
CUST_0640,OFFER_0820,509,0.9870341571308475,2,1,0.29388697657090224,1,0,0,0,0,1
CUST_0786,OFFER_0503,405,0.7197305293396595,2,1,0.026583348779714234,1,0,0,0,0,0
CUST_0508,OFFER_0916,554,1.5243850767027332,2,1,0.8312378961427878,1,0,0,0,0,0
CUST_2670,OFFER_0808,539,1.5748081102726519,3,1,0.8816609297127065,1,1,0,0,0,1
CUST_2159,OFFER_0073,516,1.0386254005518893,2,1,0.34547821999194406,1,0,0,0,0,0
CUST_0702,OFFER_0071,191,0.6932418549228502,1,1,9.467436290489106e-05,0,0,1,0,0,0
CUST_1228,OFFER_0609,586,2.4342483071521936,2,1,1.7411011265922482,1,0,0,0,0,1
CUST_2487,OFFER_0651,310,1.103052864546558,3,2,0.0044405758784484325,1,1,0,0,0,0
CUST_1687,OFFER_0347,235,0.6936705074459494,2,1,0.0005233268860040493,1,0,0,0,0,0
CUST_0864,OFFER_0059,523,1.099273378738063,2,1,0.4061261981781178,1,0,0,0,0,0
CUST_0180,OFFER_0219,496,1.019603641795992,3,1,0.3264564612360466,1,1,0,0,0,1
CUST_0180,OFFER_1289,504,1.7612943611198908,3,3,0.3750000000000001,1,1,0,0,0,1
CUST_0697,OFFER_1090,395,0.7142463984688232,2,1,0.02109921790887797,1,0,0,0,0,0
CUST_2189,OFFER_0676,553,1.9115257750942987,3,1,1.2183785945343533,1,1,0,0,0,0
CUST_1332,OFFER_1257,518,1.0549644899200399,2,1,0.3618173093600946,1,0,0,0,0,1
CUST_1815,OFFER_0005,238,0.6937080684285962,2,1,0.0005608878686508964,1,0,0,0,0,0
CUST_1555,OFFER_1192,500,0.9318575815375494,2,1,0.2387104009776041,1,0,0,0,0,1
CUST_0500,OFFER_0411,520,1.477541430295709,2,2,0.3789291416275995,1,0,0,0,0,1
CUST_1077,OFFER_0272,270,0.6937345951283448,1,1,0.0005874145683994711,1,1,1,0,0,0
CUST_0498,OFFER_0071,185,0.6932295993799018,1,1,8.241881995655473e-05,0,0,1,0,0,0
CUST_2227,OFFER_0852,127,0.6931687597463828,1,1,2.1579186437577736e-05,0,0,1,0,0,0
CUST_1778,OFFER_0217,517,1.0467005711532191,2,1,0.3535533905932738,1,0,0,0,0,0
CUST_1843,OFFER_0233,469,0.8097763045020462,2,1,0.11662912394210094,1,0,0,0,0,1
CUST_1747,OFFER_0251,580,2.2088637470703434,2,1,1.5157165665103982,1,0,0,0,0,1
CUST_1145,OFFER_0433,588,2.516592157676379,2,1,1.8234449771164336,1,0,0,0,0,1
CUST_0047,OFFER_0919,441,0.7847559276006559,3,1,0.09160874704071059,1,1,0,0,0,0
CUST_2750,OFFER_0433,576,2.075060060527721,2,1,1.381912879967776,1,0,0,0,0,1
CUST_0172,OFFER_0868,393,0.7435132082333663,5,1,0.05036602767342105,0,0,1,0,0,1
CUST_1407,OFFER_0411,537,1.254378204714632,2,1,0.5612310241546866,1,0,0,0,0,1
CUST_0919,OFFER_0850,385,0.7098936409120749,2,1,0.016746460352129587,1,0,0,0,0,0
CUST_0372,OFFER_1120,319,1.1040792788528955,3,2,0.005466990184785981,1,1,0,0,0,0
CUST_2362,OFFER_1180,315,0.6981315584561417,3,1,0.004984377896196417,1,1,0,0,0,0
CUST_2945,OFFER_0073,378,0.7145156763855285,3,1,0.0213684958255832,1,1,0,0,0,0
CUST_1332,OFFER_0652,518,1.0549644899200399,2,1,0.3618173093600946,1,0,0,0,0,1
CUST_2968,OFFER_0919,426,0.7363319580589383,2,1,0.043184777498993014,1,0,0,0,0,0
CUST_1248,OFFER_0878,547,1.4002539617464929,2,1,0.7071067811865476,1,0,0,0,0,1
CUST_2727,OFFER_1180,363,0.7032203860946294,2,1,0.010073205534684208,1,0,0,0,0,0
CUST_2926,OFFER_0665,453,1.4668800053973643,2,3,0.0805856442774737,1,0,0,0,0,0
CUST_2143,OFFER_1261,168,0.693202827684491,1,1,5.56471245457896e-05,0,0,1,0,0,0
CUST_2876,OFFER_0181,318,0.6984893045163411,3,1,0.0053421239563958035,1,1,0,0,0,0
CUST_0186,OFFER_0812,461,0.7900937281745537,2,1,0.09694654761460839,1,0,0,0,0,0
CUST_0735,OFFER_1192,518,1.4604295980282043,2,2,0.3618173093600946,1,0,0,0,0,1
CUST_2255,OFFER_1289,561,2.0757722571023556,3,2,0.9771599684342459,1,1,0,0,0,1
CUST_1182,OFFER_1120,330,0.6978464971071411,2,1,0.004699316547195766,1,0,0,0,0,0
CUST_2283,OFFER_0676,569,2.4564690399853584,3,1,1.763321859425413,1,1,0,0,0,0
CUST_0857,OFFER_0871,474,1.229524054020688,2,2,0.1309117653525784,1,0,0,0,0,0
CUST_2535,OFFER_1215,442,0.7556471805599453,2,1,0.0625,1,0,0,0,0,1
CUST_2233,OFFER_0752,516,1.0386254005518893,2,1,0.34547821999194406,1,0,0,0,0,0
CUST_1342,OFFER_1090,311,0.6961767601729018,2,1,0.003029579612956515,1,0,0,0,0,0
CUST_0205,OFFER_0071,233,0.6938967219847476,3,1,0.0007495414248023257,1,1,0,0,0,0
CUST_0989,OFFER_0401,331,0.6979563384245738,2,1,0.00480915786462858,1,0,0,0,0,0
CUST_0008,OFFER_0848,535,1.496977277462165,3,1,0.8038300969022198,1,1,0,0,0,1
CUST_2408,OFFER_1180,395,0.7247960074232622,3,1,0.03164882686331695,1,1,0,0,0,0
CUST_0485,OFFER_0690,308,0.695973878289321,2,1,0.0028266977293757403,1,0,0,0,0,0
CUST_2951,OFFER_0915,311,0.6976915499793801,3,1,0.004544369419434773,1,1,0,0,0,0
CUST_2362,OFFER_0056,478,0.9085281221218894,3,1,0.2153809415619441,1,1,0,0,0,1
CUST_1610,OFFER_1180,372,1.117214644745862,3,2,0.018602356077752347,1,1,0,0,0,0
CUST_1839,OFFER_1202,490,0.882611751373745,2,1,0.18946457081379978,1,0,0,0,0,1
CUST_0282,OFFER_0167,568,1.8418455355569803,2,1,1.148698354997035,1,0,0,0,0,1
CUST_0866,OFFER_0085,518,1.2358731446000872,3,1,0.5427259640401418,1,1,0,0,0,1
CUST_2590,OFFER_1254,218,0.6933238491680312,1,1,0.00017666860808598355,0,0,1,0,0,0
CUST_1628,OFFER_0953,367,0.7207685392000448,5,1,0.02762135864009952,0,0,1,0,0,1
CUST_1262,OFFER_0878,554,1.5243850767027332,2,1,0.8312378961427878,1,0,0,0,0,1
CUST_1089,OFFER_0167,566,1.7899721602545715,2,1,1.0968249796946261,1,0,0,0,0,1
CUST_2719,OFFER_1295,475,1.028076387602537,5,1,0.33492920704259166,0,0,1,0,0,1
CUST_1352,OFFER_0871,465,0.7994805756788023,2,1,0.106333395118857,1,0,0,0,0,0
CUST_2584,OFFER_0591,296,0.6952894168484114,2,1,0.0021422362884660675,1,0,0,0,0,0
CUST_0491,OFFER_0686,464,0.7970519175777938,2,1,0.1039047370178485,1,0,0,0,0,0
CUST_1504,OFFER_1154,414,1.1454872886681096,3,2,0.04687500000000002,1,1,1,0,0,0
CUST_0682,OFFER_0227,474,0.8240589459125237,2,1,0.1309117653525784,1,0,0,0,0,0
CUST_2437,OFFER_0059,534,1.2167942419702586,2,1,0.5236470614103134,1,0,0,0,0,0
CUST_0866,OFFER_0059,518,1.6413382527082514,3,2,0.5427259640401418,1,1,0,0,0,0
CUST_0984,OFFER_0859,486,0.8658862905559173,2,1,0.172739109995972,1,0,0,0,0,1
CUST_2450,OFFER_0265,447,0.7633010585792811,2,1,0.0701538780193358,1,0,0,0,0,1
CUST_0075,OFFER_0217,543,1.3378323347797347,2,1,0.6446851542197896,1,0,0,0,0,0
CUST_2732,OFFER_0281,517,1.0467005711532191,2,1,0.3535533905932738,1,0,0,0,0,1
CUST_1687,OFFER_0529,235,0.6936705074459494,2,1,0.0005233268860040493,1,0,0,0,0,0
CUST_2282,OFFER_0937,232,0.6938796024349453,3,1,0.0007324218750000004,1,1,0,0,0,0
CUST_1151,OFFER_1140,308,0.6973872271540089,3,1,0.004240046594063611,1,1,0,0,0,0
CUST_0064,OFFER_0073,301,0.6955517594922596,2,1,0.0024045789323142897,1,0,0,0,0,0
CUST_1412,OFFER_0937,238,0.6937080684285962,2,1,0.0005608878686508964,1,0,0,0,0,0
CUST_0090,OFFER_0665,400,0.7286717875875327,3,1,0.03552460702758747,1,1,0,0,0,0
CUST_1342,OFFER_1254,311,0.6961767601729018,2,1,0.003029579612956515,1,0,0,0,0,0
CUST_1429,OFFER_0595,372,0.7055487512784469,2,1,0.012401570718501564,1,0,0,0,0,0
CUST_1559,OFFER_0201,264,0.6946813028101708,3,1,0.0015341222502255278,1,1,0,0,0,0
CUST_1025,OFFER_1090,335,0.6984219850371648,2,1,0.0052748044772194915,1,0,0,0,0,0
CUST_2876,OFFER_0529,318,0.6967085965308758,2,1,0.0035614159709305357,1,0,0,0,0,0
CUST_2964,OFFER_0411,455,0.7775440521954572,2,1,0.08439687163551189,1,0,0,0,0,1
CUST_0458,OFFER_0863,470,1.9707922699612581,3,5,0.17903280073320307,1,1,0,0,0,1
CUST_2872,OFFER_0005,263,0.6941465691263484,2,1,0.000999388566403101,1,0,0,0,0,0
CUST_1972,OFFER_0128,538,1.2674963580584628,2,1,0.5743491774985175,1,0,0,0,0,1
CUST_1273,OFFER_1289,522,1.28842257504802,3,1,0.5952753944880749,1,1,0,0,0,1
CUST_1044,OFFER_0690,309,0.6960399492167549,2,1,0.002892768656809697,1,0,0,0,0,0
CUST_0101,OFFER_0851,582,1.486847706544045,1,1,0.7937005259840997,1,1,1,0,0,0
CUST_1369,OFFER_0592,538,1.2674963580584628,2,1,0.5743491774985175,1,0,0,0,0,0
CUST_2732,OFFER_1161,517,1.0467005711532191,2,1,0.3535533905932738,1,0,0,0,0,0
CUST_1306,OFFER_0871,447,0.7282241195696132,1,1,0.0350769390096679,1,1,1,0,0,0
CUST_1887,OFFER_0834,425,0.7986432701043351,5,1,0.10549608954438985,0,0,1,0,0,1
CUST_2049,OFFER_0525,527,1.138596539630115,2,1,0.44544935907016964,1,0,0,0,0,1
CUST_1225,OFFER_0132,554,1.5243850767027332,2,1,0.8312378961427878,1,0,0,0,0,1
CUST_0224,OFFER_0123,570,1.896172216642062,2,1,1.2030250360821166,1,0,0,0,0,1
CUST_2959,OFFER_0702,240,0.6937345951283448,2,1,0.0005874145683994711,1,0,0,0,0,0
CUST_0251,OFFER_1207,531,1.4260171568856297,3,1,0.7328699763256844,1,1,0,0,0,1
CUST_0723,OFFER_0085,516,1.0386254005518893,2,1,0.34547821999194406,1,0,0,0,0,1
CUST_2149,OFFER_0592,468,0.8071124916297223,2,1,0.11396531106977709,1,0,0,0,0,0
CUST_0180,OFFER_0982,496,1.019603641795992,3,1,0.3264564612360466,1,1,0,0,0,1
CUST_0209,OFFER_1180,465,0.7994805756788023,2,1,0.106333395118857,1,0,0,0,0,0
CUST_1625,OFFER_0005,236,0.6936827396320618,2,1,0.0005355590721165173,1,0,0,0,0,0
CUST_1065,OFFER_1006,478,0.8367344749345746,2,1,0.1435872943746294,1,0,0,0,0,0
CUST_0879,OFFER_0073,345,0.6997930177548738,2,1,0.006645837194928558,1,0,0,0,0,0
CUST_1080,OFFER_0690,312,0.6962475732395706,2,1,0.0031003926796253907,1,0,0,0,0,0
CUST_0952,OFFER_1096,571,1.9242915939048615,2,1,1.2311444133449163,1,0,0,0,0,1
CUST_1247,OFFER_1102,586,3.3047988704483178,3,1,2.6116516898883724,1,1,0,0,0,1
CUST_0493,OFFER_0411,574,3.2654180598282077,3,6,1.3195079107728942,1,1,0,0,0,1
CUST_2897,OFFER_0651,310,0.6975877564383938,3,1,0.0044405758784484325,1,1,0,0,0,0
CUST_2299,OFFER_0009,307,1.1013744245321195,2,2,0.0027621358640099515,1,0,0,0,0,0
CUST_2590,OFFER_1237,246,0.6941593237825779,3,1,0.0010121432226326485,1,1,0,0,0,0
CUST_0616,OFFER_0592,428,0.760987926064963,3,1,0.06784074550501773,1,1,0,0,0,0
CUST_0570,OFFER_1186,355,0.6973337956479777,1,1,0.004186615088032396,1,1,1,0,0,0
CUST_2002,OFFER_0503,400,0.7168302519116703,2,1,0.02368307135172498,1,0,0,0,0,0
CUST_2248,OFFER_1140,272,0.6943775722102332,2,1,0.0012303916502879617,1,0,0,0,0,0
CUST_0457,OFFER_1161,469,0.8097763045020462,2,1,0.11662912394210094,1,0,0,0,0,0
CUST_2362,OFFER_0980,478,0.8367344749345746,2,1,0.1435872943746294,1,0,0,0,0,1
CUST_1555,OFFER_0888,500,0.9318575815375494,2,1,0.2387104009776041,1,0,0,0,0,1
CUST_2363,OFFER_0071,181,0.6932223236515801,1,1,7.514309163482166e-05,0,0,1,0,0,0
CUST_0304,OFFER_0868,500,1.0512127820263515,3,1,0.35806560146640615,1,1,0,0,0,1
CUST_0975,OFFER_1199,586,3.3047988704483178,3,1,2.6116516898883724,1,1,0,0,0,0
CUST_1695,OFFER_0145,3,0.6931484101992927,1,1,1.229639347495634e-06,0,0,1,0,0,0
CUST_2249,OFFER_0871,358,1.112073597515731,3,2,0.013461308847621508,1,1,0,0,0,0
CUST_0520,OFFER_0503,417,1.4213713001295585,2,3,0.0350769390096679,1,0,0,0,0,0
CUST_1683,OFFER_0503,400,0.7168302519116703,2,1,0.02368307135172498,1,0,0,0,0,0
CUST_0869,OFFER_1120,331,0.7003609173568881,3,1,0.00721373679694287,1,1,0,0,0,0
CUST_0265,OFFER_0788,580,2.966722030325543,3,1,2.2735748497655974,1,1,0,0,0,1
CUST_2355,OFFER_0123,570,1.896172216642062,2,1,1.2030250360821166,1,0,0,0,0,1
CUST_1463,OFFER_0129,523,1.3023364778271218,3,1,0.6091892972671766,1,1,0,0,0,0
CUST_1978,OFFER_1180,255,0.6939779102093113,2,1,0.0008307296493660701,1,0,0,0,0,0
CUST_0193,OFFER_0769,586,2.4342483071521936,2,1,1.7411011265922482,1,0,0,0,0,1
CUST_0835,OFFER_0167,566,1.7899721602545715,2,1,1.0968249796946261,1,0,0,0,0,1
CUST_2804,OFFER_0992,517,1.0467005711532191,2,1,0.3535533905932738,1,0,0,0,0,1
CUST_0087,OFFER_0056,552,1.486847706544045,2,1,0.7937005259840997,1,0,0,0,0,1
CUST_2899,OFFER_1070,467,0.8601906902112589,3,1,0.16704350965131365,1,1,0,0,0,1
CUST_2993,OFFER_0271,331,0.6979563384245738,2,1,0.00480915786462858,1,0,0,0,0,0
CUST_2739,OFFER_1247,93,0.6931570176747253,1,1,9.837114779965057e-06,0,0,1,0,0,0
CUST_0630,OFFER_1171,519,1.2485587626674068,3,1,0.5554115821074616,1,1,0,0,0,0
CUST_2450,OFFER_0268,447,0.7633010585792811,2,1,0.0701538780193358,1,0,0,0,0,1
CUST_0817,OFFER_1289,540,1.2946596986010037,2,1,0.6015125180410584,1,0,0,0,0,1
CUST_1037,OFFER_1247,28,0.6931493715281822,1,1,2.1909682369175627e-06,0,0,1,0,0,0
CUST_1339,OFFER_0071,183,0.693225877478185,1,1,7.869691823972047e-05,0,0,1,0,0,0
CUST_2279,OFFER_0665,461,0.7416204543672494,1,1,0.04847327380730419,1,1,1,0,0,0
CUST_0805,OFFER_0251,499,0.9264054284441471,2,1,0.2332582478842018,1,0,0,0,0,1
CUST_2832,OFFER_0123,572,1.9530682304548184,2,1,1.2599210498948732,1,0,0,0,0,1
CUST_1464,OFFER_1289,544,1.6827781136396163,3,1,0.9896309330796709,1,1,0,0,0,1
CUST_1819,OFFER_1090,471,0.8763646746413664,3,1,0.1832174940814211,1,1,0,0,0,0
CUST_1964,OFFER_0102,320,0.6968770305752203,2,1,0.003729850015275064,1,0,0,0,0,0
CUST_2786,OFFER_0915,306,0.6958462291536324,2,1,0.0026990485936870634,1,0,0,0,0,0
CUST_2899,OFFER_0981,493,0.8962102796490042,2,1,0.20306309908905892,1,0,0,0,0,1
CUST_2640,OFFER_0184,318,0.6967085965308758,2,1,0.0035614159709305357,1,0,0,0,0,0
CUST_1748,OFFER_0915,307,0.6959093164239553,2,1,0.0027621358640099515,1,0,0,0,0,0
CUST_0512,OFFER_0863,522,1.0899974435519952,2,1,0.3968502629920499,1,0,0,0,0,1
CUST_0396,OFFER_0382,425,0.7353456163777012,2,1,0.04219843581775594,1,0,0,0,0,0
CUST_2412,OFFER_0519,539,1.2809211337017496,2,1,0.5877739531418044,1,0,0,0,0,1
CUST_0378,OFFER_1180,471,0.8763646746413664,3,1,0.1832174940814211,1,1,0,0,0,0
CUST_1092,OFFER_1241,571,1.9242915939048615,2,1,1.2311444133449163,1,0,0,0,0,1
CUST_1329,OFFER_1180,475,0.8941047047855003,3,1,0.20095752422555502,1,1,0,0,0,0
CUST_2660,OFFER_0980,542,1.3231077055073819,2,1,0.6299605249474366,1,0,0,0,0,1
CUST_1225,OFFER_0154,554,1.5243850767027332,2,1,0.8312378961427878,1,0,0,0,0,1
CUST_1228,OFFER_0441,586,2.4342483071521936,2,1,1.7411011265922482,1,0,0,0,0,1
CUST_0884,OFFER_0382,415,0.7266401012642044,2,1,0.033492920704259174,1,0,0,0,0,0
CUST_2660,OFFER_0032,542,1.3231077055073819,2,1,0.6299605249474366,1,0,0,0,0,1
CUST_1761,OFFER_0426,503,0.948990653559139,2,1,0.2558434729991938,1,0,0,0,0,1
CUST_1664,OFFER_1215,588,2.516592157676379,2,1,1.8234449771164336,1,0,0,0,0,1
CUST_1332,OFFER_0452,489,0.8782843745957659,2,1,0.1851371940358206,1,0,0,0,0,1
CUST_2619,OFFER_0702,285,1.0994430183174757,1,2,0.0008307296493660702,1,1,1,0,0,0
CUST_1174,OFFER_1171,304,0.6970129263922877,3,1,0.0038657458323424643,1,1,0,0,0,0
CUST_1088,OFFER_0686,479,0.8400906688453964,2,1,0.14694348828545112,1,0,0,0,0,0
CUST_1129,OFFER_0433,553,1.5053995769161808,2,1,0.8122523963562356,1,0,0,0,0,1
CUST_1806,OFFER_1059,398,0.7270675533124542,3,1,0.033920372752508865,1,1,0,0,0,0
CUST_0532,OFFER_0217,290,0.6959445680714016,3,1,0.0027973875114563,1,1,0,0,0,0
CUST_2804,OFFER_0921,517,1.0467005711532191,2,1,0.3535533905932738,1,0,0,0,0,1
CUST_1421,OFFER_1308,288,0.6949278885454105,2,1,0.0017807079854652676,1,0,0,0,0,0
CUST_2767,OFFER_0827,43,0.6931502790569407,1,1,3.098496995377483e-06,0,0,1,0,0,0
CUST_1075,OFFER_1078,550,1.8299346054427437,3,1,1.1367874248827985,1,1,0,0,0,1
CUST_1997,OFFER_0690,308,0.6945605294246332,1,1,0.0014133488646878702,0,0,1,0,0,0
CUST_2919,OFFER_0272,316,0.6965477686978208,2,1,0.0034005881378754853,1,0,0,0,0,0
CUST_1782,OFFER_0859,488,0.9645101625800162,3,1,0.2713629820200709,1,1,0,0,0,1
CUST_1821,OFFER_0056,539,1.5748081102726519,3,1,0.8816609297127065,0,1,0,0,0,1
CUST_2409,OFFER_1154,410,0.7229859806821458,2,1,0.02983880012220052,1,0,0,0,0,0
CUST_2450,OFFER_0128,447,0.7633010585792811,2,1,0.0701538780193358,1,0,0,0,0,1
CUST_1087,OFFER_0942,295,0.6952404881039614,2,1,0.0020933075440161997,1,0,0,0,0,0
CUST_1461,OFFER_0859,488,0.9645101625800162,3,1,0.2713629820200709,1,1,0,0,0,1
CUST_1972,OFFER_0411,538,1.2674963580584628,2,1,0.5743491774985175,1,0,0,0,0,1
CUST_1145,OFFER_1192,588,2.516592157676379,2,1,1.8234449771164336,1,0,0,0,0,1
CUST_2729,OFFER_0651,309,0.6974863335451599,3,1,0.004339152985214545,1,1,0,0,0,0
CUST_2796,OFFER_0411,567,2.376840253024005,3,1,1.6836930724640595,0,1,0,0,0,1
CUST_0886,OFFER_0942,265,0.6941938343319534,2,1,0.0010466537720080996,1,0,0,0,0,0
CUST_1473,OFFER_1005,475,0.8941047047855003,3,1,0.20095752422555502,1,1,0,0,0,1
CUST_0100,OFFER_0503,400,0.7168302519116703,2,1,0.02368307135172498,1,0,0,0,0,0
CUST_0417,OFFER_0227,468,0.8071124916297223,2,1,0.11396531106977709,1,0,0,0,0,0
CUST_0402,OFFER_0227,371,1.1137220969701358,3,2,0.015109808302026313,1,1,0,0,0,0
CUST_1150,OFFER_1180,317,1.3915144707964942,3,3,0.00522010967660355,1,1,1,0,0,0
CUST_0316,OFFER_0503,402,0.73035189271545,3,1,0.0372047121555047,1,1,0,0,0,0
CUST_0224,OFFER_1036,562,1.6931471805599454,2,1,1.0,1,0,0,0,0,1
CUST_0707,OFFER_0085,511,1.0009332838961744,2,1,0.30778610333622913,1,0,0,0,0,1
CUST_0640,OFFER_0084,509,0.9870341571308475,2,1,0.29388697657090224,1,0,0,0,0,1
CUST_2272,OFFER_0106,487,0.9583122235049006,3,1,0.26516504294495535,1,1,0,0,0,1
CUST_0088,OFFER_0863,560,1.6479887844703618,2,1,0.9548416039104166,1,0,0,0,0,1
CUST_2362,OFFER_0686,478,0.8367344749345746,2,1,0.1435872943746294,1,0,0,0,0,0
CUST_2097,OFFER_0788,587,2.8804097249487883,2,2,1.7817974362806785,1,0,0,0,0,1
CUST_1761,OFFER_0484,503,0.948990653559139,2,1,0.2558434729991938,1,0,0,0,0,1
CUST_2359,OFFER_0980,478,0.8367344749345746,2,1,0.1435872943746294,1,0,0,0,0,1
CUST_1700,OFFER_0851,580,3.269516144828677,3,2,2.1709038561605674,1,1,1,0,0,0
CUST_2757,OFFER_1090,364,0.6983015083364019,1,1,0.00515432777645662,1,1,1,0,0,0
CUST_2636,OFFER_1237,248,0.6942071922084612,3,1,0.0010600116485159025,1,1,0,0,0,0
CUST_0426,OFFER_1154,411,0.7236834295735155,2,1,0.030536249013570178,1,0,0,0,0,0
CUST_1969,OFFER_0411,545,1.7059096401860878,3,1,1.0127624596261424,1,1,0,0,0,1
CUST_1088,OFFER_1186,342,1.1079134667069857,3,2,0.009301178038876173,1,1,0,0,0,0
CUST_1833,OFFER_0871,458,0.7383743442299571,1,1,0.045227163670011825,1,1,1,0,0,0
CUST_0874,OFFER_0850,294,0.6951926768935793,2,1,0.002045496333634037,1,0,0,0,0,0
CUST_2590,OFFER_0411,515,1.5195355567841244,3,2,0.420923268116015,1,1,0,0,0,1
CUST_2460,OFFER_0005,260,0.6945458743156734,3,1,0.00139869375572815,1,1,0,0,0,0
CUST_1443,OFFER_1247,32,0.6931495836686372,1,1,2.4031086919686777e-06,0,0,1,0,0,0
CUST_1228,OFFER_0188,586,2.4342483071521936,2,1,1.7411011265922482,1,0,0,0,0,1
CUST_2304,OFFER_1308,299,0.6942951765621753,1,1,0.0011479960022300864,1,1,1,0,0,0
CUST_0264,OFFER_0934,530,1.8637151630750988,3,3,0.47742080195520825,1,1,0,0,0,1
CUST_1263,OFFER_0102,315,0.6964700991574095,2,1,0.0033229185974642784,1,0,0,0,0,0
CUST_2334,OFFER_0411,558,2.466196021505435,3,2,1.3675837328373253,1,1,0,0,0,1
CUST_2369,OFFER_0059,503,0.948990653559139,2,1,0.2558434729991938,1,0,0,0,0,0
CUST_1361,OFFER_0877,545,1.7059096401860878,3,1,1.0127624596261424,1,1,0,0,0,1
CUST_2722,OFFER_0503,407,0.7209877655018309,2,1,0.027840584941885606,1,0,0,0,0,0
CUST_2580,OFFER_0863,443,0.7571080488097437,2,1,0.06396086824979844,1,0,0,0,0,1
CUST_1699,OFFER_0788,464,0.7970519175777938,2,1,0.1039047370178485,1,0,0,0,0,1
CUST_1908,OFFER_0503,421,0.731620443476974,2,1,0.03847326291702865,1,0,0,0,0,0
CUST_2899,OFFER_1140,291,0.6960099539049674,3,1,0.002862773345022206,1,1,0,0,0,0
CUST_1218,OFFER_0553,326,0.6974316531368774,2,1,0.004284472576932136,1,0,0,0,0,0
CUST_0898,OFFER_0992,541,1.3087193872324034,2,1,0.6155722066724582,1,0,0,0,0,1
CUST_1050,OFFER_0877,550,1.4510054638151444,2,1,0.757858283255199,1,0,0,0,0,1
CUST_2761,OFFER_0129,517,1.0467005711532191,2,1,0.3535533905932738,1,0,0,0,0,0
CUST_1679,OFFER_0557,545,1.3683221536440402,2,1,0.675174973084095,1,0,0,0,0,1
CUST_1087,OFFER_0361,483,0.8543184691148926,2,1,0.1611712885549474,1,0,0,0,0,1
CUST_2249,OFFER_1171,338,0.6988005760186967,2,1,0.005653395458751481,1,0,0,0,0,0
CUST_1479,OFFER_0272,303,0.6969246326354519,3,1,0.0037774520755065807,1,1,0,0,0,0
CUST_0228,OFFER_0643,518,1.2358731446000872,3,1,0.5427259640401418,1,1,0,0,0,1
CUST_1694,OFFER_0888,533,1.2048341265583329,2,1,0.5116869459983876,1,0,0,0,0,1
CUST_0805,OFFER_0914,499,0.9264054284441471,2,1,0.2332582478842018,1,0,0,0,0,1
CUST_1839,OFFER_0289,490,0.882611751373745,2,1,0.18946457081379978,1,0,0,0,0,1
CUST_0278,OFFER_0698,453,0.773732824837419,2,1,0.0805856442774737,1,0,0,0,0,1
CUST_2846,OFFER_0071,243,0.694091543578822,3,1,0.0009443630188766442,1,1,0,0,0,0
CUST_0697,OFFER_1084,395,0.7142463984688232,2,1,0.02109921790887797,1,0,0,0,0,0
CUST_0886,OFFER_0928,265,1.1001822693261216,3,2,0.0015699806580121494,1,1,0,0,0,0
CUST_0864,OFFER_0129,530,1.814743491600922,3,2,0.7161312029328124,1,1,0,0,0,0
CUST_2905,OFFER_1215,509,0.9870341571308475,2,1,0.29388697657090224,1,0,0,0,0,1
CUST_0264,OFFER_1308,266,1.1002189658844592,3,2,0.0016066772163495506,1,1,0,0,0,0
CUST_0414,OFFER_1140,299,0.6965911685666355,3,1,0.0034439880066902593,1,1,0,0,0,0
CUST_2194,OFFER_0184,315,0.6981315584561417,3,1,0.004984377896196417,1,1,0,0,0,0
CUST_1659,OFFER_1210,425,0.7353456163777012,2,1,0.04219843581775594,1,0,0,0,0,0
CUST_1351,OFFER_0433,531,1.1817271647770682,2,1,0.48857998421712295,1,0,0,0,0,1
CUST_1207,OFFER_0877,537,1.254378204714632,2,1,0.5612310241546866,1,0,0,0,0,1
CUST_2582,OFFER_0871,438,0.7501298360948339,2,1,0.05698265553488854,1,0,0,0,0,0
CUST_0275,OFFER_0676,553,1.9115257750942987,3,1,1.2183785945343533,1,1,0,0,0,0
CUST_0382,OFFER_0928,269,0.6948691745632904,3,1,0.0017219940033451294,1,1,0,0,0,0
CUST_2779,OFFER_1308,56,0.6931513646151962,1,1,4.184055250910289e-06,0,0,1,0,0,0
CUST_2153,OFFER_1186,364,0.7034558361128586,2,1,0.01030865555291324,1,0,0,0,0,0
CUST_0616,OFFER_1180,428,0.7383743442299571,2,1,0.04522716367001182,1,0,0,0,0,0
CUST_0526,OFFER_1171,436,0.747556590765953,2,1,0.054409410206007786,1,0,0,0,0,0
CUST_2265,OFFER_0147,441,0.7542196785870857,2,1,0.06107249802714039,1,0,0,0,0,0
CUST_2668,OFFER_1180,254,0.6939589363178972,2,1,0.0008117557579519408,1,0,0,0,0,0
CUST_0180,OFFER_0650,496,0.9107848213839763,2,1,0.21763764082403106,1,0,0,0,0,1
CUST_2362,OFFER_0841,410,0.7379053807432461,3,1,0.044758200183300775,1,1,0,0,0,0
CUST_2156,OFFER_0698,509,0.9870341571308475,2,1,0.29388697657090224,1,0,0,0,0,1
CUST_0584,OFFER_0352,502,0.9431471805599454,2,1,0.25000000000000006,1,0,0,0,0,1
CUST_0502,OFFER_0382,419,0.7482509886669895,3,1,0.055103808107044155,1,1,0,0,0,0
CUST_1620,OFFER_0271,429,0.7394314790689004,2,1,0.04628429850895514,1,0,0,0,0,0
CUST_0228,OFFER_0432,518,1.0549644899200399,2,1,0.3618173093600946,1,0,0,0,0,1
CUST_0098,OFFER_0914,546,1.3841036205438333,2,1,0.690956439983888,1,0,0,0,0,1
CUST_1342,OFFER_0227,311,0.6976915499793801,3,1,0.004544369419434773,1,1,0,0,0,0
CUST_1429,OFFER_1180,372,0.7055487512784469,2,1,0.012401570718501564,1,0,0,0,0,0
CUST_0697,OFFER_0710,395,0.7247960074232622,3,1,0.03164882686331695,1,1,0,0,0,0
CUST_1789,OFFER_0937,248,0.6938538549922892,2,1,0.000706674432343935,1,0,0,0,0,0
CUST_0604,OFFER_0325,568,1.8418455355569803,2,1,1.148698354997035,1,0,0,0,0,1
CUST_1095,OFFER_1180,384,0.7095111512290175,2,1,0.016363970669072303,1,0,0,0,0,0
CUST_1660,OFFER_0529,301,0.6955517594922596,2,1,0.0024045789323142897,1,0,0,0,0,0
CUST_0893,OFFER_0877,519,1.0634215686315862,2,1,0.37027438807164104,1,0,0,0,0,1
CUST_1091,OFFER_0503,418,0.7469924159504313,3,1,0.05384523539048604,1,1,0,0,0,0
CUST_1329,OFFER_0271,433,0.74391295533221,2,1,0.05076577477226472,1,0,0,0,0,0
CUST_1679,OFFER_0953,545,1.3683221536440402,2,1,0.675174973084095,1,0,0,0,0,1
CUST_1752,OFFER_0950,460,0.7878794659668452,2,1,0.09473228540689993,1,0,0,0,0,1
CUST_0616,OFFER_1210,428,0.7383743442299571,2,1,0.04522716367001182,1,0,0,0,0,0
CUST_0285,OFFER_1308,360,0.7072451302015326,3,1,0.0140979496415873,1,1,0,0,0,0
CUST_1216,OFFER_0690,312,1.1032628776875477,3,2,0.004650589019438086,1,1,0,0,0,0
CUST_2349,OFFER_0167,587,5.45136510514873,5,2,4.352752816480621,1,1,1,0,0,1
CUST_0533,OFFER_1247,111,0.6931620908377839,1,1,1.4910277838657327e-05,0,0,1,0,0,0
CUST_1431,OFFER_1289,572,1.9530682304548184,2,1,1.2599210498948732,1,0,0,0,0,1
CUST_0375,OFFER_1308,275,0.6951252322389025,3,1,0.0019780516789573107,1,1,0,0,0,0
CUST_1801,OFFER_0556,66,0.6931524521392298,1,1,5.271579284545042e-06,0,0,1,0,0,0
CUST_1332,OFFER_1262,518,1.2358731446000872,3,1,0.5427259640401418,1,1,0,0,0,1
CUST_0646,OFFER_0504,52,0.6931509952572109,1,1,3.814697265625001e-06,0,0,1,0,0,0
CUST_0330,OFFER_0411,519,1.0634215686315862,2,1,0.37027438807164104,1,0,0,0,0,1
CUST_2650,OFFER_1090,473,0.7571080488097437,1,1,0.06396086824979845,1,1,1,0,0,0
CUST_2255,OFFER_1094,561,1.6703071489941912,2,1,0.9771599684342459,1,0,0,0,0,1
CUST_2907,OFFER_1310,391,0.7220021277477168,3,1,0.02885494718777146,1,1,0,0,0,0
CUST_1294,OFFER_1308,142,0.6931776981380703,1,1,3.0517578125000014e-05,0,0,1,0,0,0
CUST_2080,OFFER_0073,366,0.7093414721220677,3,1,0.016194291562122386,1,1,0,0,0,0
CUST_0893,OFFER_0916,518,1.0549644899200399,2,1,0.3618173093600946,1,0,0,0,0,0
CUST_0688,OFFER_0304,293,0.6961453462591546,3,1,0.002998165699209303,1,1,0,0,0,0
CUST_2848,OFFER_0251,584,2.355622972845521,2,1,1.6624757922855755,1,0,0,0,0,1
CUST_1882,OFFER_0056,589,3.492246155170368,3,1,2.7990989746104225,1,1,0,0,0,1
CUST_0910,OFFER_0980,481,0.8470402322280599,2,1,0.15389305166811457,1,0,0,0,0,1
CUST_1248,OFFER_0739,537,1.254378204714632,2,1,0.5612310241546866,1,0,0,0,0,1
CUST_1675,OFFER_1224,583,2.317651973272416,2,1,1.624504792712471,1,0,0,0,0,1
CUST_0987,OFFER_0690,310,0.6961075644789109,2,1,0.0029603839189656215,1,0,0,0,0,0
CUST_1450,OFFER_0503,400,1.1288319052721623,3,2,0.030219616604052632,1,1,0,0,0,0
CUST_0285,OFFER_0871,360,0.7072451302015326,3,1,0.0140979496415873,1,1,0,0,0,0
CUST_1964,OFFER_0184,330,1.1056612634889031,3,2,0.00704897482079365,1,1,0,0,0,0
CUST_2921,OFFER_0473,238,0.6937080684285962,2,1,0.0005608878686508964,1,0,0,0,0,0
CUST_1794,OFFER_1210,413,0.7251276146848445,2,1,0.03198043412489922,1,0,0,0,0,0
CUST_0650,OFFER_0433,580,2.2088637470703434,2,1,1.5157165665103982,1,0,0,0,0,1
CUST_0898,OFFER_1090,541,1.6165054905686325,3,1,0.9233583100086873,1,1,0,0,0,0
CUST_1737,OFFER_0358,585,3.2451486634125124,3,1,2.552001482852567,1,1,0,0,0,1
CUST_1018,OFFER_1180,315,0.6981315584561417,3,1,0.004984377896196417,1,1,0,0,0,0
CUST_2943,OFFER_0629,486,0.9522558455539033,3,1,0.259108664993958,1,1,0,0,0,1
CUST_0578,OFFER_0291,471,0.9985096706956471,5,1,0.3053624901357018,0,0,1,0,0,1
CUST_2606,OFFER_0411,578,2.1404164180003233,2,1,1.4472692374403782,1,0,0,0,0,1
CUST_0972,OFFER_0883,502,0.9431471805599454,2,1,0.25000000000000006,1,0,0,0,0,1
CUST_0396,OFFER_1154,425,0.7353456163777012,2,1,0.04219843581775594,1,0,0,0,0,0
CUST_0884,OFFER_1154,415,0.7433865616163341,3,1,0.05023938105638876,1,1,0,0,0,0
CUST_0278,OFFER_0710,441,0.7847559276006559,3,1,0.09160874704071059,1,1,0,0,0,0
CUST_2306,OFFER_1186,335,0.695784582798555,1,1,0.0026374022386097457,1,1,1,0,0,0
CUST_2732,OFFER_0233,517,1.2234772664498559,3,1,0.5303300858899107,1,1,0,0,0,1
CUST_1816,OFFER_0422,503,1.3327558630579297,5,1,0.6396086824979845,0,0,1,0,0,1
CUST_1529,OFFER_0304,299,0.6954431725644055,2,1,0.002295992004460173,1,0,0,0,0,0
CUST_1629,OFFER_0651,312,1.101712681347735,2,2,0.0031003926796253907,1,0,0,0,0,0
CUST_0416,OFFER_1289,501,1.4650472768309517,3,2,0.36643498816284226,1,1,0,0,0,1
CUST_1556,OFFER_0665,295,0.6962871418759696,3,1,0.0031399613160242998,1,1,0,0,0,0
CUST_2619,OFFER_0871,288,1.610328266426833,1,4,0.0008903539927326338,1,1,1,0,0,0
CUST_1367,OFFER_0908,359,0.7069231325867064,3,1,0.013775952026761037,1,1,0,0,0,0
CUST_0869,OFFER_0313,260,0.694079643063764,2,1,0.0009324625038187667,1,0,0,0,0,0
CUST_2100,OFFER_0592,457,0.7373413543841045,1,1,0.04419417382415922,1,1,1,0,0,0
CUST_0028,OFFER_0411,529,1.159663676328349,2,1,0.4665164957684037,1,0,0,0,0,1
CUST_0226,OFFER_0251,580,2.2088637470703434,2,1,1.5157165665103982,1,0,0,0,0,1
CUST_2698,OFFER_0167,568,1.8418455355569803,2,1,1.148698354997035,1,0,0,0,0,1
CUST_0377,OFFER_0841,413,0.7411178317472941,3,1,0.04797065118734883,1,1,0,0,0,0
CUST_1018,OFFER_0184,315,0.6981315584561417,3,1,0.004984377896196417,1,1,0,0,0,0
CUST_2423,OFFER_0356,234,0.6936585546433538,2,1,0.0005113740834085093,1,0,0,0,0,0
CUST_2229,OFFER_0411,564,1.740441303380572,2,1,1.0472941228206267,1,0,0,0,0,1
CUST_0092,OFFER_0219,537,1.254378204714632,2,1,0.5612310241546866,1,0,0,0,0,1
CUST_0299,OFFER_1308,314,0.6947706920758492,1,1,0.0016235115159038821,0,0,1,0,0,0
CUST_2493,OFFER_1186,335,0.6984219850371648,2,1,0.0052748044772194915,1,0,0,0,0,0
CUST_2163,OFFER_0863,526,1.1284224622080075,2,1,0.4352752816480622,1,0,0,0,0,1
CUST_1892,OFFER_1036,528,1.1490084248390537,2,1,0.45586124427910846,1,0,0,0,0,1
CUST_1273,OFFER_0630,522,1.0899974435519952,2,1,0.3968502629920499,1,0,0,0,0,1
CUST_0854,OFFER_1180,304,0.6970129263922877,3,1,0.0038657458323424643,1,1,0,0,0,0
CUST_0172,OFFER_1096,472,1.0056471805599454,5,1,0.3125,0,0,1,0,0,1
CUST_1648,OFFER_0408,76,0.6931538223336521,1,1,6.641773706788058e-06,0,0,1,0,0,0
CUST_0087,OFFER_0540,552,1.486847706544045,2,1,0.7937005259840997,1,0,0,0,0,1
CUST_1983,OFFER_0819,492,0.8915723120559702,2,1,0.19842513149602495,1,0,0,0,0,1
CUST_2676,OFFER_0468,431,0.7658570912709016,3,1,0.07270991071095632,1,1,0,0,0,1
CUST_0393,OFFER_0411,519,1.2485587626674068,3,1,0.5554115821074616,1,1,0,0,0,1
CUST_1679,OFFER_0420,545,1.3683221536440402,2,1,0.675174973084095,1,0,0,0,0,1
CUST_0092,OFFER_0578,537,1.254378204714632,2,1,0.5612310241546866,1,0,0,0,0,1
CUST_1214,OFFER_0217,248,0.6938538549922892,2,1,0.000706674432343935,1,0,0,0,0,0
CUST_1087,OFFER_0399,483,0.8543184691148926,2,1,0.1611712885549474,1,0,0,0,0,1
CUST_1746,OFFER_0233,515,1.436199775210157,2,2,0.33758748654204745,1,0,0,0,0,1
CUST_0458,OFFER_1180,343,1.3926400829664236,2,3,0.006345721846533097,1,0,0,0,0,0
CUST_2468,OFFER_0201,261,0.6945785672324564,3,1,0.0014313866725111028,1,1,0,0,0,0
CUST_0944,OFFER_1210,413,0.7251276146848445,2,1,0.03198043412489922,1,0,0,0,0,0
CUST_0973,OFFER_0851,578,2.8640510367205128,3,1,2.1709038561605674,1,1,0,0,0,0
CUST_0952,OFFER_0127,568,1.8418455355569803,2,1,1.148698354997035,1,0,0,0,0,1
CUST_0894,OFFER_1257,539,1.2809211337017496,2,1,0.5877739531418044,1,0,0,0,0,1
CUST_1028,OFFER_1059,273,0.6950359065976985,3,1,0.0018887260377532904,1,1,0,0,0,0
CUST_2882,OFFER_0592,553,1.9115257750942987,3,1,1.2183785945343533,1,1,0,0,0,0
CUST_1144,OFFER_1096,546,1.7295818405357775,3,1,1.036434659975832,1,1,0,0,0,1
CUST_0693,OFFER_0005,254,0.6939589363178972,2,1,0.0008117557579519408,1,0,0,0,0,0
CUST_1051,OFFER_1102,553,1.5053995769161808,2,1,0.8122523963562356,1,0,0,0,0,1
CUST_0433,OFFER_0411,586,3.3047988704483178,3,1,2.6116516898883724,0,1,0,0,0,1
CUST_2477,OFFER_0311,106,0.6931604641073589,1,1,1.3283547413576118e-05,0,0,1,0,0,0
CUST_1145,OFFER_0769,588,3.428314646234596,3,1,2.7351674656746505,1,1,0,0,0,1
CUST_2799,OFFER_0859,484,0.940554913829863,3,1,0.24740773326991772,1,1,0,0,0,1
CUST_2390,OFFER_0851,586,3.6506137715206766,3,2,2.552001482852567,1,1,0,0,0,0
CUST_2500,OFFER_1262,518,1.2358731446000872,3,1,0.5427259640401418,1,1,0,0,0,1
CUST_1951,OFFER_0445,516,1.0386254005518893,2,1,0.34547821999194406,1,0,0,0,0,1
CUST_1216,OFFER_0651,312,0.6977977695793833,3,1,0.004650589019438086,1,1,0,0,0,0
CUST_2660,OFFER_1224,542,1.6380879679811002,3,1,0.9449407874211548,1,1,0,0,0,1
CUST_2750,OFFER_0358,576,2.075060060527721,2,1,1.381912879967776,1,0,0,0,0,1
CUST_2118,OFFER_0937,261,0.6941014383416193,2,1,0.0009542577816740685,1,0,0,0,0,0
CUST_0818,OFFER_0710,431,1.171322199379066,3,2,0.07270991071095632,1,1,0,0,0,0
CUST_2255,OFFER_0613,561,1.6703071489941912,2,1,0.9771599684342459,1,0,0,0,0,1
CUST_1964,OFFER_1192,450,0.7683362453150776,2,1,0.07518906475513232,1,0,0,0,0,1
CUST_0380,OFFER_0665,444,0.7586030632362345,2,1,0.06545588267628918,1,0,0,0,0,0
CUST_1238,OFFER_0827,40,0.6931500715598662,1,1,2.890999920864865e-06,0,0,1,0,0,0
CUST_1586,OFFER_0868,569,1.868695086843554,2,1,1.1755479062836087,1,0,0,0,0,1
CUST_2720,OFFER_0411,545,1.3683221536440402,2,1,0.675174973084095,1,0,0,0,0,1
CUST_1201,OFFER_0102,314,0.698017715107657,3,1,0.004870534547711646,1,1,0,0,0,0
CUST_0285,OFFER_1154,412,0.7087721805599453,1,1,0.015625000000000007,1,1,1,0,0,0
CUST_1555,OFFER_1289,500,0.9318575815375494,2,1,0.2387104009776041,1,0,0,0,0,1
CUST_2535,OFFER_1128,442,0.7556471805599453,2,1,0.0625,1,0,0,0,0,1
CUST_1972,OFFER_0475,538,1.2674963580584628,2,1,0.5743491774985175,1,0,0,0,0,1
CUST_2118,OFFER_0005,261,0.6941014383416193,2,1,0.0009542577816740685,1,0,0,0,0,0
CUST_2394,OFFER_0705,453,0.773732824837419,2,1,0.0805856442774737,1,0,0,0,0,1
CUST_2943,OFFER_0167,588,3.209739338236324,2,3,1.8234449771164336,1,0,0,0,0,1
CUST_0739,OFFER_0271,444,0.7913310045743791,3,1,0.09818382401443378,1,1,0,0,0,0
CUST_0485,OFFER_0181,308,0.6973872271540089,3,1,0.004240046594063611,1,1,0,0,0,0
CUST_2992,OFFER_0386,498,0.9210778026994995,2,1,0.2279306221395542,1,0,0,0,0,0
CUST_0908,OFFER_1090,311,0.6961767601729018,2,1,0.003029579612956515,1,0,0,0,0,0
CUST_1087,OFFER_0275,295,0.6962871418759696,3,1,0.0031399613160242998,1,1,0,0,0,0
CUST_0157,OFFER_1227,567,2.376840253024005,3,1,1.6836930724640595,1,1,0,0,0,0
CUST_1455,OFFER_0167,552,1.486847706544045,2,1,0.7937005259840997,1,0,0,0,0,1
CUST_1449,OFFER_0071,244,1.0992565796401665,2,2,0.0006442909720570778,1,0,0,0,0,0
CUST_1989,OFFER_0005,244,0.6941136170180309,3,1,0.0009664364580856167,1,1,0,0,0,0
CUST_0989,OFFER_0740,331,0.6979563384245738,2,1,0.00480915786462858,1,0,0,0,0,0
CUST_2150,OFFER_0690,308,0.6973872271540089,3,1,0.004240046594063611,1,1,0,0,0,0
CUST_2587,OFFER_1192,517,1.0467005711532191,2,1,0.3535533905932738,1,0,0,0,0,1
CUST_1984,OFFER_0358,452,1.2954749527141836,5,2,0.19686266404607397,0,0,1,0,0,1
CUST_0231,OFFER_1180,349,0.7040811609295172,3,1,0.010933980369571964,1,1,0,0,0,0
CUST_1076,OFFER_0992,588,2.516592157676379,2,1,1.8234449771164336,1,0,0,0,0,1
CUST_1157,OFFER_0129,531,1.8314822649937939,3,2,0.7328699763256844,1,1,0,0,0,0
CUST_0847,OFFER_1237,269,0.6942951765621753,2,1,0.0011479960022300862,1,0,0,0,0,0
CUST_2429,OFFER_0071,204,0.6932750240807974,1,1,0.00012784352085212729,0,0,1,0,0,0
CUST_1890,OFFER_1308,286,0.6939973275944141,1,1,0.0008501470344688712,1,1,1,0,0,0
CUST_1608,OFFER_0181,242,0.6940699742976613,3,1,0.0009227937377159711,1,1,0,0,0,0
CUST_2910,OFFER_1180,292,0.6951003055599453,2,1,0.001953125,1,0,0,0,0,0
CUST_2752,OFFER_0167,441,0.8458284256277963,5,1,0.15268124506785097,0,0,1,0,0,1
CUST_2298,OFFER_0802,425,0.7353456163777012,2,1,0.04219843581775594,1,0,0,0,0,1
CUST_2941,OFFER_1090,461,0.7900937281745537,2,1,0.09694654761460839,1,0,0,0,0,0
CUST_1192,OFFER_0788,460,0.7878794659668452,2,1,0.09473228540689993,1,0,0,0,0,1
CUST_0062,OFFER_1009,464,0.7970519175777938,2,1,0.1039047370178485,1,0,0,0,0,1
CUST_0972,OFFER_0863,502,0.9431471805599454,2,1,0.25000000000000006,1,0,0,0,0,1
CUST_1887,OFFER_1215,513,1.4990036233346824,5,1,0.8058564427747371,0,0,1,0,0,1
CUST_1501,OFFER_0512,545,1.7737872617522046,2,2,0.675174973084095,1,0,0,0,0,1
CUST_2335,OFFER_0310,275,0.6944658816792502,2,1,0.0013187011193048737,1,0,0,0,0,0
CUST_2450,OFFER_0493,447,0.7633010585792811,2,1,0.0701538780193358,1,0,0,0,0,1
CUST_0980,OFFER_0665,289,0.6949695106215407,2,1,0.001822330061595327,1,0,0,0,0,0
CUST_2641,OFFER_0391,542,1.3231077055073819,2,1,0.6299605249474366,1,0,0,0,0,1
CUST_0096,OFFER_0691,567,1.8156092288693184,2,1,1.122462048309373,1,0,0,0,0,1
CUST_0416,OFFER_0762,442,0.7556471805599453,2,1,0.0625,1,0,0,0,0,1
CUST_0053,OFFER_0690,311,1.101641868281066,2,2,0.003029579612956515,1,0,0,0,0,0
CUST_0527,OFFER_0852,123,0.6931668547895052,1,1,1.9674229559930115e-05,0,0,1,0,0,0
CUST_0915,OFFER_1180,278,0.6945605294246332,2,1,0.00141334886468787,1,0,0,0,0,0
CUST_1498,OFFER_1090,423,0.7334400026986821,2,1,0.04029282213873684,1,0,0,0,0,0
CUST_2003,OFFER_1210,424,0.7343818027715983,2,1,0.041234622211652944,1,0,0,0,0,0
CUST_0087,OFFER_0049,552,1.486847706544045,2,1,0.7937005259840997,1,0,0,0,0,1
CUST_2910,OFFER_0313,292,0.6951003055599453,2,1,0.001953125,1,0,0,0,0,0
CUST_0640,OFFER_0819,509,0.9870341571308475,2,1,0.29388697657090224,1,0,0,0,0,1
CUST_0318,OFFER_0181,268,0.694268956297247,2,1,0.001121775737301793,1,0,0,0,0,0
CUST_2982,OFFER_0740,124,1.0986324227609863,1,2,2.0134092876783674e-05,0,0,1,0,0,0
CUST_2840,OFFER_1308,319,0.6967918406831359,2,1,0.0036446601231906544,1,0,0,0,0,0
CUST_2801,OFFER_0085,467,0.8601906902112589,3,1,0.16704350965131365,1,1,0,0,0,1
CUST_2801,OFFER_1235,467,0.8601906902112589,3,1,0.16704350965131365,1,1,0,0,0,1
CUST_0972,OFFER_0352,502,0.9431471805599454,2,1,0.25000000000000006,1,0,0,0,0,1
CUST_2839,OFFER_0437,548,1.778599108640229,3,1,1.0854519280802837,0,1,0,0,0,1
CUST_0839,OFFER_0850,308,0.695973878289321,2,1,0.0028266977293757403,1,0,0,0,0,0
CUST_0582,OFFER_0592,582,3.0742487585122444,3,1,2.381101577952299,1,1,0,0,0,0
CUST_1227,OFFER_1170,473,0.8210689170595422,2,1,0.1279217364995969,1,0,0,0,0,1
CUST_0475,OFFER_1224,576,2.075060060527721,2,1,1.381912879967776,1,0,0,0,0,1
CUST_1905,OFFER_0411,568,2.8216598211636623,3,2,1.7230475324955528,1,1,0,0,0,1
CUST_1966,OFFER_0401,304,0.6970129263922877,3,1,0.0038657458323424643,1,1,0,0,0,0
CUST_2156,OFFER_1090,381,1.1215144754282873,3,2,0.02290218676017765,1,1,0,0,0,0
CUST_2837,OFFER_0739,564,2.5986122886681096,3,2,1.5,1,1,0,0,0,1
CUST_2238,OFFER_0665,297,0.6964356435921016,3,1,0.003288463032156367,1,1,0,0,0,0
CUST_1334,OFFER_1005,451,0.8085669693110312,3,1,0.11541978875108591,1,1,0,0,0,1
CUST_0856,OFFER_0167,549,1.4336959567032275,2,1,0.7405487761432822,1,0,0,0,0,1
CUST_0264,OFFER_0875,462,0.7923597463079577,2,1,0.09921256574801246,1,0,0,0,0,1
CUST_1915,OFFER_0702,316,0.6965477686978208,2,1,0.0034005881378754853,1,0,0,0,0,0
CUST_1111,OFFER_0167,566,2.1954372683627357,2,2,1.0968249796946261,1,0,0,0,0,1
CUST_2042,OFFER_0877,498,1.0350431137692766,3,1,0.3418959332093313,1,1,0,0,0,1
CUST_1759,OFFER_0503,404,0.7191233648144074,2,1,0.025976184254462117,1,0,0,0,0,0
CUST_1000,OFFER_0525,498,0.9210778026994995,2,1,0.2279306221395542,1,0,0,0,0,1
CUST_2621,OFFER_0310,279,0.6945935648883501,2,1,0.0014463843284048482,1,0,0,0,0,0
CUST_0554,OFFER_0002,483,0.8543184691148926,2,1,0.1611712885549474,1,0,0,0,0,1
CUST_0805,OFFER_0008,499,1.0430345523862479,3,1,0.3498873718263027,1,1,0,0,0,1
CUST_2795,OFFER_0702,259,0.6945139281061418,3,1,0.0013667475461964951,1,1,0,0,0,0
CUST_2494,OFFER_0651,310,0.6975877564383938,3,1,0.0044405758784484325,1,1,0,0,0,0
CUST_0595,OFFER_0073,375,0.7064388549498024,2,1,0.013291674389857115,1,0,0,0,0,0
CUST_1018,OFFER_0919,423,0.7535864137680506,3,1,0.060439233208105264,1,1,0,0,0,0
CUST_1069,OFFER_0863,461,0.7900937281745537,2,1,0.09694654761460839,1,0,0,0,0,1
CUST_2083,OFFER_0073,345,0.6997930177548738,2,1,0.006645837194928558,1,0,0,0,0,0
CUST_0325,OFFER_0503,418,0.7469924159504313,3,1,0.05384523539048604,1,1,0,0,0,0
CUST_1435,OFFER_0005,252,0.6943098278148048,3,1,0.0011626472548595223,1,1,0,0,0,0
CUST_1421,OFFER_1180,303,0.6956654819436163,2,1,0.002518301383671054,1,0,0,0,0,0
CUST_1975,OFFER_1036,561,1.6703071489941912,2,1,0.9771599684342459,1,0,0,0,0,1
CUST_0804,OFFER_0049,554,1.5243850767027332,2,1,0.8312378961427878,1,0,0,0,0,1
CUST_0416,OFFER_0437,442,0.7556471805599453,2,1,0.0625,1,0,0,0,0,1
CUST_1139,OFFER_0005,262,0.6941237430599453,2,1,0.0009765624999999999,1,0,0,0,0,0
CUST_2619,OFFER_0633,288,1.1012833506463076,3,2,0.0026710619781979013,1,1,0,0,0,0
CUST_2022,OFFER_0167,572,2.9884938635104192,3,2,1.8898815748423097,1,1,0,0,0,1
CUST_0579,OFFER_0553,319,1.1038323983447131,3,2,0.00522010967660355,1,1,0,0,0,0
CUST_1503,OFFER_1247,102,0.69315929146885,1,1,1.2110908904786676e-05,0,0,1,0,0,0
CUST_1213,OFFER_0980,489,0.8782843745957659,2,1,0.1851371940358206,1,0,0,0,0,1
CUST_2027,OFFER_1120,316,0.6982480627667585,3,1,0.005100882206813228,1,1,0,0,0,0
CUST_1902,OFFER_0227,462,0.7923597463079577,2,1,0.09921256574801246,1,0,0,0,0,0
CUST_0976,OFFER_0073,411,0.7236834295735155,2,1,0.030536249013570178,1,0,0,0,0,0
CUST_1037,OFFER_1210,412,0.7087721805599453,1,1,0.015625000000000007,1,1,1,0,0,0
CUST_1737,OFFER_0251,585,3.2451486634125124,3,1,2.552001482852567,1,1,0,0,0,1
CUST_1737,OFFER_0992,585,3.2451486634125124,3,1,2.552001482852567,1,1,0,0,0,1
CUST_1475,OFFER_0071,202,0.6932692508724453,1,1,0.00012207031250000008,0,0,1,0,0,0
CUST_0599,OFFER_0433,576,2.075060060527721,2,1,1.381912879967776,1,0,0,0,0,1
CUST_0245,OFFER_0871,490,0.7878794659668452,1,1,0.09473228540689989,1,1,1,0,0,0
CUST_1555,OFFER_1102,573,1.9825174889995245,2,1,1.2893703084395791,1,0,0,0,0,1
CUST_0570,OFFER_0702,355,0.7057070258240424,3,1,0.012559845264097189,1,1,0,0,0,0
CUST_2786,OFFER_1140,306,0.6971957534504759,3,1,0.004048572890530595,1,1,0,0,0,0
CUST_2299,OFFER_0633,307,1.1013744245321195,3,2,0.0027621358640099515,1,1,0,0,0,0
CUST_1967,OFFER_1091,554,1.5243850767027332,2,1,0.8312378961427878,1,0,0,0,0,1
CUST_0088,OFFER_1235,560,2.12540958642557,3,1,1.4322624058656248,1,1,0,0,0,1
CUST_0846,OFFER_1180,271,0.694950614759181,3,1,0.0018034341992357174,1,1,0,0,0,0
CUST_0256,OFFER_0877,583,2.317651973272416,2,1,1.624504792712471,1,0,0,0,0,1
CUST_1228,OFFER_0219,586,3.3047988704483178,3,1,2.6116516898883724,1,1,0,0,0,1
CUST_0917,OFFER_0859,481,0.8470402322280599,2,1,0.15389305166811457,1,0,0,0,0,1
CUST_1482,OFFER_1247,25,0.6931492248055937,1,1,2.04424564845332e-06,0,0,1,0,0,0
CUST_2490,OFFER_0915,307,0.6945282484919503,1,1,0.0013810679320049757,1,1,1,0,0,0
CUST_0952,OFFER_0883,568,1.8418455355569803,2,1,1.148698354997035,1,0,0,0,0,1
CUST_2394,OFFER_1059,411,0.7389515540803006,3,1,0.04580437352035527,1,1,0,0,0,0
CUST_0212,OFFER_1289,500,1.0512127820263515,3,1,0.35806560146640615,1,1,0,0,0,1
CUST_1972,OFFER_0512,538,1.2674963580584628,2,1,0.5743491774985175,1,0,0,0,0,1
CUST_1487,OFFER_0084,537,1.254378204714632,2,1,0.5612310241546866,1,0,0,0,0,1
CUST_2255,OFFER_1190,561,1.6703071489941912,2,1,0.9771599684342459,1,0,0,0,0,1
CUST_1854,OFFER_0167,390,0.7401403460319029,5,1,0.046993165471957664,0,0,1,0,0,1
CUST_1859,OFFER_0698,448,0.8008376513409173,3,1,0.10769047078097205,1,1,0,0,0,1
CUST_2868,OFFER_0503,400,0.7168302519116703,2,1,0.02368307135172498,1,0,0,0,0,0
CUST_2312,OFFER_0206,85,0.6931553575425391,1,1,8.176982593813282e-06,0,0,1,0,0,0
CUST_2660,OFFER_1289,542,1.6380879679811002,3,1,0.9449407874211548,1,1,0,0,0,1
CUST_2360,OFFER_1257,464,0.9529090231045665,5,1,0.25976184254462126,0,0,1,0,0,1
CUST_0554,OFFER_1215,483,0.9349041133923663,3,1,0.24175693283242108,1,1,0,0,0,1
CUST_2223,OFFER_0863,505,0.9610905461940187,2,1,0.26794336563407334,1,0,0,0,0,1
CUST_1717,OFFER_1091,579,2.1742447328465095,2,1,1.4810975522865644,1,0,0,0,0,1
CUST_2044,OFFER_0529,334,0.7008786722246302,3,1,0.007731491664684929,1,1,0,0,0,0
CUST_2582,OFFER_0812,438,0.7786211638622781,3,1,0.08547398330233281,1,1,0,0,0,0
CUST_0853,OFFER_0503,394,0.7137644916657717,2,1,0.02061731110582648,1,0,0,0,0,0
CUST_1806,OFFER_0841,398,0.7157607623949512,2,1,0.02261358183500591,1,0,0,0,0,0
CUST_2362,OFFER_0112,478,0.8367344749345746,2,1,0.1435872943746294,1,0,0,0,0,1
CUST_2883,OFFER_0992,568,2.416194713055498,3,1,1.7230475324955528,1,1,0,0,0,1
CUST_2592,OFFER_0916,526,1.1284224622080075,2,1,0.4352752816480622,1,0,0,0,0,0
CUST_2402,OFFER_0710,425,0.7564448342865792,3,1,0.0632976537266339,1,1,0,0,0,0
CUST_2402,OFFER_1059,425,0.7564448342865792,3,1,0.0632976537266339,1,1,0,0,0,0
CUST_2255,OFFER_1224,561,1.6703071489941912,2,1,0.9771599684342459,1,0,0,0,0,1
CUST_1044,OFFER_1210,450,0.7683362453150776,2,1,0.07518906475513232,1,0,0,0,0,0
CUST_1799,OFFER_0651,311,0.6961767601729018,2,1,0.003029579612956515,1,0,0,0,0,0
CUST_1234,OFFER_0503,393,0.7132935916293137,2,1,0.02014641106936842,1,0,0,0,0,0
CUST_1394,OFFER_1090,349,0.7040811609295172,3,1,0.010933980369571964,1,1,0,0,0,0
CUST_2919,OFFER_0313,296,0.6963605349926444,3,1,0.0032133544326991012,1,1,0,0,0,0
CUST_2719,OFFER_0612,455,0.904139359648725,5,1,0.21099217908877974,0,0,1,0,0,1
CUST_2142,OFFER_0633,339,0.6989327178735647,2,1,0.005785537313619394,1,0,0,0,0,0
CUST_1569,OFFER_1323,485,0.861940923830969,2,1,0.16879374327102373,1,0,0,0,0,1
CUST_0450,OFFER_1106,519,1.0634215686315862,2,1,0.37027438807164104,1,0,0,0,0,1
CUST_1694,OFFER_0411,533,1.4606775995575267,3,1,0.7675304189975813,1,1,0,0,0,1
CUST_2429,OFFER_1171,326,0.6995738894253435,3,1,0.006426708865398204,1,1,0,0,0,0
CUST_1249,OFFER_1114,424,0.7343818027715983,2,1,0.041234622211652944,1,0,0,0,0,0
CUST_1031,OFFER_0386,477,0.8334549365986169,2,1,0.14030775603867163,1,0,0,0,0,0
CUST_0975,OFFER_1006,586,1.5636977438560695,1,1,0.8705505632961241,1,1,1,0,0,0
CUST_1848,OFFER_1180,287,0.6940171988393792,1,1,0.0008700182794339249,1,1,1,0,0,0
CUST_1890,OFFER_0664,526,1.1284224622080075,2,1,0.4352752816480622,1,0,0,0,0,1
CUST_1559,OFFER_0075,264,0.6946813028101708,3,1,0.0015341222502255278,1,1,0,0,0,0
CUST_1537,OFFER_0915,309,0.6960399492167549,2,1,0.002892768656809697,1,0,0,0,0,0
CUST_2495,OFFER_0553,321,0.6969642116866416,2,1,0.003817031126696275,1,0,0,0,0,0
CUST_2072,OFFER_0251,584,2.355622972845521,2,1,1.6624757922855755,1,0,0,0,0,1
CUST_2167,OFFER_0073,352,0.7009596805599453,2,1,0.007812500000000002,1,0,0,0,0,0
CUST_2112,OFFER_0595,374,0.7061352726871764,2,1,0.012988092127231059,1,0,0,0,0,0
CUST_0180,OFFER_0397,561,2.0757722571023556,2,2,0.9771599684342459,1,0,0,0,0,1
CUST_1717,OFFER_0411,579,2.1742447328465095,2,1,1.4810975522865644,1,0,0,0,0,1
CUST_2482,OFFER_0493,496,0.9107848213839763,2,1,0.21763764082403106,1,0,0,0,0,1
CUST_2255,OFFER_1325,561,1.6703071489941912,2,1,0.9771599684342459,1,0,0,0,0,1
CUST_2796,OFFER_0123,567,2.376840253024005,3,1,1.6836930724640595,0,1,0,0,0,1
CUST_0619,OFFER_0325,542,1.3231077055073819,2,1,0.6299605249474366,1,0,0,0,0,1
CUST_2986,OFFER_0556,75,0.693153670635331,1,1,6.4900753856724255e-06,0,0,1,0,0,0
CUST_2169,OFFER_0145,8,0.693148560783446,1,1,1.3802235006717457e-06,0,0,1,0,0,0
CUST_1124,OFFER_0710,416,0.7445608514831309,3,1,0.0514136709231856,1,1,0,0,0,0
CUST_2324,OFFER_0992,572,1.9530682304548184,2,1,1.2599210498948732,1,0,0,0,0,1
CUST_0688,OFFER_0942,293,0.6961453462591546,3,1,0.002998165699209303,1,1,0,0,0,0
CUST_2266,OFFER_0536,229,0.6936027630753441,2,1,0.0004555825153988317,1,0,0,0,0,0
CUST_0368,OFFER_0859,487,0.8699238758565822,2,1,0.1767766952966369,1,0,0,0,0,1
CUST_2623,OFFER_0129,516,1.2113645105478614,3,1,0.518217329987916,1,1,0,0,0,0
CUST_0088,OFFER_0167,560,1.6479887844703618,2,1,0.9548416039104166,1,0,0,0,0,1
CUST_2412,OFFER_0778,539,1.2809211337017496,2,1,0.5877739531418044,1,0,0,0,0,1
CUST_2475,OFFER_0411,575,2.7186720998122302,3,1,2.025524919252285,1,1,0,0,0,1
CUST_1839,OFFER_1323,503,1.076912390058736,3,1,0.38376520949879067,1,1,0,0,0,1
CUST_2680,OFFER_0922,453,0.773732824837419,2,1,0.0805856442774737,1,0,0,0,0,1
CUST_0868,OFFER_1059,392,0.7128334469645526,2,1,0.019686266404607394,1,0,0,0,0,0
CUST_0844,OFFER_0071,234,0.693914241685058,3,1,0.0007670611251127639,1,1,0,0,0,0
CUST_0801,OFFER_0227,371,0.7113246582376844,3,1,0.01817747767773909,1,1,0,0,0,0
CUST_1629,OFFER_0009,294,0.6951926768935793,2,1,0.002045496333634037,1,0,0,0,0,0
CUST_0359,OFFER_1092,514,1.023024158253169,2,1,0.32987697769322366,1,0,0,0,0,1
CUST_1915,OFFER_0184,316,0.6965477686978208,2,1,0.0034005881378754853,1,0,0,0,0,0
CUST_0135,OFFER_0290,437,0.7488283504437165,2,1,0.05568116988377121,1,0,0,0,0,1
CUST_2272,OFFER_0049,491,0.8870402757891621,2,1,0.1938930952292168,1,0,0,0,0,1
CUST_2990,OFFER_0251,581,2.24429194239368,2,1,1.5511447618337346,1,0,0,0,0,1
CUST_0577,OFFER_1224,555,1.5438143415108012,2,1,0.8506671609508558,1,0,0,0,0,1
CUST_2590,OFFER_0651,312,0.6977977695793833,3,1,0.004650589019438086,1,1,0,0,0,0
CUST_0131,OFFER_1180,238,0.6939885123629216,3,1,0.0008413318029763446,1,1,0,0,0,0
CUST_1022,OFFER_1171,378,0.7145156763855285,3,1,0.0213684958255832,1,1,0,0,0,0
CUST_0228,OFFER_1078,518,1.4604295980282043,5,2,0.3618173093600946,1,0,1,0,0,1
CUST_1325,OFFER_1171,367,0.7041957240159851,2,1,0.011048543456039808,1,0,0,0,0,0
CUST_1457,OFFER_0850,383,0.7171325061536197,3,1,0.023985325593674413,1,1,0,0,0,0
CUST_0503,OFFER_0503,423,1.1389051108068464,3,2,0.04029282213873684,1,1,0,0,0,0
CUST_1342,OFFER_0581,311,0.6961767601729018,2,1,0.003029579612956515,1,0,0,0,0,0
CUST_0805,OFFER_0110,499,1.0430345523862479,3,1,0.3498873718263027,1,1,0,0,0,1
CUST_0248,OFFER_1186,366,0.7039433749346935,2,1,0.010796194374748257,1,0,0,0,0,0
CUST_0999,OFFER_0665,441,0.7542196785870857,2,1,0.06107249802714039,1,0,0,0,0,0
CUST_2726,OFFER_0851,589,1.6261801720967526,1,1,0.9330329915368074,1,1,1,0,0,0
CUST_2044,OFFER_0850,334,0.7008786722246302,3,1,0.007731491664684929,1,1,0,0,0,0
CUST_2929,OFFER_0233,450,0.7683362453150776,2,1,0.07518906475513232,1,0,0,0,0,1
CUST_1282,OFFER_0665,408,0.7216385083273895,2,1,0.028491327767444268,1,0,0,0,0,0
CUST_0375,OFFER_0401,275,0.6938065311195977,1,1,0.0006593505596524369,1,1,1,0,0,0
CUST_2911,OFFER_0863,580,2.2088637470703434,2,1,1.5157165665103982,1,0,0,0,0,1
CUST_2255,OFFER_1002,554,1.5243850767027332,2,1,0.8312378961427878,1,0,0,0,0,1
CUST_1494,OFFER_0919,428,0.760987926064963,3,1,0.06784074550501773,1,1,0,0,0,0
CUST_2324,OFFER_0358,572,1.9530682304548184,2,1,1.2599210498948732,1,0,0,0,0,1
CUST_1399,OFFER_0233,469,0.8680908664730966,3,1,0.1749436859131514,1,1,0,0,0,1
CUST_2643,OFFER_0300,67,1.098617683464719,1,2,5.394796609394432e-06,0,0,1,0,0,0
CUST_1222,OFFER_1289,506,0.9673534254836018,2,1,0.27420624492365653,1,0,0,0,0,1
CUST_1147,OFFER_1120,317,0.6983672902365489,3,1,0.00522010967660355,1,1,0,0,0,0
CUST_0441,OFFER_0411,579,2.914793508989792,3,1,2.2216463284298467,0,1,0,0,0,1
CUST_0522,OFFER_0102,317,0.696627253677681,2,1,0.0034800731177357,1,0,0,0,0,0
CUST_0206,OFFER_1308,297,0.6953394892480496,2,1,0.0021923086881042446,1,0,0,0,0,0
CUST_1821,OFFER_0167,582,2.2805482325281448,2,1,1.5874010519681994,1,0,0,0,0,1
CUST_1332,OFFER_0505,518,1.0549644899200399,2,1,0.3618173093600946,1,0,0,0,0,1
CUST_0096,OFFER_1289,556,1.5636977438560695,2,1,0.8705505632961241,1,0,0,0,0,1
CUST_2351,OFFER_1059,398,0.7270675533124542,3,1,0.033920372752508865,1,1,0,0,0,0
CUST_2883,OFFER_0851,578,2.8640510367205128,3,1,2.1709038561605674,1,1,0,0,0,0
CUST_2802,OFFER_0411,575,2.0434971267281354,2,1,1.35034994616819,1,0,0,0,0,1
CUST_2713,OFFER_0411,545,1.7059096401860878,3,1,1.0127624596261424,1,1,0,0,0,1
CUST_0861,OFFER_1247,123,1.0986319628976695,1,2,1.9674229559930115e-05,0,0,1,0,0,0
CUST_0380,OFFER_1004,444,0.7586030632362345,2,1,0.06545588267628918,1,0,0,0,0,1
CUST_0264,OFFER_0529,272,0.6949927680353772,3,1,0.0018455874754319426,1,1,0,0,0,0
CUST_0487,OFFER_0937,253,0.6939403957907619,2,1,0.0007932152308166369,1,0,0,0,0,0
CUST_0893,OFFER_0153,519,1.0634215686315862,2,1,0.37027438807164104,1,0,0,0,0,1
CUST_1951,OFFER_0981,516,1.0386254005518893,2,1,0.34547821999194406,1,0,0,0,0,1
CUST_1713,OFFER_0788,441,0.7542196785870857,2,1,0.06107249802714039,1,0,0,0,0,1
CUST_2515,OFFER_1091,542,1.3231077055073819,2,1,0.6299605249474366,1,0,0,0,0,1
CUST_1839,OFFER_0923,490,0.882611751373745,2,1,0.18946457081379978,1,0,0,0,0,1
CUST_1088,OFFER_1154,416,1.1500259595912952,3,2,0.0514136709231856,1,1,0,0,0,0
CUST_1044,OFFER_0325,450,0.7683362453150776,2,1,0.07518906475513232,1,0,0,0,0,1
CUST_2753,OFFER_0767,466,0.8019660009719608,2,1,0.10881882041201553,1,0,0,0,0,0
CUST_0635,OFFER_0877,504,0.954970711265102,2,1,0.2618235307051567,1,0,0,0,0,1
CUST_1660,OFFER_1140,301,0.6955517594922596,2,1,0.0024045789323142897,1,0,0,0,0,0
CUST_1458,OFFER_0352,495,1.4176124740246805,3,2,0.3190001853565709,1,1,0,0,0,1
CUST_1951,OFFER_1262,516,1.0386254005518893,2,1,0.34547821999194406,1,0,0,0,0,1
CUST_0884,OFFER_1210,415,0.7266401012642044,2,1,0.033492920704259174,1,0,0,0,0,0
CUST_2919,OFFER_0922,537,1.9475253852745773,2,3,0.5612310241546866,1,0,0,0,0,1
CUST_2168,OFFER_0529,272,0.6949927680353772,3,1,0.0018455874754319426,1,1,0,0,0,0
CUST_2926,OFFER_1173,371,0.7113246582376844,3,1,0.01817747767773909,1,1,0,0,0,0
CUST_2321,OFFER_0290,433,0.7692958427183424,3,1,0.07614866215839708,1,1,0,0,0,1
CUST_0697,OFFER_0592,444,0.7586030632362345,2,1,0.06545588267628918,1,0,0,0,0,0
CUST_0419,OFFER_0420,567,1.8156092288693184,2,1,1.122462048309373,1,0,0,0,0,1
CUST_0736,OFFER_0167,502,0.9431471805599454,2,1,0.25000000000000006,1,0,0,0,0,1
CUST_1324,OFFER_0184,319,0.6967918406831359,2,1,0.0036446601231906544,1,0,0,0,0,0
CUST_1228,OFFER_1230,586,2.839713415260358,2,2,1.7411011265922482,1,0,0,0,0,1
CUST_2191,OFFER_1090,346,0.6999483568356962,2,1,0.006801176275750971,1,0,0,0,0,0
CUST_1529,OFFER_0275,299,0.6965911685666355,3,1,0.0034439880066902593,1,1,0,0,0,0
CUST_2673,OFFER_1323,468,0.8071124916297223,2,1,0.11396531106977709,1,0,0,0,0,1
CUST_2580,OFFER_0791,443,0.7571080488097437,2,1,0.06396086824979844,1,0,0,0,0,1
CUST_0984,OFFER_0411,556,1.9989730255041316,3,1,1.3058258449441862,0,1,0,0,0,1
CUST_0146,OFFER_1246,249,1.0996970769144132,3,2,0.001084788246303636,1,1,0,0,0,0
CUST_0083,OFFER_1215,586,2.4342483071521936,2,1,1.7411011265922482,1,0,0,0,0,1
CUST_2460,OFFER_1308,260,0.694079643063764,2,1,0.0009324625038187667,1,0,0,0,0,0
CUST_0637,OFFER_0313,245,0.6938065311195977,2,1,0.0006593505596524369,1,0,0,0,0,0
CUST_0756,OFFER_0665,424,0.7343818027715983,2,1,0.041234622211652944,1,0,0,0,0,0
CUST_2082,OFFER_1090,467,0.8601906902112589,3,1,0.16704350965131365,1,1,0,0,0,0
CUST_1140,OFFER_0073,451,0.731620443476974,1,1,0.038473262917028635,1,1,1,0,0,0
CUST_2223,OFFER_0167,505,0.9610905461940187,2,1,0.26794336563407334,1,0,0,0,0,1
CUST_0808,OFFER_1180,266,0.6942182987041783,2,1,0.0010711181442330337,1,0,0,0,0,0
CUST_1709,OFFER_0411,566,2.706262892128726,2,4,1.0968249796946261,1,0,0,0,0,1
CUST_0193,OFFER_0123,586,2.4342483071521936,2,1,1.7411011265922482,1,0,0,0,0,1
CUST_2164,OFFER_0313,294,0.6951926768935793,2,1,0.002045496333634037,1,0,0,0,0,0
CUST_2092,OFFER_0206,80,0.6931544654232563,1,1,7.284863311084117e-06,0,0,1,0,0,0
CUST_1872,OFFER_0005,268,0.694829844165898,3,1,0.0016826636059526895,1,1,0,0,0,0
CUST_0836,OFFER_0102,318,0.6984893045163411,3,1,0.0053421239563958035,1,1,0,0,0,0
CUST_1728,OFFER_0883,504,1.0858824766176802,3,1,0.39273529605773505,1,1,0,0,0,1
CUST_0359,OFFER_0587,514,1.023024158253169,2,1,0.32987697769322366,1,0,0,0,0,1
CUST_2736,OFFER_1125,552,1.486847706544045,2,1,0.7937005259840997,1,0,0,0,0,1
CUST_1087,OFFER_0056,483,0.9349041133923663,3,1,0.24175693283242108,1,1,0,0,0,1
CUST_2347,OFFER_0591,293,0.6961453462591546,3,1,0.002998165699209303,1,1,0,0,0,0
CUST_2450,OFFER_0788,447,0.7633010585792811,2,1,0.0701538780193358,1,0,0,0,0,1
CUST_0259,OFFER_0201,238,0.6939885123629216,3,1,0.0008413318029763446,1,1,0,0,0,0
CUST_0096,OFFER_0433,567,1.8156092288693184,2,1,1.122462048309373,1,0,0,0,0,1
CUST_1694,OFFER_0282,533,1.4606775995575267,3,1,0.7675304189975813,1,1,0,0,0,1
CUST_0952,OFFER_0132,568,1.8418455355569803,2,1,1.148698354997035,1,0,0,0,0,1
CUST_1273,OFFER_0219,522,1.0899974435519952,2,1,0.3968502629920499,1,0,0,0,0,1
CUST_1362,OFFER_0217,398,0.7157607623949512,2,1,0.02261358183500591,1,0,0,0,0,0
CUST_1085,OFFER_0503,424,0.7549991138774247,3,1,0.061851933317479416,1,1,0,0,0,0
CUST_0972,OFFER_0850,430,0.7641963946151202,3,1,0.07104921405517493,1,1,0,0,0,0
CUST_2703,OFFER_1247,127,0.6931687597463828,1,1,2.1579186437577736e-05,0,0,1,0,0,0
CUST_2589,OFFER_1319,555,1.5438143415108012,2,1,0.8506671609508558,1,0,0,0,0,1
CUST_0320,OFFER_0841,434,0.7450995490688695,2,1,0.05195236850892424,1,0,0,0,0,0
CUST_0616,OFFER_0908,428,0.760987926064963,3,1,0.06784074550501773,1,1,0,0,0,0
CUST_1955,OFFER_0698,573,3.9165729516588934,5,1,3.223425771098948,1,1,1,0,0,1
CUST_0756,OFFER_1210,424,0.7549991138774247,3,1,0.061851933317479416,1,1,0,0,0,0
CUST_2851,OFFER_0901,428,0.7383743442299571,2,1,0.04522716367001182,1,0,0,0,0,0
CUST_0450,OFFER_0860,519,1.0634215686315862,2,1,0.37027438807164104,1,0,0,0,0,1
CUST_0782,OFFER_1237,211,0.6932974667432149,1,1,0.00015028618326964332,0,0,1,0,0,0
CUST_0096,OFFER_1251,567,1.8156092288693184,2,1,1.122462048309373,1,0,0,0,0,1
CUST_1257,OFFER_0592,454,0.7756164249832512,2,1,0.0824692444233059,1,0,0,0,0,0
CUST_1857,OFFER_0352,464,0.7970519175777938,2,1,0.1039047370178485,1,0,0,0,0,1
CUST_0303,OFFER_0382,420,0.7119444467487284,1,1,0.018797266188783076,1,1,1,0,0,0
CUST_0847,OFFER_0005,269,0.6942951765621753,2,1,0.0011479960022300862,1,0,0,0,0,0
CUST_2777,OFFER_0073,418,0.7290440041536026,2,1,0.03589682359365736,1,0,0,0,0,0
CUST_1916,OFFER_0411,572,1.9530682304548184,2,1,1.2599210498948732,1,0,0,0,0,1
CUST_1737,OFFER_0863,585,3.2451486634125124,3,1,2.552001482852567,1,1,0,0,0,1
CUST_2592,OFFER_0705,531,1.1817271647770682,2,1,0.48857998421712295,1,0,0,0,0,1
CUST_1636,OFFER_0871,257,0.6940171988393792,2,1,0.0008700182794339247,1,0,0,0,0,0
CUST_1659,OFFER_1308,294,1.1016805331685606,3,2,0.0030682445004510555,1,1,0,0,0,0
CUST_1332,OFFER_0409,518,1.0549644899200399,2,1,0.3618173093600946,1,0,0,0,0,1
CUST_0093,OFFER_0841,424,0.7549991138774247,3,1,0.061851933317479416,1,1,0,0,0,0
CUST_0260,OFFER_0525,498,0.9210778026994995,2,1,0.2279306221395542,1,0,0,0,0,1
CUST_0386,OFFER_0197,575,2.7186720998122302,3,1,2.025524919252285,1,1,0,0,0,1
CUST_1945,OFFER_0556,51,0.6931509081294049,1,1,3.7275694596643313e-06,0,0,1,0,0,0
CUST_1088,OFFER_0425,505,0.9610905461940187,2,1,0.26794336563407334,1,0,0,0,0,0
CUST_2807,OFFER_0411,490,0.882611751373745,2,1,0.18946457081379978,1,0,0,0,0,1
CUST_2596,OFFER_1140,339,1.1072905946385387,3,2,0.00867830597042909,1,1,0,0,0,0
CUST_2094,OFFER_1241,586,2.4342483071521936,2,1,1.7411011265922482,1,0,0,0,0,1
CUST_0126,OFFER_1247,35,0.693149756148069,1,1,2.57558812364233e-06,0,0,1,0,0,0
CUST_0708,OFFER_1247,119,0.6931651179974802,1,1,1.7937437534845104e-05,0,0,1,0,0,0
CUST_2753,OFFER_0217,278,0.6945605294246332,2,1,0.00141334886468787,1,0,0,0,0,0
CUST_1446,OFFER_0129,523,1.099273378738063,2,1,0.4061261981781178,1,0,0,0,0,0
CUST_0412,OFFER_0702,251,0.694283272914804,3,1,0.0011360923548586928,1,1,0,0,0,0
CUST_0440,OFFER_1243,5,0.6931484683540071,1,1,1.2877940618211647e-06,0,0,1,0,0,0
CUST_1942,OFFER_0827,59,0.693151664919329,1,1,4.4843593837112836e-06,0,0,1,0,0,0
CUST_2082,OFFER_1006,467,0.7488283504437165,1,1,0.05568116988377122,1,1,1,0,0,0
CUST_2888,OFFER_1180,417,0.7282241195696132,2,1,0.0350769390096679,1,0,0,0,0,0
CUST_0725,OFFER_0529,288,0.6958182425381432,3,1,0.0026710619781979013,1,1,0,0,0,0
CUST_2283,OFFER_0123,569,2.4564690399853584,3,1,1.763321859425413,1,1,0,0,0,1
CUST_2100,OFFER_0871,535,1.229033911828092,2,1,0.5358867312681466,1,0,0,0,0,0
CUST_2964,OFFER_0682,455,0.7775440521954572,2,1,0.08439687163551189,1,0,0,0,0,1
CUST_1222,OFFER_0877,495,0.9058139707976592,2,1,0.21266679023771393,1,0,0,0,0,1
CUST_0304,OFFER_1241,581,2.24429194239368,2,1,1.5511447618337346,1,0,0,0,0,1
CUST_1806,OFFER_0710,398,0.7270675533124542,3,1,0.033920372752508865,1,1,0,0,0,0
CUST_0693,OFFER_0503,440,0.7528247808043463,2,1,0.059677600244401045,1,0,0,0,0,0
CUST_1250,OFFER_0206,79,0.6931542990367484,1,1,7.1184768031067545e-06,0,0,1,0,0,0
CUST_0571,OFFER_0824,580,2.2088637470703434,2,1,1.5157165665103982,1,0,0,0,0,1
CUST_0035,OFFER_0411,569,1.868695086843554,2,1,1.1755479062836087,1,0,0,0,0,1
CUST_0497,OFFER_0859,488,0.9645101625800162,3,1,0.2713629820200709,1,1,0,0,0,1
CUST_2298,OFFER_0710,425,0.7564448342865792,3,1,0.0632976537266339,1,1,0,0,0,0
CUST_1636,OFFER_1171,257,0.6944522079790961,3,1,0.001305027419150887,1,1,0,0,0,0
CUST_0893,OFFER_0368,519,1.0634215686315862,2,1,0.37027438807164104,1,0,0,0,0,1
CUST_1910,OFFER_1186,350,0.7006068805904954,2,1,0.007459700030550128,1,0,0,0,0,0
CUST_2465,OFFER_1210,447,0.7633010585792811,2,1,0.0701538780193358,1,0,0,0,0,0
CUST_1356,OFFER_0788,451,0.7700937063940025,2,1,0.07694652583405727,1,0,0,0,0,1
CUST_2994,OFFER_0852,120,0.6931655372652078,1,1,1.83567052624835e-05,0,0,1,0,0,0
CUST_2610,OFFER_1059,407,0.7349080579727737,3,1,0.04176087741282841,1,1,0,0,0,0
CUST_2870,OFFER_1289,566,1.7899721602545715,2,1,1.0968249796946261,1,0,0,0,0,1
CUST_2870,OFFER_1235,566,1.7899721602545715,2,1,1.0968249796946261,1,0,0,0,0,1
CUST_1684,OFFER_0871,383,0.7091373976223949,2,1,0.01599021706244961,1,0,0,0,0,0
CUST_0894,OFFER_0411,539,1.5748081102726519,3,1,0.8816609297127065,1,1,0,0,0,1
CUST_0278,OFFER_0841,433,0.7692958427183424,3,1,0.07614866215839708,1,1,0,0,0,0
CUST_0674,OFFER_0981,512,1.1656175742705226,3,1,0.47247039371057736,1,1,0,0,0,1
CUST_1789,OFFER_0005,248,0.6942071922084612,3,1,0.0010600116485159025,1,1,0,0,0,0
CUST_0854,OFFER_0863,544,1.3529011359463925,2,1,0.6597539553864472,1,0,0,0,0,1
CUST_2667,OFFER_0916,475,0.8941047047855003,3,1,0.20095752422555502,1,1,0,0,0,0
CUST_1964,OFFER_1210,450,0.7683362453150776,2,1,0.07518906475513232,1,0,0,0,0,0
CUST_2919,OFFER_0824,580,2.2088637470703434,2,1,1.5157165665103982,1,0,0,0,0,1
CUST_1569,OFFER_0456,485,0.9463377954664809,3,1,0.2531906149065356,1,1,0,0,0,1
CUST_0685,OFFER_0992,564,1.740441303380572,2,1,1.0472941228206267,1,0,0,0,0,1
CUST_2584,OFFER_1180,296,0.6942182987041783,1,1,0.0010711181442330337,1,1,1,0,0,0
CUST_1140,OFFER_0665,451,0.8085669693110312,3,1,0.11541978875108591,1,1,0,0,0,0
CUST_1964,OFFER_0915,306,1.1026608615586402,3,2,0.004048572890530595,1,1,0,0,0,0
CUST_1664,OFFER_0411,588,2.516592157676379,2,1,1.8234449771164336,1,0,0,0,0,1
CUST_1717,OFFER_1289,579,2.1742447328465095,2,1,1.4810975522865644,1,0,0,0,0,1
CUST_1796,OFFER_0827,60,0.6931517697362609,1,1,4.589176315620874e-06,0,0,1,0,0,0
CUST_2482,OFFER_0025,496,0.9107848213839763,2,1,0.21763764082403106,1,0,0,0,0,1
CUST_2489,OFFER_0401,311,0.6961767601729018,2,1,0.003029579612956515,1,0,0,0,0,0
CUST_0382,OFFER_0005,269,0.6948691745632904,3,1,0.0017219940033451294,1,1,0,0,0,0
CUST_0880,OFFER_0167,505,0.9610905461940187,2,1,0.26794336563407334,1,0,0,0,0,1
CUST_1745,OFFER_0739,581,2.24429194239368,2,1,1.5511447618337346,1,0,0,0,0,1
CUST_0217,OFFER_0676,563,2.2282080185551076,3,1,1.5350608379951622,1,1,0,0,0,0
CUST_0835,OFFER_0581,265,0.6936705074459494,1,1,0.0005233268860040498,1,1,1,0,0,0
CUST_1162,OFFER_0282,522,1.0899974435519952,2,1,0.3968502629920499,1,0,0,0,0,1
CUST_2801,OFFER_1090,467,0.8601906902112589,3,1,0.16704350965131365,1,1,0,0,0,0
CUST_0092,OFFER_0525,537,1.254378204714632,2,1,0.5612310241546866,1,0,0,0,0,1
CUST_0285,OFFER_0271,412,0.7400221805599453,3,1,0.04687500000000002,1,1,0,0,0,0
CUST_0839,OFFER_1180,498,1.6142249832594449,2,3,0.2279306221395542,1,1,1,0,0,0
CUST_2944,OFFER_0181,275,0.6951252322389025,3,1,0.0019780516789573107,1,1,0,0,0,0
CUST_1737,OFFER_0167,585,3.2451486634125124,3,1,2.552001482852567,1,1,0,0,0,1
CUST_1524,OFFER_0005,247,0.6938377145259478,2,1,0.0006905339660024883,1,0,0,0,0,0
CUST_1300,OFFER_0382,416,1.1500259595912952,3,2,0.0514136709231856,1,1,0,0,0,0
CUST_1500,OFFER_0928,270,0.6943220096967442,2,1,0.0011748291367989422,1,0,0,0,0,0
CUST_1063,OFFER_0868,515,1.0307346671019928,2,1,0.33758748654204745,1,0,0,0,0,1
CUST_1608,OFFER_0005,260,0.6945458743156734,3,1,0.00139869375572815,1,1,0,0,0,0
CUST_2821,OFFER_0788,557,2.0294952577704546,3,1,1.3363480772105092,1,1,0,0,0,1
CUST_0461,OFFER_0901,436,0.7747612958689569,3,1,0.08161411530901168,1,1,0,0,0,0
CUST_1889,OFFER_0690,309,1.1029514416533241,3,2,0.004339152985214545,1,1,0,0,0,0
CUST_1927,OFFER_0181,299,0.6965911685666355,3,1,0.0034439880066902593,1,1,0,0,0,0
CUST_2011,OFFER_1036,448,0.8726312985282321,5,1,0.17948411796828673,0,0,1,0,0,1
CUST_0493,OFFER_0437,529,1.159663676328349,2,1,0.4665164957684037,1,0,0,0,0,1
CUST_0596,OFFER_0992,564,2.1459064114887365,2,2,1.0472941228206267,1,0,0,0,0,1
CUST_0047,OFFER_0877,441,0.7847559276006559,3,1,0.09160874704071059,1,1,0,0,0,1
CUST_2362,OFFER_0915,315,0.6981315584561417,3,1,0.004984377896196417,1,1,0,0,0,0
CUST_2888,OFFER_0788,552,1.486847706544045,2,1,0.7937005259840997,1,0,0,0,0,1
CUST_0933,OFFER_0085,496,0.9107848213839763,2,1,0.21763764082403106,1,0,0,0,0,1
CUST_0424,OFFER_0503,414,0.7258751218980899,2,1,0.032727941338144606,1,0,0,0,0,0
CUST_0224,OFFER_0358,580,2.2088637470703434,2,1,1.5157165665103982,1,0,0,0,0,1
CUST_0688,OFFER_1154,434,0.7710757333233317,3,1,0.07792855276338637,1,1,0,0,0,0
CUST_1961,OFFER_0812,316,0.6965477686978208,2,1,0.0034005881378754853,1,0,0,0,0,0
CUST_1709,OFFER_0123,566,1.7899721602545715,2,1,1.0968249796946261,1,0,0,0,0,1
CUST_2899,OFFER_0511,564,2.2640883647908856,3,1,1.5709411842309402,1,1,0,0,0,1
CUST_1794,OFFER_0382,415,0.7098936409120749,1,1,0.016746460352129587,1,1,1,0,0,0
CUST_0853,OFFER_1308,302,0.6968383555108092,3,1,0.003691174950863885,1,1,0,0,0,0
CUST_2731,OFFER_0411,553,1.9115257750942987,3,1,1.2183785945343533,1,1,0,0,0,1
CUST_0896,OFFER_1224,559,1.6261801720967528,2,1,0.9330329915368075,1,0,0,0,0,1
CUST_1332,OFFER_0049,518,1.0549644899200399,2,1,0.3618173093600946,1,0,0,0,0,1
CUST_0228,OFFER_0319,518,1.0549644899200399,2,1,0.3618173093600946,1,0,0,0,0,1
CUST_0565,OFFER_0992,563,1.71652107255672,2,1,1.0233738919967748,1,0,0,0,0,1
CUST_1973,OFFER_0129,518,1.0549644899200399,2,1,0.3618173093600946,1,0,0,0,0,0
CUST_2750,OFFER_0282,576,2.075060060527721,2,1,1.381912879967776,1,0,0,0,0,1
CUST_1088,OFFER_0411,523,1.3023364778271218,3,1,0.6091892972671766,1,1,0,0,0,1
CUST_1996,OFFER_1180,465,0.7463138781193738,1,1,0.0531666975594285,1,1,1,0,0,0
CUST_1088,OFFER_1210,425,1.1408107244858654,2,2,0.04219843581775594,1,1,1,0,0,0
CUST_0330,OFFER_0592,519,1.0634215686315862,2,1,0.37027438807164104,1,0,0,0,0,0
CUST_0762,OFFER_0123,570,2.49768473468312,3,1,1.804537554123175,1,1,0,0,0,1
CUST_2461,OFFER_1140,294,0.6962154250603964,3,1,0.0030682445004510555,1,1,0,0,0,0
CUST_0736,OFFER_0197,576,2.075060060527721,2,1,1.381912879967776,1,0,0,0,0,1
CUST_0994,OFFER_0181,240,0.6937345951283448,2,1,0.0005874145683994711,1,0,0,0,0,0
CUST_0208,OFFER_0483,329,0.6977391645688656,2,1,0.004591984008920346,1,0,0,0,0,0
CUST_0949,OFFER_0258,568,1.8418455355569803,2,1,1.148698354997035,1,0,0,0,0,1
CUST_1057,OFFER_0005,264,0.6941699287267623,2,1,0.0010227481668170185,1,0,0,0,0,0
CUST_2165,OFFER_0477,450,0.7683362453150776,2,1,0.07518906475513232,1,0,0,0,0,1
CUST_2423,OFFER_1171,234,0.6936585546433538,2,1,0.0005113740834085093,1,0,0,0,0,0
CUST_1654,OFFER_0411,494,0.9009566545956422,2,1,0.2078094740356969,1,0,0,0,0,1
CUST_2943,OFFER_0816,491,1.2713513986640816,2,2,0.172739109995972,1,1,1,0,0,0
CUST_2606,OFFER_0769,578,2.1404164180003233,2,1,1.4472692374403782,1,0,0,0,0,1
CUST_1967,OFFER_1319,554,1.9400040247741268,3,1,1.2468568442141816,1,1,0,0,0,1
CUST_0088,OFFER_1125,560,1.6479887844703618,2,1,0.9548416039104166,1,0,0,0,0,1
CUST_0135,OFFER_1142,437,0.7488283504437165,2,1,0.05568116988377121,1,0,0,0,0,1
CUST_2772,OFFER_0863,571,1.9242915939048615,2,1,1.2311444133449163,1,0,0,0,0,1
CUST_1892,OFFER_0141,528,1.3769390469786078,3,1,0.6837918664186626,1,1,0,0,0,1
CUST_1196,OFFER_0102,329,0.7000351565733258,3,1,0.0068879760133805186,1,1,0,0,0,0
CUST_1145,OFFER_1319,588,3.428314646234596,3,1,2.7351674656746505,1,1,0,0,0,1
CUST_2322,OFFER_0752,506,1.10445654794543,3,1,0.4113093673854848,1,1,0,0,0,0
CUST_0874,OFFER_0702,317,0.696627253677681,2,1,0.0034800731177357,1,0,0,0,0,0
CUST_0301,OFFER_1308,339,0.6960399492167549,1,1,0.002892768656809697,1,1,1,0,0,0
CUST_0493,OFFER_0282,529,1.159663676328349,2,1,0.4665164957684037,1,0,0,0,0,1
CUST_2430,OFFER_1308,65,0.6931523317361926,1,1,5.15117624728466e-06,0,0,1,0,0,0
CUST_1828,OFFER_0871,459,0.7857157775778556,2,1,0.0925685970179103,1,0,0,0,0,0
CUST_1729,OFFER_0871,406,0.7203518856629492,2,1,0.027204705103003865,1,0,0,0,0,0
CUST_2188,OFFER_0762,505,1.3630055946451285,5,1,0.6698584140851833,0,0,1,0,0,1
CUST_0602,OFFER_0559,269,0.6942951765621753,2,1,0.0011479960022300862,1,0,0,0,0,0
CUST_2825,OFFER_0071,236,0.6939505191681201,3,1,0.000803338608174776,1,1,0,0,0,0
CUST_1676,OFFER_0553,317,0.6983672902365489,3,1,0.00522010967660355,1,1,0,0,0,0
CUST_1611,OFFER_1308,269,0.6942951765621753,2,1,0.0011479960022300862,1,0,0,0,0,0
CUST_1366,OFFER_0529,290,0.6959445680714016,3,1,0.0027973875114563,1,1,0,0,0,0
CUST_0412,OFFER_0201,251,0.694283272914804,3,1,0.0011360923548586928,1,1,0,0,0,0
CUST_2370,OFFER_1180,381,0.7084153050667303,2,1,0.015268124506785101,1,0,0,0,0,0
CUST_0620,OFFER_1090,424,0.7549991138774247,3,1,0.061851933317479416,1,1,0,0,0,0
CUST_0859,OFFER_0005,248,0.6942071922084612,3,1,0.0010600116485159025,1,1,0,0,0,0
CUST_1586,OFFER_0863,569,2.274160194951718,2,2,1.1755479062836087,1,0,0,0,0,1
CUST_0914,OFFER_0129,523,1.3023364778271218,3,1,0.6091892972671766,1,1,0,0,0,0
CUST_1332,OFFER_0877,518,1.0549644899200399,2,1,0.3618173093600946,1,0,0,0,0,1
CUST_2584,OFFER_0529,297,1.101900751700266,3,2,0.003288463032156367,1,1,0,0,0,0
CUST_1761,OFFER_1091,503,0.948990653559139,2,1,0.2558434729991938,1,0,0,0,0,1
CUST_1761,OFFER_1055,503,0.948990653559139,2,1,0.2558434729991938,1,0,0,0,0,1
CUST_2974,OFFER_0160,437,0.7488283504437165,2,1,0.05568116988377121,1,0,0,0,0,1
CUST_2785,OFFER_0005,259,0.6945139281061418,3,1,0.0013667475461964951,1,1,0,0,0,0
CUST_0697,OFFER_0227,395,0.7142463984688232,2,1,0.02109921790887797,1,0,0,0,0,0
CUST_1778,OFFER_0425,517,1.0467005711532191,2,1,0.3535533905932738,1,0,0,0,0,0
CUST_0021,OFFER_0313,332,1.1035338552692615,2,2,0.0049215666011518475,1,0,0,0,0,0
CUST_0154,OFFER_0942,299,0.6965911685666355,3,1,0.0034439880066902593,1,1,0,0,0,0
CUST_0972,OFFER_0382,430,0.7405133232633953,2,1,0.04736614270344996,1,0,0,0,0,0
CUST_1454,OFFER_0073,272,0.6943775722102332,2,1,0.0012303916502879617,1,0,0,0,0,0
CUST_0255,OFFER_1169,35,0.6931600585005635,5,1,1.2877940618211649e-05,0,0,0,0,1,0
CUST_1552,OFFER_0005,259,0.6945139281061418,3,1,0.0013667475461964951,1,1,0,0,0,0
CUST_0406,OFFER_1006,571,2.53986380057732,3,1,1.8467166200173746,1,1,0,0,0,0
CUST_2298,OFFER_1289,444,0.7586030632362345,2,1,0.06545588267628918,1,0,0,0,0,1
CUST_1326,OFFER_0325,492,0.9907848778039827,3,1,0.29763769724403744,1,1,0,0,0,1
CUST_1346,OFFER_1180,337,0.6986714522879652,2,1,0.005524271728019903,1,0,0,0,0,0
CUST_2362,OFFER_0053,478,0.9085281221218894,3,1,0.2153809415619441,1,1,0,0,0,1
CUST_1176,OFFER_0698,486,0.8658862905559173,2,1,0.172739109995972,1,0,0,0,0,1
CUST_1332,OFFER_0566,518,1.0549644899200399,2,1,0.3618173093600946,1,0,0,0,0,1
CUST_0076,OFFER_0352,455,0.7775440521954572,2,1,0.08439687163551189,1,0,0,0,0,1
CUST_0228,OFFER_0129,518,1.0549644899200399,2,1,0.3618173093600946,1,0,0,0,0,0
CUST_0291,OFFER_0919,429,0.7625736283233779,3,1,0.06942644776343271,1,1,0,0,0,0
CUST_2187,OFFER_1247,115,0.6931635345251329,1,1,1.6353965187626563e-05,0,0,1,0,0,0
CUST_2161,OFFER_1204,518,1.0549644899200399,2,1,0.3618173093600946,1,0,0,0,0,1
CUST_2255,OFFER_0511,561,2.0757722571023556,2,2,0.9771599684342459,1,0,0,0,0,1
CUST_0224,OFFER_0121,567,1.8156092288693184,2,1,1.122462048309373,1,0,0,0,0,1
CUST_1583,OFFER_1090,362,0.702990313762249,2,1,0.009843133202303695,1,0,0,0,0,0
CUST_0289,OFFER_1180,375,0.7130846921447309,3,1,0.019937511584785673,1,1,0,0,0,0
CUST_2048,OFFER_1131,307,0.6959093164239553,2,1,0.0027621358640099515,1,0,0,0,0,0
CUST_0220,OFFER_0167,507,0.9737626926372887,2,1,0.2806155120773433,1,0,0,0,0,1
CUST_1857,OFFER_1059,365,0.7089715939916038,3,1,0.015824413431658475,1,1,0,0,0,0
CUST_2529,OFFER_0553,321,1.1043378353581539,3,2,0.005725546690044412,1,1,0,0,0,0
CUST_0331,OFFER_1120,329,0.7000351565733258,3,1,0.0068879760133805186,1,1,0,0,0,0
CUST_1049,OFFER_1180,516,1.6168296186560256,3,2,0.518217329987916,1,1,0,0,0,0
CUST_0893,OFFER_0044,519,1.0634215686315862,2,1,0.37027438807164104,1,0,0,0,0,1
CUST_0893,OFFER_0265,519,1.0634215686315862,2,1,0.37027438807164104,1,0,0,0,0,1
CUST_0092,OFFER_0340,537,1.5349937167919752,3,1,0.84184653623203,1,1,0,0,0,1
CUST_0243,OFFER_0503,413,0.7411178317472941,3,1,0.04797065118734883,1,1,0,0,0,0
CUST_2159,OFFER_0592,516,1.0386254005518893,2,1,0.34547821999194406,1,0,0,0,0,0
CUST_1324,OFFER_1120,319,0.6967918406831359,2,1,0.0036446601231906544,1,0,0,0,0,0
CUST_2416,OFFER_0071,181,0.6932223236515801,1,1,7.514309163482166e-05,0,0,1,0,0,0
CUST_0914,OFFER_0592,523,1.3023364778271218,3,1,0.6091892972671766,1,1,0,0,0,0
CUST_1973,OFFER_1180,518,1.0549644899200399,2,1,0.3618173093600946,1,0,0,0,0,0
CUST_0096,OFFER_0411,567,2.2210743369774826,2,2,1.122462048309373,1,0,0,0,0,1
CUST_2247,OFFER_1180,307,0.6972903843559602,3,1,0.004143203796014927,1,1,0,0,0,0
CUST_0212,OFFER_0266,500,0.9318575815375494,2,1,0.2387104009776041,1,0,0,0,0,1
CUST_1717,OFFER_0493,579,2.1742447328465095,2,1,1.4810975522865644,1,0,0,0,0,1
CUST_1428,OFFER_1237,268,1.0991731765367605,1,2,0.0005608878686508965,0,0,1,0,0,0
CUST_2470,OFFER_0592,449,0.7666189247026709,2,1,0.07347174414272556,1,0,0,0,0,0
CUST_0087,OFFER_0411,552,1.486847706544045,2,1,0.7937005259840997,1,0,0,0,0,1
CUST_2725,OFFER_0651,309,0.6960399492167549,2,1,0.002892768656809697,1,0,0,0,0,0
CUST_2845,OFFER_0553,322,0.6970534305599453,2,1,0.00390625,1,0,0,0,0,0
CUST_2557,OFFER_0859,488,0.8740558352399925,2,1,0.1809086546800473,1,0,0,0,0,1
CUST_1069,OFFER_0812,461,0.7900937281745537,2,1,0.09694654761460839,1,0,0,0,0,0
CUST_0092,OFFER_1170,537,1.254378204714632,2,1,0.5612310241546866,1,0,0,0,0,1
CUST_0621,OFFER_0710,431,1.171322199379066,3,2,0.07270991071095632,1,1,0,0,0,0
CUST_2990,OFFER_1102,581,2.24429194239368,2,1,1.5511447618337346,1,0,0,0,0,1
CUST_0148,OFFER_0071,180,0.6932206073809952,1,1,7.342682104993401e-05,0,0,1,0,0,0
CUST_1078,OFFER_1171,304,0.6970129263922877,3,1,0.0038657458323424643,1,1,0,0,0,0
CUST_0096,OFFER_0709,556,1.9989730255041316,3,1,1.3058258449441862,1,1,0,0,0,1
CUST_0090,OFFER_0073,400,0.7286717875875327,3,1,0.03552460702758747,1,1,0,0,0,0
CUST_0894,OFFER_0325,539,1.5748081102726519,3,1,0.8816609297127065,1,1,0,0,0,1
CUST_0975,OFFER_0031,586,3.3047988704483178,3,1,2.6116516898883724,1,1,0,0,0,0
CUST_2592,OFFER_0592,526,1.1284224622080075,2,1,0.4352752816480622,1,0,0,0,0,0
CUST_0500,OFFER_1289,518,1.0549644899200399,2,1,0.3618173093600946,1,0,0,0,0,1
CUST_2091,OFFER_0788,573,2.3879825971076887,3,2,1.2893703084395791,1,1,0,0,0,1
CUST_2461,OFFER_0529,326,1.1028967612450418,3,2,0.004284472576932136,1,1,0,0,0,0
CUST_0186,OFFER_0592,461,0.7900937281745537,2,1,0.09694654761460839,1,0,0,0,0,0
CUST_2462,OFFER_0071,211,0.6932974667432149,1,1,0.00015028618326964332,0,0,1,0,0,0
CUST_1919,OFFER_0592,533,0.948990653559139,1,1,0.2558434729991938,0,0,1,0,0,0
CUST_2048,OFFER_1090,307,0.6959093164239553,2,1,0.0027621358640099515,1,0,0,0,0,0
CUST_0458,OFFER_0081,474,0.8240589459125237,2,1,0.1309117653525784,1,0,0,0,0,1
CUST_0640,OFFER_0240,509,0.9870341571308475,2,1,0.29388697657090224,1,0,0,0,0,1
CUST_2592,OFFER_0877,531,1.1817271647770682,2,1,0.48857998421712295,1,0,0,0,0,1
CUST_2594,OFFER_1090,462,0.7923597463079577,2,1,0.09921256574801246,1,0,0,0,0,0
CUST_1365,OFFER_0686,469,0.8680908664730966,3,1,0.1749436859131514,1,1,0,0,0,0
CUST_0570,OFFER_1308,355,0.7057070258240424,3,1,0.012559845264097189,1,1,0,0,0,0
CUST_0458,OFFER_0397,474,0.8240589459125237,2,1,0.1309117653525784,1,0,0,0,0,1
CUST_1857,OFFER_0850,365,0.7036967895143843,2,1,0.010549608954438983,1,0,0,0,0,0
CUST_2561,OFFER_0356,210,0.6932940342020452,1,1,0.00014685364209986775,0,0,1,0,0,0
CUST_2280,OFFER_0690,308,0.6973872271540089,3,1,0.004240046594063611,1,1,0,0,0,0
CUST_1018,OFFER_0871,452,0.7718922461783748,2,1,0.07874506561842959,1,0,0,0,0,0
CUST_2943,OFFER_0859,491,1.2925053838973264,2,2,0.1938930952292168,1,0,0,0,0,1
CUST_0904,OFFER_0268,460,0.8352456086702952,3,1,0.1420984281103499,1,1,0,0,0,1
CUST_1465,OFFER_0411,530,1.1705679825151536,2,1,0.47742080195520825,1,0,0,0,0,1
CUST_2511,OFFER_1006,467,0.8601906902112589,3,1,0.16704350965131365,1,1,0,0,0,0
CUST_0652,OFFER_1323,530,2.29216429355613,5,2,1.1935520048880206,0,0,1,0,0,1
CUST_2196,OFFER_0593,585,3.2451486634125124,3,1,2.552001482852567,1,1,0,0,0,1
CUST_0153,OFFER_0071,240,0.6937345951283448,2,1,0.0005874145683994711,1,0,0,0,0,0
CUST_0217,OFFER_0282,552,1.8836979695360947,3,1,1.1905507889761495,0,1,0,0,0,1
CUST_2732,OFFER_1215,517,1.0467005711532191,2,1,0.3535533905932738,1,0,0,0,0,1
CUST_0058,OFFER_0005,259,0.694058345590743,2,1,0.0009111650307976634,1,0,0,0,0,0
CUST_1858,OFFER_0841,424,0.7343818027715983,2,1,0.041234622211652944,1,0,0,0,0,0
CUST_1332,OFFER_0981,518,1.0549644899200399,2,1,0.3618173093600946,1,0,0,0,0,1
CUST_2584,OFFER_1140,297,1.101900751700266,3,2,0.003288463032156367,1,1,0,0,0,0
CUST_0752,OFFER_1090,302,0.6968383555108092,3,1,0.003691174950863885,1,1,0,0,0,0
CUST_2493,OFFER_0592,456,0.7795167355579313,2,1,0.086369554997986,1,0,0,0,0,0
CUST_2796,OFFER_0167,567,2.376840253024005,3,1,1.6836930724640595,0,1,0,0,0,1
CUST_2400,OFFER_0005,265,0.6947171612179575,3,1,0.0015699806580121494,1,1,0,0,0,0
CUST_0697,OFFER_0503,424,1.160464221985589,3,2,0.061851933317479416,1,1,0,0,0,0
CUST_0614,OFFER_0592,444,0.7586030632362345,2,1,0.06545588267628918,1,0,0,0,0,0
CUST_2529,OFFER_0184,319,0.6967918406831359,2,1,0.0036446601231906544,1,0,0,0,0,0
CUST_1649,OFFER_1180,299,0.6954431725644055,2,1,0.002295992004460173,1,0,0,0,0,0
CUST_1745,OFFER_0788,581,3.0198643233105473,3,1,2.326717142750602,1,1,0,0,0,1
CUST_2941,OFFER_0411,461,0.7900937281745537,2,1,0.09694654761460839,1,0,0,0,0,1
CUST_1411,OFFER_1059,269,0.6948691745632904,3,1,0.0017219940033451294,1,1,0,0,0,0
CUST_0412,OFFER_0005,251,0.694283272914804,3,1,0.0011360923548586928,1,1,0,0,0,0
CUST_1011,OFFER_1237,257,0.6940171988393792,2,1,0.0008700182794339247,1,0,0,0,0,0
CUST_2689,OFFER_1090,379,0.7077258210527079,2,1,0.01457864049276262,1,0,0,0,0,0
CUST_2465,OFFER_0525,447,0.798377997588949,3,1,0.10523081702900369,1,1,0,0,0,1
CUST_1771,OFFER_1308,146,0.6931806530019525,1,1,3.3472442007282325e-05,0,0,1,0,0,0
CUST_2573,OFFER_0877,454,0.7756164249832512,2,1,0.0824692444233059,1,0,0,0,0,1
CUST_1245,OFFER_1171,426,0.7363319580589383,2,1,0.043184777498993014,1,0,0,0,0,0
CUST_1265,OFFER_1120,327,0.6975317979361538,2,1,0.00438461737620849,1,0,0,0,0,0
CUST_1099,OFFER_0556,42,0.6931502082871714,1,1,3.027727226196668e-06,0,0,1,0,0,0
CUST_2568,OFFER_0752,523,1.3023364778271218,3,1,0.6091892972671766,1,1,0,0,0,0
CUST_2161,OFFER_0947,518,1.0549644899200399,2,1,0.3618173093600946,1,0,0,0,0,1
CUST_2351,OFFER_0304,296,0.6952894168484114,2,1,0.0021422362884660675,1,0,0,0,0,0
CUST_0757,OFFER_0877,523,1.099273378738063,2,1,0.4061261981781178,1,0,0,0,0,1
CUST_1529,OFFER_0942,299,0.6954431725644055,2,1,0.002295992004460173,1,0,0,0,0,0
CUST_2250,OFFER_0871,296,0.6952894168484114,2,1,0.0021422362884660675,1,0,0,0,0,0
CUST_2366,OFFER_1308,298,0.6953907320345488,2,1,0.002243551474603586,1,0,0,0,0,0
CUST_2394,OFFER_0850,411,0.7389515540803006,3,1,0.04580437352035527,1,1,0,0,0,0
CUST_1664,OFFER_1102,588,2.516592157676379,2,1,1.8234449771164336,1,0,0,0,0,1
CUST_1326,OFFER_1210,413,0.7091373976223949,1,1,0.01599021706244961,1,1,1,0,0,0
CUST_0452,OFFER_0690,313,1.1033715800530093,3,2,0.004759291384899822,1,1,0,0,0,0
CUST_2255,OFFER_0022,561,1.6703071489941912,2,1,0.9771599684342459,1,0,0,0,0,1
CUST_1546,OFFER_0005,240,0.6940283024125445,3,1,0.0008811218525992066,1,1,0,0,0,0
CUST_1497,OFFER_0919,434,0.7710757333233317,3,1,0.07792855276338637,1,1,0,0,0,0
CUST_2357,OFFER_1090,352,0.7009596805599453,2,1,0.007812500000000002,1,0,0,0,0,0
CUST_1644,OFFER_0528,513,1.01548975766984,2,1,0.32234257710989483,1,0,0,0,0,1
CUST_0735,OFFER_1289,532,2.136294361119891,3,3,0.75,1,1,0,0,0,1
CUST_1687,OFFER_1246,235,0.6936705074459494,2,1,0.0005233268860040493,1,0,0,0,0,0
CUST_1273,OFFER_0102,314,0.698017715107657,3,1,0.004870534547711646,1,1,0,0,0,0
CUST_1425,OFFER_0401,292,0.6951003055599453,2,1,0.001953125,1,0,0,0,0,0
CUST_1972,OFFER_0282,538,1.5546709468077218,3,1,0.8615237662477764,1,1,0,0,0,1
CUST_0282,OFFER_0871,487,1.187000636316428,3,2,0.08838834764831845,1,1,1,0,0,0
CUST_0640,OFFER_1257,509,0.9870341571308475,2,1,0.29388697657090224,1,0,0,0,0,1
CUST_0136,OFFER_0005,241,0.6940488976595631,3,1,0.0009017170996178585,1,1,0,0,0,0
CUST_2296,OFFER_0871,367,0.7041957240159851,2,1,0.011048543456039808,1,0,0,0,0,0
CUST_1040,OFFER_0553,322,0.6990065555599453,3,1,0.005859375,1,1,0,0,0,0
CUST_2242,OFFER_0877,531,1.4260171568856297,3,1,0.7328699763256844,1,1,0,0,0,1
CUST_0226,OFFER_0123,580,2.2088637470703434,2,1,1.5157165665103982,1,0,0,0,0,1
CUST_1887,OFFER_1128,443,0.8530493511844414,5,1,0.15990217062449608,0,0,1,0,0,1
CUST_2373,OFFER_0702,237,0.6936952577319714,2,1,0.0005480771720260616,1,0,0,0,0,0
CUST_1904,OFFER_0307,533,1.2048341265583329,2,1,0.5116869459983876,1,0,0,0,0,1
CUST_1836,OFFER_0592,493,1.3139932302300537,3,2,0.2153809415619441,1,1,0,0,0,0
CUST_2002,OFFER_1247,131,0.6931708491506715,1,1,2.366859072622276e-05,0,0,1,0,0,0
CUST_0574,OFFER_1161,484,0.940554913829863,3,1,0.24740773326991772,1,1,0,0,0,0
CUST_1688,OFFER_0841,420,0.7307417129375114,2,1,0.03759453237756615,1,0,0,0,0,0
CUST_1397,OFFER_1319,570,2.49768473468312,3,1,1.804537554123175,1,1,0,0,0,1
CUST_0616,OFFER_0871,428,0.7383743442299571,2,1,0.04522716367001182,1,0,0,0,0,0
CUST_1793,OFFER_0703,429,0.7162893298144228,1,1,0.02314214925447757,0,0,1,0,0,0
CUST_1967,OFFER_0818,475,0.8271188633769819,2,1,0.13397168281703667,1,0,0,0,0,1
CUST_1342,OFFER_0690,310,0.6975877564383938,3,1,0.0044405758784484325,1,1,0,0,0,0
CUST_2854,OFFER_0592,465,0.7994805756788023,2,1,0.106333395118857,1,0,0,0,0,0
CUST_1930,OFFER_0859,488,0.9645101625800162,3,1,0.2713629820200709,1,1,0,0,0,1
CUST_0893,OFFER_0917,519,1.0634215686315862,2,1,0.37027438807164104,1,0,0,0,0,1
CUST_2966,OFFER_1308,258,0.6940375345526779,2,1,0.0008903539927326338,1,0,0,0,0,0
CUST_2878,OFFER_0698,450,0.8059307776926438,3,1,0.11278359713269848,1,1,0,0,0,1
CUST_2456,OFFER_0411,552,1.486847706544045,2,1,0.7937005259840997,1,0,0,0,0,1
CUST_1483,OFFER_0181,242,0.6937623763850893,2,1,0.0006151958251439807,1,0,0,0,0,0
CUST_1667,OFFER_0281,462,0.7923597463079577,2,1,0.09921256574801246,1,0,0,0,0,1
CUST_0418,OFFER_1090,358,1.1111721339322067,3,2,0.012559845264097189,1,1,1,0,0,0
CUST_0007,OFFER_0676,567,2.376840253024005,3,1,1.6836930724640595,1,1,0,0,0,0
CUST_0893,OFFER_0587,519,1.0634215686315862,2,1,0.37027438807164104,1,0,0,0,0,1
CUST_0662,OFFER_0788,450,0.8059307776926438,3,1,0.11278359713269848,1,1,0,0,0,1
CUST_1038,OFFER_0210,461,0.9355135495964663,5,1,0.24236636903652098,0,0,1,0,0,1
CUST_1225,OFFER_0272,339,0.6989327178735647,2,1,0.005785537313619394,1,0,0,0,0,0
CUST_1752,OFFER_0592,468,0.8071124916297223,2,1,0.11396531106977709,1,0,0,0,0,0
CUST_2242,OFFER_0788,531,1.4260171568856297,3,1,0.7328699763256844,1,1,0,0,0,1
CUST_0190,OFFER_0411,528,1.1490084248390537,2,1,0.45586124427910846,1,0,0,0,0,1
CUST_0376,OFFER_1241,580,2.2088637470703434,2,1,1.5157165665103982,1,0,0,0,0,1
CUST_2947,OFFER_0592,539,1.2809211337017496,2,1,0.5877739531418044,1,0,0,0,0,0
CUST_1757,OFFER_0167,553,1.5053995769161808,2,1,0.8122523963562356,1,0,0,0,0,1
CUST_1830,OFFER_1140,326,0.6974316531368774,2,1,0.004284472576932136,1,0,0,0,0,0
CUST_2100,OFFER_0851,574,1.3529011359463925,1,1,0.6597539553864471,1,1,1,0,0,0
CUST_0893,OFFER_1262,519,1.0634215686315862,2,1,0.37027438807164104,1,0,0,0,0,1
CUST_1088,OFFER_0901,427,0.7373413543841045,2,1,0.044194173824159216,1,0,0,0,0,0
CUST_1405,OFFER_0005,265,0.6941938343319534,2,1,0.0010466537720080996,1,0,0,0,0,0
CUST_2943,OFFER_1215,587,3.168091797400569,3,3,1.7817974362806785,1,1,0,0,0,1
CUST_1206,OFFER_0071,209,0.6932906800602241,1,1,0.00014349950027876088,0,0,1,0,0,0
CUST_0959,OFFER_0710,412,0.7400221805599453,3,1,0.04687500000000002,1,1,0,0,0,0
CUST_0777,OFFER_0181,275,0.6944658816792502,2,1,0.0013187011193048737,1,0,0,0,0,0
CUST_2049,OFFER_1090,376,0.7067495331114473,2,1,0.013602352551501943,1,0,0,0,0,0
CUST_0759,OFFER_0503,408,1.141349280319276,3,2,0.0427369916511664,1,1,0,0,0,0
CUST_0640,OFFER_1289,509,1.1339776454162986,3,1,0.44083046485635335,1,1,0,0,0,1
CUST_0640,OFFER_0307,509,0.9870341571308475,2,1,0.29388697657090224,1,0,0,0,0,1
CUST_2676,OFFER_1210,431,0.7658570912709016,3,1,0.07270991071095632,1,1,0,0,0,0
CUST_1283,OFFER_0919,436,0.7747612958689569,3,1,0.08161411530901168,1,1,0,0,0,0
CUST_0330,OFFER_1059,387,0.7106856500647792,2,1,0.017538469504833964,1,0,0,0,0,0
CUST_1498,OFFER_1171,423,0.7132935916293137,1,1,0.02014641106936842,1,1,1,0,0,0
CUST_2834,OFFER_0529,293,0.6951459576927514,2,1,0.001998777132806202,1,0,0,0,0,0
CUST_1699,OFFER_0877,464,0.7970519175777938,2,1,0.1039047370178485,1,0,0,0,0,1
CUST_2183,OFFER_0686,524,1.108766128631339,2,1,0.4156189480713939,1,0,0,0,0,0
CUST_0512,OFFER_0049,522,1.0899974435519952,2,1,0.3968502629920499,1,0,0,0,0,1
CUST_2083,OFFER_0401,345,0.6997930177548738,2,1,0.006645837194928558,1,0,0,0,0,0
CUST_1747,OFFER_0433,581,2.24429194239368,2,1,1.5511447618337346,1,0,0,0,0,1
CUST_0580,OFFER_0411,531,1.1817271647770682,2,1,0.48857998421712295,1,0,0,0,0,1
CUST_2167,OFFER_0303,562,2.1931471805599454,3,1,1.5,1,1,0,0,0,1
CUST_0813,OFFER_1120,319,1.1040792788528955,3,2,0.005466990184785981,1,1,0,0,0,0
CUST_1377,OFFER_1140,273,0.6950359065976985,3,1,0.0018887260377532904,1,1,0,0,0,0
CUST_0557,OFFER_1090,478,0.8367344749345746,2,1,0.1435872943746294,1,0,0,0,0,0
CUST_2621,OFFER_0313,319,1.1022569487913003,3,2,0.0036446601231906544,1,1,0,0,0,0
CUST_2632,OFFER_1120,319,0.6986141707447313,3,1,0.005466990184785981,1,1,0,0,0,0
CUST_2437,OFFER_0916,536,1.2415596704072582,2,1,0.548412489847313,1,0,0,0,0,0
CUST_1643,OFFER_1180,378,0.7145156763855285,3,1,0.0213684958255832,1,1,0,0,0,0
CUST_1282,OFFER_0710,434,0.7450995490688695,2,1,0.05195236850892424,1,0,0,0,0,0
CUST_0519,OFFER_0698,519,1.2485587626674068,3,1,0.5554115821074616,1,1,0,0,0,1
CUST_2546,OFFER_0850,326,0.6995738894253435,3,1,0.006426708865398204,1,1,0,0,0,0
CUST_0712,OFFER_0877,497,0.9158718600950302,2,1,0.2227246795350849,1,0,0,0,0,1
CUST_1484,OFFER_0129,523,1.3023364778271218,3,1,0.6091892972671766,1,1,0,0,0,0
CUST_2423,OFFER_0006,246,0.6941593237825779,3,1,0.0010121432226326485,1,1,0,0,0,0
CUST_1016,OFFER_0992,589,2.55921316363356,2,1,1.8660659830736148,1,0,0,0,0,1
CUST_2997,OFFER_1140,320,0.6968770305752203,2,1,0.003729850015275064,1,0,0,0,0,0
CUST_0230,OFFER_0871,286,0.6948474746288831,2,1,0.0017002940689377424,1,0,0,0,0,0
CUST_2472,OFFER_0877,588,2.516592157676379,2,1,1.8234449771164336,1,0,0,0,0,1
CUST_2210,OFFER_0850,407,0.7349080579727737,3,1,0.04176087741282841,1,1,0,0,0,0
CUST_0745,OFFER_0665,439,0.7514617425309957,2,1,0.05831456197105046,1,0,0,0,0,0
CUST_0448,OFFER_0411,580,2.2088637470703434,2,1,1.5157165665103982,1,0,0,0,0,1
CUST_0306,OFFER_0719,571,2.53986380057732,3,1,1.8467166200173746,1,1,0,0,0,1
CUST_1678,OFFER_1308,357,0.7019164153123623,2,1,0.00876923475241698,1,0,0,0,0,0
CUST_0573,OFFER_0778,442,0.7556471805599453,2,1,0.0625,1,0,0,0,0,1
CUST_1220,OFFER_0251,587,2.4749446168406237,2,1,1.7817974362806785,1,0,0,0,0,1
CUST_1572,OFFER_0871,343,0.6994929024064784,2,1,0.006345721846533097,1,0,0,0,0,0
CUST_0034,OFFER_0503,407,0.7209877655018309,2,1,0.027840584941885606,1,0,0,0,0,0
CUST_1150,OFFER_0217,291,0.6950556961232934,2,1,0.0019085155633481372,1,0,0,0,0,0
CUST_0104,OFFER_0073,329,0.6977391645688656,2,1,0.004591984008920346,1,0,0,0,0,0
CUST_2807,OFFER_0352,455,0.7775440521954572,2,1,0.08439687163551189,1,0,0,0,0,1
CUST_2047,OFFER_0529,313,0.6979064719448451,3,1,0.004759291384899822,1,1,0,0,0,0
CUST_2094,OFFER_0824,586,2.4342483071521936,2,1,1.7411011265922482,1,0,0,0,0,1
CUST_0640,OFFER_0411,509,0.9870341571308475,2,1,0.29388697657090224,1,0,0,0,0,1
CUST_0685,OFFER_0352,534,1.4786177726754155,3,1,0.7854705921154701,1,1,0,0,0,1
CUST_2145,OFFER_0863,555,1.5438143415108012,2,1,0.8506671609508558,1,0,0,0,0,1
CUST_2801,OFFER_0191,467,0.8601906902112589,3,1,0.16704350965131365,1,1,0,0,0,1
CUST_2196,OFFER_1090,585,1.543814341510801,1,1,0.8506671609508557,1,1,1,0,0,0
CUST_2475,OFFER_0251,575,2.0434971267281354,2,1,1.35034994616819,1,0,0,0,0,1
CUST_0979,OFFER_0411,520,1.2615408930013445,3,1,0.5683937124413992,1,1,0,0,0,1
CUST_0076,OFFER_0872,484,0.8580856694065571,2,1,0.1649384888466118,1,0,0,0,0,1
CUST_2620,OFFER_0878,516,1.0386254005518893,2,1,0.34547821999194406,1,0,0,0,0,1
CUST_1217,OFFER_0167,530,1.4092783834927576,3,1,0.7161312029328124,1,1,0,0,0,1
CUST_0425,OFFER_1090,435,0.7197305293396595,1,1,0.026583348779714248,1,1,1,0,0,0
CUST_0308,OFFER_0411,567,1.8156092288693184,2,1,1.122462048309373,1,0,0,0,0,1
CUST_1662,OFFER_1223,160,0.6931934365586792,1,1,4.6255998733837856e-05,0,0,1,0,0,0
CUST_1016,OFFER_1215,589,2.55921316363356,2,1,1.8660659830736148,1,0,0,0,0,1
CUST_0180,OFFER_0340,502,1.0681471805599454,3,1,0.3750000000000001,1,1,0,0,0,1
CUST_0640,OFFER_0469,509,1.1339776454162986,3,1,0.44083046485635335,1,1,0,0,0,1
CUST_0377,OFFER_0503,413,0.7411178317472941,3,1,0.04797065118734883,1,1,0,0,0,0
CUST_0593,OFFER_0595,370,0.6990679483978766,1,1,0.005920767837931244,1,1,1,0,0,0
CUST_2145,OFFER_0411,555,1.5438143415108012,2,1,0.8506671609508558,1,0,0,0,0,1
CUST_2943,OFFER_0818,491,0.8870402757891621,2,1,0.1938930952292168,1,0,0,0,0,1
CUST_1667,OFFER_0382,430,0.7405133232633953,2,1,0.04736614270344996,1,0,0,0,0,0
CUST_2364,OFFER_0307,528,1.3769390469786078,3,1,0.6837918664186626,1,1,0,0,0,1
CUST_1379,OFFER_0852,125,0.6931677852649344,1,1,2.060470498913868e-05,0,0,1,0,0,0
CUST_2437,OFFER_0888,528,1.1490084248390537,2,1,0.45586124427910846,1,0,0,0,0,1
CUST_0037,OFFER_0282,524,1.108766128631339,2,1,0.4156189480713939,1,0,0,0,0,1
CUST_1816,OFFER_0890,439,0.8389335854875715,5,1,0.14578640492762615,0,0,1,0,0,1
CUST_2804,OFFER_0233,517,1.0467005711532191,2,1,0.3535533905932738,1,0,0,0,0,1
CUST_2249,OFFER_1186,335,0.7010593872757745,3,1,0.007912206715829238,1,1,0,0,0,0
CUST_1872,OFFER_0503,406,0.733954238214451,3,1,0.0408070576545058,1,1,0,0,0,0
CUST_2149,OFFER_0915,318,0.6949278885454105,1,1,0.0017807079854652678,1,1,1,0,0,0
CUST_0941,OFFER_0877,509,1.1339776454162986,3,1,0.44083046485635335,1,1,0,0,0,1
CUST_1432,OFFER_1308,315,0.6981315584561417,3,1,0.004984377896196417,1,1,0,0,0,0
CUST_0416,OFFER_0188,501,1.0595821687227875,3,1,0.36643498816284226,1,1,0,0,0,1
CUST_0975,OFFER_0382,421,0.7123838120184596,1,1,0.019236631458514324,1,1,1,0,0,0
CUST_0797,OFFER_1090,369,0.7047182551871841,2,1,0.01157107462723879,1,0,0,0,0,0
CUST_1418,OFFER_0503,422,0.7325197133691601,2,1,0.03937253280921481,1,0,0,0,0,0
CUST_0380,OFFER_1070,444,0.7586030632362345,2,1,0.06545588267628918,1,0,0,0,0,1
CUST_0458,OFFER_0326,474,0.8240589459125237,2,1,0.1309117653525784,1,0,0,0,0,1
CUST_1334,OFFER_0982,451,0.8085669693110312,3,1,0.11541978875108591,1,1,0,0,0,1
CUST_2676,OFFER_1154,431,0.7658570912709016,3,1,0.07270991071095632,1,1,0,0,0,0
CUST_2833,OFFER_0353,474,1.0204265939413912,5,1,0.327279413381446,0,0,1,0,0,1
CUST_0814,OFFER_0275,276,0.6951714670052106,3,1,0.0020242864452652974,1,1,0,0,0,0
CUST_1645,OFFER_0356,243,0.6937767559058631,2,1,0.0006295753459177628,1,0,0,0,0,0
CUST_0092,OFFER_0650,537,1.254378204714632,2,1,0.5612310241546866,1,0,0,0,0,1
CUST_1964,OFFER_1120,320,0.6987419555828579,3,1,0.005594775022912596,1,1,0,0,0,0
CUST_2708,OFFER_0558,80,0.6931544654232563,1,1,7.284863311084117e-06,0,0,1,0,0,0
CUST_0450,OFFER_0411,558,1.604869669118162,2,1,0.9117224885582168,1,0,0,0,0,1
CUST_1647,OFFER_0181,259,0.6945139281061418,3,1,0.0013667475461964951,1,1,0,0,0,0
CUST_0141,OFFER_1186,369,0.7047182551871841,2,1,0.01157107462723879,1,0,0,0,0,0
CUST_0205,OFFER_1237,258,0.6940375345526779,2,1,0.0008903539927326338,1,0,0,0,0,0
CUST_2953,OFFER_1059,399,0.7162893298144228,2,1,0.023142149254477582,1,0,0,0,0,0
CUST_1593,OFFER_1180,378,0.7073928444436675,2,1,0.014245663883722132,1,0,0,0,0,0
CUST_0682,OFFER_0592,481,0.7700937063940025,1,1,0.07694652583405728,1,1,1,0,0,0
CUST_2943,OFFER_0908,403,0.7185300679460777,2,1,0.02538288738613237,1,0,0,0,0,0
CUST_0771,OFFER_0850,396,0.72553576368419,3,1,0.032388583124244745,1,1,0,0,0,0
CUST_2718,OFFER_0690,308,0.695973878289321,2,1,0.0028266977293757403,1,0,0,0,0,0
CUST_0945,OFFER_0998,518,1.2358731446000872,3,1,0.5427259640401418,0,1,0,0,0,1
CUST_1812,OFFER_1120,317,0.696627253677681,2,1,0.0034800731177357,1,0,0,0,0,0
CUST_2961,OFFER_1091,443,0.7571080488097437,2,1,0.06396086824979844,1,0,0,0,0,1
CUST_2460,OFFER_0503,408,0.7358841722111117,3,1,0.0427369916511664,1,1,0,0,0,0
CUST_2375,OFFER_1308,306,0.6958462291536324,2,1,0.0026990485936870634,1,0,0,0,0,0
CUST_2459,OFFER_1180,402,0.7179503219969484,2,1,0.024803141437003132,1,0,0,0,0,0
CUST_0105,OFFER_1308,238,0.6937080684285962,2,1,0.0005608878686508964,1,0,0,0,0,0
CUST_0893,OFFER_0801,519,1.0634215686315862,2,1,0.37027438807164104,1,0,0,0,0,1
CUST_1915,OFFER_0553,316,0.6965477686978208,2,1,0.0034005881378754853,1,0,0,0,0,0
CUST_0596,OFFER_0167,551,1.4687195614768127,2,1,0.7755723809168673,1,0,0,0,0,1
CUST_0003,OFFER_0005,269,0.6948691745632904,3,1,0.0017219940033451294,1,1,0,0,0,0
CUST_0357,OFFER_0071,243,0.6937767559058631,2,1,0.0006295753459177628,1,0,0,0,0,0
CUST_0763,OFFER_0005,248,0.6938538549922892,2,1,0.000706674432343935,1,0,0,0,0,0
CUST_0653,OFFER_0386,494,0.9009566545956422,2,1,0.2078094740356969,1,0,0,0,0,0
CUST_0264,OFFER_0073,519,1.2485587626674068,3,1,0.5554115821074616,1,1,0,0,0,0
CUST_0215,OFFER_1235,567,1.8156092288693184,2,1,1.122462048309373,1,0,0,0,0,1
CUST_0468,OFFER_1180,364,0.7086101638893152,3,1,0.015462983329369859,1,1,0,0,0,0
CUST_1375,OFFER_1120,319,0.6967918406831359,2,1,0.0036446601231906544,1,0,0,0,0,0
CUST_2104,OFFER_0937,232,1.0992956624412078,3,2,0.0006833737730982476,1,1,0,0,0,0
CUST_0891,OFFER_0529,323,0.6971447348255577,2,1,0.003997554265612405,1,0,0,0,0,0
CUST_2855,OFFER_0878,538,1.2674963580584628,2,1,0.5743491774985175,1,0,0,0,0,1
CUST_2238,OFFER_0217,297,0.6964356435921016,3,1,0.003288463032156367,1,1,0,0,0,0
CUST_0895,OFFER_0665,483,0.8543184691148926,2,1,0.1611712885549474,1,0,0,0,0,0
CUST_1018,OFFER_0102,315,0.6981315584561417,3,1,0.004984377896196417,1,1,0,0,0,0
CUST_2980,OFFER_0073,439,0.7223044615454706,1,1,0.02915728098552523,1,1,1,0,0,0
CUST_1465,OFFER_0129,530,1.4092783834927576,3,1,0.7161312029328124,1,1,0,0,0,0
CUST_1626,OFFER_1289,540,1.2946596986010037,2,1,0.6015125180410584,1,0,0,0,0,1
CUST_0092,OFFER_0022,537,1.254378204714632,2,1,0.5612310241546866,1,0,0,0,0,1
CUST_1296,OFFER_1289,563,1.71652107255672,2,1,1.0233738919967748,1,0,0,0,0,1
CUST_1980,OFFER_1091,553,1.5053995769161808,2,1,0.8122523963562356,1,0,0,0,0,1
CUST_0065,OFFER_0401,308,0.695973878289321,2,1,0.0028266977293757403,1,0,0,0,0,0
CUST_0416,OFFER_0982,501,1.0595821687227875,3,1,0.36643498816284226,1,1,0,0,0,1
CUST_0179,OFFER_1140,306,0.6971957534504759,3,1,0.004048572890530595,1,1,0,0,0,0
CUST_0655,OFFER_1070,536,1.5157659153309146,3,1,0.8226187347709695,1,1,0,0,0,1
CUST_1920,OFFER_0998,518,1.2358731446000872,3,1,0.5427259640401418,0,1,0,0,0,1
CUST_2994,OFFER_1249,125,0.6931677852649344,1,1,2.060470498913868e-05,0,0,1,0,0,0
CUST_2218,OFFER_0420,535,1.229033911828092,2,1,0.5358867312681466,1,0,0,0,0,1
CUST_0416,OFFER_0039,501,0.9374371726685068,2,1,0.2442899921085615,1,0,0,0,0,1
CUST_2631,OFFER_1186,322,0.6970534305599453,2,1,0.00390625,1,0,0,0,0,0
CUST_2629,OFFER_0227,442,0.7556471805599453,2,1,0.0625,1,0,0,0,0,0
CUST_2604,OFFER_0592,453,0.773732824837419,2,1,0.0805856442774737,1,0,0,0,0,0
CUST_1762,OFFER_0282,489,0.8782843745957659,2,1,0.1851371940358206,1,0,0,0,0,1
CUST_0070,OFFER_0288,199,0.693261076188795,1,1,0.00011389562884970791,0,0,1,0,0,0
CUST_1343,OFFER_0059,513,1.01548975766984,2,1,0.32234257710989483,1,0,0,0,0,0
CUST_1806,OFFER_0503,400,1.134136895695697,3,2,0.03552460702758747,1,1,0,0,0,0
CUST_2245,OFFER_1090,502,0.8181471805599453,1,1,0.12500000000000003,1,1,1,0,0,0
CUST_2017,OFFER_0908,364,0.6983015083364019,1,1,0.00515432777645662,1,1,1,0,0,0
CUST_1008,OFFER_0595,332,0.6980687471610971,2,1,0.0049215666011518475,1,0,0,0,0,0
CUST_0691,OFFER_1173,371,0.7052654990117714,2,1,0.012118318451826062,1,0,0,0,0,0
CUST_1980,OFFER_0863,553,1.5053995769161808,2,1,0.8122523963562356,1,0,0,0,0,1
CUST_0458,OFFER_1323,470,1.2776450894013127,3,2,0.17903280073320307,1,1,0,0,0,1
CUST_2386,OFFER_1140,304,0.6970129263922877,3,1,0.0038657458323424643,1,1,0,0,0,0
CUST_1423,OFFER_0769,586,3.3047988704483178,3,1,2.6116516898883724,1,1,0,0,0,1
CUST_2550,OFFER_0922,496,0.9107848213839763,2,1,0.21763764082403106,1,0,0,0,0,1
CUST_2116,OFFER_0123,572,1.9530682304548184,2,1,1.2599210498948732,1,0,0,0,0,1
CUST_0416,OFFER_0244,501,1.0595821687227875,3,1,0.36643498816284226,1,1,0,0,0,1
CUST_0543,OFFER_0665,302,0.6943775722102332,1,1,0.0012303916502879617,0,0,1,0,0,0
CUST_2245,OFFER_0227,502,0.9431471805599454,2,1,0.25000000000000006,1,0,0,0,0,0
CUST_2621,OFFER_1308,319,0.6967918406831359,2,1,0.0036446601231906544,1,0,0,0,0,0
CUST_0655,OFFER_0528,536,1.2415596704072582,2,1,0.548412489847313,1,0,0,0,0,1
CUST_0414,OFFER_0160,431,0.7658570912709016,3,1,0.07270991071095632,1,1,0,0,0,1
CUST_2795,OFFER_0167,511,1.0009332838961744,2,1,0.30778610333622913,1,0,0,0,0,1
CUST_2932,OFFER_0841,434,0.7450995490688695,2,1,0.05195236850892424,1,0,0,0,0,0
CUST_0493,OFFER_1224,574,2.0126550913328396,2,1,1.3195079107728942,1,0,0,0,0,1
CUST_2082,OFFER_0420,564,2.2640883647908856,3,1,1.5709411842309402,1,1,0,0,0,1
CUST_2926,OFFER_1091,453,0.773732824837419,2,1,0.0805856442774737,1,0,0,0,0,1
CUST_1998,OFFER_0690,309,0.6974863335451599,3,1,0.004339152985214545,1,1,0,0,0,0
CUST_0098,OFFER_0642,547,1.4002539617464929,2,1,0.7071067811865476,1,0,0,0,0,1
CUST_0815,OFFER_0304,279,0.6945935648883501,2,1,0.0014463843284048482,1,0,0,0,0,0
CUST_0588,OFFER_0719,521,1.2748264662475959,3,1,0.5816792856876506,1,1,0,0,0,1
CUST_0573,OFFER_0908,442,0.7556471805599453,2,1,0.0625,1,0,0,0,0,0
CUST_0484,OFFER_1289,547,1.7538073523397668,3,1,1.0606601717798214,1,1,0,0,0,1
CUST_2621,OFFER_0812,319,0.6986141707447313,3,1,0.005466990184785981,1,1,0,0,0,0
CUST_2082,OFFER_0433,564,2.6695534728990498,3,2,1.5709411842309402,1,1,0,0,0,1
CUST_0416,OFFER_0650,501,0.9374371726685068,2,1,0.2442899921085615,1,0,0,0,0,1
CUST_1780,OFFER_0251,576,2.7660165005116095,3,1,2.072869319951664,0,1,0,0,0,1
CUST_1765,OFFER_0368,518,1.2358731446000872,3,1,0.5427259640401418,1,1,0,0,0,1
CUST_0707,OFFER_0493,453,0.773732824837419,2,1,0.0805856442774737,1,0,0,0,0,1
CUST_2082,OFFER_0271,558,2.0607309133972707,3,1,1.3675837328373253,1,1,0,0,0,0
CUST_2678,OFFER_1224,528,1.1490084248390537,2,1,0.45586124427910846,1,0,0,0,0,1
CUST_0176,OFFER_0425,550,1.4510054638151444,2,1,0.757858283255199,1,0,0,0,0,0
CUST_2980,OFFER_0838,475,0.8271188633769819,2,1,0.13397168281703667,1,0,0,0,0,1
CUST_0301,OFFER_0698,468,0.8071124916297223,2,1,0.11396531106977709,1,0,0,0,0,1
CUST_1647,OFFER_0160,428,0.7383743442299571,2,1,0.04522716367001182,1,0,0,0,0,1
CUST_0707,OFFER_0411,453,0.8140256469761559,3,1,0.12087846641621054,1,1,0,0,0,1
CUST_0573,OFFER_0757,442,0.7556471805599453,2,1,0.0625,1,0,0,0,0,1
CUST_1840,OFFER_1180,375,0.7130846921447309,3,1,0.019937511584785673,1,1,0,0,0,0
CUST_1868,OFFER_0788,574,2.0126550913328396,2,1,1.3195079107728942,1,0,0,0,0,1
CUST_1427,OFFER_1120,315,0.6981315584561417,3,1,0.004984377896196417,1,1,0,0,0,0
CUST_0403,OFFER_0420,557,2.0294952577704546,3,1,1.3363480772105092,1,1,0,0,0,1
CUST_0696,OFFER_0073,401,0.7173838174635974,2,1,0.024236636903652103,1,0,0,0,0,0
CUST_0119,OFFER_1180,291,0.6960099539049674,3,1,0.002862773345022206,1,1,0,0,0,0
CUST_2518,OFFER_0592,498,1.0350431137692766,3,1,0.3418959332093313,1,1,0,0,0,0
CUST_2932,OFFER_0503,434,0.7710757333233317,3,1,0.07792855276338637,1,1,0,0,0,0
CUST_1613,OFFER_1091,570,1.896172216642062,2,1,1.2030250360821166,1,0,0,0,0,1
CUST_2597,OFFER_0841,396,0.7147395693094418,2,1,0.021592388749496497,1,0,0,0,0,0
CUST_2926,OFFER_1180,453,1.1791979329455833,2,2,0.0805856442774737,1,0,0,0,0,0
CUST_2334,OFFER_0516,515,1.1995284103730164,3,1,0.5063812298130712,1,1,0,0,0,1
CUST_2364,OFFER_0783,528,1.1490084248390537,2,1,0.45586124427910846,1,0,0,0,0,1
CUST_0579,OFFER_0167,518,1.0549644899200399,2,1,0.3618173093600946,1,0,0,0,0,1
CUST_2566,OFFER_1019,536,1.5157659153309146,3,1,0.8226187347709695,1,1,0,0,0,1
CUST_2566,OFFER_0713,536,1.2415596704072582,2,1,0.548412489847313,1,0,0,0,0,1
CUST_0941,OFFER_0698,509,0.9870341571308475,2,1,0.29388697657090224,1,0,0,0,0,1
CUST_1237,OFFER_0005,237,0.6936952577319714,2,1,0.0005480771720260616,1,0,0,0,0,0
CUST_2856,OFFER_0167,583,2.317651973272416,2,1,1.624504792712471,1,0,0,0,0,1
CUST_1640,OFFER_0863,516,1.0386254005518893,2,1,0.34547821999194406,1,0,0,0,0,1
CUST_2321,OFFER_0919,435,0.7463138781193738,2,1,0.053166697559428495,1,0,0,0,0,0
CUST_1186,OFFER_1120,316,0.6965477686978208,2,1,0.0034005881378754853,1,0,0,0,0,0
CUST_1788,OFFER_0877,590,2.602830388380778,2,1,1.909683207820833,1,0,0,0,0,1
CUST_2768,OFFER_1140,301,0.6967540489584167,3,1,0.0036068683984714347,1,1,0,0,0,0
CUST_1343,OFFER_0167,513,1.01548975766984,2,1,0.32234257710989483,1,0,0,0,0,1
CUST_2082,OFFER_0219,558,1.604869669118162,2,1,0.9117224885582168,1,0,0,0,0,1
CUST_2541,OFFER_0998,517,1.0467005711532191,2,1,0.3535533905932738,1,0,0,0,0,1
CUST_0961,OFFER_0633,353,0.7051398433567825,3,1,0.011992662796837205,1,1,0,0,0,0
CUST_2655,OFFER_1180,314,0.6963942035917531,2,1,0.0032470230318077642,1,0,0,0,0,0
CUST_1911,OFFER_1308,277,0.6952187824579528,3,1,0.0020716018980074633,1,1,0,0,0,0
CUST_2494,OFFER_1247,35,1.0986148642562332,1,2,2.57558812364233e-06,0,0,1,0,0,0
CUST_1480,OFFER_0411,460,0.7878794659668452,2,1,0.09473228540689993,1,0,0,0,0,1
CUST_2002,OFFER_0981,513,1.01548975766984,2,1,0.32234257710989483,1,0,0,0,0,1
CUST_1030,OFFER_0868,442,0.7868971805599453,3,1,0.09375,1,1,0,0,0,1
CUST_2117,OFFER_1308,273,0.6937767559058631,1,1,0.0006295753459177635,1,1,1,0,0,0
CUST_2216,OFFER_1308,294,0.6951926768935793,2,1,0.002045496333634037,1,0,0,0,0,0
CUST_0950,OFFER_0129,530,1.814743491600922,3,2,0.7161312029328124,1,1,0,0,0,0
CUST_2716,OFFER_0762,523,1.3023364778271218,3,1,0.6091892972671766,1,1,0,0,0,1
CUST_0866,OFFER_0642,517,1.0467005711532191,2,1,0.3535533905932738,1,0,0,0,0,1
CUST_2050,OFFER_0411,565,2.7062724824725493,3,2,1.6076601938044397,1,1,0,0,0,1
CUST_0330,OFFER_0515,520,1.0720763221875447,2,1,0.3789291416275995,1,0,0,0,0,1
CUST_1462,OFFER_0513,326,0.6995738894253435,3,1,0.006426708865398204,1,1,0,0,0,0
CUST_1412,OFFER_0578,484,1.2635507775147214,2,2,0.1649384888466118,1,0,0,0,0,1
CUST_1654,OFFER_1090,334,0.6957243444481735,1,1,0.0025771638882283094,1,1,1,0,0,0
CUST_2680,OFFER_0191,552,1.486847706544045,2,1,0.7937005259840997,1,0,0,0,0,1
CUST_2586,OFFER_1090,427,0.7373413543841045,2,1,0.044194173824159216,1,0,0,0,0,0
CUST_0495,OFFER_0424,465,0.8526472732382309,3,1,0.15950009267828552,1,1,0,0,0,1
CUST_0839,OFFER_1090,405,0.7197305293396595,2,1,0.026583348779714234,1,0,0,0,0,0
CUST_2659,OFFER_0102,315,0.6981315584561417,3,1,0.004984377896196417,1,1,0,0,0,0
CUST_1280,OFFER_1308,296,0.6952894168484114,2,1,0.0021422362884660675,1,0,0,0,0,0
CUST_0054,OFFER_1128,468,0.8640951471646109,3,1,0.17094796660466563,1,1,0,0,0,1
CUST_1834,OFFER_0651,309,0.6960399492167549,2,1,0.002892768656809697,1,0,0,0,0,0
CUST_0975,OFFER_0511,588,2.516592157676379,2,1,1.8234449771164336,1,0,0,0,0,1
CUST_2180,OFFER_1199,562,1.1931471805599454,1,1,0.5,1,1,1,0,0,0
CUST_2024,OFFER_1241,570,2.49768473468312,3,1,1.804537554123175,1,1,0,0,0,1
CUST_2656,OFFER_0877,540,1.2946596986010037,2,1,0.6015125180410584,1,0,0,0,0,1
CUST_0954,OFFER_0863,545,1.3683221536440402,2,1,0.675174973084095,1,0,0,0,0,1
CUST_1905,OFFER_1227,568,2.416194713055498,3,1,1.7230475324955528,1,1,0,0,0,0
CUST_1365,OFFER_0382,413,0.7091373976223949,1,1,0.01599021706244961,1,1,1,0,0,0
CUST_1704,OFFER_0005,267,1.0997749359229692,3,2,0.0011626472548595223,1,1,0,0,0,0
CUST_0224,OFFER_0651,311,0.6961767601729018,2,1,0.003029579612956515,1,0,0,0,0,0
CUST_1272,OFFER_0076,442,0.7556471805599453,2,1,0.0625,1,0,0,0,0,1
CUST_0988,OFFER_0129,523,1.3023364778271218,3,1,0.6091892972671766,1,1,0,0,0,0
CUST_2665,OFFER_0665,431,0.7416204543672495,2,1,0.048473273807304214,1,0,0,0,0,0
CUST_2656,OFFER_0437,540,1.2946596986010037,2,1,0.6015125180410584,1,0,0,0,0,1
CUST_0054,OFFER_0871,396,0.7147395693094418,2,1,0.021592388749496497,1,0,0,0,0,0
CUST_0156,OFFER_0411,564,1.740441303380572,2,1,1.0472941228206267,1,0,0,0,0,1
CUST_0495,OFFER_1308,158,1.098656455820131,1,2,4.416715202149588e-05,0,0,1,0,0,0
CUST_2251,OFFER_0313,344,0.6996412266235608,2,1,0.0064940460636155285,1,0,0,0,0,0
CUST_1314,OFFER_0698,500,0.9318575815375494,2,1,0.2387104009776041,1,0,0,0,0,1
CUST_1388,OFFER_1171,427,0.7373413543841045,2,1,0.044194173824159216,1,0,0,0,0,0
CUST_0873,OFFER_1171,508,1.1239090636838334,3,1,0.4307618831238881,1,1,0,0,0,0
CUST_2423,OFFER_0184,319,0.6967918406831359,2,1,0.0036446601231906544,1,0,0,0,0,0
CUST_2442,OFFER_0942,283,0.6947336110215786,2,1,0.001586430461633274,1,0,0,0,0,0
CUST_2929,OFFER_0411,489,0.8782843745957659,2,1,0.1851371940358206,1,0,0,0,0,1
CUST_1412,OFFER_0397,484,0.8580856694065571,2,1,0.1649384888466118,1,0,0,0,0,1
CUST_0556,OFFER_0217,297,0.6942433349039974,1,1,0.0010961543440521223,1,1,1,0,0,0
CUST_1615,OFFER_0871,401,1.1107306071199357,2,2,0.012118318451826052,1,1,1,0,0,0
CUST_2336,OFFER_0160,420,0.7307417129375114,2,1,0.03759453237756615,1,0,0,0,0,1
CUST_2429,OFFER_0529,275,0.6951252322389025,3,1,0.0019780516789573107,1,1,0,0,0,0
CUST_1837,OFFER_0129,523,1.7078015859352862,3,2,0.6091892972671766,1,1,0,0,0,0
CUST_0866,OFFER_0877,517,1.0467005711532191,2,1,0.3535533905932738,1,0,0,0,0,1
CUST_1355,OFFER_0386,489,0.9708529716136762,3,1,0.2777057910537309,1,1,0,0,0,0
CUST_1558,OFFER_1308,312,0.6962475732395706,2,1,0.0031003926796253907,1,0,0,0,0,0
CUST_1134,OFFER_0841,429,0.7394314790689004,2,1,0.04628429850895514,1,0,0,0,0,0
CUST_0752,OFFER_1247,113,0.6931627960062954,1,1,1.5615446350048446e-05,0,0,1,0,0,0
CUST_1604,OFFER_0863,531,1.1817271647770682,2,1,0.48857998421712295,1,0,0,0,0,1
CUST_0659,OFFER_0788,522,1.28842257504802,3,1,0.5952753944880749,1,1,0,0,0,1
CUST_2933,OFFER_0665,284,0.6947706920758492,2,1,0.001623511515903882,1,0,0,0,0,0
CUST_1410,OFFER_0358,586,2.4342483071521936,2,1,1.7411011265922482,1,0,0,0,0,1
CUST_1073,OFFER_1180,384,0.7095111512290175,2,1,0.016363970669072303,1,0,0,0,0,0
CUST_1478,OFFER_0319,489,0.8782843745957659,2,1,0.1851371940358206,1,0,0,0,0,1
CUST_2714,OFFER_0908,453,0.773732824837419,2,1,0.0805856442774737,1,0,0,0,0,0
CUST_1486,OFFER_0076,444,0.7586030632362345,2,1,0.06545588267628918,1,0,0,0,0,1
CUST_1065,OFFER_0642,446,0.7616987417908594,2,1,0.0685515612309141,1,0,0,0,0,1
CUST_0230,OFFER_0529,347,0.7001073267954167,2,1,0.0069601462354714,1,0,0,0,0,0
CUST_1493,OFFER_0863,576,2.075060060527721,2,1,1.381912879967776,1,0,0,0,0,1
CUST_1959,OFFER_1154,410,0.7229859806821458,2,1,0.02983880012220052,1,0,0,0,0,0
CUST_1668,OFFER_0591,292,0.6951003055599453,2,1,0.001953125,1,0,0,0,0,0
CUST_1104,OFFER_0553,323,0.6991435119583639,3,1,0.005996331398418608,1,1,0,0,0,0
CUST_0915,OFFER_0004,455,0.8197424880132131,3,1,0.12659530745326783,1,1,0,0,0,1
CUST_2321,OFFER_1090,392,0.7128334469645526,2,1,0.019686266404607394,1,0,0,0,0,0
CUST_0856,OFFER_0073,547,1.4002539617464929,2,1,0.7071067811865476,1,0,0,0,0,0
CUST_0866,OFFER_0686,517,1.0467005711532191,2,1,0.3535533905932738,1,0,0,0,0,0
CUST_0866,OFFER_1089,517,1.0467005711532191,2,1,0.3535533905932738,1,0,0,0,0,1
CUST_0866,OFFER_0282,517,1.0467005711532191,2,1,0.3535533905932738,1,0,0,0,0,1
CUST_1410,OFFER_0167,586,2.4342483071521936,2,1,1.7411011265922482,1,0,0,0,0,1
CUST_2393,OFFER_0592,518,1.2358731446000872,3,1,0.5427259640401418,1,1,0,0,0,0
CUST_1104,OFFER_0665,323,0.6971447348255577,2,1,0.003997554265612405,1,0,0,0,0,0
CUST_2933,OFFER_0529,284,0.6947706920758492,2,1,0.001623511515903882,1,0,0,0,0,0
CUST_2454,OFFER_0313,306,0.6958462291536324,2,1,0.0026990485936870634,1,0,0,0,0,0
CUST_0841,OFFER_0521,296,0.6952894168484114,2,1,0.0021422362884660675,1,0,0,0,0,0
CUST_1668,OFFER_1308,292,0.6951003055599453,2,1,0.001953125,1,0,0,0,0,0
CUST_0402,OFFER_0665,393,0.7132935916293137,2,1,0.02014641106936842,1,0,0,0,0,0
CUST_2904,OFFER_0592,522,1.0899974435519952,2,1,0.3968502629920499,1,0,0,0,0,0
CUST_0183,OFFER_0908,465,0.7994805756788023,2,1,0.106333395118857,1,0,0,0,0,0
CUST_0481,OFFER_1086,202,0.6932692508724453,1,1,0.00012207031250000008,0,0,1,0,0,0
CUST_1635,OFFER_0827,46,0.6931505014467987,1,1,3.320886853394029e-06,0,0,1,0,0,0
CUST_1398,OFFER_0540,460,0.7878794659668452,2,1,0.09473228540689993,1,0,0,0,0,1
CUST_0811,OFFER_0005,248,0.6942071922084612,3,1,0.0010600116485159025,1,1,0,0,0,0
CUST_1030,OFFER_1194,442,0.7868971805599453,3,1,0.09375,1,1,0,0,0,1
CUST_0157,OFFER_0071,199,0.693261076188795,1,1,0.00011389562884970791,0,0,1,0,0,0
CUST_1456,OFFER_1021,455,0.904139359648725,5,1,0.21099217908877974,0,0,1,0,0,1
CUST_2483,OFFER_0167,582,2.2805482325281448,2,1,1.5874010519681994,1,0,0,0,0,1
CUST_2906,OFFER_0919,432,0.7427534634339515,2,1,0.04960628287400622,1,0,0,0,0,0
CUST_0446,OFFER_1297,25,0.6931492248055937,1,1,2.04424564845332e-06,0,0,1,0,0,0
CUST_1467,OFFER_0690,308,0.695973878289321,2,1,0.0028266977293757403,1,0,0,0,0,0
CUST_1816,OFFER_0774,421,0.7893303378525169,5,1,0.09618315729257162,0,0,1,0,0,1
CUST_1395,OFFER_0651,310,0.6975877564383938,3,1,0.0044405758784484325,1,1,0,0,0,0
CUST_1792,OFFER_1227,563,2.2282080185551076,3,1,1.5350608379951622,1,1,0,0,0,0
CUST_1982,OFFER_0686,486,0.9522558455539033,3,1,0.259108664993958,1,1,0,0,0,0
CUST_2584,OFFER_0181,297,0.6964356435921016,3,1,0.003288463032156367,1,1,0,0,0,0
CUST_2918,OFFER_0871,408,0.7358841722111117,3,1,0.0427369916511664,1,1,0,0,0,0
CUST_1911,OFFER_0282,533,1.2048341265583329,2,1,0.5116869459983876,1,0,0,0,0,1
CUST_1866,OFFER_0167,581,2.24429194239368,2,1,1.5511447618337346,1,0,0,0,0,1
CUST_1173,OFFER_1140,287,0.6948872171188132,2,1,0.0017400365588678497,1,0,0,0,0,0
CUST_1412,OFFER_1006,484,0.8580856694065571,2,1,0.1649384888466118,1,0,0,0,0,0
CUST_1666,OFFER_1186,353,0.6971447348255577,1,1,0.003997554265612401,1,1,1,0,0,0
CUST_2665,OFFER_0073,431,0.7416204543672495,2,1,0.048473273807304214,1,0,0,0,0,0
CUST_2584,OFFER_1308,297,0.6964356435921016,3,1,0.003288463032156367,1,1,0,0,0,0
CUST_1416,OFFER_0227,490,0.977344036780645,3,1,0.2841968562206997,1,1,0,0,0,0
CUST_0557,OFFER_1170,539,1.5748081102726519,3,1,0.8816609297127065,1,1,0,0,0,1
CUST_2330,OFFER_1059,366,0.7093414721220677,3,1,0.016194291562122386,1,1,0,0,0,0
CUST_0182,OFFER_0698,528,1.1490084248390537,2,1,0.45586124427910846,1,0,0,0,0,1
CUST_2334,OFFER_0739,447,0.7633010585792811,2,1,0.0701538780193358,1,0,0,0,0,1
CUST_2028,OFFER_1180,401,0.7295021359154235,3,1,0.036354955355478155,1,1,0,0,0,0
CUST_0021,OFFER_0005,247,1.0996480896171132,3,2,0.0010358009490037325,1,1,0,0,0,0
CUST_2803,OFFER_1308,285,0.6948086398586775,2,1,0.0016614592987321405,1,0,0,0,0,0
CUST_1032,OFFER_0382,422,0.7325197133691601,2,1,0.03937253280921481,1,0,0,0,0,0
CUST_0213,OFFER_1090,370,0.7049887162358077,2,1,0.011841535675862488,1,0,0,0,0,0
CUST_1558,OFFER_0871,312,0.6962475732395706,2,1,0.0031003926796253907,1,0,0,0,0,0
CUST_0311,OFFER_1154,411,1.1444166621884648,3,2,0.04580437352035527,1,1,0,0,0,0
CUST_1030,OFFER_0975,442,0.7868971805599453,3,1,0.09375,1,1,0,0,0,1
CUST_0484,OFFER_0382,420,0.7307417129375114,2,1,0.03759453237756615,1,0,0,0,0,0
CUST_1037,OFFER_1154,417,0.7282241195696132,2,1,0.0350769390096679,1,0,0,0,0,0
CUST_1096,OFFER_0217,374,0.7061352726871764,2,1,0.012988092127231059,1,0,0,0,0,0
CUST_1398,OFFER_1010,460,0.7878794659668452,2,1,0.09473228540689993,1,0,0,0,0,1
CUST_0866,OFFER_1161,517,1.2234772664498559,3,1,0.5303300858899107,1,1,0,0,0,0
CUST_2740,OFFER_0859,489,0.8782843745957659,2,1,0.1851371940358206,1,0,0,0,0,1
CUST_2097,OFFER_0129,530,1.814743491600922,3,2,0.7161312029328124,1,1,0,0,0,0
CUST_2071,OFFER_1120,326,0.6995738894253435,3,1,0.006426708865398204,1,1,0,0,0,0
CUST_1248,OFFER_0085,512,1.0081274430336635,2,1,0.31498026247371824,1,0,0,0,0,1
CUST_0605,OFFER_0698,481,0.8470402322280599,2,1,0.15389305166811457,1,0,0,0,0,1
CUST_0495,OFFER_0812,465,0.7994805756788023,2,1,0.106333395118857,1,0,0,0,0,0
CUST_0498,OFFER_0592,533,1.2048341265583329,2,1,0.5116869459983876,1,0,0,0,0,0
CUST_1219,OFFER_0592,423,0.7334400026986821,2,1,0.04029282213873684,1,0,0,0,0,0
CUST_2680,OFFER_0352,552,1.486847706544045,2,1,0.7937005259840997,1,0,0,0,0,1
CUST_2976,OFFER_1171,453,0.8140256469761559,3,1,0.12087846641621054,1,1,0,0,0,0
CUST_1191,OFFER_0665,260,0.694079643063764,2,1,0.0009324625038187667,1,0,0,0,0,0
CUST_1576,OFFER_0227,286,0.6948474746288831,2,1,0.0017002940689377424,1,0,0,0,0,0
CUST_0713,OFFER_0863,550,1.8299346054427437,3,1,1.1367874248827985,1,1,0,0,0,1
CUST_1555,OFFER_1140,295,0.6952404881039614,2,1,0.0020933075440161997,1,0,0,0,0,0
CUST_2298,OFFER_0992,490,0.977344036780645,3,1,0.2841968562206997,1,1,0,0,0,1
CUST_0963,OFFER_0769,576,2.075060060527721,2,1,1.381912879967776,1,0,0,0,0,1
CUST_2019,OFFER_0382,415,0.7433865616163341,3,1,0.05023938105638876,1,1,0,0,0,0
CUST_0839,OFFER_0217,405,0.7197305293396595,2,1,0.026583348779714234,1,0,0,0,0,0
CUST_1794,OFFER_0313,270,0.6943220096967442,2,1,0.0011748291367989422,1,0,0,0,0,0
CUST_0449,OFFER_1128,484,0.8580856694065571,2,1,0.1649384888466118,1,0,0,0,0,1
CUST_0451,OFFER_0592,523,1.099273378738063,2,1,0.4061261981781178,1,0,0,0,0,0
CUST_0715,OFFER_0922,500,0.9318575815375494,2,1,0.2387104009776041,1,0,0,0,0,1
CUST_2962,OFFER_0071,180,0.6932206073809952,1,1,7.342682104993401e-05,0,0,1,0,0,0
CUST_2843,OFFER_0863,554,1.5243850767027332,2,1,0.8312378961427878,1,0,0,0,0,1
CUST_1659,OFFER_0561,440,0.7528247808043463,2,1,0.059677600244401045,1,0,0,0,0,1
CUST_2619,OFFER_0529,283,0.6955268262523951,3,1,0.002379645692449911,1,1,0,0,0,0
CUST_0495,OFFER_1078,465,0.7994805756788023,2,1,0.106333395118857,1,0,0,0,0,1
CUST_2483,OFFER_1323,582,2.2805482325281448,2,1,1.5874010519681994,1,0,0,0,0,1
CUST_0183,OFFER_1180,465,0.7994805756788023,2,1,0.106333395118857,1,0,0,0,0,0
CUST_1659,OFFER_0179,440,0.7528247808043463,2,1,0.059677600244401045,1,0,0,0,0,1
CUST_2299,OFFER_0937,245,0.6938065311195977,2,1,0.0006593505596524369,1,0,0,0,0,0
CUST_0667,OFFER_0181,305,0.6971032839178599,3,1,0.003956103357914618,1,1,0,0,0,0
CUST_0081,OFFER_0129,530,1.4092783834927576,3,1,0.7161312029328124,1,1,0,0,0,0
CUST_2285,OFFER_0352,505,0.9610905461940187,2,1,0.26794336563407334,1,0,0,0,0,1
CUST_1659,OFFER_0147,440,0.7528247808043463,2,1,0.059677600244401045,1,0,0,0,0,0
CUST_0557,OFFER_0788,539,1.5748081102726519,3,1,0.8816609297127065,1,1,0,0,0,1
CUST_0754,OFFER_0302,420,0.7871335115038607,5,1,0.09398633094391538,0,0,1,0,0,1
CUST_0264,OFFER_0788,494,0.9009566545956422,2,1,0.2078094740356969,1,0,0,0,0,1
CUST_0458,OFFER_1295,507,0.9737626926372887,2,1,0.2806155120773433,1,0,0,0,0,1
CUST_2930,OFFER_1180,383,0.7091373976223949,2,1,0.01599021706244961,1,0,0,0,0,0
CUST_1932,OFFER_0300,58,0.6931515624964191,1,1,4.381936473835126e-06,0,0,1,0,0,0
CUST_0093,OFFER_0591,284,0.6947706920758492,2,1,0.001623511515903882,1,0,0,0,0,0
CUST_0446,OFFER_0437,568,1.8418455355569803,2,1,1.148698354997035,1,0,0,0,0,1
CUST_1841,OFFER_0282,536,1.2415596704072582,2,1,0.548412489847313,1,0,0,0,0,1
CUST_2106,OFFER_0650,520,1.0720763221875447,2,1,0.3789291416275995,1,0,0,0,0,1
CUST_0866,OFFER_0335,517,1.0467005711532191,2,1,0.3535533905932738,1,0,0,0,0,1
CUST_0451,OFFER_0307,523,1.7084626760052397,5,1,1.0153154954452945,1,1,1,0,0,1
CUST_0554,OFFER_0123,563,1.71652107255672,2,1,1.0233738919967748,1,0,0,0,0,1
CUST_2050,OFFER_0503,391,0.7123838120184596,2,1,0.019236631458514307,1,0,0,0,0,0
CUST_0495,OFFER_0440,465,0.7994805756788023,2,1,0.106333395118857,1,0,0,0,0,1
CUST_1515,OFFER_0145,34,0.6931496973215548,1,1,2.516761609597963e-06,0,0,1,0,0,0
CUST_1644,OFFER_0068,541,1.3087193872324034,2,1,0.6155722066724582,1,0,0,0,0,1
CUST_2790,OFFER_0525,543,1.3378323347797347,2,1,0.6446851542197896,1,0,0,0,0,1
CUST_2486,OFFER_0382,414,0.7422390925671623,3,1,0.04909191200721691,1,1,0,0,0,0
CUST_0653,OFFER_0167,581,3.0198643233105473,3,1,2.326717142750602,1,1,0,0,0,1
CUST_1248,OFFER_0877,512,1.0081274430336635,2,1,0.31498026247371824,1,0,0,0,0,1
CUST_2915,OFFER_1308,285,0.6948086398586775,2,1,0.0016614592987321405,1,0,0,0,0,0
CUST_0218,OFFER_0358,583,3.129904369628652,3,1,2.4367571890687065,1,1,0,0,0,1
CUST_1162,OFFER_0592,461,0.8385670019818579,3,1,0.14541982142191257,1,1,0,0,0,0
CUST_1416,OFFER_0908,490,0.882611751373745,2,1,0.18946457081379978,1,0,0,0,0,0
CUST_0067,OFFER_0592,456,0.7795167355579313,2,1,0.086369554997986,1,0,0,0,0,0
CUST_1412,OFFER_0456,484,0.940554913829863,3,1,0.24740773326991772,1,1,0,0,0,1
CUST_0735,OFFER_1011,532,1.1931471805599454,2,1,0.5,1,0,0,0,0,1
CUST_0264,OFFER_0382,427,1.4342650123072394,3,3,0.04797065118734883,1,1,0,0,0,0
CUST_1746,OFFER_0739,515,1.0307346671019928,2,1,0.33758748654204745,1,0,0,0,0,1
CUST_0304,OFFER_0871,497,0.9158718600950302,2,1,0.2227246795350849,1,0,0,0,0,0
CUST_2775,OFFER_0411,464,0.7970519175777938,2,1,0.1039047370178485,1,0,0,0,0,1
CUST_0349,OFFER_0005,249,0.6938703727241478,2,1,0.0007231921642024241,1,0,0,0,0,0
CUST_1485,OFFER_0841,412,0.7243971805599453,2,1,0.031250000000000014,1,0,0,0,0,0
CUST_1878,OFFER_0129,523,1.7078015859352862,3,2,0.6091892972671766,1,1,0,0,0,0
CUST_0021,OFFER_0347,241,0.6940488976595631,3,1,0.0009017170996178585,1,1,0,0,0,0
CUST_0391,OFFER_0871,296,0.6963605349926444,3,1,0.0032133544326991012,1,1,0,0,0,0
CUST_0879,OFFER_0201,255,0.6943932750339944,3,1,0.0012460944740491052,1,1,0,0,0,0
CUST_2426,OFFER_0433,523,1.3023364778271218,3,1,0.6091892972671766,1,1,0,0,0,1
CUST_2377,OFFER_0181,319,0.6986141707447313,3,1,0.005466990184785981,1,1,0,0,0,0
CUST_1030,OFFER_1011,442,0.7556471805599453,2,1,0.0625,1,0,0,0,0,1
CUST_0348,OFFER_0686,491,0.8870402757891621,2,1,0.1938930952292168,1,0,0,0,0,0
CUST_1764,OFFER_0992,561,1.6703071489941912,2,1,0.9771599684342459,1,0,0,0,0,1
CUST_0272,OFFER_1308,104,0.6931598642436633,1,1,1.268368371799907e-05,0,0,1,0,0,0
CUST_1302,OFFER_0788,570,2.49768473468312,3,1,1.804537554123175,1,1,0,0,0,1
CUST_1811,OFFER_0992,569,1.868695086843554,2,1,1.1755479062836087,1,0,0,0,0,1
CUST_1458,OFFER_0622,495,1.012147365916516,3,1,0.3190001853565709,1,1,0,0,0,1
CUST_0839,OFFER_0871,405,0.7197305293396595,2,1,0.026583348779714234,1,0,0,0,0,0
CUST_0866,OFFER_0752,517,1.0467005711532191,2,1,0.3535533905932738,1,0,0,0,0,0
CUST_2454,OFFER_1180,306,0.6971957534504759,3,1,0.004048572890530595,1,1,0,0,0,0
CUST_0902,OFFER_1173,330,1.1033116052153054,2,2,0.004699316547195766,1,0,0,0,0,0
CUST_1097,OFFER_0282,553,1.5053995769161808,2,1,0.8122523963562356,1,0,0,0,0,1
CUST_2959,OFFER_0401,302,0.6956079638605213,2,1,0.0024607833005759233,1,0,0,0,0,0
CUST_1128,OFFER_0592,412,0.7400221805599453,3,1,0.04687500000000002,1,1,0,0,0,0
CUST_0605,OFFER_0411,481,0.8470402322280599,2,1,0.15389305166811457,1,0,0,0,0,1
CUST_1841,OFFER_0433,536,1.2415596704072582,2,1,0.548412489847313,1,0,0,0,0,1
CUST_0086,OFFER_0841,431,0.7658570912709016,3,1,0.07270991071095632,1,1,0,0,0,0
CUST_0972,OFFER_1186,333,0.7007020847109584,3,1,0.007554904151013163,1,1,0,0,0,0
CUST_1065,OFFER_1186,305,0.6944658816792502,1,1,0.0013187011193048727,1,1,1,0,0,0
CUST_1720,OFFER_0411,503,0.948990653559139,2,1,0.2558434729991938,1,0,0,0,0,1
CUST_2170,OFFER_1180,315,0.6948086398586775,1,1,0.0016614592987321392,0,0,1,0,0,0
CUST_1335,OFFER_1241,572,1.9530682304548184,2,1,1.2599210498948732,1,0,0,0,0,1
CUST_1030,OFFER_0557,442,0.7868971805599453,3,1,0.09375,1,1,0,0,0,1
CUST_1412,OFFER_0859,484,0.8580856694065571,2,1,0.1649384888466118,1,0,0,0,0,1
CUST_0651,OFFER_0382,420,0.7495389791262945,3,1,0.056391798566349224,1,1,0,0,0,0
CUST_1627,OFFER_0005,240,0.6940283024125445,3,1,0.0008811218525992066,1,1,0,0,0,0
CUST_2178,OFFER_1289,536,1.2415596704072582,2,1,0.548412489847313,1,0,0,0,0,1
CUST_0557,OFFER_0525,539,1.5748081102726519,3,1,0.8816609297127065,1,1,0,0,0,1
CUST_1428,OFFER_0702,318,0.6949278885454105,1,1,0.0017807079854652678,1,1,1,0,0,0
CUST_0902,OFFER_0272,324,0.6972381732272134,2,1,0.004090992667268075,1,0,0,0,0,0
CUST_0662,OFFER_0006,216,0.6933158710970507,1,1,0.00016869053710544143,0,0,1,0,0,0
CUST_1398,OFFER_1202,460,0.8352456086702952,3,1,0.1420984281103499,1,1,0,0,0,1
CUST_1576,OFFER_0313,343,0.6994929024064784,2,1,0.006345721846533097,1,0,0,0,0,0
CUST_0617,OFFER_0772,268,0.694829844165898,3,1,0.0016826636059526895,1,1,0,0,0,0
CUST_1012,OFFER_1207,554,1.5243850767027332,2,1,0.8312378961427878,1,0,0,0,0,1
CUST_1875,OFFER_1210,450,0.8059307776926438,3,1,0.11278359713269848,1,1,0,0,0,0
CUST_2377,OFFER_1059,319,0.6986141707447313,3,1,0.005466990184785981,1,1,0,0,0,0
CUST_1558,OFFER_0145,24,0.6931491781149586,1,1,1.9975550133144914e-06,0,0,1,0,0,0
CUST_0446,OFFER_0379,568,1.8418455355569803,2,1,1.148698354997035,1,0,0,0,0,1
CUST_2361,OFFER_0382,415,0.7433865616163341,3,1,0.05023938105638876,1,1,0,0,0,0
CUST_2899,OFFER_0651,312,0.6977977695793833,3,1,0.004650589019438086,1,1,0,0,0,0
CUST_1705,OFFER_0908,382,0.7165846805599453,3,1,0.023437500000000007,1,1,0,0,0,0
CUST_2590,OFFER_0859,484,0.940554913829863,3,1,0.24740773326991772,1,1,0,0,0,1
CUST_0495,OFFER_0411,508,1.3857868774173683,2,2,0.2871745887492587,1,0,0,0,0,1
CUST_0874,OFFER_0915,305,0.6971032839178599,3,1,0.003956103357914618,1,1,0,0,0,0
CUST_1178,OFFER_0841,429,0.7394314790689004,2,1,0.04628429850895514,1,0,0,0,0,0
CUST_0941,OFFER_1090,316,0.6965477686978208,2,1,0.0034005881378754853,1,0,0,0,0,0
CUST_2731,OFFER_0916,480,0.9187143748253421,3,1,0.22556719426539687,1,1,0,0,0,0
CUST_1202,OFFER_0698,475,0.8941047047855003,3,1,0.20095752422555502,1,1,0,0,0,1
CUST_2828,OFFER_0503,419,0.7482509886669895,3,1,0.055103808107044155,1,1,0,0,0,0
CUST_0888,OFFER_0233,455,0.7775440521954572,2,1,0.08439687163551189,1,0,0,0,0,1
CUST_2492,OFFER_0871,265,0.6941938343319534,2,1,0.0010466537720080996,1,0,0,0,0,0
CUST_2716,OFFER_0411,523,1.099273378738063,2,1,0.4061261981781178,1,0,0,0,0,1
CUST_2029,OFFER_0089,451,0.8085669693110312,3,1,0.11541978875108591,1,1,0,0,0,1
CUST_0157,OFFER_1090,443,0.7251276146848445,1,1,0.03198043412489922,1,1,1,0,0,0
CUST_1543,OFFER_1140,275,0.6944658816792502,2,1,0.0013187011193048737,1,0,0,0,0,0
CUST_0866,OFFER_0948,517,1.0467005711532191,2,1,0.3535533905932738,1,0,0,0,0,1
CUST_2923,OFFER_0282,453,0.773732824837419,2,1,0.0805856442774737,1,0,0,0,0,1
CUST_2834,OFFER_1308,291,0.6941014383416193,1,1,0.0009542577816740686,1,1,1,0,0,0
CUST_1446,OFFER_0871,478,0.8367344749345746,2,1,0.1435872943746294,1,0,0,0,0,0
CUST_1154,OFFER_1091,487,0.8699238758565822,2,1,0.1767766952966369,1,0,0,0,0,1
CUST_0929,OFFER_0851,584,2.355622972845521,2,1,1.6624757922855755,1,0,0,0,0,0
CUST_0564,OFFER_1140,308,0.695973878289321,2,1,0.0028266977293757403,1,0,0,0,0,0
CUST_0630,OFFER_0937,235,0.6939321708889513,3,1,0.0007849903290060739,1,1,0,0,0,0
CUST_0482,OFFER_0382,411,0.7084153050667303,1,1,0.015268124506785089,1,1,1,0,0,0
CUST_1644,OFFER_0018,541,1.3087193872324034,2,1,0.6155722066724582,1,0,0,0,0,1
CUST_2840,OFFER_0325,548,1.778599108640229,3,1,1.0854519280802837,0,1,0,0,0,1
CUST_2537,OFFER_0812,314,0.6963942035917531,2,1,0.0032470230318077642,1,0,0,0,0,0
CUST_1159,OFFER_0181,322,0.6970534305599453,2,1,0.00390625,1,0,0,0,0,0
CUST_2576,OFFER_0233,561,1.6703071489941912,2,1,0.9771599684342459,1,0,0,0,0,1
CUST_2277,OFFER_0313,247,0.694182981508949,3,1,0.0010358009490037325,1,1,0,0,0,0
CUST_0953,OFFER_1120,315,0.6964700991574095,2,1,0.0033229185974642784,1,0,0,0,0,0
CUST_2173,OFFER_0503,408,0.7358841722111117,3,1,0.0427369916511664,1,1,0,0,0,0
CUST_2898,OFFER_0863,587,2.4749446168406237,2,1,1.7817974362806785,1,0,0,0,0,1
CUST_0124,OFFER_0788,575,2.7186720998122302,3,1,2.025524919252285,1,1,0,0,0,1
CUST_0223,OFFER_0698,531,1.1817271647770682,2,1,0.48857998421712295,1,0,0,0,0,1
CUST_1030,OFFER_1104,442,0.7868971805599453,3,1,0.09375,1,1,0,0,0,1
CUST_0832,OFFER_1140,360,0.7025458136543368,2,1,0.009398633094391533,1,0,0,0,0,0
CUST_1023,OFFER_0310,244,0.6937914715320024,2,1,0.0006442909720570778,1,0,0,0,0,0
CUST_1398,OFFER_0980,460,0.7878794659668452,2,1,0.09473228540689993,1,0,0,0,0,1
CUST_2752,OFFER_1241,490,1.572273715702609,5,2,0.4736614270344994,0,0,1,0,0,1
CUST_1983,OFFER_0665,427,0.7373413543841045,2,1,0.044194173824159216,1,0,0,0,0,0
CUST_2572,OFFER_0073,292,0.6951003055599453,2,1,0.001953125,1,0,0,0,0,0
CUST_2453,OFFER_0877,455,0.7775440521954572,2,1,0.08439687163551189,1,0,0,0,0,1
CUST_0988,OFFER_0888,529,1.159663676328349,2,1,0.4665164957684037,1,0,0,0,0,1
CUST_1659,OFFER_1070,440,0.7528247808043463,2,1,0.059677600244401045,1,0,0,0,0,1
CUST_0495,OFFER_0266,465,0.7994805756788023,2,1,0.106333395118857,1,0,0,0,0,1
CUST_0117,OFFER_1090,369,0.7047182551871841,2,1,0.01157107462723879,1,0,0,0,0,0
CUST_1238,OFFER_0651,313,1.1017851495913762,2,2,0.003172860923266548,1,0,0,0,0,0
CUST_0263,OFFER_1180,389,0.7206990846134673,3,1,0.027551904053522078,1,1,0,0,0,0
CUST_0050,OFFER_0719,568,2.416194713055498,3,1,1.7230475324955528,1,1,0,0,0,1
CUST_2367,OFFER_0071,187,0.6932334973056956,1,1,8.631674575031096e-05,0,0,1,0,0,0
CUST_2935,OFFER_1308,104,0.6931598642436633,1,1,1.268368371799907e-05,0,0,1,0,0,0
CUST_1841,OFFER_0049,536,1.2415596704072582,2,1,0.548412489847313,1,0,0,0,0,1
CUST_1576,OFFER_0871,343,1.1049580105146426,2,2,0.006345721846533097,1,0,0,0,0,0
CUST_0873,OFFER_1180,508,0.980321769309204,2,1,0.2871745887492587,1,0,0,0,0,0
CUST_2421,OFFER_1090,306,0.6958462291536324,2,1,0.0026990485936870634,1,0,0,0,0,0
CUST_1128,OFFER_0503,412,0.7400221805599453,3,1,0.04687500000000002,1,1,0,0,0,0
CUST_1841,OFFER_0437,536,1.2415596704072582,2,1,0.548412489847313,1,0,0,0,0,1
CUST_0761,OFFER_0073,375,0.7064388549498024,2,1,0.013291674389857115,1,0,0,0,0,0
CUST_0495,OFFER_0233,465,0.7994805756788023,2,1,0.106333395118857,1,0,0,0,0,1
CUST_0729,OFFER_0005,255,0.6943932750339944,3,1,0.0012460944740491052,1,1,0,0,0,0
CUST_0973,OFFER_0919,414,0.7422390925671623,3,1,0.04909191200721691,1,1,0,0,0,0
CUST_1044,OFFER_0006,283,0.6947336110215786,2,1,0.001586430461633274,1,0,0,0,0,0
CUST_2961,OFFER_1210,445,0.7936259426727228,3,1,0.10047876211277752,1,1,0,0,0,0
CUST_0735,OFFER_0340,532,1.1931471805599454,2,1,0.5,1,0,0,0,0,1
CUST_0495,OFFER_0788,465,0.7994805756788023,2,1,0.106333395118857,1,0,0,0,0,1
CUST_0866,OFFER_0998,517,1.2234772664498559,3,1,0.5303300858899107,1,1,0,0,0,1
CUST_0557,OFFER_0614,539,1.5748081102726519,3,1,0.8816609297127065,1,1,0,0,0,1
CUST_1674,OFFER_0739,586,2.4342483071521936,2,1,1.7411011265922482,1,0,0,0,0,1
CUST_1983,OFFER_0863,461,0.8385670019818579,3,1,0.14541982142191257,1,1,0,0,0,1
CUST_0524,OFFER_1131,351,0.7007812428133379,2,1,0.0076340622533925505,1,0,0,0,0,0
CUST_0260,OFFER_0129,530,1.4092783834927576,3,1,0.7161312029328124,1,1,0,0,0,0
CUST_2630,OFFER_1120,320,0.6968770305752203,2,1,0.003729850015275064,1,0,0,0,0,0
CUST_0495,OFFER_1289,465,0.7994805756788023,2,1,0.106333395118857,1,0,0,0,0,1
CUST_1836,OFFER_1292,515,1.0307346671019928,2,1,0.33758748654204745,1,0,0,0,0,1
CUST_0866,OFFER_1224,517,1.0467005711532191,2,1,0.3535533905932738,1,0,0,0,0,1
CUST_0557,OFFER_0084,539,1.5748081102726519,3,1,0.8816609297127065,1,1,0,0,0,1
CUST_2154,OFFER_0871,286,0.6948474746288831,2,1,0.0017002940689377424,1,0,0,0,0,0
CUST_0262,OFFER_1101,235,0.6939321708889513,3,1,0.0007849903290060739,1,1,0,0,0,0
CUST_2093,OFFER_0005,267,0.6942433349039974,2,1,0.0010961543440521223,1,0,0,0,0,0
CUST_2449,OFFER_1090,541,1.3087193872324034,2,1,0.6155722066724582,1,0,0,0,0,0
CUST_1102,OFFER_0581,294,0.6951926768935793,2,1,0.002045496333634037,1,0,0,0,0,0
CUST_2002,OFFER_0409,513,1.01548975766984,2,1,0.32234257710989483,1,0,0,0,0,1
CUST_0224,OFFER_1102,554,1.9400040247741268,3,1,1.2468568442141816,1,1,0,0,0,1
CUST_1567,OFFER_0529,358,0.7021213864583596,2,1,0.008974205898414338,1,0,0,0,0,0
CUST_2454,OFFER_0227,467,0.8601906902112589,3,1,0.16704350965131365,1,1,0,0,0,0
CUST_0866,OFFER_0980,517,1.2234772664498559,3,1,0.5303300858899107,1,1,0,0,0,1
CUST_0877,OFFER_0690,310,0.6975877564383938,3,1,0.0044405758784484325,1,1,0,0,0,0
CUST_2973,OFFER_1102,578,2.8640510367205128,3,1,2.1709038561605674,0,1,0,0,0,1
CUST_1065,OFFER_0625,446,0.7616987417908594,2,1,0.0685515612309141,1,0,0,0,0,1
CUST_2206,OFFER_0411,521,1.080933371018379,2,1,0.3877861904584337,1,0,0,0,0,1
CUST_1669,OFFER_0005,269,0.6942951765621753,2,1,0.0011479960022300862,1,0,0,0,0,0
CUST_1809,OFFER_0908,485,0.9463377954664809,3,1,0.2531906149065356,1,1,0,0,0,0
CUST_1416,OFFER_0816,490,0.882611751373745,2,1,0.18946457081379978,1,0,0,0,0,0
CUST_1410,OFFER_0352,586,2.4342483071521936,2,1,1.7411011265922482,1,0,0,0,0,1
CUST_0583,OFFER_1229,220,0.6933322045548806,1,1,0.00018502399493535113,0,0,1,0,0,0
CUST_2559,OFFER_1310,408,1.127103616435554,2,2,0.028491327767444268,1,0,0,0,0,0
CUST_1462,OFFER_1120,326,0.6995738894253435,3,1,0.006426708865398204,1,1,0,0,0,0
CUST_0217,OFFER_0274,511,1.154826335564289,3,1,0.4616791550043437,1,1,0,0,0,0
CUST_2745,OFFER_0859,487,0.8699238758565822,2,1,0.1767766952966369,1,0,0,0,0,1
CUST_0495,OFFER_0525,465,0.7994805756788023,2,1,0.106333395118857,1,0,0,0,0,1
CUST_1410,OFFER_0197,586,2.4342483071521936,2,1,1.7411011265922482,1,0,0,0,0,1
CUST_1534,OFFER_0595,354,0.7013291658944815,2,1,0.00818198533453615,1,0,0,0,0,0
CUST_2237,OFFER_0129,523,1.3023364778271218,3,1,0.6091892972671766,1,1,0,0,0,0
CUST_1249,OFFER_0841,437,1.1542934585518807,2,2,0.05568116988377121,1,0,0,0,0,0
CUST_2898,OFFER_0271,587,3.3658433349809633,3,1,2.672696154421018,1,1,0,0,0,0
CUST_1873,OFFER_1090,335,0.695784582798555,1,1,0.0026374022386097457,1,0,1,0,0,0
CUST_0548,OFFER_0863,560,2.12540958642557,3,1,1.4322624058656248,1,1,0,0,0,1
CUST_0495,OFFER_1102,465,0.7994805756788023,2,1,0.106333395118857,1,0,0,0,0,1
CUST_2899,OFFER_0425,509,1.1339776454162986,3,1,0.44083046485635335,1,1,0,0,0,0
CUST_0487,OFFER_1247,96,0.6931577237185144,1,1,1.0543158569090086e-05,0,0,1,0,0,0
CUST_0812,OFFER_0217,327,0.6975317979361538,2,1,0.00438461737620849,1,0,0,0,0,0
CUST_0557,OFFER_0383,539,1.2809211337017496,2,1,0.5877739531418044,1,0,0,0,0,1
CUST_2356,OFFER_0271,368,0.7101073669361997,3,1,0.01696018637625443,1,1,0,0,0,0
CUST_1216,OFFER_1171,303,0.6956654819436163,2,1,0.002518301383671054,1,0,0,0,0,0
CUST_1248,OFFER_0411,512,1.1656175742705226,3,1,0.47247039371057736,1,1,0,0,0,1
CUST_0754,OFFER_0871,414,0.7258751218980899,2,1,0.032727941338144606,1,0,0,0,0,0
CUST_0060,OFFER_0581,248,0.6938538549922892,2,1,0.000706674432343935,1,0,0,0,0,0
CUST_2143,OFFER_0217,396,0.7147395693094418,2,1,0.021592388749496497,1,0,0,0,0,0
CUST_0303,OFFER_0788,441,0.7847559276006559,3,1,0.09160874704071059,1,1,0,0,0,1
CUST_0693,OFFER_0698,442,0.7868971805599453,3,1,0.09375,1,1,0,0,0,1
CUST_1993,OFFER_1210,413,0.7411178317472941,3,1,0.04797065118734883,1,1,0,0,0,0
CUST_0303,OFFER_1180,444,1.1967961126825433,3,2,0.09818382401443378,1,1,0,0,0,0
CUST_0495,OFFER_0128,465,0.7994805756788023,2,1,0.106333395118857,1,0,0,0,0,1
CUST_0557,OFFER_1172,539,1.5748081102726519,3,1,0.8816609297127065,1,1,0,0,0,1
CUST_1200,OFFER_1180,262,0.6946120243099453,3,1,0.0014648437499999998,1,1,0,0,0,0
CUST_2512,OFFER_1180,346,1.1054134649438605,2,2,0.006801176275750971,1,0,0,0,0,0
CUST_2334,OFFER_0128,447,0.7633010585792811,2,1,0.0701538780193358,1,0,0,0,0,1
CUST_2905,OFFER_0686,469,0.8097763045020462,2,1,0.11662912394210094,1,0,0,0,0,0
CUST_0630,OFFER_0592,527,1.3613212191651998,3,1,0.6681740386052545,1,1,0,0,0,0
CUST_2375,OFFER_0592,559,1.6261801720967528,2,1,0.9330329915368075,1,0,0,0,0,0
CUST_1890,OFFER_0665,288,0.6958182425381432,3,1,0.0026710619781979013,1,1,0,0,0,0
CUST_2483,OFFER_0875,582,3.0742487585122444,3,1,2.381101577952299,1,1,0,0,0,1
CUST_0648,OFFER_1308,258,0.6944827115490443,3,1,0.0013355309890989507,1,1,0,0,0,0
CUST_1022,OFFER_0049,443,0.7571080488097437,2,1,0.06396086824979844,1,0,0,0,0,1
CUST_1156,OFFER_1120,331,0.7003609173568881,3,1,0.00721373679694287,1,1,0,0,0,0
CUST_0125,OFFER_0767,392,0.7226765801668564,3,1,0.02952939960691109,1,1,0,0,0,0
CUST_2476,OFFER_1308,289,0.6958806756523382,3,1,0.0027334950923929907,1,1,0,0,0,0
CUST_0746,OFFER_0841,434,0.7450995490688695,2,1,0.05195236850892424,1,0,0,0,0,0
CUST_2774,OFFER_0411,582,2.2805482325281448,2,1,1.5874010519681994,1,0,0,0,0,1
CUST_1576,OFFER_0665,343,1.1049580105146426,2,2,0.006345721846533097,1,0,0,0,0,0
CUST_1295,OFFER_0085,502,0.9431471805599454,2,1,0.25000000000000006,1,0,0,0,0,1
CUST_0555,OFFER_1171,434,0.7450995490688695,2,1,0.05195236850892424,1,0,0,0,0,0
CUST_1389,OFFER_0698,499,1.0430345523862479,3,1,0.3498873718263027,1,1,0,0,0,1
CUST_1410,OFFER_0077,586,2.4342483071521936,2,1,1.7411011265922482,1,0,0,0,0,1
CUST_1720,OFFER_0469,503,0.948990653559139,2,1,0.2558434729991938,1,0,0,0,0,1
CUST_1726,OFFER_0595,369,0.7047182551871841,2,1,0.01157107462723879,1,0,0,0,0,0
CUST_1269,OFFER_1186,351,0.7045982739400342,3,1,0.011451093380088826,1,1,0,0,0,0
CUST_2485,OFFER_0863,550,1.4510054638151444,2,1,0.757858283255199,1,0,0,0,0,1
CUST_2453,OFFER_0863,455,0.7775440521954572,2,1,0.08439687163551189,1,0,0,0,0,1
CUST_1595,OFFER_0217,395,0.7247960074232622,3,1,0.03164882686331695,1,1,0,0,0,0
CUST_0826,OFFER_0788,560,1.6479887844703618,2,1,0.9548416039104166,1,0,0,0,0,1
CUST_0735,OFFER_0433,532,1.4431471805599454,3,1,0.75,1,1,0,0,0,1
CUST_1929,OFFER_0306,118,0.693234819289422,5,1,8.763872947670254e-05,0,0,1,1,1,0
CUST_0519,OFFER_0665,325,0.6973337956479777,2,1,0.004186615088032396,1,0,0,0,0,0
CUST_2588,OFFER_0227,389,0.7115151165956267,2,1,0.018367936035681386,1,0,0,0,0,0
CUST_0356,OFFER_0871,425,0.7353456163777012,2,1,0.04219843581775594,1,0,0,0,0,0
CUST_0728,OFFER_0846,503,0.948990653559139,2,1,0.2558434729991938,1,0,0,0,0,0
CUST_0428,OFFER_0181,304,0.6957243444481735,2,1,0.0025771638882283094,1,0,0,0,0,0
CUST_0298,OFFER_0528,512,1.0081274430336635,2,1,0.31498026247371824,1,0,0,0,0,1
CUST_1167,OFFER_0073,318,0.6967085965308758,2,1,0.0035614159709305357,1,0,0,0,0,0
CUST_2482,OFFER_0411,453,0.773732824837419,2,1,0.0805856442774737,1,0,0,0,0,1
CUST_0495,OFFER_0493,465,0.7994805756788023,2,1,0.106333395118857,1,0,0,0,0,1
CUST_1983,OFFER_1289,455,0.7775440521954572,2,1,0.08439687163551189,1,0,0,0,0,1
CUST_1004,OFFER_1308,258,0.6940375345526779,2,1,0.0008903539927326338,1,0,0,0,0,0
CUST_0359,OFFER_0824,545,1.3683221536440402,2,1,0.675174973084095,1,0,0,0,0,1
CUST_0941,OFFER_0915,316,0.6965477686978208,2,1,0.0034005881378754853,1,0,0,0,0,0
CUST_0750,OFFER_0167,513,1.1766610462247875,3,1,0.4835138656648422,1,1,0,0,0,1
CUST_0693,OFFER_0922,442,0.7556471805599453,2,1,0.0625,1,0,0,0,0,1
CUST_0728,OFFER_1090,503,0.948990653559139,2,1,0.2558434729991938,1,0,0,0,0,0
CUST_2333,OFFER_0592,540,1.2946596986010037,2,1,0.6015125180410584,1,0,0,0,0,0
CUST_1099,OFFER_0802,426,0.7363319580589383,2,1,0.043184777498993014,1,0,0,0,0,1
CUST_0481,OFFER_0382,421,0.731620443476974,2,1,0.03847326291702865,1,0,0,0,0,0
CUST_0269,OFFER_1254,297,0.6953394892480496,2,1,0.0021923086881042446,1,0,0,0,0,0
CUST_1295,OFFER_0859,486,1.2713513986640816,2,2,0.172739109995972,1,0,0,0,0,1
CUST_2961,OFFER_0919,416,0.7445608514831309,3,1,0.0514136709231856,1,1,0,0,0,0
CUST_0707,OFFER_1241,513,1.4990036233346824,5,1,0.8058564427747371,0,0,1,0,0,1
CUST_1836,OFFER_0123,568,1.8418455355569803,2,1,1.148698354997035,1,0,0,0,0,1
CUST_0175,OFFER_0201,235,0.6936705074459494,2,1,0.0005233268860040493,1,0,0,0,0,0
CUST_0262,OFFER_0529,235,0.6936705074459494,2,1,0.0005233268860040493,1,0,0,0,0,0
CUST_2937,OFFER_0665,238,0.6937080684285962,2,1,0.0005608878686508964,1,0,0,0,0,0
CUST_0648,OFFER_0937,270,1.0997871178049086,2,2,0.0011748291367989422,1,0,0,0,0,0
CUST_0633,OFFER_0841,437,0.7766689353856021,3,1,0.08352175482565682,1,1,0,0,0,0
CUST_1825,OFFER_0869,92,0.6931567929947131,1,1,9.612434767874712e-06,0,0,1,0,0,0
CUST_0555,OFFER_1173,307,0.6959093164239553,2,1,0.0027621358640099515,1,0,0,0,0,0
CUST_0125,OFFER_0073,392,0.7226765801668564,3,1,0.02952939960691109,1,1,0,0,0,0
CUST_2175,OFFER_0871,459,0.7394314790689004,1,1,0.04628429850895515,1,1,1,0,0,0
CUST_2272,OFFER_0665,447,0.7633010585792811,2,1,0.0701538780193358,1,0,0,0,0,0
CUST_0750,OFFER_1215,447,0.798377997588949,3,1,0.10523081702900369,1,1,0,0,0,1
CUST_1398,OFFER_0032,460,0.8352456086702952,3,1,0.1420984281103499,1,1,0,0,0,1
CUST_2406,OFFER_0099,511,1.4626124389005182,5,1,0.7694652583405728,0,0,1,0,0,1
CUST_0583,OFFER_0702,220,0.6933322045548806,1,1,0.00018502399493535113,0,0,1,0,0,0
CUST_1576,OFFER_0702,343,1.1049580105146426,2,2,0.006345721846533097,1,0,0,0,0,0
CUST_2341,OFFER_0812,245,0.6938065311195977,2,1,0.0006593505596524369,1,0,0,0,0,0
CUST_0125,OFFER_0871,392,0.7128334469645526,2,1,0.019686266404607394,1,0,0,0,0,0
CUST_0915,OFFER_0553,326,0.6995738894253435,3,1,0.006426708865398204,1,1,0,0,0,0
CUST_2523,OFFER_1230,586,3.3047988704483178,3,1,2.6116516898883724,1,1,0,0,0,1
CUST_1140,OFFER_0411,496,0.9107848213839763,2,1,0.21763764082403106,1,0,0,0,0,1
CUST_0021,OFFER_0937,246,1.3873065043425232,3,3,0.0010121432226326485,1,1,0,0,0,0
CUST_0879,OFFER_0071,240,0.6937345951283448,2,1,0.0005874145683994711,1,0,0,0,0,0
CUST_1790,OFFER_0559,242,0.6940699742976613,3,1,0.0009227937377159711,1,1,0,0,0,0
CUST_0451,OFFER_0813,523,1.3023364778271218,3,1,0.6091892972671766,1,1,0,0,0,1
CUST_1841,OFFER_1294,536,1.2415596704072582,2,1,0.548412489847313,1,0,0,0,0,1
CUST_0012,OFFER_1180,263,0.6936468748431468,1,1,0.0004996942832015505,1,1,1,0,0,0
CUST_1666,OFFER_0702,353,0.70114228909117,2,1,0.007995108531224803,1,0,0,0,0,0
CUST_0416,OFFER_1034,511,1.0009332838961744,2,1,0.30778610333622913,1,0,0,0,0,1
CUST_2958,OFFER_1213,246,0.6941593237825779,3,1,0.0010121432226326485,1,1,0,0,0,0
CUST_1270,OFFER_1237,210,0.6932940342020452,1,1,0.00014685364209986775,0,0,1,0,0,0
CUST_0458,OFFER_0232,507,0.9737626926372887,2,1,0.2806155120773433,1,0,0,0,0,1
CUST_0495,OFFER_0420,510,1.3993685476886388,2,2,0.30075625902052916,1,0,0,0,0,1
CUST_2005,OFFER_1210,413,0.7411178317472941,3,1,0.04797065118734883,1,1,0,0,0,0
CUST_2181,OFFER_0503,424,0.7343818027715983,2,1,0.041234622211652944,1,0,0,0,0,0
CUST_0329,OFFER_0592,447,0.7633010585792811,2,1,0.0701538780193358,1,0,0,0,0,0
CUST_0633,OFFER_0871,437,0.7766689353856021,3,1,0.08352175482565682,1,1,0,0,0,0
CUST_2368,OFFER_0184,316,0.6982480627667585,3,1,0.005100882206813228,1,1,0,0,0,0
CUST_2819,OFFER_1180,345,0.6997930177548738,2,1,0.006645837194928558,1,0,0,0,0,0
CUST_0060,OFFER_0871,248,0.6938538549922892,2,1,0.000706674432343935,1,0,0,0,0,0
CUST_1015,OFFER_1180,536,1.6470247785154224,2,2,0.548412489847313,1,0,0,0,0,0
CUST_2066,OFFER_0167,506,0.9673534254836018,2,1,0.27420624492365653,1,0,0,0,0,1
CUST_0991,OFFER_0411,580,3.372187138433707,3,2,2.2735748497655974,1,1,0,0,0,1
CUST_1486,OFFER_0036,444,0.7586030632362345,2,1,0.06545588267628918,1,0,0,0,0,1
CUST_1793,OFFER_0325,573,2.627202643219314,3,1,1.9340554626593687,1,1,0,0,0,1
CUST_0832,OFFER_0871,360,0.7025458136543368,2,1,0.009398633094391533,1,0,0,0,0,0
CUST_1082,OFFER_0167,583,2.317651973272416,2,1,1.624504792712471,1,0,0,0,0,1
CUST_1398,OFFER_0221,460,0.7878794659668452,2,1,0.09473228540689993,1,0,0,0,0,1
CUST_0418,OFFER_0227,358,0.7021213864583596,2,1,0.008974205898414338,1,0,0,0,0,0
CUST_0073,OFFER_0863,540,1.2946596986010037,2,1,0.6015125180410584,1,0,0,0,0,1
CUST_2002,OFFER_0055,513,1.01548975766984,2,1,0.32234257710989483,1,0,0,0,0,1
CUST_2752,OFFER_1192,537,2.0962247409466617,5,1,1.4030775603867165,0,0,1,0,0,1
CUST_0487,OFFER_1120,321,0.6988727272499897,3,1,0.005725546690044412,1,1,0,0,0,0
CUST_0495,OFFER_1215,465,0.7994805756788023,2,1,0.106333395118857,1,0,0,0,0,1
CUST_2498,OFFER_1261,244,0.6941136170180309,3,1,0.0009664364580856167,1,1,0,0,0,0
CUST_2392,OFFER_0503,414,0.7258751218980899,2,1,0.032727941338144606,1,0,0,0,0,0
CUST_0312,OFFER_0005,246,0.6941593237825779,3,1,0.0010121432226326485,1,1,0,0,0,0
CUST_1534,OFFER_0073,468,1.2695602552727752,3,2,0.17094796660466563,1,1,0,0,0,0
CUST_0311,OFFER_1273,238,0.6939885123629216,3,1,0.0008413318029763446,1,1,0,0,0,0
CUST_0495,OFFER_1090,465,0.7463138781193738,1,1,0.0531666975594285,1,1,1,0,0,0
CUST_2453,OFFER_0871,458,0.8288286715699807,3,1,0.13568149101003546,1,1,0,0,0,0
CUST_2019,OFFER_1154,415,0.7266401012642044,2,1,0.033492920704259174,1,0,0,0,0,0
CUST_1837,OFFER_1237,264,0.6946813028101708,3,1,0.0015341222502255278,1,1,0,0,0,0
CUST_1885,OFFER_0503,395,0.7142463984688232,2,1,0.02109921790887797,1,0,0,0,0,0
CUST_0728,OFFER_1171,503,0.8210689170595422,1,1,0.1279217364995969,1,1,1,0,0,0
CUST_2770,OFFER_1180,432,0.7427534634339515,2,1,0.04960628287400622,1,0,0,0,0,0
CUST_1144,OFFER_1180,531,1.4260171568856297,3,1,0.7328699763256844,1,1,0,0,0,0
CUST_1168,OFFER_0850,375,0.7064388549498024,2,1,0.013291674389857115,1,0,0,0,0,0
CUST_0584,OFFER_0005,267,0.6942433349039974,2,1,0.0010961543440521223,1,0,0,0,0,0
CUST_1205,OFFER_1224,576,2.075060060527721,2,1,1.381912879967776,1,0,0,0,0,1
CUST_1644,OFFER_0073,432,0.7427534634339515,2,1,0.04960628287400622,1,0,0,0,0,0
CUST_2674,OFFER_1180,322,0.6990065555599453,3,1,0.005859375,1,1,0,0,0,0
CUST_0202,OFFER_0592,464,0.7970519175777938,2,1,0.1039047370178485,1,0,0,0,0,0
CUST_2961,OFFER_0710,416,1.1433704888514102,3,2,0.044758200183300775,1,1,0,0,0,0
CUST_1809,OFFER_1180,485,0.9463377954664809,3,1,0.2531906149065356,1,1,0,0,0,0
CUST_1543,OFFER_0529,275,0.6951252322389025,3,1,0.0019780516789573107,1,1,0,0,0,0
CUST_2299,OFFER_1144,245,0.6938065311195977,2,1,0.0006593505596524369,1,0,0,0,0,0
CUST_1458,OFFER_0871,495,0.9058139707976592,2,1,0.21266679023771393,1,0,0,0,0,0
CUST_0841,OFFER_0313,296,0.6952894168484114,2,1,0.0021422362884660675,1,0,0,0,0,0
CUST_0841,OFFER_0942,296,0.6952894168484114,2,1,0.0021422362884660675,1,0,0,0,0,0
CUST_1355,OFFER_0227,489,0.9708529716136762,3,1,0.2777057910537309,1,1,0,0,0,0
CUST_1558,OFFER_1090,312,0.6962475732395706,2,1,0.0031003926796253907,1,0,0,0,0,0
CUST_1915,OFFER_0167,563,1.71652107255672,2,1,1.0233738919967748,1,0,0,0,0,1
CUST_1139,OFFER_0633,249,0.6938703727241478,2,1,0.0007231921642024241,1,0,0,0,0,0
CUST_0788,OFFER_1091,543,1.3378323347797347,2,1,0.6446851542197896,1,0,0,0,0,1
CUST_1044,OFFER_0812,283,0.6947336110215786,2,1,0.001586430461633274,1,0,0,0,0,0
CUST_1102,OFFER_1254,294,0.6951926768935793,2,1,0.002045496333634037,1,0,0,0,0,0
CUST_2264,OFFER_0788,564,1.740441303380572,2,1,1.0472941228206267,1,0,0,0,0,1
CUST_0988,OFFER_0525,529,1.3929219242125508,3,1,0.6997747436526056,1,1,0,0,0,1
CUST_0237,OFFER_1227,567,2.376840253024005,3,1,1.6836930724640595,1,1,0,0,0,0
CUST_1841,OFFER_0307,536,1.2415596704072582,2,1,0.548412489847313,1,0,0,0,0,1
CUST_1295,OFFER_0872,486,0.8658862905559173,2,1,0.172739109995972,1,0,0,0,0,1
CUST_0498,OFFER_0049,533,1.2048341265583329,2,1,0.5116869459983876,1,0,0,0,0,1
CUST_1668,OFFER_0521,292,0.6951003055599453,2,1,0.001953125,1,0,0,0,0,0
CUST_2274,OFFER_0184,315,0.6981315584561417,3,1,0.004984377896196417,1,1,0,0,0,0
CUST_1180,OFFER_0859,487,0.8699238758565822,2,1,0.1767766952966369,1,0,0,0,0,1
CUST_0446,OFFER_0917,568,1.8418455355569803,2,1,1.148698354997035,1,0,0,0,0,1
CUST_0380,OFFER_0851,573,2.627202643219314,3,1,1.9340554626593687,1,1,0,0,0,0
CUST_0086,OFFER_0503,431,0.7658570912709016,3,1,0.07270991071095632,1,1,0,0,0,0
CUST_1767,OFFER_1257,532,1.1931471805599454,2,1,0.5,1,0,0,0,0,1
CUST_0693,OFFER_0352,442,0.7556471805599453,2,1,0.0625,1,0,0,0,0,1
CUST_0303,OFFER_0437,441,0.7542196785870857,2,1,0.06107249802714039,1,0,0,0,0,1
CUST_0458,OFFER_1262,507,1.5195355567841244,3,2,0.420923268116015,1,1,0,0,0,1
CUST_2050,OFFER_0437,548,1.778599108640229,3,1,1.0854519280802837,0,1,0,0,0,1
CUST_1142,OFFER_0184,318,0.6984893045163411,3,1,0.0053421239563958035,1,1,0,0,0,0
CUST_1787,OFFER_1171,426,0.7579243468084348,3,1,0.06477716624848952,1,1,0,0,0,0
CUST_2725,OFFER_0690,312,1.1032628776875477,3,2,0.004650589019438086,1,1,0,0,0,0
CUST_1164,OFFER_1180,260,0.6945458743156734,3,1,0.00139869375572815,1,1,0,0,0,0
CUST_1347,OFFER_0525,464,0.7970519175777938,2,1,0.1039047370178485,1,0,0,0,0,1
CUST_0264,OFFER_1232,553,1.9115257750942987,3,1,1.2183785945343533,1,1,0,0,0,0
CUST_0446,OFFER_0265,568,1.8418455355569803,2,1,1.148698354997035,1,0,0,0,0,1
CUST_2266,OFFER_0503,430,0.7641963946151202,3,1,0.07104921405517493,1,1,0,0,0,0
CUST_1191,OFFER_0356,260,0.694079643063764,2,1,0.0009324625038187667,1,0,0,0,0,0
CUST_0866,OFFER_1289,517,1.2234772664498559,3,1,0.5303300858899107,1,1,0,0,0,1
CUST_0369,OFFER_0167,567,2.376840253024005,3,1,1.6836930724640595,1,1,0,0,0,1
CUST_0988,OFFER_0788,529,1.159663676328349,2,1,0.4665164957684037,1,0,0,0,0,1
CUST_0832,OFFER_1131,360,0.7072451302015326,3,1,0.0140979496415873,1,1,0,0,0,0
CUST_1295,OFFER_0980,486,0.8658862905559173,2,1,0.172739109995972,1,0,0,0,0,1
CUST_1040,OFFER_1131,323,0.6991435119583639,3,1,0.005996331398418608,1,1,0,0,0,0
CUST_2879,OFFER_0740,98,0.6931582223479507,1,1,1.1041788005373969e-05,0,0,1,0,0,0
CUST_1238,OFFER_0690,313,1.1033715800530093,3,2,0.004759291384899822,1,1,0,0,0,0
CUST_2007,OFFER_1247,102,0.69315929146885,1,1,1.2110908904786676e-05,0,0,1,0,0,0
CUST_1158,OFFER_0740,257,0.6935821896996622,1,1,0.0004350091397169624,0,0,1,0,0,0
CUST_1095,OFFER_1310,394,0.7137644916657717,2,1,0.02061731110582648,1,0,0,0,0,0
CUST_2002,OFFER_0445,513,1.01548975766984,2,1,0.32234257710989483,1,0,0,0,0,1
CUST_2306,OFFER_1308,324,1.1047487776690117,3,2,0.006136489000902112,1,1,0,0,0,0
CUST_0735,OFFER_0079,532,1.1931471805599454,2,1,0.5,1,0,0,0,0,1
CUST_1602,OFFER_0633,233,0.6936468748431468,2,1,0.0004996942832015505,1,0,0,0,0,0
CUST_0902,OFFER_0073,324,0.6972381732272134,2,1,0.004090992667268075,1,0,0,0,0,0
CUST_1079,OFFER_1247,23,0.6931491324907391,1,1,1.9519307937560554e-06,0,0,1,0,0,0
CUST_1651,OFFER_0788,442,0.7556471805599453,2,1,0.0625,1,0,0,0,0,1
CUST_0442,OFFER_1090,400,0.7168302519116703,2,1,0.02368307135172498,1,0,0,0,0,0
CUST_1410,OFFER_1091,586,3.3047988704483178,3,1,2.6116516898883724,1,1,0,0,0,1
CUST_0222,OFFER_0841,428,0.7383743442299571,2,1,0.04522716367001182,1,0,0,0,0,0
CUST_1422,OFFER_0788,443,0.789088482934643,3,1,0.09594130237469765,1,1,0,0,0,1
CUST_0495,OFFER_1034,510,1.3993685476886388,2,2,0.30075625902052916,1,0,0,0,0,1
CUST_0223,OFFER_1289,531,1.1817271647770682,2,1,0.48857998421712295,1,0,0,0,0,1
CUST_1604,OFFER_0914,531,1.4260171568856297,3,1,0.7328699763256844,1,1,0,0,0,1
CUST_1295,OFFER_0071,199,0.693261076188795,1,1,0.00011389562884970791,0,0,1,0,0,0
CUST_1139,OFFER_0928,249,0.6938703727241478,2,1,0.0007231921642024241,1,0,0,0,0,0
CUST_2071,OFFER_0184,326,0.6995738894253435,3,1,0.006426708865398204,1,1,0,0,0,0
CUST_0796,OFFER_0503,404,0.7191233648144074,2,1,0.025976184254462117,1,0,0,0,0,0
CUST_2829,OFFER_0227,252,0.6939222787298517,2,1,0.0007750981699063482,1,0,0,0,0,0
CUST_2334,OFFER_0521,279,0.6945935648883501,2,1,0.0014463843284048482,1,0,0,0,0,0
CUST_0060,OFFER_1308,248,0.6938538549922892,2,1,0.000706674432343935,1,0,0,0,0,0
CUST_0839,OFFER_0665,405,0.7197305293396595,2,1,0.026583348779714234,1,0,0,0,0,0
CUST_1836,OFFER_0167,568,2.416194713055498,3,1,1.7230475324955528,1,1,0,0,0,1
CUST_2032,OFFER_1246,249,0.6938703727241478,2,1,0.0007231921642024241,1,0,0,0,0,0
CUST_0270,OFFER_0313,234,0.6936585546433538,2,1,0.0005113740834085093,1,0,0,0,0,0
CUST_0048,OFFER_1090,416,0.7274229611754024,2,1,0.034275780615457066,1,0,0,0,0,0
CUST_2680,OFFER_0868,552,1.486847706544045,2,1,0.7937005259840997,1,0,0,0,0,1
CUST_1311,OFFER_0592,460,0.7878794659668452,2,1,0.09473228540689993,1,0,0,0,0,0
CUST_0483,OFFER_0005,256,0.6944224011116485,3,1,0.0012752205517033066,1,1,0,0,0,0
CUST_0474,OFFER_0556,90,0.6931563589125765,1,1,9.178352631241748e-06,0,0,1,0,0,0
CUST_1190,OFFER_0503,406,1.1394193463226154,3,2,0.0408070576545058,1,1,0,0,0,0
CUST_2619,OFFER_1059,283,0.6947336110215786,2,1,0.001586430461633274,1,0,0,0,0,0
CUST_0187,OFFER_1102,573,2.627202643219314,3,1,1.9340554626593687,1,1,0,0,0,1
CUST_0053,OFFER_1180,444,1.4844781851343243,3,3,0.09818382401443378,1,1,0,0,0,0
CUST_1793,OFFER_1125,573,1.9825174889995245,2,1,1.2893703084395791,1,0,0,0,0,1
CUST_1323,OFFER_0863,576,2.075060060527721,2,1,1.381912879967776,1,0,0,0,0,1
CUST_2481,OFFER_1289,560,2.12540958642557,3,1,1.4322624058656248,1,1,0,0,0,1
CUST_0718,OFFER_1034,512,1.1656175742705226,3,1,0.47247039371057736,1,1,0,0,0,1
CUST_1596,OFFER_1171,244,0.6937914715320024,2,1,0.0006442909720570778,1,0,0,0,0,0
CUST_2771,OFFER_1090,441,0.7542196785870857,2,1,0.06107249802714039,1,0,0,0,0,0
CUST_0171,OFFER_1186,352,0.7009596805599453,2,1,0.007812500000000002,1,0,0,0,0,0
CUST_1826,OFFER_0788,580,2.2088637470703434,2,1,1.5157165665103982,1,0,0,0,0,1
CUST_0504,OFFER_1308,266,0.6942182987041783,2,1,0.0010711181442330337,1,0,0,0,0,0
CUST_2299,OFFER_1308,245,0.694136206399424,3,1,0.0009890258394786554,1,1,0,0,0,0
CUST_1836,OFFER_1289,515,1.0307346671019928,2,1,0.33758748654204745,1,0,0,0,0,1
CUST_2765,OFFER_0553,325,0.6994271031919939,3,1,0.006279922632048594,1,1,0,0,0,0
CUST_0270,OFFER_0071,234,0.6936585546433538,2,1,0.0005113740834085093,1,0,0,0,0,0
CUST_0690,OFFER_1235,427,0.8036326151203433,5,1,0.11048543456039804,0,0,1,0,0,1
CUST_2797,OFFER_0469,509,0.9870341571308475,2,1,0.29388697657090224,1,0,0,0,0,1
CUST_2775,OFFER_0282,552,1.8836979695360947,3,1,1.1905507889761495,0,1,0,0,0,1
CUST_0701,OFFER_0871,469,0.8097763045020462,2,1,0.11662912394210094,1,0,0,0,0,0
CUST_0446,OFFER_0049,568,1.8418455355569803,2,1,1.148698354997035,1,0,0,0,0,1
CUST_1398,OFFER_0534,460,0.7878794659668452,2,1,0.09473228540689993,1,0,0,0,0,1
CUST_2299,OFFER_1237,245,0.6938065311195977,2,1,0.0006593505596524369,1,0,0,0,0,0
CUST_1271,OFFER_0325,545,1.3683221536440402,2,1,0.675174973084095,1,0,0,0,0,1
CUST_0451,OFFER_1171,523,1.099273378738063,2,1,0.4061261981781178,1,0,0,0,0,0
CUST_0451,OFFER_0411,523,1.099273378738063,2,1,0.4061261981781178,1,0,0,0,0,1
CUST_1746,OFFER_0863,515,1.0307346671019928,2,1,0.33758748654204745,1,0,0,0,0,1
CUST_2590,OFFER_0818,484,0.8580856694065571,2,1,0.1649384888466118,1,0,0,0,0,1
CUST_0752,OFFER_1140,258,0.6940375345526779,2,1,0.0008903539927326338,1,0,0,0,0,0
CUST_0050,OFFER_0437,568,1.8418455355569803,2,1,1.148698354997035,1,0,0,0,0,1
CUST_1114,OFFER_0167,574,2.0126550913328396,2,1,1.3195079107728942,1,0,0,0,0,1
CUST_0822,OFFER_1261,165,0.6931991011630306,1,1,5.192060308537942e-05,0,0,1,0,0,0
CUST_0495,OFFER_0049,465,0.7994805756788023,2,1,0.106333395118857,1,0,0,0,0,1
CUST_2775,OFFER_0352,464,0.7970519175777938,2,1,0.1039047370178485,1,0,0,0,0,1
CUST_0447,OFFER_0851,574,2.6724090467192867,3,1,1.9792618661593413,1,1,0,0,0,0
CUST_0021,OFFER_1246,241,0.6937483252930239,2,1,0.0006011447330785723,1,0,0,0,0,0
CUST_2495,OFFER_0313,319,0.6967918406831359,2,1,0.0036446601231906544,1,0,0,0,0,0
CUST_0218,OFFER_0411,583,3.129904369628652,3,1,2.4367571890687065,0,1,0,0,0,1
CUST_1247,OFFER_0705,520,1.0720763221875447,2,1,0.3789291416275995,1,0,0,0,0,1
CUST_0149,OFFER_0850,282,0.6954724750696644,3,1,0.0023252945097190425,1,1,0,0,0,0
CUST_2919,OFFER_0784,448,0.8008376513409173,3,1,0.10769047078097205,1,1,0,0,0,1
CUST_1295,OFFER_0469,502,0.9431471805599454,2,1,0.25000000000000006,1,0,0,0,0,1
CUST_2441,OFFER_0752,523,1.099273378738063,2,1,0.4061261981781178,1,0,0,0,0,0
CUST_1698,OFFER_0313,317,0.696627253677681,2,1,0.0034800731177357,1,0,0,0,0,0
CUST_2050,OFFER_0710,391,0.7220021277477168,3,1,0.02885494718777146,1,1,0,0,0,0
CUST_0872,OFFER_1186,305,0.6971032839178599,3,1,0.003956103357914618,1,1,0,0,0,0
CUST_1911,OFFER_1237,260,0.694079643063764,2,1,0.0009324625038187667,1,0,0,0,0,0
CUST_1768,OFFER_0385,234,0.6936585546433538,2,1,0.0005113740834085093,1,0,0,0,0,0
CUST_0478,OFFER_0437,530,1.4092783834927576,3,1,0.7161312029328124,0,1,0,0,0,1
CUST_0584,OFFER_1180,267,0.6947914120760235,3,1,0.0016442315160781836,1,1,0,0,0,0
CUST_1028,OFFER_1135,446,0.7616987417908594,2,1,0.0685515612309141,1,0,0,0,0,1
CUST_2418,OFFER_0600,443,0.8530493511844414,5,1,0.15990217062449608,0,0,1,0,0,1
CUST_1518,OFFER_0915,328,0.6976342835091525,2,1,0.004487102949207173,1,0,0,0,0,0
CUST_2620,OFFER_0841,436,0.747556590765953,2,1,0.054409410206007786,1,0,0,0,0,0
CUST_0140,OFFER_0129,523,1.3023364778271218,3,1,0.6091892972671766,1,1,0,0,0,0
CUST_0807,OFFER_0851,567,1.8156092288693184,2,1,1.122462048309373,1,0,0,0,0,0
CUST_0046,OFFER_0850,387,0.7106856500647792,2,1,0.017538469504833964,1,0,0,0,0,0
CUST_1065,OFFER_0813,446,0.7616987417908594,2,1,0.0685515612309141,1,0,0,0,0,1
CUST_0741,OFFER_0379,570,1.896172216642062,2,1,1.2030250360821166,1,0,0,0,0,1
CUST_0617,OFFER_0272,268,0.694268956297247,2,1,0.001121775737301793,1,0,0,0,0,0
CUST_2499,OFFER_0816,489,0.8782843745957659,2,1,0.1851371940358206,1,0,0,0,0,0
CUST_0292,OFFER_1247,42,0.6931502082871714,1,1,3.027727226196668e-06,0,0,1,0,0,0
CUST_1659,OFFER_0399,440,0.7528247808043463,2,1,0.059677600244401045,1,0,0,0,0,1
CUST_1211,OFFER_0909,425,0.7986432701043351,5,1,0.10549608954438985,0,0,1,0,0,1
CUST_2210,OFFER_1180,407,1.1125325811390523,1,2,0.013920292470942803,1,1,1,0,0,0
CUST_1621,OFFER_0702,247,0.694182981508949,3,1,0.0010358009490037325,1,1,0,0,0,0
CUST_2531,OFFER_0752,479,0.8400906688453964,2,1,0.14694348828545112,1,0,0,0,0,0
CUST_0975,OFFER_0921,588,2.516592157676379,2,1,1.8234449771164336,1,0,0,0,0,1
CUST_1706,OFFER_1289,496,0.9107848213839763,2,1,0.21763764082403106,1,0,0,0,0,1
CUST_0264,OFFER_0559,238,0.6939885123629216,3,1,0.0008413318029763446,1,1,0,0,0,0
CUST_0298,OFFER_1204,512,1.1656175742705226,3,1,0.47247039371057736,1,1,0,0,0,1
CUST_0082,OFFER_0739,530,1.4092783834927576,3,1,0.7161312029328124,1,1,0,0,0,1
CUST_2680,OFFER_1235,552,1.486847706544045,2,1,0.7937005259840997,1,0,0,0,0,1
CUST_2680,OFFER_0282,552,1.486847706544045,2,1,0.7937005259840997,1,0,0,0,0,1
CUST_0911,OFFER_1120,318,0.6984893045163411,3,1,0.0053421239563958035,1,1,0,0,0,0
CUST_0754,OFFER_0592,414,0.7258751218980899,2,1,0.032727941338144606,1,0,0,0,0,0
CUST_0915,OFFER_1128,468,0.8071124916297223,2,1,0.11396531106977709,1,0,0,0,0,1
CUST_2388,OFFER_0901,444,0.7913310045743791,3,1,0.09818382401443378,1,1,0,0,0,0
CUST_2323,OFFER_0690,310,0.6975877564383938,3,1,0.0044405758784484325,1,1,0,0,0,0
CUST_2974,OFFER_1090,376,0.7067495331114473,2,1,0.013602352551501943,1,0,0,0,0,0
CUST_2117,OFFER_0702,273,0.6937767559058631,1,1,0.0006295753459177635,1,1,1,0,0,0
CUST_2024,OFFER_0358,570,2.49768473468312,3,1,1.804537554123175,1,1,0,0,0,1
CUST_1596,OFFER_0937,244,0.6937914715320024,2,1,0.0006442909720570778,1,0,0,0,0,0
CUST_2123,OFFER_0411,532,1.5986122886681096,2,2,0.5,1,0,0,0,0,1
CUST_1155,OFFER_0071,245,0.6938065311195977,2,1,0.0006593505596524369,1,0,0,0,0,0
CUST_0019,OFFER_0525,494,0.9009566545956422,2,1,0.2078094740356969,1,0,0,0,0,1
CUST_2974,OFFER_1180,375,0.7064388549498024,2,1,0.013291674389857115,1,0,0,0,0,0
CUST_1083,OFFER_0824,515,1.537115896915064,5,1,0.8439687163551186,0,0,1,0,0,1
CUST_2285,OFFER_0167,505,0.9610905461940187,2,1,0.26794336563407334,1,0,0,0,0,1
CUST_1246,OFFER_0863,570,1.896172216642062,2,1,1.2030250360821166,1,0,0,0,0,1
CUST_0744,OFFER_1289,469,0.8097763045020462,2,1,0.11662912394210094,1,0,0,0,0,1
CUST_2181,OFFER_0919,424,0.7343818027715983,2,1,0.041234622211652944,1,0,0,0,0,0
CUST_0157,OFFER_1210,443,0.789088482934643,3,1,0.09594130237469765,1,1,0,0,0,0
CUST_0975,OFFER_0049,588,3.428314646234596,3,1,2.7351674656746505,1,1,0,0,0,1
CUST_1746,OFFER_0698,515,1.0307346671019928,2,1,0.33758748654204745,1,0,0,0,0,1
CUST_1261,OFFER_0503,418,0.7290440041536026,2,1,0.03589682359365736,1,0,0,0,0,0
CUST_0735,OFFER_0650,532,1.1931471805599454,2,1,0.5,1,0,0,0,0,1
CUST_0373,OFFER_0788,516,1.2113645105478614,3,1,0.518217329987916,1,1,0,0,0,1
CUST_1032,OFFER_0260,422,0.7325197133691601,2,1,0.03937253280921481,1,0,0,0,0,1
CUST_0516,OFFER_0676,565,2.300807374364385,3,1,1.6076601938044397,1,1,0,0,0,0
CUST_1635,OFFER_1308,46,0.6931505014467987,1,1,3.320886853394029e-06,0,0,1,0,0,0
CUST_0662,OFFER_0328,216,0.6933158710970507,1,1,0.00016869053710544143,0,0,1,0,0,0
CUST_2029,OFFER_0915,328,0.699877834983756,3,1,0.006730654423810759,1,1,0,0,0,0
CUST_1060,OFFER_0850,341,0.7022359193988148,3,1,0.009088738838869546,1,1,0,0,0,0
CUST_2915,OFFER_0702,285,0.6948086398586775,2,1,0.0016614592987321405,1,0,0,0,0,0
CUST_0446,OFFER_0788,568,1.8418455355569803,2,1,1.148698354997035,1,0,0,0,0,1
CUST_1841,OFFER_0788,536,1.6470247785154224,2,2,0.548412489847313,1,0,0,0,0,1
CUST_0476,OFFER_1247,46,0.6931505014467987,1,1,3.320886853394029e-06,0,0,1,0,0,0
CUST_0048,OFFER_0850,416,0.7274229611754024,2,1,0.034275780615457066,1,0,0,0,0,0
CUST_2452,OFFER_1210,433,1.1493780634403743,2,2,0.05076577477226472,1,0,0,0,0,0
CUST_1951,OFFER_0307,447,0.798377997588949,3,1,0.10523081702900369,1,1,0,0,0,1
CUST_0523,OFFER_0937,247,0.6938377145259478,2,1,0.0006905339660024883,1,0,0,0,0,0
CUST_0027,OFFER_0411,538,1.2674963580584628,2,1,0.5743491774985175,1,0,0,0,0,1
CUST_1698,OFFER_0102,325,1.1048922113001582,3,2,0.006279922632048594,1,1,0,0,0,0
CUST_2929,OFFER_1323,489,0.8782843745957659,2,1,0.1851371940358206,1,0,0,0,0,1
CUST_2444,OFFER_1180,341,0.7022359193988148,3,1,0.009088738838869546,1,1,0,0,0,0
CUST_0456,OFFER_0071,244,0.6937914715320024,2,1,0.0006442909720570778,1,0,0,0,0,0
CUST_1730,OFFER_0411,515,1.0307346671019928,2,1,0.33758748654204745,1,0,0,0,0,1
CUST_1197,OFFER_0901,439,0.780619023516521,3,1,0.0874718429565757,1,1,0,0,0,0
CUST_0554,OFFER_0992,563,1.71652107255672,2,1,1.0233738919967748,1,0,0,0,0,1
CUST_0443,OFFER_1090,445,0.7601330219684637,2,1,0.06698584140851835,1,0,0,0,0,0
CUST_1248,OFFER_0469,512,1.0081274430336635,2,1,0.31498026247371824,1,0,0,0,0,1
CUST_0763,OFFER_0420,570,1.896172216642062,2,1,1.2030250360821166,1,0,0,0,0,1
CUST_0495,OFFER_0739,465,0.8526472732382309,3,1,0.15950009267828552,1,1,0,0,0,1
CUST_2307,OFFER_0073,346,0.6965477686978208,1,1,0.0034005881378754853,0,0,1,0,0,0
CUST_0513,OFFER_0592,430,0.7168302519116703,1,1,0.02368307135172498,0,0,1,0,0,0
CUST_0866,OFFER_0411,573,2.3879825971076887,3,2,1.2893703084395791,1,1,0,0,0,1
CUST_0740,OFFER_1215,588,2.516592157676379,2,1,1.8234449771164336,1,0,0,0,0,1
CUST_0666,OFFER_0651,312,1.1032628776875477,3,2,0.004650589019438086,1,1,0,0,0,0
CUST_0180,OFFER_0107,561,2.158887133211314,3,1,1.4657399526513688,1,1,0,0,0,1
CUST_0735,OFFER_0129,518,1.0549644899200399,2,1,0.3618173093600946,1,0,0,0,0,0
CUST_2341,OFFER_0937,245,0.6938065311195977,2,1,0.0006593505596524369,1,0,0,0,0,0
CUST_2336,OFFER_0382,420,0.7307417129375114,2,1,0.03759453237756615,1,0,0,0,0,0
CUST_2354,OFFER_0748,153,0.6931865290190652,1,1,3.9348459119860236e-05,0,0,1,0,0,0
CUST_0311,OFFER_0928,238,0.6937080684285962,2,1,0.0005608878686508964,1,0,0,0,0,0
CUST_0233,OFFER_0569,394,0.7446904583245115,5,1,0.0515432777645662,0,0,1,0,0,1
CUST_0557,OFFER_0319,539,1.5748081102726519,3,1,0.8816609297127065,1,1,0,0,0,1
CUST_1889,OFFER_0529,308,0.695973878289321,2,1,0.0028266977293757403,1,0,0,0,0,0
CUST_0548,OFFER_0676,560,2.12540958642557,3,1,1.4322624058656248,1,1,0,0,0,0
CUST_1690,OFFER_0698,520,1.0720763221875447,2,1,0.3789291416275995,1,0,0,0,0,1
CUST_0167,OFFER_1090,393,0.7132935916293137,2,1,0.02014641106936842,1,0,0,0,0,0
CUST_2278,OFFER_0841,410,0.7379053807432461,3,1,0.044758200183300775,1,1,0,0,0,0
CUST_2531,OFFER_0686,479,0.8400906688453964,2,1,0.14694348828545112,1,0,0,0,0,0
CUST_2036,OFFER_0915,311,0.6961767601729018,2,1,0.003029579612956515,1,0,0,0,0,0
CUST_1978,OFFER_1154,432,0.7427534634339515,2,1,0.04960628287400622,1,0,0,0,0,0
CUST_2117,OFFER_0871,273,0.6950359065976985,3,1,0.0018887260377532904,1,1,0,0,0,0
CUST_2944,OFFER_0574,288,0.6958182425381432,3,1,0.0026710619781979013,1,1,0,0,0,0
CUST_1411,OFFER_0871,287,0.6948872171188132,2,1,0.0017400365588678497,1,0,0,0,0,0
CUST_0869,OFFER_1180,256,0.6939973275944141,2,1,0.0008501470344688711,1,0,0,0,0,0
CUST_0495,OFFER_0807,465,0.7994805756788023,2,1,0.106333395118857,1,0,0,0,0,1
CUST_1458,OFFER_0957,495,1.012147365916516,3,1,0.3190001853565709,1,1,0,0,0,1
CUST_1576,OFFER_0581,286,0.6948474746288831,2,1,0.0017002940689377424,1,0,0,0,0,0
CUST_1181,OFFER_0690,313,0.6963200414832118,2,1,0.003172860923266548,1,0,0,0,0,0
CUST_2929,OFFER_0352,489,0.8782843745957659,2,1,0.1851371940358206,1,0,0,0,0,1
CUST_0124,OFFER_0877,575,2.0434971267281354,2,1,1.35034994616819,1,0,0,0,0,1
CUST_0515,OFFER_0841,395,0.7142463984688232,2,1,0.02109921790887797,1,0,0,0,0,0
CUST_1705,OFFER_0769,589,2.55921316363356,2,1,1.8660659830736148,1,0,0,0,0,1
CUST_2719,OFFER_1215,507,1.8001510688614677,5,2,0.7015387801933582,0,0,1,0,0,1
CUST_0289,OFFER_0272,20,0.6931490017757731,1,1,1.8212158277710288e-06,0,0,1,0,0,0
CUST_1060,OFFER_0009,341,0.6992063397858583,2,1,0.00605915922591303,1,0,0,0,0,0
CUST_1153,OFFER_0916,561,1.1817271647770682,1,1,0.48857998421712295,0,0,1,0,0,0
CUST_1727,OFFER_0233,519,1.0634215686315862,2,1,0.37027438807164104,1,0,0,0,0,1
CUST_0147,OFFER_0167,512,1.0081274430336635,2,1,0.31498026247371824,1,0,0,0,0,1
CUST_1128,OFFER_1154,412,0.7400221805599453,3,1,0.04687500000000002,1,1,0,0,0,0
CUST_1030,OFFER_0528,442,0.7556471805599453,2,1,0.0625,1,0,0,0,0,1
CUST_1460,OFFER_1247,37,0.69314987795825,1,1,2.697398304697216e-06,0,0,1,0,0,0
CUST_0866,OFFER_0129,517,1.2234772664498559,3,1,0.5303300858899107,1,1,0,0,0,0
CUST_0557,OFFER_0732,539,1.5748081102726519,3,1,0.8816609297127065,1,1,0,0,0,1
CUST_0021,OFFER_0357,241,0.6940488976595631,3,1,0.0009017170996178585,1,1,0,0,0,0
CUST_2397,OFFER_0469,503,0.948990653559139,2,1,0.2558434729991938,1,0,0,0,0,1
CUST_0975,OFFER_0265,588,2.516592157676379,2,1,1.8234449771164336,1,0,0,0,0,1
CUST_1113,OFFER_0411,562,1.6931471805599454,2,1,1.0,1,0,0,0,0,1
CUST_1549,OFFER_0919,437,0.7488283504437165,2,1,0.05568116988377121,1,0,0,0,0,0
CUST_2619,OFFER_0779,288,1.1030640586317728,5,2,0.004451769963663169,0,0,1,0,1,0
CUST_2498,OFFER_0877,460,0.7878794659668452,2,1,0.09473228540689993,1,0,0,0,0,1
CUST_0264,OFFER_0850,413,0.7251276146848445,2,1,0.03198043412489922,1,0,0,0,0,0
CUST_1062,OFFER_1308,267,0.6942433349039974,2,1,0.0010961543440521223,1,0,0,0,0,0
CUST_1144,OFFER_0167,537,1.254378204714632,2,1,0.5612310241546866,1,0,0,0,0,1
CUST_2943,OFFER_0762,451,0.7700937063940025,2,1,0.07694652583405727,1,0,0,0,0,1
CUST_2933,OFFER_1140,284,0.6955824478338011,3,1,0.002435267273855823,1,1,0,0,0,0
CUST_1065,OFFER_0411,446,0.7616987417908594,2,1,0.0685515612309141,1,0,0,0,0,1
CUST_1476,OFFER_0503,429,0.7394314790689004,2,1,0.04628429850895514,1,0,0,0,0,0
CUST_1242,OFFER_1173,435,0.7463138781193738,2,1,0.053166697559428495,1,0,0,0,0,0
CUST_0241,OFFER_1090,422,0.7325197133691601,2,1,0.03937253280921481,1,0,0,0,0,0
CUST_0303,OFFER_0049,441,0.7542196785870857,2,1,0.06107249802714039,1,0,0,0,0,1
CUST_1249,OFFER_1310,437,0.7766689353856021,3,1,0.08352175482565682,1,1,0,0,0,0
CUST_2488,OFFER_0325,540,1.2946596986010037,2,1,0.6015125180410584,1,0,0,0,0,1
CUST_2117,OFFER_1180,273,0.6950359065976985,3,1,0.0018887260377532904,1,1,0,0,0,0
CUST_1659,OFFER_0411,440,0.7528247808043463,2,1,0.059677600244401045,1,0,0,0,0,1
CUST_1809,OFFER_0871,485,0.9463377954664809,3,1,0.2531906149065356,1,1,0,0,0,0
CUST_0598,OFFER_0005,256,0.6939973275944141,2,1,0.0008501470344688711,1,0,0,0,0,0
CUST_1968,OFFER_1215,590,3.557671992291195,3,1,2.8645248117312496,1,1,0,0,0,1
CUST_1954,OFFER_0282,531,1.4260171568856297,3,1,0.7328699763256844,1,1,0,0,0,1
CUST_2509,OFFER_0071,220,0.6933322045548806,1,1,0.00018502399493535113,0,0,1,0,0,0
CUST_2224,OFFER_0928,269,0.6948691745632904,3,1,0.0017219940033451294,1,1,0,0,0,0
CUST_0763,OFFER_0863,570,2.49768473468312,3,1,1.804537554123175,1,1,0,0,0,1
CUST_0123,OFFER_0073,362,0.7079118803634008,3,1,0.014764699803455543,1,1,0,0,0,0
CUST_0495,OFFER_0698,465,0.7994805756788023,2,1,0.106333395118857,1,0,0,0,0,1
CUST_1741,OFFER_0411,581,2.24429194239368,2,1,1.5511447618337346,1,0,0,0,0,1
CUST_2980,OFFER_0686,481,0.8470402322280599,2,1,0.15389305166811457,1,0,0,0,0,0
CUST_1728,OFFER_1036,552,1.8836979695360947,3,1,1.1905507889761495,1,1,0,0,0,1
CUST_1020,OFFER_0411,581,2.24429194239368,2,1,1.5511447618337346,1,0,0,0,0,1
CUST_1889,OFFER_0181,308,0.695973878289321,2,1,0.0028266977293757403,1,0,0,0,0,0
CUST_1787,OFFER_0919,426,0.7363319580589383,2,1,0.043184777498993014,1,0,0,0,0,0
CUST_0180,OFFER_0614,561,1.6703071489941912,2,1,0.9771599684342459,1,0,0,0,0,1
CUST_0787,OFFER_0559,234,0.693914241685058,3,1,0.0007670611251127639,1,1,0,0,0,0
CUST_0149,OFFER_1131,282,0.694697376899758,2,1,0.0015501963398126951,1,0,0,0,0,0
CUST_2566,OFFER_1180,330,0.6978464971071411,2,1,0.004699316547195766,1,0,0,0,0,0
CUST_1864,OFFER_0651,310,0.6961075644789109,2,1,0.0029603839189656215,1,0,0,0,0,0
CUST_0312,OFFER_0665,292,0.6941237430599453,1,1,0.0009765625,1,1,1,0,0,0
CUST_2534,OFFER_0365,234,0.693914241685058,3,1,0.0007670611251127639,1,1,0,0,0,0
CUST_0531,OFFER_0908,460,0.7878794659668452,2,1,0.09473228540689993,1,0,0,0,0,0
CUST_0498,OFFER_0319,533,1.2048341265583329,2,1,0.5116869459983876,1,0,0,0,0,1
CUST_2388,OFFER_0325,444,0.7913310045743791,3,1,0.09818382401443378,1,1,0,0,0,1
CUST_1030,OFFER_1097,442,0.7556471805599453,2,1,0.0625,1,0,0,0,0,1
CUST_2453,OFFER_1062,464,0.849004286086718,3,1,0.15585710552677273,1,1,0,0,0,1
CUST_0780,OFFER_0752,527,1.138596539630115,2,1,0.44544935907016964,1,0,0,0,0,0
CUST_0725,OFFER_0592,446,0.7959745224063164,3,1,0.10282734184637116,1,1,0,0,0,0
CUST_0498,OFFER_0411,533,1.2048341265583329,2,1,0.5116869459983876,1,0,0,0,0,1
CUST_0303,OFFER_1308,299,0.6965911685666355,3,1,0.0034439880066902593,1,1,0,0,0,0
CUST_1049,OFFER_1171,496,0.8019660009719608,1,1,0.10881882041201553,1,1,1,0,0,0
CUST_0124,OFFER_0739,575,2.7186720998122302,3,1,2.025524919252285,1,1,0,0,0,1
CUST_0709,OFFER_0841,429,0.7625736283233779,3,1,0.06942644776343271,1,1,0,0,0,0
CUST_0025,OFFER_1247,30,0.6931494751481031,1,1,2.2945881578104366e-06,0,0,1,0,0,0
CUST_0557,OFFER_1290,539,1.5748081102726519,3,1,0.8816609297127065,1,1,0,0,0,1
CUST_0262,OFFER_0250,235,0.6936705074459494,2,1,0.0005233268860040493,1,0,0,0,0,0
CUST_1576,OFFER_1090,343,0.6994929024064784,2,1,0.006345721846533097,1,0,0,0,0,0
CUST_1335,OFFER_0197,572,1.9530682304548184,2,1,1.2599210498948732,1,0,0,0,0,1
CUST_2448,OFFER_0009,273,0.6944063312517809,2,1,0.001259150691835527,1,0,0,0,0,0
CUST_1746,OFFER_0762,515,1.0307346671019928,2,1,0.33758748654204745,1,0,0,0,0,1
CUST_0766,OFFER_0990,156,0.6931893531942216,1,1,4.217263427636035e-05,0,0,1,0,0,0
CUST_2419,OFFER_1241,456,0.9090710680549103,5,1,0.215923887494965,0,0,1,0,0,1
CUST_0793,OFFER_0167,574,2.0126550913328396,2,1,1.3195079107728942,1,0,0,0,0,1
CUST_1030,OFFER_0004,442,0.7556471805599453,2,1,0.0625,1,0,0,0,0,1
CUST_0264,OFFER_1171,512,1.1656175742705226,3,1,0.47247039371057736,1,1,0,0,0,0
CUST_0264,OFFER_0846,512,1.1656175742705226,3,1,0.47247039371057736,1,1,0,0,0,0
CUST_2298,OFFER_1202,490,0.977344036780645,3,1,0.2841968562206997,1,1,0,0,0,1
CUST_2453,OFFER_1090,458,0.783601507899969,2,1,0.09045432734002365,1,0,0,0,0,0
CUST_1741,OFFER_1289,581,2.24429194239368,2,1,1.5511447618337346,1,0,0,0,0,1
CUST_0212,OFFER_0313,342,0.7024483585988215,3,1,0.009301178038876173,1,1,0,0,0,0
CUST_1271,OFFER_0788,545,1.3683221536440402,2,1,0.675174973084095,1,0,0,0,0,1
CUST_0787,OFFER_1180,234,0.6936585546433538,2,1,0.0005113740834085093,1,0,0,0,0,0
CUST_1014,OFFER_0841,396,0.7147395693094418,2,1,0.021592388749496497,1,0,0,0,0,0
CUST_1628,OFFER_0704,444,0.8567868872506683,5,1,0.16363970669072297,0,0,1,0,0,1
CUST_0592,OFFER_1180,273,0.6944063312517809,2,1,0.001259150691835527,1,0,0,0,0,0
CUST_1030,OFFER_1128,442,0.7868971805599453,3,1,0.09375,1,1,0,0,0,1
CUST_0605,OFFER_1090,481,0.7700937063940025,1,1,0.07694652583405728,1,1,1,0,0,0
CUST_0988,OFFER_0592,529,1.3929219242125508,3,1,0.6997747436526056,1,1,0,0,0,0
CUST_0117,OFFER_0871,369,0.6989327178735647,1,1,0.005785537313619395,1,1,1,0,0,0
CUST_1267,OFFER_0928,235,0.6939321708889513,3,1,0.0007849903290060739,1,1,0,0,0,0
CUST_1485,OFFER_0503,412,0.7400221805599453,3,1,0.04687500000000002,1,1,0,0,0,0
CUST_2146,OFFER_0217,340,0.6990679483978766,2,1,0.005920767837931243,1,0,0,0,0,0
CUST_0766,OFFER_0581,157,0.6931903389328204,1,1,4.315837287515547e-05,0,0,1,0,0,0
CUST_0264,OFFER_0085,494,1.0048613916134905,3,1,0.31171421105354535,1,1,0,0,0,1
CUST_1576,OFFER_1186,343,0.6994929024064784,2,1,0.006345721846533097,1,0,0,0,0,0
CUST_2514,OFFER_0863,583,2.317651973272416,2,1,1.624504792712471,1,0,0,0,0,1
CUST_1591,OFFER_0503,393,0.7132935916293137,2,1,0.02014641106936842,1,0,0,0,0,0
CUST_1018,OFFER_0071,214,0.6933082533029595,1,1,0.00016107274301426942,0,0,1,0,0,0
CUST_2123,OFFER_0665,522,1.28842257504802,3,1,0.5952753944880749,1,1,0,0,0,0
CUST_0666,OFFER_0690,312,1.1032628776875477,3,2,0.004650589019438086,1,1,0,0,0,0
CUST_0879,OFFER_0005,240,0.6937345951283448,2,1,0.0005874145683994711,1,0,0,0,0,0
CUST_0209,OFFER_0676,562,2.1931471805599454,3,1,1.5,1,1,0,0,0,0
CUST_2188,OFFER_0070,456,0.9090710680549103,5,1,0.215923887494965,0,0,1,0,0,1
CUST_0763,OFFER_0877,570,1.896172216642062,2,1,1.2030250360821166,1,0,0,0,0,1
CUST_0750,OFFER_1091,447,0.7633010585792811,2,1,0.0701538780193358,1,0,0,0,0,1
CUST_0866,OFFER_0813,517,1.0467005711532191,2,1,0.3535533905932738,1,0,0,0,0,1
CUST_0140,OFFER_1200,523,1.3023364778271218,3,1,0.6091892972671766,1,1,0,0,0,1
CUST_2999,OFFER_0665,303,0.6944063312517809,1,1,0.001259150691835527,1,1,1,0,0,0
CUST_1813,OFFER_0698,495,0.9058139707976592,2,1,0.21266679023771393,1,0,0,0,0,1
CUST_0495,OFFER_0877,465,0.7994805756788023,2,1,0.106333395118857,1,0,0,0,0,1
CUST_2564,OFFER_0005,233,0.6938967219847476,3,1,0.0007495414248023257,1,1,0,0,0,0
CUST_2027,OFFER_1067,237,0.6936952577319714,2,1,0.0005480771720260616,1,0,0,0,0,0
CUST_0557,OFFER_0796,539,1.2809211337017496,2,1,0.5877739531418044,1,0,0,0,0,1
CUST_1247,OFFER_0863,520,1.0720763221875447,2,1,0.3789291416275995,1,0,0,0,0,1
CUST_1973,OFFER_0469,513,1.01548975766984,2,1,0.32234257710989483,1,0,0,0,0,1
CUST_1478,OFFER_0456,489,0.9708529716136762,3,1,0.2777057910537309,1,1,0,0,0,1
CUST_1707,OFFER_0665,462,0.7427534634339515,1,1,0.04960628287400623,1,1,1,0,0,0
CUST_2071,OFFER_0529,326,0.6995738894253435,3,1,0.006426708865398204,1,1,0,0,0,0
CUST_2024,OFFER_0167,570,2.49768473468312,3,1,1.804537554123175,1,1,0,0,0,1
CUST_1940,OFFER_0529,321,0.6969642116866416,2,1,0.003817031126696275,1,0,0,0,0,0
CUST_0106,OFFER_0282,536,1.5157659153309146,3,1,0.8226187347709695,1,1,0,0,0,1
CUST_1247,OFFER_0059,520,1.0720763221875447,2,1,0.3789291416275995,1,0,0,0,0,0
CUST_1200,OFFER_0812,262,0.6941237430599453,2,1,0.0009765624999999999,1,0,0,0,0,0
CUST_2567,OFFER_0503,400,0.7286717875875327,3,1,0.03552460702758747,1,1,0,0,0,0
CUST_2959,OFFER_1254,302,0.6956079638605213,2,1,0.0024607833005759233,1,0,0,0,0,0
CUST_2426,OFFER_0129,523,1.3023364778271218,3,1,0.6091892972671766,1,1,0,0,0,0
CUST_1128,OFFER_0850,412,0.7243971805599453,2,1,0.031250000000000014,1,0,0,0,0,0
CUST_0735,OFFER_0525,532,1.1931471805599454,2,1,0.5,1,0,0,0,0,1
CUST_0495,OFFER_0079,465,0.7994805756788023,2,1,0.106333395118857,1,0,0,0,0,1
CUST_2795,OFFER_0352,512,1.5602914436724533,3,2,0.4616791550043437,1,1,0,0,0,1
CUST_2959,OFFER_0493,576,2.075060060527721,2,1,1.381912879967776,1,0,0,0,0,1
CUST_1065,OFFER_0651,309,0.6960399492167549,2,1,0.002892768656809697,1,0,0,0,0,0
CUST_0048,OFFER_1154,416,0.7274229611754024,2,1,0.034275780615457066,1,0,0,0,0,0
CUST_0264,OFFER_0031,553,1.9115257750942987,3,1,1.2183785945343533,1,1,0,0,0,0
CUST_2060,OFFER_0529,232,0.6938796024349453,3,1,0.0007324218750000004,1,1,0,0,0,0
CUST_0718,OFFER_0167,512,1.0081274430336635,2,1,0.31498026247371824,1,0,0,0,0,1
CUST_1682,OFFER_0503,432,0.7675566048709546,3,1,0.07440942431100933,1,1,0,0,0,0
CUST_0262,OFFER_1273,235,0.6936705074459494,2,1,0.0005233268860040493,1,0,0,0,0,0
CUST_1044,OFFER_0310,283,0.6947336110215786,2,1,0.001586430461633274,1,0,0,0,0,0
CUST_0535,OFFER_0310,283,0.6947336110215786,2,1,0.001586430461633274,1,0,0,0,0,0
CUST_0709,OFFER_0503,429,0.7625736283233779,3,1,0.06942644776343271,1,1,0,0,0,0
CUST_2188,OFFER_1202,396,0.7471281524336866,5,1,0.05398097187374124,0,0,1,0,0,1
CUST_2175,OFFER_0352,460,0.7878794659668452,2,1,0.09473228540689993,1,0,0,0,0,1
CUST_1030,OFFER_0922,442,0.7556471805599453,2,1,0.0625,1,0,0,0,0,1
CUST_1082,OFFER_0358,583,2.317651973272416,2,1,1.624504792712471,1,0,0,0,0,1
CUST_2495,OFFER_0102,319,0.6986141707447313,3,1,0.005466990184785981,1,1,0,0,0,0
CUST_0495,OFFER_0433,465,0.7994805756788023,2,1,0.106333395118857,1,0,0,0,0,1
CUST_0495,OFFER_0917,465,0.7994805756788023,2,1,0.106333395118857,1,0,0,0,0,1
CUST_1836,OFFER_0411,568,1.8418455355569803,2,1,1.148698354997035,1,0,0,0,0,1
CUST_2658,OFFER_0096,541,1.6165054905686325,3,1,0.9233583100086873,1,1,0,0,0,1
CUST_2029,OFFER_1210,451,0.7700937063940025,2,1,0.07694652583405727,1,0,0,0,0,0
CUST_0420,OFFER_0901,426,0.7579243468084348,3,1,0.06477716624848952,1,1,0,0,0,0
CUST_0147,OFFER_1034,512,1.0081274430336635,2,1,0.31498026247371824,1,0,0,0,0,1
CUST_2828,OFFER_0217,419,0.729883052631308,2,1,0.03673587207136277,1,0,0,0,0,0
CUST_2071,OFFER_0102,326,0.6995738894253435,3,1,0.006426708865398204,1,1,0,0,0,0
CUST_1242,OFFER_0919,435,0.772897226899088,3,1,0.07975004633914275,1,1,0,0,0,0
CUST_2207,OFFER_0325,543,1.6601749118896296,3,1,0.9670277313296843,1,1,0,0,0,1
CUST_2272,OFFER_0871,447,0.7633010585792811,2,1,0.0701538780193358,1,0,0,0,0,0
CUST_0888,OFFER_1237,232,0.6936354618099453,2,1,0.0004882812500000003,1,0,0,0,0,0
CUST_2643,OFFER_0690,310,0.6975877564383938,3,1,0.0044405758784484325,1,1,0,0,0,0
CUST_2584,OFFER_0942,297,0.6964356435921016,3,1,0.003288463032156367,1,1,0,0,0,0
CUST_0557,OFFER_0268,539,1.5748081102726519,3,1,0.8816609297127065,1,1,0,0,0,1
CUST_1044,OFFER_0272,283,0.6947336110215786,2,1,0.001586430461633274,1,0,0,0,0,0
CUST_2485,OFFER_0868,550,1.4510054638151444,2,1,0.757858283255199,1,0,0,0,0,1
CUST_2919,OFFER_0244,448,0.76494082774726,2,1,0.0717936471873147,1,0,0,0,0,1
CUST_1462,OFFER_0915,326,0.6995738894253435,3,1,0.006426708865398204,1,1,0,0,0,0
CUST_1951,OFFER_0863,447,0.798377997588949,3,1,0.10523081702900369,1,1,0,0,0,1
CUST_2306,OFFER_0553,323,1.1042070636910222,3,2,0.005594775022912596,1,1,0,0,0,0
CUST_1458,OFFER_0980,495,1.012147365916516,3,1,0.3190001853565709,1,1,0,0,0,1
CUST_1068,OFFER_0382,413,0.7091373976223949,1,1,0.01599021706244961,1,1,1,0,0,0
CUST_1406,OFFER_0851,585,2.3944815024616566,2,1,1.7013343219017114,1,0,0,0,0,0
CUST_0391,OFFER_1180,296,0.6963605349926444,3,1,0.0032133544326991012,1,1,0,0,0,0
CUST_2729,OFFER_0411,566,1.7899721602545715,2,1,1.0968249796946261,1,0,0,0,0,1
CUST_0298,OFFER_0085,512,1.0081274430336635,2,1,0.31498026247371824,1,0,0,0,0,1
CUST_2680,OFFER_0980,552,1.486847706544045,2,1,0.7937005259840997,1,0,0,0,0,1
CUST_2770,OFFER_0411,585,3.2451486634125124,3,1,2.552001482852567,0,1,0,0,0,1
CUST_1267,OFFER_1101,235,0.6936705074459494,2,1,0.0005233268860040493,1,0,0,0,0,0
CUST_1375,OFFER_0073,414,0.7422390925671623,3,1,0.04909191200721691,1,1,0,0,0,0
CUST_2835,OFFER_1247,117,0.6931643079715711,1,1,1.7127411625814418e-05,0,0,1,0,0,0
CUST_2896,OFFER_0833,491,0.8870402757891621,2,1,0.1938930952292168,1,0,0,0,0,1
CUST_2977,OFFER_0206,82,0.6931548099544765,1,1,7.629394531250002e-06,0,0,1,0,0,0
CUST_0675,OFFER_0581,200,0.6932637383729227,1,1,0.00011655781297734571,0,0,1,0,0,0
CUST_1972,OFFER_0934,538,1.2674963580584628,2,1,0.5743491774985175,1,0,0,0,0,1
CUST_2233,OFFER_0629,516,1.0386254005518893,2,1,0.34547821999194406,1,0,0,0,0,1
CUST_1256,OFFER_0071,242,0.6940699742976613,3,1,0.0009227937377159711,1,1,0,0,0,0
CUST_2678,OFFER_0592,453,0.773732824837419,2,1,0.0805856442774737,1,0,0,0,0,0
CUST_2673,OFFER_1180,454,0.7756164249832512,2,1,0.0824692444233059,1,0,0,0,0,0
CUST_1351,OFFER_0877,531,1.1817271647770682,2,1,0.48857998421712295,1,0,0,0,0,1
CUST_1576,OFFER_1059,314,0.6963942035917531,2,1,0.0032470230318077642,1,0,0,0,0,0
CUST_0933,OFFER_0788,496,0.9107848213839763,2,1,0.21763764082403106,1,0,0,0,0,1
CUST_1345,OFFER_0382,411,0.7389515540803006,3,1,0.04580437352035527,1,1,0,0,0,0
CUST_2292,OFFER_0352,449,0.7666189247026709,2,1,0.07347174414272556,1,0,0,0,0,1
CUST_0228,OFFER_1292,518,1.0549644899200399,2,1,0.3618173093600946,1,0,0,0,0,1
CUST_1761,OFFER_0411,503,0.948990653559139,2,1,0.2558434729991938,1,0,0,0,0,1
CUST_2535,OFFER_0325,442,0.7868971805599453,3,1,0.09375,1,1,0,0,0,1
CUST_1892,OFFER_0953,528,1.1490084248390537,2,1,0.45586124427910846,1,0,0,0,0,1
CUST_2394,OFFER_0922,453,0.773732824837419,2,1,0.0805856442774737,1,0,0,0,0,1
CUST_0226,OFFER_0129,517,1.0467005711532191,2,1,0.3535533905932738,1,0,0,0,0,0
CUST_1228,OFFER_0081,586,2.4342483071521936,2,1,1.7411011265922482,1,0,0,0,0,1
CUST_1855,OFFER_0740,115,0.6931635345251329,1,1,1.6353965187626563e-05,0,0,1,0,0,0
CUST_2957,OFFER_0863,585,2.3944815024616566,2,1,1.7013343219017114,1,0,0,0,0,1
CUST_2849,OFFER_0071,236,0.6936827396320618,2,1,0.0005355590721165173,1,0,0,0,0,0
CUST_0500,OFFER_0319,518,1.0549644899200399,2,1,0.3618173093600946,1,0,0,0,0,1
CUST_2187,OFFER_0558,76,0.6931538223336521,1,1,6.641773706788058e-06,0,0,1,0,0,0
CUST_0193,OFFER_0992,586,2.4342483071521936,2,1,1.7411011265922482,1,0,0,0,0,1
CUST_1112,OFFER_0553,321,0.6988727272499897,3,1,0.005725546690044412,1,1,0,0,0,0
CUST_2453,OFFER_0401,311,0.6961767601729018,2,1,0.003029579612956515,1,0,0,0,0,0
CUST_1481,OFFER_1180,469,0.7514617425309957,1,1,0.05831456197105047,0,0,1,0,0,0
CUST_1027,OFFER_0740,103,0.6931595745479268,1,1,1.2393987981509934e-05,0,0,1,0,0,0
CUST_0180,OFFER_0079,496,1.019603641795992,3,1,0.3264564612360466,1,1,0,0,0,1
CUST_1273,OFFER_1290,522,1.0899974435519952,2,1,0.3968502629920499,1,0,0,0,0,1
CUST_1128,OFFER_0005,268,0.694829844165898,3,1,0.0016826636059526895,1,1,0,0,0,0
CUST_2676,OFFER_1131,341,0.6992063397858583,2,1,0.00605915922591303,1,0,0,0,0,0
CUST_2918,OFFER_0919,423,0.7334400026986821,2,1,0.04029282213873684,1,0,0,0,0,0
CUST_1694,OFFER_0788,533,1.2048341265583329,2,1,0.5116869459983876,1,0,0,0,0,1
CUST_1039,OFFER_0272,299,0.6954431725644055,2,1,0.002295992004460173,1,0,0,0,0,0
CUST_1431,OFFER_0739,572,2.583028755402255,3,1,1.8898815748423097,1,1,0,0,0,1
CUST_0130,OFFER_0851,576,1.3841036205438333,1,1,0.690956439983888,1,1,1,0,0,0
CUST_1978,OFFER_1247,111,0.6931620908377839,1,1,1.4910277838657327e-05,0,0,1,0,0,0
CUST_2273,OFFER_0651,312,0.6977977695793833,3,1,0.004650589019438086,1,1,0,0,0,0
CUST_1332,OFFER_0520,518,1.0549644899200399,2,1,0.3618173093600946,1,0,0,0,0,1
CUST_1808,OFFER_1120,320,0.6968770305752203,2,1,0.003729850015275064,1,0,0,0,0,0
CUST_2095,OFFER_1180,449,0.8033547967740337,3,1,0.11020761621408834,1,1,0,0,0,0
CUST_1821,OFFER_0690,310,0.6975877564383938,3,1,0.0044405758784484325,1,1,0,0,0,0
CUST_1140,OFFER_0227,451,0.7700937063940025,2,1,0.07694652583405727,1,0,0,0,0,0
CUST_1145,OFFER_0282,588,2.516592157676379,2,1,1.8234449771164336,1,0,0,0,0,1
CUST_1717,OFFER_0251,579,2.1742447328465095,2,1,1.4810975522865644,1,0,0,0,0,1
CUST_0951,OFFER_0358,571,1.9242915939048615,2,1,1.2311444133449163,1,0,0,0,0,1
CUST_2072,OFFER_1059,417,0.7282241195696132,2,1,0.0350769390096679,1,0,0,0,0,0
CUST_1418,OFFER_0049,492,0.9907848778039827,3,1,0.29763769724403744,1,1,0,0,0,1
CUST_1761,OFFER_0167,503,0.948990653559139,2,1,0.2558434729991938,1,0,0,0,0,1
CUST_2095,OFFER_0908,449,0.729883052631308,1,1,0.03673587207136278,1,1,1,0,0,0
CUST_1972,OFFER_1125,538,1.2674963580584628,2,1,0.5743491774985175,1,0,0,0,0,1
CUST_1332,OFFER_0859,489,1.1559901656494969,5,1,0.4628429850895515,1,1,1,0,0,1
CUST_0493,OFFER_0863,529,1.159663676328349,2,1,0.4665164957684037,1,0,0,0,0,1
CUST_2076,OFFER_1289,565,1.7649206430962385,2,1,1.0717734625362931,1,0,0,0,0,1
CUST_0096,OFFER_0903,567,1.8156092288693184,2,1,1.122462048309373,1,0,0,0,0,1
CUST_2142,OFFER_0076,440,0.7826635809265469,3,1,0.08951640036660156,1,1,0,0,0,1
CUST_2535,OFFER_0871,442,0.7556471805599453,2,1,0.0625,1,0,0,0,0,0
CUST_1497,OFFER_0160,431,0.7416204543672495,2,1,0.048473273807304214,1,0,0,0,0,1
CUST_1225,OFFER_0793,554,1.5243850767027332,2,1,0.8312378961427878,1,0,0,0,0,1
CUST_1585,OFFER_1006,538,1.2674963580584628,2,1,0.5743491774985175,1,0,0,0,0,0
CUST_0214,OFFER_0665,415,0.7098936409120749,1,1,0.016746460352129587,1,1,1,0,0,0
CUST_0492,OFFER_0752,493,0.8962102796490042,2,1,0.20306309908905892,1,0,0,0,0,0
CUST_0561,OFFER_0665,431,1.1470855624754137,2,2,0.048473273807304214,1,1,1,0,0,0
CUST_0096,OFFER_1205,567,1.8156092288693184,2,1,1.122462048309373,1,0,0,0,0,1
CUST_0805,OFFER_1128,499,0.9264054284441471,2,1,0.2332582478842018,1,0,0,0,0,1
CUST_2223,OFFER_0698,505,1.0950622290110554,3,1,0.40191504845111004,1,1,0,0,0,1
CUST_0500,OFFER_1230,518,1.0549644899200399,2,1,0.3618173093600946,1,0,0,0,0,1
CUST_0874,OFFER_0145,34,0.6931496973215548,1,1,2.516761609597963e-06,0,0,1,0,0,0
CUST_0984,OFFER_1170,486,0.8658862905559173,2,1,0.172739109995972,1,0,0,0,0,1
CUST_0177,OFFER_0592,425,0.7142463984688232,1,1,0.02109921790887797,1,1,1,0,0,0
CUST_1088,OFFER_0533,523,1.099273378738063,2,1,0.4061261981781178,1,0,0,0,0,1
CUST_1892,OFFER_0352,528,1.1490084248390537,2,1,0.45586124427910846,1,0,0,0,0,1
CUST_2460,OFFER_1131,277,0.6945282484919503,2,1,0.0013810679320049755,1,0,0,0,0,0
CUST_1145,OFFER_1235,588,2.516592157676379,2,1,1.8234449771164336,1,0,0,0,0,1
CUST_0774,OFFER_0057,365,0.7195212029460427,5,1,0.026374022386097457,0,0,1,0,0,1
CUST_1664,OFFER_0788,588,2.516592157676379,2,1,1.8234449771164336,1,0,0,0,0,1
CUST_1839,OFFER_0720,490,0.882611751373745,2,1,0.18946457081379978,1,0,0,0,0,1
CUST_2926,OFFER_0271,371,0.7052654990117714,2,1,0.012118318451826062,1,0,0,0,0,0
CUST_2044,OFFER_1131,334,0.6983015083364019,2,1,0.005154327776456619,1,0,0,0,0,0
CUST_0386,OFFER_0532,575,2.7186720998122302,3,1,2.025524919252285,1,1,0,0,0,1
CUST_1576,OFFER_0633,314,0.6963942035917531,2,1,0.0032470230318077642,1,0,0,0,0,0
CUST_1579,OFFER_0686,484,0.8580856694065571,2,1,0.1649384888466118,1,0,0,0,0,0
CUST_2078,OFFER_0031,560,2.12540958642557,3,1,1.4322624058656248,1,1,0,0,0,0
CUST_2302,OFFER_1180,350,0.6968770305752203,1,1,0.003729850015275064,1,1,1,0,0,0
CUST_2049,OFFER_1011,527,1.3613212191651998,3,1,0.6681740386052545,1,1,0,0,0,1
CUST_0212,OFFER_1145,500,0.9318575815375494,2,1,0.2387104009776041,1,0,0,0,0,1
CUST_0414,OFFER_0942,299,0.6954431725644055,2,1,0.002295992004460173,1,0,0,0,0,0
CUST_0805,OFFER_1125,499,0.9264054284441471,2,1,0.2332582478842018,1,0,0,0,0,1
CUST_0372,OFFER_0184,319,0.6967918406831359,2,1,0.0036446601231906544,1,0,0,0,0,0
CUST_0933,OFFER_0525,496,0.9107848213839763,2,1,0.21763764082403106,1,0,0,0,0,1
CUST_2753,OFFER_0690,310,0.6961075644789109,2,1,0.0029603839189656215,1,0,0,0,0,0
CUST_2148,OFFER_0282,552,1.8836979695360947,3,1,1.1905507889761495,0,1,0,0,0,1
CUST_1076,OFFER_1102,588,2.516592157676379,2,1,1.8234449771164336,1,0,0,0,0,1
CUST_1687,OFFER_1067,235,0.6939321708889513,3,1,0.0007849903290060739,1,1,0,0,0,0
CUST_0177,OFFER_0665,425,0.7353456163777012,2,1,0.04219843581775594,1,0,0,0,0,0
CUST_0975,OFFER_0851,586,3.3047988704483178,3,1,2.6116516898883724,1,1,0,0,0,0
CUST_1717,OFFER_1235,579,2.1742447328465095,2,1,1.4810975522865644,1,0,0,0,0,1
CUST_2091,OFFER_0877,573,1.9825174889995245,2,1,1.2893703084395791,1,0,0,0,0,1
CUST_0242,OFFER_0411,565,1.7649206430962385,2,1,1.0717734625362931,1,0,0,0,0,1
CUST_2685,OFFER_1308,345,0.6964700991574095,1,1,0.003322918597464279,1,1,1,0,0,0
CUST_0667,OFFER_0382,422,0.7325197133691601,2,1,0.03937253280921481,1,0,0,0,0,0
CUST_2641,OFFER_0863,542,1.6380879679811002,3,1,0.9449407874211548,1,1,0,0,0,1
CUST_0952,OFFER_0493,568,1.8418455355569803,2,1,1.148698354997035,1,0,0,0,0,1
CUST_2515,OFFER_0863,542,1.3231077055073819,2,1,0.6299605249474366,1,0,0,0,0,1
CUST_0805,OFFER_0762,499,0.9264054284441471,2,1,0.2332582478842018,1,0,0,0,0,1
CUST_2306,OFFER_1180,341,0.6992063397858583,2,1,0.00605915922591303,1,0,0,0,0,0
CUST_0415,OFFER_0411,585,3.2451486634125124,3,1,2.552001482852567,1,1,0,0,0,1
CUST_2777,OFFER_0665,418,0.7290440041536026,2,1,0.03589682359365736,1,0,0,0,0,0
CUST_1845,OFFER_1144,252,0.6939222787298517,2,1,0.0007750981699063482,1,0,0,0,0,0
CUST_2379,OFFER_0525,457,0.7815355282082638,2,1,0.08838834764831845,1,0,0,0,0,1
CUST_0894,OFFER_0992,553,1.5053995769161808,2,1,0.8122523963562356,1,0,0,0,0,1
CUST_1519,OFFER_1144,239,0.6940081775616178,3,1,0.0008609970016725654,1,1,0,0,0,0
CUST_0330,OFFER_0425,519,1.0634215686315862,2,1,0.37027438807164104,1,0,0,0,0,0
CUST_1127,OFFER_0992,575,2.0434971267281354,2,1,1.35034994616819,1,0,0,0,0,1
CUST_0463,OFFER_0005,252,0.6943098278148048,3,1,0.0011626472548595223,1,1,0,0,0,0
CUST_0834,OFFER_0592,465,0.8526472732382309,3,1,0.15950009267828552,1,1,0,0,0,0
CUST_0060,OFFER_1237,253,0.6939403957907619,2,1,0.0007932152308166369,1,0,0,0,0,0
CUST_2641,OFFER_0099,542,1.3231077055073819,2,1,0.6299605249474366,1,0,0,0,0,1
CUST_1211,OFFER_0337,440,0.8423411811709479,5,1,0.1491940006110026,0,0,1,0,0,1
CUST_1973,OFFER_0592,518,1.0549644899200399,2,1,0.3618173093600946,1,0,0,0,0,0
CUST_1548,OFFER_1237,257,0.6944522079790961,3,1,0.001305027419150887,1,1,0,0,0,0
CUST_1644,OFFER_1192,513,1.01548975766984,2,1,0.32234257710989483,1,0,0,0,0,1
CUST_2493,OFFER_0888,453,0.8140256469761559,3,1,0.12087846641621054,1,1,0,0,0,1
CUST_2377,OFFER_1247,78,0.6931541364505135,1,1,6.9558905682236974e-06,0,0,1,0,0,0
CUST_1529,OFFER_1140,299,0.6954431725644055,2,1,0.002295992004460173,1,0,0,0,0,0
CUST_1894,OFFER_1084,390,0.7119444467487284,2,1,0.018797266188783066,1,0,0,0,0,0
CUST_0341,OFFER_0665,240,0.6937345951283448,2,1,0.0005874145683994711,1,0,0,0,0,0
CUST_2732,OFFER_0863,517,1.0467005711532191,2,1,0.3535533905932738,1,0,0,0,0,1
CUST_0913,OFFER_0382,410,0.7080665806210455,1,1,0.01491940006110026,1,1,1,0,0,0
CUST_0093,OFFER_0503,424,0.7343818027715983,2,1,0.041234622211652944,1,0,0,0,0,0
CUST_1342,OFFER_1186,311,0.6961767601729018,2,1,0.003029579612956515,1,0,0,0,0,0
CUST_2161,OFFER_0922,518,1.0549644899200399,2,1,0.3618173093600946,1,0,0,0,0,1
CUST_0739,OFFER_1095,444,0.7913310045743791,3,1,0.09818382401443378,1,1,0,0,0,0
CUST_0386,OFFER_0824,575,2.7186720998122302,3,1,2.025524919252285,1,1,0,0,0,1
CUST_1806,OFFER_1180,398,0.7157607623949512,2,1,0.02261358183500591,1,0,0,0,0,0
CUST_0228,OFFER_0085,518,1.0549644899200399,2,1,0.3618173093600946,1,0,0,0,0,1
CUST_2255,OFFER_0530,561,2.0757722571023556,2,2,0.9771599684342459,1,0,0,0,0,1
CUST_1418,OFFER_0343,492,0.8915723120559702,2,1,0.19842513149602495,1,0,0,0,0,1
CUST_0414,OFFER_0529,299,0.6965911685666355,3,1,0.0034439880066902593,1,1,0,0,0,0
CUST_2919,OFFER_1106,441,0.7847559276006559,3,1,0.09160874704071059,1,1,0,0,0,1
CUST_1318,OFFER_1289,515,1.0307346671019928,2,1,0.33758748654204745,1,0,0,0,0,1
CUST_0805,OFFER_0810,499,0.9264054284441471,2,1,0.2332582478842018,1,0,0,0,0,1
CUST_2719,OFFER_0863,512,1.480597836744241,5,1,0.7874506561842955,0,0,1,0,0,1
CUST_0180,OFFER_0061,496,1.019603641795992,3,1,0.3264564612360466,1,1,0,0,0,1
CUST_0739,OFFER_0871,444,0.7586030632362345,2,1,0.06545588267628918,1,0,0,0,0,0
CUST_1340,OFFER_0480,213,0.6933045743964247,1,1,0.00015739383647944097,0,0,1,0,0,0
CUST_0648,OFFER_0167,583,2.317651973272416,2,1,1.624504792712471,1,0,0,0,0,1
CUST_1717,OFFER_1125,579,2.1742447328465095,2,1,1.4810975522865644,1,0,0,0,0,1
CUST_0339,OFFER_0916,528,1.1490084248390537,2,1,0.45586124427910846,1,0,0,0,0,0
CUST_1144,OFFER_0370,546,1.7295818405357775,3,1,1.036434659975832,1,1,0,0,0,1
CUST_1743,OFFER_1180,439,0.7514617425309957,2,1,0.05831456197105046,1,0,0,0,0,0
CUST_1975,OFFER_0411,561,1.6703071489941912,2,1,0.9771599684342459,1,0,0,0,0,1
CUST_1972,OFFER_1289,538,1.2674963580584628,2,1,0.5743491774985175,1,0,0,0,0,1
CUST_2451,OFFER_0382,414,0.7095111512290175,1,1,0.016363970669072303,1,1,1,0,0,0
CUST_2980,OFFER_0889,231,0.6938628738962008,3,1,0.0007156933362555519,1,1,0,0,0,0
CUST_1176,OFFER_0859,486,0.8658862905559173,2,1,0.172739109995972,1,0,0,0,0,1
CUST_2919,OFFER_0525,441,0.7542196785870857,2,1,0.06107249802714039,1,0,0,0,0,1
CUST_2974,OFFER_0503,437,0.7766689353856021,3,1,0.08352175482565682,1,1,0,0,0,0
CUST_1839,OFFER_0221,490,0.882611751373745,2,1,0.18946457081379978,1,0,0,0,0,1
CUST_1273,OFFER_1045,522,1.28842257504802,3,1,0.5952753944880749,1,1,0,0,0,1
CUST_1067,OFFER_0437,530,1.1705679825151536,2,1,0.47742080195520825,1,0,0,0,0,1
CUST_2471,OFFER_0901,425,0.7142463984688232,1,1,0.02109921790887797,1,1,1,0,0,0
CUST_0458,OFFER_0059,470,0.8125023810487473,2,1,0.11935520048880205,1,0,0,0,0,0
CUST_0818,OFFER_1247,100,0.6931587445596288,1,1,1.1563999683459462e-05,0,0,1,0,0,0
CUST_1761,OFFER_0128,503,0.948990653559139,2,1,0.2558434729991938,1,0,0,0,0,1
CUST_1972,OFFER_1323,538,1.2674963580584628,2,1,0.5743491774985175,1,0,0,0,0,1
CUST_1441,OFFER_0184,315,0.6964700991574095,2,1,0.0033229185974642784,1,0,0,0,0,0
CUST_2255,OFFER_0914,561,1.6703071489941912,2,1,0.9771599684342459,1,0,0,0,0,1
CUST_2255,OFFER_0161,561,1.6703071489941912,2,1,0.9771599684342459,1,0,0,0,0,1
CUST_2301,OFFER_0952,12,0.6931547498780107,5,1,7.56931806549167e-06,0,0,0,0,1,0
CUST_2450,OFFER_1123,447,0.7633010585792811,2,1,0.0701538780193358,1,0,0,0,0,1
CUST_1087,OFFER_0129,523,1.3023364778271218,3,1,0.6091892972671766,1,1,0,0,0,0
CUST_1529,OFFER_0591,299,0.6965911685666355,3,1,0.0034439880066902593,1,1,0,0,0,0
CUST_0259,OFFER_0559,238,0.6939885123629216,3,1,0.0008413318029763446,1,1,0,0,0,0
CUST_0096,OFFER_0788,556,1.5636977438560695,2,1,0.8705505632961241,1,0,0,0,0,1
CUST_1273,OFFER_0354,522,1.0899974435519952,2,1,0.3968502629920499,1,0,0,0,0,1
CUST_0134,OFFER_0559,261,0.6941014383416193,2,1,0.0009542577816740685,1,0,0,0,0,0
CUST_1060,OFFER_0071,241,0.6937483252930239,2,1,0.0006011447330785723,1,0,0,0,0,0
CUST_0972,OFFER_1154,430,0.7641963946151202,3,1,0.07104921405517493,1,1,0,0,0,0
CUST_1136,OFFER_0167,505,0.9610905461940187,2,1,0.26794336563407334,1,0,0,0,0,1
CUST_0805,OFFER_1171,440,0.7528247808043463,2,1,0.059677600244401045,1,0,0,0,0,0
CUST_1154,OFFER_0304,248,0.6938538549922892,2,1,0.000706674432343935,1,0,0,0,0,0
CUST_1516,OFFER_1308,275,0.6944658816792502,2,1,0.0013187011193048737,1,0,0,0,0,0
CUST_0077,OFFER_0073,287,0.6948872171188132,2,1,0.0017400365588678497,1,0,0,0,0,0
CUST_0943,OFFER_0420,553,1.5053995769161808,2,1,0.8122523963562356,1,0,0,0,0,1
CUST_0264,OFFER_0643,452,0.7718922461783748,2,1,0.07874506561842959,1,0,0,0,0,1
CUST_1412,OFFER_1289,443,0.789088482934643,3,1,0.09594130237469765,1,1,0,0,0,1
CUST_2128,OFFER_0160,430,0.7405133232633953,2,1,0.04736614270344996,1,0,0,0,0,1
CUST_2115,OFFER_0071,240,0.6937345951283448,2,1,0.0005874145683994711,1,0,0,0,0,0
CUST_2471,OFFER_1154,412,0.7087721805599453,1,1,0.015625000000000007,1,1,1,0,0,0
CUST_0536,OFFER_1171,316,0.6982480627667585,3,1,0.005100882206813228,1,1,0,0,0,0
CUST_1297,OFFER_0877,536,1.5157659153309146,3,1,0.8226187347709695,1,1,0,0,0,1
CUST_0066,OFFER_1207,564,1.740441303380572,2,1,1.0472941228206267,1,0,0,0,0,1
CUST_0923,OFFER_0059,531,1.1817271647770682,2,1,0.48857998421712295,1,0,0,0,0,0
CUST_1783,OFFER_0818,528,1.1490084248390537,2,1,0.45586124427910846,1,0,0,0,0,1
CUST_2842,OFFER_1308,292,0.6960768680599453,3,1,0.0029296875,1,1,0,0,0,0
CUST_2441,OFFER_1102,578,2.1404164180003233,2,1,1.4472692374403782,1,0,0,0,0,1
CUST_0540,OFFER_1034,510,0.9939034395804744,2,1,0.30075625902052916,1,0,0,0,0,1
CUST_1107,OFFER_1247,25,0.6931492248055937,1,1,2.04424564845332e-06,0,0,1,0,0,0
CUST_2045,OFFER_0850,318,0.6967085965308758,2,1,0.0035614159709305357,1,0,0,0,0,0
CUST_2252,OFFER_1091,551,1.4687195614768127,2,1,0.7755723809168673,1,0,0,0,0,1
CUST_0604,OFFER_0411,569,1.868695086843554,2,1,1.1755479062836087,1,0,0,0,0,1
CUST_2884,OFFER_0871,502,0.9431471805599454,2,1,0.25000000000000006,1,0,0,0,0,0
CUST_2790,OFFER_1224,495,0.9058139707976592,2,1,0.21266679023771393,1,0,0,0,0,1
CUST_2215,OFFER_0317,233,0.6936468748431468,2,1,0.0004996942832015505,1,0,0,0,0,0
CUST_1697,OFFER_1034,504,0.954970711265102,2,1,0.2618235307051567,1,0,0,0,0,1
CUST_1353,OFFER_0071,204,0.6932750240807974,1,1,0.00012784352085212729,0,0,1,0,0,0
CUST_0398,OFFER_0863,576,2.075060060527721,2,1,1.381912879967776,1,0,0,0,0,1
CUST_1534,OFFER_0217,468,0.8071124916297223,2,1,0.11396531106977709,1,0,0,0,0,0
CUST_1371,OFFER_1125,560,1.6479887844703618,2,1,0.9548416039104166,1,0,0,0,0,1
CUST_2405,OFFER_1308,282,0.6939222787298517,1,1,0.0007750981699063476,1,1,1,0,0,0
CUST_1444,OFFER_1120,328,0.6976342835091525,2,1,0.004487102949207173,1,0,0,0,0,0
CUST_0559,OFFER_0592,487,0.9583122235049006,3,1,0.26516504294495535,1,1,0,0,0,0
CUST_0840,OFFER_0595,388,0.7200697982551884,3,1,0.026922617695243015,1,1,0,0,0,0
CUST_2235,OFFER_0503,399,0.7278604044416617,3,1,0.034713223881716375,1,1,0,0,0,0
CUST_2313,OFFER_0071,243,0.694091543578822,3,1,0.0009443630188766442,1,1,0,0,0,0
CUST_1087,OFFER_1224,450,0.7683362453150776,2,1,0.07518906475513232,1,0,0,0,0,1
CUST_1279,OFFER_1180,393,0.7132935916293137,2,1,0.02014641106936842,1,0,0,0,0,0
CUST_1148,OFFER_0433,444,0.7586030632362345,2,1,0.06545588267628918,1,0,0,0,0,1
CUST_0961,OFFER_0217,443,1.1945535910428071,3,2,0.09594130237469765,1,1,0,0,0,0
CUST_1342,OFFER_1154,415,0.7266401012642044,2,1,0.033492920704259174,1,0,0,0,0,0
CUST_2700,OFFER_0676,570,2.49768473468312,3,1,1.804537554123175,1,1,0,0,0,0
CUST_1148,OFFER_0577,444,0.7913310045743791,3,1,0.09818382401443378,1,1,0,0,0,1
CUST_0458,OFFER_1241,464,1.8691997549787216,5,4,0.25976184254462126,1,1,1,0,0,1
CUST_1031,OFFER_1210,414,0.7422390925671623,3,1,0.04909191200721691,1,1,0,0,0,0
CUST_2476,OFFER_0702,278,0.695267203856977,3,1,0.002120023297031805,1,1,0,0,0,0
CUST_0508,OFFER_1289,550,2.000881065729697,3,2,0.9022687770615876,1,1,0,0,0,1
CUST_0540,OFFER_1006,510,1.144281569090739,3,1,0.45113438853079374,1,1,0,0,0,0
CUST_0728,OFFER_0592,514,1.023024158253169,2,1,0.32987697769322366,1,0,0,0,0,0
CUST_2789,OFFER_1224,449,0.7666189247026709,2,1,0.07347174414272556,1,0,0,0,0,1
CUST_1772,OFFER_0129,523,1.3023364778271218,3,1,0.6091892972671766,1,1,0,0,0,0
CUST_2300,OFFER_0071,245,0.694136206399424,3,1,0.0009890258394786554,1,1,0,0,0,0
CUST_1553,OFFER_0710,432,0.7427534634339515,2,1,0.04960628287400622,1,0,0,0,0,0
CUST_1881,OFFER_0059,512,1.0081274430336635,2,1,0.31498026247371824,1,0,0,0,0,0
CUST_2620,OFFER_1091,483,0.8543184691148926,2,1,0.1611712885549474,1,0,0,0,0,1
CUST_2702,OFFER_1180,403,0.7185300679460777,2,1,0.02538288738613237,1,0,0,0,0,0
CUST_1439,OFFER_0205,462,0.9411785949299765,5,1,0.24803141437003115,0,0,1,0,0,1
CUST_1964,OFFER_0859,480,0.8435253100702098,2,1,0.15037812951026458,1,0,0,0,0,1
CUST_0459,OFFER_1059,282,0.6954724750696644,3,1,0.0023252945097190425,1,1,0,0,0,0
CUST_1137,OFFER_0812,420,0.7307417129375114,2,1,0.03759453237756615,1,0,0,0,0,0
CUST_0627,OFFER_0710,439,0.780619023516521,3,1,0.0874718429565757,1,1,0,0,0,0
CUST_0842,OFFER_0665,361,0.7027654962892025,2,1,0.00961831572925716,1,0,0,0,0,0
CUST_1117,OFFER_0859,491,0.8870402757891621,2,1,0.1938930952292168,1,0,0,0,0,1
CUST_1033,OFFER_0851,571,1.3087193872324034,1,1,0.6155722066724582,1,1,1,0,0,0
CUST_1964,OFFER_0154,480,0.8435253100702098,2,1,0.15037812951026458,1,0,0,0,0,1
CUST_2244,OFFER_0812,489,0.8782843745957659,2,1,0.1851371940358206,1,0,0,0,0,0
CUST_0883,OFFER_1224,544,1.3529011359463925,2,1,0.6597539553864472,1,0,0,0,0,1
CUST_0333,OFFER_0184,326,0.6974316531368774,2,1,0.004284472576932136,1,0,0,0,0,0
CUST_1238,OFFER_1237,246,0.6941593237825779,3,1,0.0010121432226326485,1,1,0,0,0,0
CUST_1337,OFFER_0592,455,0.7353456163777012,1,1,0.042198435817755946,1,1,1,0,0,0
CUST_1232,OFFER_1308,173,0.6932096423453454,1,1,6.24617854001938e-05,0,0,1,0,0,0
CUST_1433,OFFER_0147,442,0.7556471805599453,2,1,0.0625,1,0,0,0,0,0
CUST_0996,OFFER_1120,318,0.6984893045163411,3,1,0.0053421239563958035,1,1,0,0,0,0
CUST_1278,OFFER_0167,566,2.3383846501018843,3,1,1.6452374695419392,1,1,0,0,0,1
CUST_0459,OFFER_1308,282,0.6954724750696644,3,1,0.0023252945097190425,1,1,0,0,0,0
CUST_2631,OFFER_0915,322,1.1025185386681096,2,2,0.00390625,1,0,0,0,0,0
CUST_0001,OFFER_0079,533,1.2048341265583329,2,1,0.5116869459983876,1,0,0,0,0,1
CUST_0394,OFFER_1102,550,1.4510054638151444,2,1,0.757858283255199,1,0,0,0,0,1
CUST_1037,OFFER_0233,520,1.0720763221875447,2,1,0.3789291416275995,1,0,0,0,0,1
CUST_2626,OFFER_0877,493,0.8962102796490042,2,1,0.20306309908905892,1,0,0,0,0,1
CUST_0445,OFFER_0100,204,0.6932750240807974,1,1,0.00012784352085212729,0,0,1,0,0,0
CUST_1284,OFFER_0877,559,1.6261801720967528,2,1,0.9330329915368075,1,0,0,0,0,1
CUST_0880,OFFER_0521,283,0.6955268262523951,3,1,0.002379645692449911,1,1,0,0,0,0
CUST_2334,OFFER_0712,515,1.6049935184811808,3,2,0.5063812298130712,1,1,0,0,0,1
CUST_0757,OFFER_0519,538,1.2674963580584628,2,1,0.5743491774985175,1,0,0,0,0,1
CUST_2061,OFFER_0648,537,1.254378204714632,2,1,0.5612310241546866,1,0,0,0,0,1
CUST_1555,OFFER_1323,488,0.8740558352399925,2,1,0.1809086546800473,1,0,0,0,0,1
CUST_2051,OFFER_0469,509,0.9870341571308475,2,1,0.29388697657090224,1,0,0,0,0,1
CUST_1087,OFFER_0411,527,1.5440616477382791,2,2,0.44544935907016964,1,0,0,0,0,1
CUST_2057,OFFER_1180,449,0.729883052631308,1,1,0.03673587207136278,1,1,1,0,0,0
CUST_2441,OFFER_1090,525,1.1184807610353733,2,1,0.4253335804754279,1,0,0,0,0,0
CUST_1644,OFFER_0325,526,1.1284224622080075,2,1,0.4352752816480622,1,0,0,0,0,1
CUST_2167,OFFER_0592,544,1.3529011359463925,2,1,0.6597539553864472,1,0,0,0,0,0
CUST_0618,OFFER_1140,360,0.7072451302015326,3,1,0.0140979496415873,1,1,0,0,0,0
CUST_2847,OFFER_0915,314,0.6947706920758492,1,1,0.0016235115159038821,1,1,1,0,0,0
CUST_1087,OFFER_0282,527,1.138596539630115,2,1,0.44544935907016964,1,0,0,0,0,1
CUST_1728,OFFER_0865,547,1.4002539617464929,2,1,0.7071067811865476,1,0,0,0,0,1
CUST_0325,OFFER_0184,317,0.696627253677681,2,1,0.0034800731177357,1,0,0,0,0,0
CUST_1971,OFFER_1308,48,0.6931506585052294,1,1,3.4779452841118487e-06,0,0,1,0,0,0
CUST_2645,OFFER_0073,282,0.694697376899758,2,1,0.0015501963398126951,1,0,0,0,0,0
CUST_0880,OFFER_0420,476,0.8302503030217735,2,1,0.1371031224618282,1,0,0,0,0,1
CUST_0733,OFFER_1002,449,0.7666189247026709,2,1,0.07347174414272556,1,0,0,0,0,1
CUST_2189,OFFER_0739,465,1.2049456837869665,2,2,0.106333395118857,1,0,0,0,0,1
CUST_1412,OFFER_0473,232,0.6938796024349453,3,1,0.0007324218750000004,1,1,0,0,0,0
CUST_1257,OFFER_0651,309,0.6974863335451599,3,1,0.004339152985214545,1,1,0,0,0,0
CUST_1087,OFFER_0877,450,0.7683362453150776,2,1,0.07518906475513232,1,0,0,0,0,1
CUST_2402,OFFER_0762,506,0.9673534254836018,2,1,0.27420624492365653,1,0,0,0,0,1
CUST_2147,OFFER_1161,486,0.9522558455539033,3,1,0.259108664993958,1,1,0,0,0,0
CUST_2833,OFFER_0788,521,1.4863984791265432,2,2,0.3877861904584337,1,0,0,0,0,1
CUST_0435,OFFER_0665,260,0.694079643063764,2,1,0.0009324625038187667,1,0,0,0,0,0
CUST_2269,OFFER_0690,314,0.698017715107657,3,1,0.004870534547711646,1,1,0,0,0,0
CUST_1598,OFFER_0922,512,1.1656175742705226,3,1,0.47247039371057736,1,1,0,0,0,1
CUST_0330,OFFER_0233,528,1.1490084248390537,2,1,0.45586124427910846,1,0,0,0,0,1
CUST_1828,OFFER_0698,495,0.9058139707976592,2,1,0.21266679023771393,1,0,0,0,0,1
CUST_2167,OFFER_0863,551,1.4687195614768127,2,1,0.7755723809168673,1,0,0,0,0,1
CUST_1142,OFFER_0686,480,0.9187143748253421,3,1,0.22556719426539687,1,1,0,0,0,0
CUST_1451,OFFER_0310,260,0.6945458743156734,3,1,0.00139869375572815,1,1,0,0,0,0
CUST_2176,OFFER_0201,253,0.6939403957907619,2,1,0.0007932152308166369,1,0,0,0,0,0
CUST_0042,OFFER_0992,568,1.8418455355569803,2,1,1.148698354997035,1,0,0,0,0,1
CUST_0459,OFFER_0665,301,0.6943494700261025,1,1,0.0012022894661571448,0,0,1,0,0,0
CUST_2493,OFFER_1247,92,0.6931567929947131,1,1,9.612434767874712e-06,0,0,1,0,0,0
CUST_2228,OFFER_0073,287,0.6948872171188132,2,1,0.0017400365588678497,1,0,0,0,0,0
CUST_0676,OFFER_1237,263,0.6946462634095499,3,1,0.0014990828496046515,1,1,0,0,0,0
CUST_2234,OFFER_1237,255,0.6943932750339944,3,1,0.0012460944740491052,1,1,0,0,0,0
CUST_0671,OFFER_1180,321,0.6969642116866416,2,1,0.003817031126696275,1,0,0,0,0,0
CUST_1330,OFFER_0592,465,0.7463138781193738,1,1,0.0531666975594285,1,1,1,0,0,0
CUST_2916,OFFER_1180,341,0.6961767601729018,1,1,0.003029579612956515,1,1,1,0,0,0
CUST_1117,OFFER_1132,491,0.8870402757891621,2,1,0.1938930952292168,1,0,0,0,0,1
CUST_2219,OFFER_1047,462,0.7923597463079577,2,1,0.09921256574801246,1,0,0,0,0,1
CUST_1144,OFFER_0358,536,1.2415596704072582,2,1,0.548412489847313,1,0,0,0,0,1
CUST_0890,OFFER_1247,64,0.6931522140831645,1,1,5.033523219195926e-06,0,0,1,0,0,0
CUST_1360,OFFER_0752,474,0.8240589459125237,2,1,0.1309117653525784,1,0,0,0,0,0
CUST_2753,OFFER_0184,320,0.6987419555828579,3,1,0.005594775022912596,1,1,0,0,0,0
CUST_1581,OFFER_0167,589,2.55921316363356,2,1,1.8660659830736148,1,0,0,0,0,1
CUST_1015,OFFER_0592,536,1.2415596704072582,2,1,0.548412489847313,1,0,0,0,0,0
CUST_2215,OFFER_0781,233,0.6936468748431468,2,1,0.0004996942832015505,1,0,0,0,0,0
CUST_2214,OFFER_0992,588,2.516592157676379,2,1,1.8234449771164336,1,0,0,0,0,1
CUST_0814,OFFER_0752,469,0.8097763045020462,2,1,0.11662912394210094,1,0,0,0,0,0
CUST_1792,OFFER_0167,562,1.6931471805599454,2,1,1.0,1,0,0,0,0,1
CUST_2133,OFFER_1192,513,1.01548975766984,2,1,0.32234257710989483,1,0,0,0,0,1
CUST_1109,OFFER_0525,516,1.0386254005518893,2,1,0.34547821999194406,1,0,0,0,0,1
CUST_1295,OFFER_0264,485,0.861940923830969,2,1,0.16879374327102373,1,0,0,0,0,1
CUST_2573,OFFER_0592,480,0.8435253100702098,2,1,0.15037812951026458,1,0,0,0,0,0
CUST_2370,OFFER_0503,426,1.163389454916599,3,2,0.06477716624848952,1,1,0,0,0,0
CUST_2538,OFFER_0841,424,0.7549991138774247,3,1,0.061851933317479416,1,1,0,0,0,0
CUST_2171,OFFER_0071,204,0.6932750240807974,1,1,0.00012784352085212729,0,0,1,0,0,0
CUST_0759,OFFER_0073,335,0.6984219850371648,2,1,0.0052748044772194915,1,0,0,0,0,0
CUST_2123,OFFER_0425,518,1.0549644899200399,2,1,0.3618173093600946,1,0,0,0,0,0
CUST_1165,OFFER_1059,406,0.7203518856629492,2,1,0.027204705103003865,1,0,0,0,0,0
CUST_0328,OFFER_0503,406,0.733954238214451,3,1,0.0408070576545058,1,1,0,0,0,0
CUST_0488,OFFER_0702,218,0.6933238491680312,1,1,0.00017666860808598355,0,0,1,0,0,0
CUST_1172,OFFER_0908,419,0.729883052631308,2,1,0.03673587207136277,1,0,0,0,0,0
CUST_1307,OFFER_1180,238,0.6939885123629216,3,1,0.0008413318029763446,1,1,0,0,0,0
CUST_2697,OFFER_1235,556,1.9989730255041316,3,1,1.3058258449441862,1,1,0,0,0,1
CUST_0192,OFFER_1215,519,1.2485587626674068,3,1,0.5554115821074616,1,1,0,0,0,1
CUST_0718,OFFER_1117,187,0.6932334973056956,1,1,8.631674575031096e-05,0,0,1,0,0,0
CUST_1644,OFFER_0397,543,1.3378323347797347,2,1,0.6446851542197896,1,0,0,0,0,1
CUST_2567,OFFER_0206,82,0.6931548099544765,1,1,7.629394531250002e-06,0,0,1,0,0,0
CUST_2215,OFFER_1291,233,0.6936468748431468,2,1,0.0004996942832015505,1,0,0,0,0,0
CUST_0323,OFFER_0937,268,0.694268956297247,2,1,0.001121775737301793,1,0,0,0,0,0
CUST_0575,OFFER_0505,533,1.2048341265583329,2,1,0.5116869459983876,1,0,0,0,0,1
CUST_2487,OFFER_0352,528,1.1490084248390537,2,1,0.45586124427910846,1,0,0,0,0,1
CUST_1118,OFFER_0980,523,1.099273378738063,2,1,0.4061261981781178,1,0,0,0,0,1
CUST_1775,OFFER_0272,308,0.695973878289321,2,1,0.0028266977293757403,1,0,0,0,0,0
CUST_2504,OFFER_0665,279,0.6945935648883501,2,1,0.0014463843284048482,1,0,0,0,0,0
CUST_0379,OFFER_1308,278,0.6945605294246332,2,1,0.00141334886468787,1,0,0,0,0,0
CUST_2484,OFFER_0651,312,0.6977977695793833,3,1,0.004650589019438086,1,1,0,0,0,0
CUST_0454,OFFER_0073,427,0.7373413543841045,2,1,0.044194173824159216,1,0,0,0,0,0
CUST_2784,OFFER_0411,517,1.0467005711532191,2,1,0.3535533905932738,1,0,0,0,0,1
CUST_1433,OFFER_0883,442,0.7556471805599453,2,1,0.0625,1,0,0,0,0,1
CUST_2090,OFFER_0665,411,0.7389515540803006,3,1,0.04580437352035527,1,1,0,0,0,0
CUST_1817,OFFER_1308,295,0.6952404881039614,2,1,0.0020933075440161997,1,0,0,0,0,0
CUST_2504,OFFER_0129,524,1.7220407107752003,3,2,0.6234284221070908,1,1,0,0,0,0
CUST_1713,OFFER_0073,447,0.7633010585792811,2,1,0.0701538780193358,1,0,0,0,0,0
CUST_0458,OFFER_1036,462,0.841966029181964,3,1,0.1488188486220187,1,1,0,0,0,1
CUST_1051,OFFER_0227,469,0.8097763045020462,2,1,0.11662912394210094,1,0,0,0,0,0
CUST_0276,OFFER_0850,417,0.7282241195696132,2,1,0.0350769390096679,1,0,0,0,0,0
CUST_0043,OFFER_1090,389,0.7115151165956267,2,1,0.018367936035681386,1,0,0,0,0,0
CUST_0996,OFFER_0686,514,1.023024158253169,2,1,0.32987697769322366,1,0,0,0,0,0
CUST_0614,OFFER_0433,582,2.2805482325281448,2,1,1.5874010519681994,1,0,0,0,0,1
CUST_0915,OFFER_0557,464,0.7970519175777938,2,1,0.1039047370178485,1,0,0,0,0,1
CUST_2595,OFFER_0089,448,0.76494082774726,2,1,0.0717936471873147,1,0,0,0,0,1
CUST_2267,OFFER_0915,307,0.6959093164239553,2,1,0.0027621358640099515,1,0,0,0,0,0
CUST_0092,OFFER_1171,251,0.6939045754631844,2,1,0.0007573949032391286,1,0,0,0,0,0
CUST_1087,OFFER_0788,450,0.7683362453150776,2,1,0.07518906475513232,1,0,0,0,0,1
CUST_2423,OFFER_0919,427,0.7594384412961841,3,1,0.06629126073623882,1,1,0,0,0,0
CUST_2730,OFFER_0553,317,0.696627253677681,2,1,0.0034800731177357,1,0,0,0,0,0
CUST_2555,OFFER_0651,309,0.6974863335451599,3,1,0.004339152985214545,1,1,0,0,0,0
CUST_0823,OFFER_0411,537,1.254378204714632,2,1,0.5612310241546866,1,0,0,0,0,1
CUST_0996,OFFER_0922,514,1.023024158253169,2,1,0.32987697769322366,1,0,0,0,0,1
CUST_2470,OFFER_0156,455,0.7775440521954572,2,1,0.08439687163551189,1,0,0,0,0,0
CUST_2815,OFFER_0313,319,0.6967918406831359,2,1,0.0036446601231906544,1,0,0,0,0,0
CUST_1284,OFFER_0788,559,1.6261801720967528,2,1,0.9330329915368075,1,0,0,0,0,1
CUST_1148,OFFER_0796,444,0.7913310045743791,3,1,0.09818382401443378,1,1,0,0,0,1
CUST_1884,OFFER_0690,308,0.695973878289321,2,1,0.0028266977293757403,1,0,0,0,0,0
CUST_0573,OFFER_1289,441,0.7542196785870857,2,1,0.06107249802714039,1,0,0,0,0,1
CUST_0573,OFFER_0076,441,0.7542196785870857,2,1,0.06107249802714039,1,0,0,0,0,1
CUST_1944,OFFER_0587,467,0.8045095203274877,2,1,0.11136233976754244,1,0,0,0,0,1
CUST_0923,OFFER_1289,531,1.1817271647770682,2,1,0.48857998421712295,1,0,0,0,0,1
CUST_1083,OFFER_0017,418,0.7828892395440887,5,1,0.0897420589841434,0,0,1,0,0,1
CUST_1795,OFFER_0073,305,0.6971032839178599,3,1,0.003956103357914618,1,1,0,0,0,0
CUST_1980,OFFER_0167,565,2.300807374364385,3,1,1.6076601938044397,0,1,0,0,0,1
CUST_1141,OFFER_1308,298,0.6953907320345488,2,1,0.002243551474603586,1,0,0,0,0,0
CUST_2133,OFFER_1289,513,1.01548975766984,2,1,0.32234257710989483,1,0,0,0,0,1
CUST_1378,OFFER_0871,474,0.8895148285888128,3,1,0.19636764802886758,1,1,0,0,0,0
CUST_2469,OFFER_0437,583,2.317651973272416,2,1,1.624504792712471,1,0,0,0,0,1
CUST_1575,OFFER_0592,502,0.8181471805599453,1,1,0.12500000000000003,1,1,1,0,0,0
CUST_1575,OFFER_0386,502,1.0681471805599454,3,1,0.3750000000000001,1,1,0,0,0,0
CUST_2061,OFFER_0397,537,1.254378204714632,2,1,0.5612310241546866,1,0,0,0,0,1
CUST_0370,OFFER_0167,582,2.2805482325281448,2,1,1.5874010519681994,1,0,0,0,0,1
CUST_2671,OFFER_0272,331,0.6979563384245738,2,1,0.00480915786462858,1,0,0,0,0,0
CUST_0001,OFFER_1011,533,1.2048341265583329,2,1,0.5116869459983876,1,0,0,0,0,1
CUST_0246,OFFER_1090,350,0.7006068805904954,2,1,0.007459700030550128,1,0,0,0,0,0
CUST_1049,OFFER_0167,508,0.980321769309204,2,1,0.2871745887492587,1,0,0,0,0,1
CUST_2040,OFFER_1308,273,0.6944063312517809,2,1,0.001259150691835527,1,0,0,0,0,0
CUST_0695,OFFER_0762,491,0.8870402757891621,2,1,0.1938930952292168,1,0,0,0,0,1
CUST_1887,OFFER_0233,370,0.7227510197496015,5,1,0.02960383918965622,0,0,1,0,0,1
CUST_1041,OFFER_0085,532,1.9431471805599454,5,1,1.25,0,0,1,0,0,1
CUST_0833,OFFER_1090,428,0.7383743442299571,2,1,0.04522716367001182,1,0,0,0,0,0
CUST_2030,OFFER_1171,281,0.6946619703664235,2,1,0.0015147898064782573,1,0,0,0,0,0
CUST_2318,OFFER_0676,568,2.416194713055498,3,1,1.7230475324955528,1,1,0,0,0,0
CUST_1043,OFFER_1091,547,1.4002539617464929,2,1,0.7071067811865476,1,0,0,0,0,1
CUST_0416,OFFER_0850,271,0.694950614759181,3,1,0.0018034341992357174,1,1,0,0,0,0
CUST_2411,OFFER_1090,364,0.7034558361128586,2,1,0.01030865555291324,1,0,0,0,0,0
CUST_2916,OFFER_0313,341,0.6992063397858583,2,1,0.00605915922591303,1,0,0,0,0,0
CUST_0157,OFFER_0085,516,1.2113645105478614,3,1,0.518217329987916,1,1,0,0,0,1
CUST_0540,OFFER_1180,532,1.4431471805599454,3,1,0.75,1,1,0,0,0,0
CUST_0789,OFFER_0850,357,0.7063010326885708,3,1,0.01315385212862547,1,1,0,0,0,0
CUST_0021,OFFER_1308,278,0.695267203856977,3,1,0.002120023297031805,1,1,0,0,0,0
CUST_2295,OFFER_0437,534,1.2167942419702586,2,1,0.5236470614103134,1,0,0,0,0,1
CUST_2148,OFFER_1120,315,0.6981315584561417,3,1,0.004984377896196417,1,1,0,0,0,0
CUST_1002,OFFER_1180,254,0.6939589363178972,2,1,0.0008117557579519408,1,0,0,0,0,0
CUST_2691,OFFER_0075,269,0.6942951765621753,2,1,0.0011479960022300862,1,0,0,0,0,0
CUST_1148,OFFER_1090,444,1.131340230006254,1,2,0.03272794133814459,1,1,1,0,0,0
CUST_1444,OFFER_0227,469,0.8097763045020462,2,1,0.11662912394210094,1,0,0,0,0,0
CUST_1860,OFFER_0352,495,0.9058139707976592,2,1,0.21266679023771393,1,0,0,0,0,1
CUST_2091,OFFER_1125,552,1.8836979695360947,3,1,1.1905507889761495,1,1,0,0,0,1
CUST_0221,OFFER_0710,439,0.780619023516521,3,1,0.0874718429565757,1,1,0,0,0,0
CUST_2975,OFFER_0073,399,0.7278604044416617,3,1,0.034713223881716375,1,1,0,0,0,0
CUST_1967,OFFER_0868,569,2.4564690399853584,3,1,1.763321859425413,1,1,0,0,0,1
CUST_1836,OFFER_1091,496,1.019603641795992,3,1,0.3264564612360466,1,1,0,0,0,1
CUST_0946,OFFER_0132,588,2.516592157676379,2,1,1.8234449771164336,1,0,0,0,0,1
CUST_2864,OFFER_0871,473,0.8210689170595422,2,1,0.1279217364995969,1,0,0,0,0,0
CUST_2077,OFFER_0005,264,0.6946813028101708,3,1,0.0015341222502255278,1,1,0,0,0,0
CUST_1386,OFFER_1120,315,0.6981315584561417,3,1,0.004984377896196417,1,1,0,0,0,0
CUST_0961,OFFER_0313,268,0.694829844165898,3,1,0.0016826636059526895,1,1,0,0,0,0
CUST_0018,OFFER_0820,581,3.0198643233105473,3,1,2.326717142750602,1,1,0,0,0,1
CUST_2106,OFFER_0227,458,0.783601507899969,2,1,0.09045432734002365,1,0,0,0,0,0
CUST_2371,OFFER_0851,570,1.2946596986010035,1,1,0.6015125180410583,1,1,1,0,0,0
CUST_1967,OFFER_0865,569,2.4564690399853584,3,1,1.763321859425413,1,1,0,0,0,1
CUST_1728,OFFER_0302,547,1.7538073523397668,3,1,1.0606601717798214,1,1,0,0,0,1
CUST_0630,OFFER_0992,588,3.428314646234596,3,1,2.7351674656746505,1,1,0,0,0,1
CUST_0630,OFFER_0411,588,3.428314646234596,3,1,2.7351674656746505,1,1,0,0,0,1
CUST_1728,OFFER_0592,419,0.729883052631308,2,1,0.03673587207136277,1,0,0,0,0,0
CUST_1691,OFFER_0005,258,0.6940375345526779,2,1,0.0008903539927326338,1,0,0,0,0,0
CUST_2538,OFFER_1261,160,0.6931934365586792,1,1,4.6255998733837856e-05,0,0,1,0,0,0
CUST_0320,OFFER_0071,180,0.6932206073809952,1,1,7.342682104993401e-05,0,0,1,0,0,0
CUST_1295,OFFER_0232,485,0.861940923830969,2,1,0.16879374327102373,1,0,0,0,0,1
CUST_0458,OFFER_0307,462,0.7923597463079577,2,1,0.09921256574801246,1,0,0,0,0,1
CUST_0098,OFFER_0379,579,2.1742447328465095,2,1,1.4810975522865644,1,0,0,0,0,1
CUST_1037,OFFER_0788,456,0.8227015130569243,3,1,0.129554332496979,1,1,0,0,0,1
CUST_2179,OFFER_0297,194,0.6932486500296893,1,1,0.00010146946974399259,0,0,1,0,0,0
CUST_1926,OFFER_0908,391,0.7123838120184596,2,1,0.019236631458514307,1,0,0,0,0,0
CUST_0264,OFFER_1154,427,1.1649035494043485,3,2,0.06629126073623882,1,1,0,0,0,0
CUST_2167,OFFER_1006,544,1.6827781136396163,3,1,0.9896309330796709,1,1,0,0,0,0
CUST_2061,OFFER_0739,537,1.254378204714632,2,1,0.5612310241546866,1,0,0,0,0,1
CUST_1241,OFFER_0529,348,0.7038314284727369,3,1,0.0106842479127916,1,1,0,0,0,0
CUST_1087,OFFER_0433,450,0.7683362453150776,2,1,0.07518906475513232,1,0,0,0,0,1
CUST_1090,OFFER_0073,408,0.7216385083273895,2,1,0.028491327767444268,1,0,0,0,0,0
CUST_0140,OFFER_1059,367,0.7041957240159851,2,1,0.011048543456039808,1,0,0,0,0,0
CUST_0563,OFFER_0919,431,0.7658570912709016,3,1,0.07270991071095632,1,1,0,0,0,0
CUST_2753,OFFER_0665,243,0.694091543578822,3,1,0.0009443630188766442,1,1,0,0,0,0
CUST_0237,OFFER_0504,46,0.6931505014467987,1,1,3.320886853394029e-06,0,0,1,0,0,0
CUST_1086,OFFER_1308,288,0.6949278885454105,2,1,0.0017807079854652676,1,0,0,0,0,0
CUST_0627,OFFER_0503,439,0.780619023516521,3,1,0.0874718429565757,1,1,0,0,0,0
CUST_0889,OFFER_0739,546,1.3841036205438333,2,1,0.690956439983888,1,0,0,0,0,1
CUST_1295,OFFER_0447,485,0.861940923830969,2,1,0.16879374327102373,1,0,0,0,0,1
CUST_1967,OFFER_0325,569,1.868695086843554,2,1,1.1755479062836087,1,0,0,0,0,1
CUST_1381,OFFER_0503,400,0.7168302519116703,2,1,0.02368307135172498,1,0,0,0,0,0
CUST_2423,OFFER_0503,427,0.7594384412961841,3,1,0.06629126073623882,1,1,0,0,0,0
CUST_1143,OFFER_0992,583,2.317651973272416,2,1,1.624504792712471,1,0,0,0,0,1
CUST_1881,OFFER_0382,424,1.1590515218762147,3,2,0.060439233208105264,1,1,1,0,0,0
CUST_0351,OFFER_0863,576,2.075060060527721,2,1,1.381912879967776,1,0,0,0,0,1
CUST_0961,OFFER_0005,268,0.694268956297247,2,1,0.001121775737301793,1,0,0,0,0,0
CUST_1249,OFFER_0271,425,0.7564448342865792,3,1,0.0632976537266339,1,1,0,0,0,0
CUST_1088,OFFER_0160,421,0.731620443476974,2,1,0.03847326291702865,1,0,0,0,0,1
CUST_1653,OFFER_0503,437,0.7488283504437165,2,1,0.05568116988377121,1,0,0,0,0,0
CUST_1783,OFFER_0935,528,1.3769390469786078,3,1,0.6837918664186626,1,1,0,0,0,0
CUST_2620,OFFER_0939,475,0.8271188633769819,2,1,0.13397168281703667,1,0,0,0,0,1
CUST_2362,OFFER_1247,69,0.6931528304987281,1,1,5.64993878283144e-06,0,0,1,0,0,0
CUST_2494,OFFER_0556,35,0.693149756148069,1,1,2.57558812364233e-06,0,0,1,0,0,0
CUST_2213,OFFER_0401,355,0.7015204107360101,2,1,0.008373230176064792,1,0,0,0,0,0
CUST_1714,OFFER_0871,299,0.6954431725644055,2,1,0.002295992004460173,1,0,0,0,0,0
CUST_1534,OFFER_0812,468,0.8071124916297223,2,1,0.11396531106977709,1,0,0,0,0,0
CUST_2786,OFFER_0503,430,0.7405133232633953,2,1,0.04736614270344996,1,0,0,0,0,0
CUST_1239,OFFER_1289,585,2.3944815024616566,2,1,1.7013343219017114,1,0,0,0,0,1
CUST_0934,OFFER_0397,464,0.7970519175777938,2,1,0.1039047370178485,1,0,0,0,0,1
CUST_0842,OFFER_0313,361,0.707574654153831,3,1,0.01442747359388574,1,1,0,0,0,0
CUST_2123,OFFER_0242,518,1.2358731446000872,3,1,0.5427259640401418,1,1,0,0,0,0
CUST_1433,OFFER_0411,442,0.7556471805599453,2,1,0.0625,1,0,0,0,0,1
CUST_0706,OFFER_1180,461,0.7900937281745537,2,1,0.09694654761460839,1,0,0,0,0,0
CUST_1836,OFFER_0437,518,1.0549644899200399,2,1,0.3618173093600946,1,0,0,0,0,1
CUST_1527,OFFER_0807,489,0.8782843745957659,2,1,0.1851371940358206,1,0,0,0,0,1
CUST_2424,OFFER_0852,123,0.6931668547895052,1,1,1.9674229559930115e-05,0,0,1,0,0,0
CUST_2015,OFFER_0908,357,0.6975317979361538,1,1,0.00438461737620849,1,1,1,0,0,0
CUST_2131,OFFER_0437,530,1.4092783834927576,3,1,0.7161312029328124,0,1,0,0,0,1
CUST_1694,OFFER_0877,539,1.2809211337017496,2,1,0.5877739531418044,1,0,0,0,0,1
CUST_1249,OFFER_1084,425,0.7353456163777012,2,1,0.04219843581775594,1,0,0,0,0,0
CUST_2853,OFFER_1059,402,0.73035189271545,3,1,0.0372047121555047,1,1,0,0,0,0
CUST_0989,OFFER_0313,237,0.6936952577319714,2,1,0.0005480771720260616,1,0,0,0,0,0
CUST_1655,OFFER_0665,324,0.6992836695608474,3,1,0.006136489000902112,1,1,0,0,0,0
CUST_1707,OFFER_1090,471,0.7542196785870856,1,1,0.06107249802714037,1,1,1,0,0,0
CUST_0575,OFFER_0409,533,1.2048341265583329,2,1,0.5116869459983876,1,0,0,0,0,1
CUST_0147,OFFER_1090,431,0.7658570912709016,3,1,0.07270991071095632,1,1,0,0,0,0
CUST_1547,OFFER_0592,441,0.7542196785870857,2,1,0.06107249802714039,1,0,0,0,0,0
CUST_2210,OFFER_0592,525,1.3311475512730873,3,1,0.6380003707131419,1,1,0,0,0,0
CUST_1554,OFFER_0420,459,0.8320000760868107,3,1,0.13885289552686544,1,1,0,0,0,1
CUST_1967,OFFER_0433,569,1.868695086843554,2,1,1.1755479062836087,1,0,0,0,0,1
CUST_1531,OFFER_0841,398,0.7157607623949512,2,1,0.02261358183500591,1,0,0,0,0,0
CUST_1836,OFFER_0203,496,0.9107848213839763,2,1,0.21763764082403106,1,0,0,0,0,1
CUST_1686,OFFER_1180,269,0.6937211785610603,1,1,0.0005739980011150431,1,1,1,0,0,0
CUST_1542,OFFER_0160,430,0.7405133232633953,2,1,0.04736614270344996,1,0,0,0,0,1
CUST_1411,OFFER_0071,232,0.6938796024349453,3,1,0.0007324218750000004,1,1,0,0,0,0
CUST_1411,OFFER_0275,273,0.6944063312517809,2,1,0.001259150691835527,1,0,0,0,0,0
CUST_1295,OFFER_0511,485,0.861940923830969,2,1,0.16879374327102373,1,0,0,0,0,1
CUST_0857,OFFER_0863,574,2.0126550913328396,2,1,1.3195079107728942,1,0,0,0,0,1
CUST_1673,OFFER_0863,570,1.896172216642062,2,1,1.2030250360821166,1,0,0,0,0,1
CUST_1876,OFFER_0251,582,2.2805482325281448,2,1,1.5874010519681994,1,0,0,0,0,1
CUST_0437,OFFER_0875,442,0.7556471805599453,2,1,0.0625,1,0,0,0,0,1
CUST_2661,OFFER_0877,526,1.1284224622080075,2,1,0.4352752816480622,1,0,0,0,0,1
CUST_2067,OFFER_0851,578,2.8640510367205128,3,1,2.1709038561605674,1,1,0,0,0,0
CUST_0152,OFFER_1308,92,0.6931567929947131,1,1,9.612434767874712e-06,0,0,1,0,0,0
CUST_2788,OFFER_0788,579,2.914793508989792,3,1,2.2216463284298467,1,1,0,0,0,1
CUST_0228,OFFER_0493,561,1.6703071489941912,2,1,0.9771599684342459,1,0,0,0,0,1
CUST_1657,OFFER_0852,123,0.6931668547895052,1,1,1.9674229559930115e-05,0,0,1,0,0,0
CUST_1644,OFFER_0433,538,1.2674963580584628,2,1,0.5743491774985175,1,0,0,0,0,1
CUST_0996,OFFER_0788,514,1.023024158253169,2,1,0.32987697769322366,1,0,0,0,0,1
CUST_0690,OFFER_0098,418,0.7828892395440887,5,1,0.0897420589841434,0,0,1,0,0,1
CUST_0508,OFFER_1207,541,1.3087193872324034,2,1,0.6155722066724582,1,0,0,0,0,1
CUST_1199,OFFER_1308,101,0.6931590148553084,1,1,1.1834295363111379e-05,0,0,1,0,0,0
CUST_1232,OFFER_0527,173,0.6932096423453454,1,1,6.24617854001938e-05,0,0,1,0,0,0
CUST_0673,OFFER_1154,425,0.7564448342865792,3,1,0.0632976537266339,1,1,0,0,0,0
CUST_2710,OFFER_0073,272,0.6943775722102332,2,1,0.0012303916502879617,1,0,0,0,0,0
CUST_1836,OFFER_0433,518,1.0549644899200399,2,1,0.3618173093600946,1,0,0,0,0,1
CUST_1783,OFFER_0888,528,1.3769390469786078,3,1,0.6837918664186626,1,1,0,0,0,1
CUST_1712,OFFER_0081,564,1.740441303380572,2,1,1.0472941228206267,1,0,0,0,0,1
CUST_1948,OFFER_0206,78,0.6931541364505135,1,1,6.9558905682236974e-06,0,0,1,0,0,0
CUST_0636,OFFER_0992,574,2.6724090467192867,3,1,1.9792618661593413,1,1,0,0,0,1
CUST_0644,OFFER_0459,219,0.6933279786009959,1,1,0.00018079804105060584,0,0,1,0,0,0
CUST_0623,OFFER_0167,584,3.1868608689883087,3,1,2.4937136884283633,1,1,0,0,0,1
CUST_0573,OFFER_0698,442,1.19022103570882,3,2,0.09160874704071059,1,1,0,0,0,1
CUST_1408,OFFER_0411,570,1.896172216642062,2,1,1.2030250360821166,1,0,0,0,0,1
CUST_0309,OFFER_0863,460,0.7878794659668452,2,1,0.09473228540689993,1,0,0,0,0,1
CUST_2374,OFFER_1090,419,0.729883052631308,2,1,0.03673587207136277,1,0,0,0,0,0
CUST_1883,OFFER_0665,395,0.7142463984688232,2,1,0.02109921790887797,1,0,0,0,0,0
CUST_2470,OFFER_0411,455,0.7775440521954572,2,1,0.08439687163551189,1,0,0,0,0,1
CUST_2661,OFFER_0233,526,1.1284224622080075,2,1,0.4352752816480622,1,0,0,0,0,1
CUST_2687,OFFER_0411,461,0.7900937281745537,2,1,0.09694654761460839,1,0,0,0,0,1
CUST_1028,OFFER_0085,461,0.8385670019818579,3,1,0.14541982142191257,1,1,0,0,0,1
CUST_2141,OFFER_0181,323,0.6971447348255577,2,1,0.003997554265612405,1,0,0,0,0,0
CUST_2382,OFFER_0908,461,0.7900937281745537,2,1,0.09694654761460839,1,0,0,0,0,0
CUST_0758,OFFER_0073,370,0.7049887162358077,2,1,0.011841535675862488,1,0,0,0,0,0
CUST_1148,OFFER_0302,444,0.7913310045743791,3,1,0.09818382401443378,1,1,0,0,0,1
CUST_1405,OFFER_1154,416,0.7274229611754024,2,1,0.034275780615457066,1,0,0,0,0,0
CUST_2893,OFFER_0529,279,0.6953167570525526,3,1,0.002169576492607272,1,1,0,0,0,0
CUST_0843,OFFER_0629,464,0.7970519175777938,2,1,0.1039047370178485,1,0,0,0,0,1
CUST_0923,OFFER_0244,531,1.4260171568856297,3,1,0.7328699763256844,1,1,0,0,0,1
CUST_0034,OFFER_1180,409,0.7368831020382332,3,1,0.043735921478287865,1,1,0,0,0,0
CUST_1395,OFFER_0437,551,1.4687195614768127,2,1,0.7755723809168673,1,0,0,0,0,1
CUST_0233,OFFER_1034,462,0.9411785949299765,5,1,0.24803141437003115,0,0,1,0,0,1
CUST_0964,OFFER_1059,426,0.7579243468084348,3,1,0.06477716624848952,1,1,0,0,0,0
CUST_1003,OFFER_1247,108,0.6931610923410817,1,1,1.3911781136447397e-05,0,0,1,0,0,0
CUST_2857,OFFER_0591,280,0.6953674684991695,3,1,0.002220287939224218,1,1,0,0,0,0
CUST_0456,OFFER_1120,315,0.6981315584561417,3,1,0.004984377896196417,1,1,0,0,0,0
CUST_2591,OFFER_1120,319,0.6986141707447313,3,1,0.005466990184785981,1,1,0,0,0,0
CUST_2621,OFFER_1254,319,1.1040792788528955,3,2,0.005466990184785981,1,1,0,0,0,0
CUST_1137,OFFER_1090,420,0.7307417129375114,2,1,0.03759453237756615,1,0,0,0,0,0
CUST_0724,OFFER_0071,214,0.6933082533029595,1,1,0.00016107274301426942,0,0,1,0,0,0
CUST_0755,OFFER_0295,85,0.6931553575425391,1,1,8.176982593813282e-06,0,0,1,0,0,0
CUST_0716,OFFER_0633,314,0.6963942035917531,2,1,0.0032470230318077642,1,0,0,0,0,0
CUST_2252,OFFER_0056,551,1.4687195614768127,2,1,0.7755723809168673,1,0,0,0,0,1
CUST_0563,OFFER_0710,431,0.7416204543672495,2,1,0.048473273807304214,1,0,0,0,0,0
CUST_2837,OFFER_1006,501,1.0595821687227875,3,1,0.36643498816284226,1,1,0,0,0,0
CUST_2548,OFFER_1154,413,0.7411178317472941,3,1,0.04797065118734883,1,1,0,0,0,0
CUST_2837,OFFER_0818,487,0.9583122235049006,3,1,0.26516504294495535,1,1,0,0,0,1
CUST_1821,OFFER_0937,260,0.694079643063764,2,1,0.0009324625038187667,1,0,0,0,0,0
CUST_2073,OFFER_0128,534,1.2167942419702586,2,1,0.5236470614103134,1,0,0,0,0,1
CUST_1881,OFFER_0503,424,0.7343818027715983,2,1,0.041234622211652944,1,0,0,0,0,0
CUST_2068,OFFER_1140,335,0.6984219850371648,2,1,0.0052748044772194915,1,0,0,0,0,0
CUST_2318,OFFER_0073,568,1.8418455355569803,2,1,1.148698354997035,1,0,0,0,0,0
CUST_0540,OFFER_0469,510,0.9939034395804744,2,1,0.30075625902052916,1,0,0,0,0,1
CUST_1152,OFFER_1289,562,1.6931471805599454,2,1,1.0,1,0,0,0,0,1
CUST_1590,OFFER_0553,325,0.6973337956479777,2,1,0.004186615088032396,1,0,0,0,0,0
CUST_0147,OFFER_0592,431,0.7416204543672495,2,1,0.048473273807304214,1,0,0,0,0,0
CUST_2886,OFFER_0167,563,2.2282080185551076,3,1,1.5350608379951622,1,1,0,0,0,1
CUST_1555,OFFER_0818,484,0.8580856694065571,2,1,0.1649384888466118,1,0,0,0,0,1
CUST_0066,OFFER_1192,564,1.740441303380572,2,1,1.0472941228206267,1,0,0,0,0,1
CUST_0157,OFFER_0132,586,3.3047988704483178,3,1,2.6116516898883724,1,1,0,0,0,1
CUST_2545,OFFER_0769,587,2.4749446168406237,2,1,1.7817974362806785,1,0,0,0,0,1
CUST_0313,OFFER_1154,413,0.7251276146848445,2,1,0.03198043412489922,1,0,0,0,0,0
CUST_1836,OFFER_0883,496,0.9107848213839763,2,1,0.21763764082403106,1,0,0,0,0,1
CUST_1412,OFFER_0921,443,0.7571080488097437,2,1,0.06396086824979844,1,0,0,0,0,1
CUST_1117,OFFER_0947,491,0.9839868234037705,3,1,0.2908396428438252,1,1,0,0,0,1
CUST_0733,OFFER_0379,449,0.7666189247026709,2,1,0.07347174414272556,1,0,0,0,0,1
CUST_1680,OFFER_0919,423,0.7334400026986821,2,1,0.04029282213873684,1,0,0,0,0,0
CUST_0458,OFFER_1128,462,1.2474311372901283,3,2,0.1488188486220187,1,1,0,0,0,1
CUST_0164,OFFER_1180,294,0.6941699287267623,1,1,0.0010227481668170185,1,1,1,0,0,0
CUST_0157,OFFER_0863,586,3.3047988704483178,3,1,2.6116516898883724,1,1,0,0,0,1
CUST_1095,OFFER_0073,381,0.7084153050667303,2,1,0.015268124506785101,1,0,0,0,0,0
CUST_2905,OFFER_1257,528,1.1490084248390537,2,1,0.45586124427910846,1,0,0,0,0,1
CUST_1989,OFFER_0272,326,0.6995738894253435,3,1,0.006426708865398204,1,1,0,0,0,0
CUST_0529,OFFER_0665,375,0.7064388549498024,2,1,0.013291674389857115,1,0,0,0,0,0
CUST_1841,OFFER_0233,522,1.0899974435519952,2,1,0.3968502629920499,1,0,0,0,0,1
CUST_1987,OFFER_1180,331,0.6979563384245738,2,1,0.00480915786462858,1,0,0,0,0,0
CUST_2792,OFFER_1120,315,0.6981315584561417,3,1,0.004984377896196417,1,1,0,0,0,0
CUST_0674,OFFER_1047,509,0.9870341571308475,2,1,0.29388697657090224,1,0,0,0,0,1
CUST_0264,OFFER_1241,572,2.583028755402255,3,1,1.8898815748423097,1,1,0,0,0,1
CUST_1337,OFFER_1090,455,0.7353456163777012,1,1,0.042198435817755946,0,0,1,0,0,0
CUST_1233,OFFER_0665,399,0.7278604044416617,3,1,0.034713223881716375,1,1,0,0,0,0
CUST_2922,OFFER_0167,508,0.980321769309204,2,1,0.2871745887492587,1,0,0,0,0,1
CUST_0102,OFFER_0184,329,0.6977391645688656,2,1,0.004591984008920346,1,0,0,0,0,0
CUST_2705,OFFER_0005,248,0.6938538549922892,2,1,0.000706674432343935,1,0,0,0,0,0
CUST_1093,OFFER_1186,301,0.6943494700261025,1,1,0.0012022894661571448,1,1,1,0,0,0
CUST_0581,OFFER_0073,565,1.7649206430962385,2,1,1.0717734625362931,1,0,0,0,0,0
CUST_1286,OFFER_0251,587,2.4749446168406237,2,1,1.7817974362806785,1,0,0,0,0,1
CUST_0730,OFFER_1237,268,0.694829844165898,3,1,0.0016826636059526895,1,1,0,0,0,0
CUST_2884,OFFER_1215,515,1.0307346671019928,2,1,0.33758748654204745,1,0,0,0,0,1
CUST_2929,OFFER_0382,415,0.7266401012642044,2,1,0.033492920704259174,1,0,0,0,0,0
CUST_2389,OFFER_1308,168,0.693202827684491,1,1,5.56471245457896e-05,0,0,1,0,0,0
CUST_1581,OFFER_0123,589,2.55921316363356,2,1,1.8660659830736148,1,0,0,0,0,1
CUST_2095,OFFER_0206,78,0.6931541364505135,1,1,6.9558905682236974e-06,0,0,1,0,0,0
CUST_2423,OFFER_0710,427,0.7594384412961841,3,1,0.06629126073623882,1,1,0,0,0,0
CUST_0592,OFFER_0206,80,0.6931544654232563,1,1,7.284863311084117e-06,0,0,1,0,0,0
CUST_2188,OFFER_1034,513,1.4990036233346824,5,1,0.8058564427747371,0,0,1,0,0,1
CUST_2697,OFFER_1078,556,1.5636977438560695,2,1,0.8705505632961241,1,0,0,0,0,1
CUST_0458,OFFER_0005,242,0.6937623763850893,2,1,0.0006151958251439807,1,0,0,0,0,0
CUST_0733,OFFER_0877,449,0.7666189247026709,2,1,0.07347174414272556,1,0,0,0,0,1
CUST_2997,OFFER_0690,311,0.6976915499793801,3,1,0.004544369419434773,1,1,0,0,0,0
CUST_2790,OFFER_1011,495,0.9058139707976592,2,1,0.21266679023771393,1,0,0,0,0,1
CUST_0401,OFFER_0217,367,0.7041957240159851,2,1,0.011048543456039808,1,0,0,0,0,0
CUST_2473,OFFER_1047,462,0.7923597463079577,2,1,0.09921256574801246,1,0,0,0,0,1
CUST_0996,OFFER_0877,514,1.023024158253169,2,1,0.32987697769322366,1,0,0,0,0,1
CUST_2646,OFFER_0556,69,0.6931528304987281,1,1,5.64993878283144e-06,0,0,1,0,0,0
CUST_1451,OFFER_1171,260,0.694079643063764,2,1,0.0009324625038187667,1,0,0,0,0,0
CUST_2551,OFFER_1059,294,0.6951926768935793,2,1,0.002045496333634037,1,0,0,0,0,0
CUST_0641,OFFER_0752,477,1.309073922726117,3,2,0.21046163405800744,1,1,0,0,0,0
CUST_0106,OFFER_0919,426,0.7579243468084348,3,1,0.06477716624848952,1,1,0,0,0,0
CUST_0885,OFFER_0702,351,0.7007812428133379,2,1,0.0076340622533925505,1,0,0,0,0,0
CUST_1646,OFFER_0102,316,0.6965477686978208,2,1,0.0034005881378754853,1,0,0,0,0,0
CUST_0129,OFFER_0220,242,0.6937623763850893,2,1,0.0006151958251439807,1,0,0,0,0,0
CUST_1174,OFFER_0690,308,0.6973872271540089,3,1,0.004240046594063611,1,1,0,0,0,0
CUST_1093,OFFER_0313,301,0.6955517594922596,2,1,0.0024045789323142897,1,0,0,0,0,0
CUST_1091,OFFER_0788,564,1.740441303380572,2,1,1.0472941228206267,1,0,0,0,0,1
CUST_0937,OFFER_1223,167,0.6932015567024099,1,1,5.437614246462033e-05,0,0,1,0,0,0
CUST_0042,OFFER_0739,573,1.9825174889995245,2,1,1.2893703084395791,1,0,0,0,0,1
CUST_2121,OFFER_1308,249,0.6938703727241478,2,1,0.0007231921642024241,1,0,0,0,0,0
CUST_1239,OFFER_0867,585,2.3944815024616566,2,1,1.7013343219017114,1,0,0,0,0,0
CUST_2555,OFFER_0690,309,0.6974863335451599,3,1,0.004339152985214545,1,1,0,0,0,0
CUST_2133,OFFER_1224,513,1.01548975766984,2,1,0.32234257710989483,1,0,0,0,0,1
CUST_2490,OFFER_0181,306,0.6971957534504759,3,1,0.004048572890530595,1,1,0,0,0,0
CUST_0880,OFFER_0810,476,0.8302503030217735,2,1,0.1371031224618282,1,0,0,0,0,1
CUST_0880,OFFER_0980,476,0.8988018642526876,3,1,0.2056546836927423,1,1,0,0,0,1
CUST_2031,OFFER_0877,453,0.8140256469761559,3,1,0.12087846641621054,1,1,0,0,0,1
CUST_0023,OFFER_1154,415,0.7266401012642044,2,1,0.033492920704259174,1,0,0,0,0,0
CUST_2652,OFFER_0167,580,2.966722030325543,3,1,2.2735748497655974,1,1,0,0,0,1
CUST_2035,OFFER_0313,283,0.6947336110215786,2,1,0.001586430461633274,1,0,0,0,0,0
CUST_2959,OFFER_0529,303,0.6956654819436163,2,1,0.002518301383671054,1,0,0,0,0,0
CUST_2325,OFFER_0863,579,2.1742447328465095,2,1,1.4810975522865644,1,0,0,0,0,1
CUST_0589,OFFER_1241,575,2.0434971267281354,2,1,1.35034994616819,1,0,0,0,0,1
CUST_0911,OFFER_0493,554,1.5243850767027332,2,1,0.8312378961427878,1,0,0,0,0,1
CUST_0367,OFFER_0071,185,0.6932295993799018,1,1,8.241881995655473e-05,0,0,1,0,0,0
CUST_0575,OFFER_1305,533,1.2048341265583329,2,1,0.5116869459983876,1,0,0,0,0,1
CUST_0733,OFFER_0788,449,0.7666189247026709,2,1,0.07347174414272556,1,0,0,0,0,1
CUST_0458,OFFER_0625,462,0.7923597463079577,2,1,0.09921256574801246,1,0,0,0,0,1
CUST_2837,OFFER_0859,487,0.9583122235049006,3,1,0.26516504294495535,1,1,0,0,0,1
CUST_2201,OFFER_0129,516,1.2113645105478614,3,1,0.518217329987916,1,1,0,0,0,0
CUST_1307,OFFER_0181,236,0.6936827396320618,2,1,0.0005355590721165173,1,0,0,0,0,0
CUST_1839,OFFER_0597,461,0.8385670019818579,3,1,0.14541982142191257,1,1,0,0,0,1
CUST_1042,OFFER_1289,502,1.0681471805599454,3,1,0.3750000000000001,1,1,0,0,0,1
CUST_1412,OFFER_0319,443,0.7571080488097437,2,1,0.06396086824979844,1,0,0,0,0,1
CUST_2390,OFFER_0325,586,2.4342483071521936,2,1,1.7411011265922482,1,0,0,0,0,1
CUST_0822,OFFER_1308,124,0.6931673146528221,1,1,2.0134092876783674e-05,0,0,1,0,0,0
CUST_0977,OFFER_1154,413,0.7411178317472941,3,1,0.04797065118734883,1,1,0,0,0,0
CUST_0587,OFFER_0503,401,1.1349672440235876,3,2,0.036354955355478155,1,1,0,0,0,0
CUST_1417,OFFER_0382,410,0.7379053807432461,3,1,0.044758200183300775,1,1,0,0,0,0
CUST_2215,OFFER_0681,233,0.6936468748431468,2,1,0.0004996942832015505,1,0,0,0,0,0
CUST_2705,OFFER_1213,248,0.6938538549922892,2,1,0.000706674432343935,1,0,0,0,0,0
CUST_0748,OFFER_0529,351,0.7007812428133379,2,1,0.0076340622533925505,1,0,0,0,0,0
CUST_0279,OFFER_0633,270,0.6949094242651437,3,1,0.0017622437051984133,1,1,0,0,0,0
CUST_0733,OFFER_1076,449,0.7666189247026709,2,1,0.07347174414272556,1,0,0,0,0,1
CUST_2235,OFFER_1084,399,0.7278604044416617,3,1,0.034713223881716375,1,1,0,0,0,0
CUST_2316,OFFER_0901,447,0.7633010585792811,2,1,0.0701538780193358,1,0,0,0,0,0
CUST_0013,OFFER_0358,570,2.49768473468312,3,1,1.804537554123175,0,1,0,0,0,1
CUST_0458,OFFER_0152,462,0.7923597463079577,2,1,0.09921256574801246,1,0,0,0,0,1
CUST_1066,OFFER_0313,290,0.6959445680714016,3,1,0.0027973875114563,1,1,0,0,0,0
CUST_0581,OFFER_0676,565,2.300807374364385,3,1,1.6076601938044397,1,1,0,0,0,0
CUST_2091,OFFER_0865,552,1.8836979695360947,3,1,1.1905507889761495,1,1,0,0,0,1
CUST_0272,OFFER_0992,560,2.12540958642557,3,1,1.4322624058656248,0,1,0,0,0,1
CUST_1188,OFFER_0877,541,1.6165054905686325,3,1,0.9233583100086873,1,1,0,0,0,1
CUST_2991,OFFER_0147,426,0.7579243468084348,3,1,0.06477716624848952,1,1,0,0,0,0
CUST_0886,OFFER_0005,264,0.6946813028101708,3,1,0.0015341222502255278,1,1,0,0,0,0
CUST_1887,OFFER_0325,523,1.7084626760052397,5,1,1.0153154954452945,0,0,1,0,0,1
CUST_2449,OFFER_0871,271,0.6937483252930239,1,1,0.0006011447330785724,1,1,1,0,0,0
CUST_2061,OFFER_0698,537,1.254378204714632,2,1,0.5612310241546866,1,0,0,0,0,1
CUST_2987,OFFER_0311,107,0.6931607745955615,1,1,1.3594035616155081e-05,0,0,1,0,0,0
CUST_1051,OFFER_1090,469,0.8097763045020462,2,1,0.11662912394210094,1,0,0,0,0,0
CUST_0720,OFFER_0592,418,0.7469924159504313,3,1,0.05384523539048604,1,1,0,0,0,0
CUST_2687,OFFER_0307,461,0.7900937281745537,2,1,0.09694654761460839,1,0,0,0,0,1
CUST_0886,OFFER_1237,264,0.6941699287267623,2,1,0.0010227481668170185,1,0,0,0,0,0
CUST_2232,OFFER_0529,328,0.699877834983756,3,1,0.006730654423810759,1,1,0,0,0,0
CUST_2357,OFFER_0382,410,0.7379053807432461,3,1,0.044758200183300775,1,1,0,0,0,0
CUST_0309,OFFER_0233,460,0.7878794659668452,2,1,0.09473228540689993,1,0,0,0,0,1
CUST_1938,OFFER_0937,269,0.6948691745632904,3,1,0.0017219940033451294,1,1,0,0,0,0
CUST_2228,OFFER_1308,287,0.6948872171188132,2,1,0.0017400365588678497,1,0,0,0,0,0
CUST_0228,OFFER_0411,561,1.6703071489941912,2,1,0.9771599684342459,1,0,0,0,0,1
CUST_0401,OFFER_0928,266,0.6947538577762948,3,1,0.0016066772163495506,1,1,0,0,0,0
CUST_2244,OFFER_1171,538,1.672961466166627,2,2,0.5743491774985175,1,0,0,0,0,0
CUST_2470,OFFER_0227,455,0.7775440521954572,2,1,0.08439687163551189,1,0,0,0,0,0
CUST_2731,OFFER_0592,452,0.7325197133691601,1,1,0.039372532809214794,1,1,1,0,0,0
CUST_2754,OFFER_1180,367,0.709719995744005,3,1,0.01657281518405971,1,1,0,0,0,0
CUST_2754,OFFER_0073,367,0.709719995744005,3,1,0.01657281518405971,1,1,0,0,0,0
CUST_2620,OFFER_1224,475,0.8271188633769819,2,1,0.13397168281703667,1,0,0,0,0,1
CUST_0575,OFFER_1192,533,1.2048341265583329,2,1,0.5116869459983876,1,0,0,0,0,1
CUST_2339,OFFER_1210,450,0.7307417129375114,1,1,0.03759453237756616,1,1,1,0,0,0
CUST_0200,OFFER_0676,566,1.7899721602545715,2,1,1.0968249796946261,1,0,0,0,0,0
CUST_2704,OFFER_0411,570,1.896172216642062,2,1,1.2030250360821166,1,0,0,0,0,1
CUST_1372,OFFER_1006,469,0.8097763045020462,2,1,0.11662912394210094,1,0,0,0,0,0
CUST_0147,OFFER_1140,283,0.6955268262523951,3,1,0.002379645692449911,1,1,0,0,0,0
CUST_1839,OFFER_0871,461,0.7900937281745537,2,1,0.09694654761460839,1,0,0,0,0,0
CUST_0623,OFFER_0251,584,3.1868608689883087,3,1,2.4937136884283633,1,1,0,0,0,1
CUST_0518,OFFER_0908,394,0.7137644916657717,2,1,0.02061731110582648,1,0,0,0,0,0
CUST_2334,OFFER_0919,445,1.1655981300766278,2,2,0.06698584140851835,1,0,0,0,0,0
CUST_0859,OFFER_0841,410,0.7229859806821458,2,1,0.02983880012220052,1,0,0,0,0,0
CUST_2232,OFFER_1120,328,0.699877834983756,3,1,0.006730654423810759,1,1,0,0,0,0
CUST_1644,OFFER_0432,543,1.3378323347797347,2,1,0.6446851542197896,1,0,0,0,0,1
CUST_1810,OFFER_0871,453,0.773732824837419,2,1,0.0805856442774737,1,0,0,0,0,0
CUST_0526,OFFER_0073,439,0.7514617425309957,2,1,0.05831456197105046,1,0,0,0,0,0
CUST_2320,OFFER_0129,523,1.3023364778271218,3,1,0.6091892972671766,1,1,0,0,0,0
CUST_0814,OFFER_1247,84,0.6931551707799986,1,1,7.990220053257967e-06,0,0,1,0,0,0
CUST_1017,OFFER_0102,322,1.1039544126245053,3,2,0.0053421239563958035,1,1,0,0,0,0
CUST_0264,OFFER_0820,452,0.8112647789875896,3,1,0.11811759842764438,1,1,0,0,0,1
CUST_1090,OFFER_0841,408,0.7216385083273895,2,1,0.028491327767444268,1,0,0,0,0,0
CUST_1395,OFFER_0049,551,1.4687195614768127,2,1,0.7755723809168673,1,0,0,0,0,1
CUST_1065,OFFER_0313,308,0.695973878289321,2,1,0.0028266977293757403,1,0,0,0,0,0
CUST_2941,OFFER_0633,357,0.7063010326885708,3,1,0.01315385212862547,1,1,0,0,0,0
CUST_1623,OFFER_0071,199,0.693261076188795,1,1,0.00011389562884970791,0,0,1,0,0,0
CUST_2786,OFFER_0525,440,0.7528247808043463,2,1,0.059677600244401045,1,0,0,0,0,1
CUST_2786,OFFER_1289,440,0.7528247808043463,2,1,0.059677600244401045,1,0,0,0,0,1
CUST_0458,OFFER_0851,570,1.896172216642062,2,1,1.2030250360821166,1,0,0,0,0,0
CUST_2975,OFFER_0665,399,0.7278604044416617,3,1,0.034713223881716375,1,1,0,0,0,0
CUST_0458,OFFER_0922,462,0.7923597463079577,2,1,0.09921256574801246,1,0,0,0,0,1
CUST_1412,OFFER_0365,232,0.6938796024349453,3,1,0.0007324218750000004,1,1,0,0,0,0
CUST_2063,OFFER_0411,575,2.7186720998122302,3,1,2.025524919252285,0,1,0,0,0,1
CUST_1836,OFFER_0877,518,1.4604295980282043,2,2,0.3618173093600946,1,0,0,0,0,1
CUST_1655,OFFER_1308,324,0.6992836695608474,3,1,0.006136489000902112,1,1,0,0,0,0
CUST_0508,OFFER_0343,540,1.5954159576215328,3,1,0.9022687770615876,1,1,0,0,0,1
CUST_0499,OFFER_0049,461,0.7900937281745537,2,1,0.09694654761460839,1,0,0,0,0,1
CUST_2176,OFFER_0202,253,0.6939403957907619,2,1,0.0007932152308166369,1,0,0,0,0,0
CUST_1395,OFFER_0852,123,0.6931668547895052,1,1,1.9674229559930115e-05,0,0,1,0,0,0
CUST_1534,OFFER_1171,468,0.8640951471646109,3,1,0.17094796660466563,1,1,0,0,0,0
CUST_1889,OFFER_0073,304,0.6957243444481735,2,1,0.0025771638882283094,1,0,0,0,0,0
CUST_2417,OFFER_0357,250,0.6938872765396867,2,1,0.0007400959797414059,1,0,0,0,0,0
CUST_2676,OFFER_1186,346,0.6999483568356962,2,1,0.006801176275750971,1,0,0,0,0,0
CUST_1881,OFFER_1171,424,0.7137644916657717,1,1,0.020617311105826472,1,1,1,0,0,0
CUST_0996,OFFER_0085,514,1.023024158253169,2,1,0.32987697769322366,1,0,0,0,0,1
CUST_1793,OFFER_1210,442,0.7556471805599453,2,1,0.0625,1,0,0,0,0,0
CUST_0574,OFFER_0382,411,0.7236834295735155,2,1,0.030536249013570178,1,0,0,0,0,0
CUST_1916,OFFER_0167,569,1.868695086843554,2,1,1.1755479062836087,1,0,0,0,0,1
CUST_2884,OFFER_0592,502,0.8181471805599453,1,1,0.12500000000000003,1,1,1,0,0,0
CUST_1444,OFFER_0871,468,0.8071124916297223,2,1,0.11396531106977709,1,0,0,0,0,0
CUST_1295,OFFER_0711,485,0.9463377954664809,3,1,0.2531906149065356,1,1,0,0,0,1
CUST_1165,OFFER_0850,406,0.7203518856629492,2,1,0.027204705103003865,1,0,0,0,0,0
CUST_2746,OFFER_1090,437,0.7766689353856021,3,1,0.08352175482565682,1,1,0,0,0,0
CUST_1502,OFFER_1093,531,1.1817271647770682,2,1,0.48857998421712295,1,0,0,0,0,1
CUST_2388,OFFER_0739,445,0.7601330219684637,2,1,0.06698584140851835,1,0,0,0,0,1
CUST_2648,OFFER_0227,213,0.6933045743964247,1,1,0.00015739383647944097,0,0,1,0,0,0
CUST_1017,OFFER_0850,425,0.7353456163777012,2,1,0.04219843581775594,1,0,0,0,0,0
CUST_2948,OFFER_0137,323,0.6971447348255577,2,1,0.003997554265612405,1,0,0,0,0,0
CUST_0458,OFFER_0420,462,0.841966029181964,3,1,0.1488188486220187,1,1,0,0,0,1
CUST_1967,OFFER_0788,569,1.868695086843554,2,1,1.1755479062836087,1,0,0,0,0,1
CUST_2245,OFFER_1102,454,0.8168510471949042,3,1,0.12370386663495886,1,1,0,0,0,1
CUST_2573,OFFER_0591,276,0.6951714670052106,3,1,0.0020242864452652974,1,1,0,0,0,0
CUST_1784,OFFER_0915,306,0.6958462291536324,2,1,0.0026990485936870634,1,0,0,0,0,0
CUST_0604,OFFER_0167,586,2.4342483071521936,2,1,1.7411011265922482,1,0,0,0,0,1
CUST_2298,OFFER_1161,475,0.8941047047855003,3,1,0.20095752422555502,1,1,0,0,0,0
CUST_1172,OFFER_1180,419,0.729883052631308,2,1,0.03673587207136277,1,0,0,0,0,0
CUST_1395,OFFER_0877,551,1.4687195614768127,2,1,0.7755723809168673,1,0,0,0,0,1
CUST_1148,OFFER_0076,444,0.7913310045743791,3,1,0.09818382401443378,1,1,0,0,0,1
CUST_1241,OFFER_1131,348,0.7038314284727369,3,1,0.0106842479127916,1,1,0,0,0,0
CUST_1264,OFFER_0553,322,0.6990065555599453,3,1,0.005859375,1,1,0,0,0,0
CUST_1775,OFFER_0665,308,0.695973878289321,2,1,0.0028266977293757403,1,0,0,0,0,0
CUST_2244,OFFER_0217,538,1.672961466166627,2,2,0.5743491774985175,1,0,0,0,0,0
CUST_1190,OFFER_1090,406,0.733954238214451,3,1,0.0408070576545058,1,1,0,0,0,0
CUST_2470,OFFER_0698,455,0.7775440521954572,2,1,0.08439687163551189,1,0,0,0,0,1
CUST_2979,OFFER_0145,8,0.693148560783446,1,1,1.3802235006717457e-06,0,0,1,0,0,0
CUST_1148,OFFER_0352,444,0.7913310045743791,3,1,0.09818382401443378,1,1,0,0,0,1
CUST_2469,OFFER_0917,583,2.317651973272416,2,1,1.624504792712471,1,0,0,0,0,1
CUST_1184,OFFER_0437,530,1.1705679825151536,2,1,0.47742080195520825,1,0,0,0,0,1
CUST_1093,OFFER_0401,301,0.6955517594922596,2,1,0.0024045789323142897,1,0,0,0,0,0
CUST_1227,OFFER_1210,448,0.7290440041536026,1,1,0.03589682359365735,1,1,1,0,0,0
CUST_1728,OFFER_0812,419,0.729883052631308,2,1,0.03673587207136277,1,0,0,0,0,0
CUST_2853,OFFER_0871,378,0.7073928444436675,2,1,0.014245663883722132,1,0,0,0,0,0
CUST_2091,OFFER_0282,552,1.486847706544045,2,1,0.7937005259840997,1,0,0,0,0,1
CUST_0466,OFFER_0919,442,0.7868971805599453,3,1,0.09375,1,1,0,0,0,0
CUST_0540,OFFER_0227,532,1.1931471805599454,2,1,0.5,1,0,0,0,0,0
CUST_1841,OFFER_0698,520,1.0720763221875447,2,1,0.3789291416275995,1,0,0,0,0,1
CUST_1295,OFFER_0921,485,0.861940923830969,2,1,0.16879374327102373,1,0,0,0,0,1
CUST_2189,OFFER_0863,465,1.2049456837869665,2,2,0.106333395118857,1,0,0,0,0,1
CUST_1644,OFFER_0122,543,1.3378323347797347,2,1,0.6446851542197896,1,0,0,0,0,1
CUST_2813,OFFER_0382,417,0.7282241195696132,2,1,0.0350769390096679,1,0,0,0,0,0
CUST_0785,OFFER_0553,327,0.6975317979361538,2,1,0.00438461737620849,1,0,0,0,0,0
CUST_1792,OFFER_0123,562,1.6931471805599454,2,1,1.0,1,0,0,0,0,1
CUST_1671,OFFER_0633,353,0.7051398433567825,3,1,0.011992662796837205,1,1,0,0,0,0
CUST_1714,OFFER_1308,299,0.6954431725644055,2,1,0.002295992004460173,1,0,0,0,0,0
CUST_2343,OFFER_0702,327,0.6975317979361538,2,1,0.00438461737620849,1,0,0,0,0,0
CUST_2927,OFFER_0592,520,1.0720763221875447,2,1,0.3789291416275995,1,0,0,0,0,0
CUST_1527,OFFER_1323,489,0.8782843745957659,2,1,0.1851371940358206,1,0,0,0,0,1
CUST_0394,OFFER_0411,550,1.4510054638151444,2,1,0.757858283255199,1,0,0,0,0,1
CUST_0977,OFFER_0382,413,0.7411178317472941,3,1,0.04797065118734883,1,1,0,0,0,0
CUST_0276,OFFER_0841,417,0.7282241195696132,2,1,0.0350769390096679,1,0,0,0,0,0
CUST_1227,OFFER_1289,448,0.76494082774726,2,1,0.0717936471873147,1,0,0,0,0,1
CUST_0575,OFFER_0433,533,1.2048341265583329,2,1,0.5116869459983876,1,0,0,0,0,1
CUST_2959,OFFER_1131,303,0.6956654819436163,2,1,0.002518301383671054,1,0,0,0,0,0
CUST_1249,OFFER_1210,425,0.7564448342865792,3,1,0.0632976537266339,1,1,0,0,0,0
CUST_0377,OFFER_1180,360,0.7072451302015326,3,1,0.0140979496415873,1,1,0,0,0,0
CUST_0112,OFFER_1180,463,0.7946787301044748,2,1,0.10153154954452945,1,0,0,0,0,0
CUST_2179,OFFER_1213,194,0.6932486500296893,1,1,0.00010146946974399259,0,0,1,0,0,0
CUST_1412,OFFER_0085,443,0.7571080488097437,2,1,0.06396086824979844,1,0,0,0,0,1
CUST_1337,OFFER_1180,455,0.7353456163777012,1,1,0.042198435817755946,1,1,1,0,0,0
CUST_0458,OFFER_0762,464,1.202517025685958,2,2,0.1039047370178485,1,0,0,0,0,1
CUST_2837,OFFER_0711,487,0.9583122235049006,3,1,0.26516504294495535,1,1,0,0,0,1
CUST_0390,OFFER_0710,428,0.760987926064963,3,1,0.06784074550501773,1,1,0,0,0,0
CUST_1514,OFFER_1308,301,0.6943494700261025,1,1,0.0012022894661571448,1,1,1,0,0,0
CUST_0571,OFFER_1235,571,2.53986380057732,3,1,1.8467166200173746,1,1,0,0,0,1
CUST_0791,OFFER_0503,419,0.729883052631308,2,1,0.03673587207136277,1,0,0,0,0,0
CUST_2853,OFFER_0227,378,0.7073928444436675,2,1,0.014245663883722132,1,0,0,0,0,0
CUST_0575,OFFER_0055,533,1.2048341265583329,2,1,0.5116869459983876,1,0,0,0,0,1
CUST_1393,OFFER_1308,285,0.6956393695080435,3,1,0.002492188948098211,1,1,0,0,0,0
CUST_2212,OFFER_1120,315,0.6964700991574095,2,1,0.0033229185974642784,1,0,0,0,0,0
CUST_2618,OFFER_0665,282,0.6954724750696644,3,1,0.0023252945097190425,1,1,0,0,0,0
CUST_0066,OFFER_0716,564,1.740441303380572,2,1,1.0472941228206267,1,0,0,0,0,1
CUST_1886,OFFER_0411,568,1.8418455355569803,2,1,1.148698354997035,1,0,0,0,0,1
CUST_2753,OFFER_0915,320,1.100477213675747,1,2,0.001864925007637532,1,1,1,0,0,0
CUST_1783,OFFER_0664,528,1.1490084248390537,2,1,0.45586124427910846,1,0,0,0,0,1
CUST_1417,OFFER_1154,410,0.7229859806821458,2,1,0.02983880012220052,1,0,0,0,0,0
CUST_0034,OFFER_0908,409,0.7223044615454706,2,1,0.029157280985525242,1,0,0,0,0,0
CUST_2754,OFFER_1090,367,0.709719995744005,3,1,0.01657281518405971,1,1,0,0,0,0
CUST_2941,OFFER_1059,357,0.7063010326885708,3,1,0.01315385212862547,1,1,0,0,0,0
CUST_1328,OFFER_0852,119,0.6931651179974802,1,1,1.7937437534845104e-05,0,0,1,0,0,0
CUST_2123,OFFER_1227,566,2.3383846501018843,3,1,1.6452374695419392,1,1,0,0,0,0
CUST_0236,OFFER_0559,253,0.6943370034061702,3,1,0.0011898228462249552,1,1,0,0,0,0
CUST_0996,OFFER_0102,318,0.6984893045163411,3,1,0.0053421239563958035,1,1,0,0,0,0
CUST_0934,OFFER_1005,464,0.7970519175777938,2,1,0.1039047370178485,1,0,0,0,0,1
CUST_2073,OFFER_0391,534,1.2167942419702586,2,1,0.5236470614103134,1,0,0,0,0,1
CUST_2306,OFFER_0137,324,0.6972381732272134,2,1,0.004090992667268075,1,0,0,0,0,0
CUST_2794,OFFER_1184,406,0.7611589433174549,5,1,0.06801176275750967,0,0,1,0,0,1
CUST_2926,OFFER_0005,236,0.6936827396320618,2,1,0.0005355590721165173,1,0,0,0,0,0
CUST_0776,OFFER_0980,540,1.2946596986010037,2,1,0.6015125180410584,1,0,0,0,0,1
CUST_0508,OFFER_0592,540,1.2946596986010037,2,1,0.6015125180410584,1,0,0,0,0,0
CUST_2570,OFFER_0604,478,0.8367344749345746,2,1,0.1435872943746294,1,0,0,0,0,1
CUST_1331,OFFER_0102,328,0.699877834983756,3,1,0.006730654423810759,1,1,0,0,0,0
CUST_2641,OFFER_1090,353,0.6971447348255577,1,1,0.003997554265612401,1,1,1,0,0,0
CUST_0617,OFFER_1237,267,0.6947914120760235,3,1,0.0016442315160781836,1,1,0,0,0,0
CUST_0776,OFFER_0922,540,1.2946596986010037,2,1,0.6015125180410584,1,0,0,0,0,1
CUST_1728,OFFER_0217,419,0.729883052631308,2,1,0.03673587207136277,1,0,0,0,0,0
CUST_2403,OFFER_0059,534,1.2167942419702586,2,1,0.5236470614103134,1,0,0,0,0,0
CUST_0575,OFFER_0719,533,1.2048341265583329,2,1,0.5116869459983876,1,0,0,0,0,1
CUST_1107,OFFER_0145,25,0.6931492248055937,1,1,2.04424564845332e-06,0,0,1,0,0,0
CUST_0399,OFFER_1180,469,0.8097763045020462,2,1,0.11662912394210094,1,0,0,0,0,0
CUST_0264,OFFER_0279,452,0.7718922461783748,2,1,0.07874506561842959,1,0,0,0,0,1
CUST_0127,OFFER_1010,560,1.6479887844703618,2,1,0.9548416039104166,1,0,0,0,0,1
CUST_1136,OFFER_0352,505,0.9610905461940187,2,1,0.26794336563407334,1,0,0,0,0,1
CUST_2661,OFFER_0352,526,1.1284224622080075,2,1,0.4352752816480622,1,0,0,0,0,1
CUST_1065,OFFER_1180,308,0.6945605294246332,1,1,0.0014133488646878702,1,1,1,0,0,0
CUST_2786,OFFER_1192,440,0.7528247808043463,2,1,0.059677600244401045,1,0,0,0,0,1
CUST_1226,OFFER_1200,515,1.0307346671019928,2,1,0.33758748654204745,1,0,0,0,0,1
CUST_2417,OFFER_1246,250,0.6942573245295574,3,1,0.001110143969612109,1,1,0,0,0,0
CUST_0264,OFFER_1323,452,0.7718922461783748,2,1,0.07874506561842959,1,0,0,0,0,1
CUST_1344,OFFER_0783,387,0.7369933543220302,5,1,0.04384617376208491,0,0,1,0,0,1
CUST_1273,OFFER_0529,279,0.6945935648883501,2,1,0.0014463843284048482,1,0,0,0,0,0
CUST_1412,OFFER_0049,443,0.7571080488097437,2,1,0.06396086824979844,1,0,0,0,0,1
CUST_1412,OFFER_0788,443,0.789088482934643,3,1,0.09594130237469765,1,1,0,0,0,1
CUST_0529,OFFER_1090,375,0.6997930177548738,1,1,0.006645837194928558,1,1,1,0,0,0
CUST_2884,OFFER_0728,515,1.0307346671019928,2,1,0.33758748654204745,1,0,0,0,0,1
CUST_0668,OFFER_0071,185,0.6932295993799018,1,1,8.241881995655473e-05,0,0,1,0,0,0
CUST_1993,OFFER_0651,310,0.6961075644789109,2,1,0.0029603839189656215,1,0,0,0,0,0
CUST_0757,OFFER_0871,488,0.8740558352399925,2,1,0.1809086546800473,1,0,0,0,0,0
CUST_1191,OFFER_0071,197,0.6932559328448745,1,1,0.00010875228492924067,0,0,1,0,0,0
CUST_1694,OFFER_0863,539,1.5748081102726519,3,1,0.8816609297127065,1,1,0,0,0,1
CUST_0052,OFFER_0529,312,0.6962475732395706,2,1,0.0031003926796253907,1,0,0,0,0,0
CUST_2004,OFFER_1090,350,0.7043367306057705,3,1,0.011189550045825192,1,1,0,0,0,0
CUST_1088,OFFER_1173,421,0.7508570749354883,3,1,0.05770989437554297,1,1,0,0,0,0
CUST_1447,OFFER_0102,328,0.6976342835091525,2,1,0.004487102949207173,1,0,0,0,0,0
CUST_1166,OFFER_0288,206,0.6932810703279744,1,1,0.0001338897680291293,0,0,1,0,0,0
CUST_1241,OFFER_1140,348,0.7038314284727369,3,1,0.0106842479127916,1,1,0,0,0,0
CUST_0307,OFFER_0827,61,0.6931518770031725,1,1,4.696443227176352e-06,0,0,1,0,0,0
CUST_1052,OFFER_0251,572,2.583028755402255,3,1,1.8898815748423097,0,1,0,0,0,1
CUST_1123,OFFER_0788,516,1.0386254005518893,2,1,0.34547821999194406,1,0,0,0,0,1
CUST_0459,OFFER_0313,282,0.694697376899758,2,1,0.0015501963398126951,1,0,0,0,0,0
CUST_2177,OFFER_0411,575,2.7186720998122302,3,1,2.025524919252285,1,1,0,0,0,1
CUST_0939,OFFER_0791,449,0.7666189247026709,2,1,0.07347174414272556,1,0,0,0,0,1
CUST_2884,OFFER_0241,515,1.0307346671019928,2,1,0.33758748654204745,1,0,0,0,0,1
CUST_1118,OFFER_0167,523,1.3023364778271218,3,1,0.6091892972671766,1,1,0,0,0,1
CUST_2853,OFFER_0850,402,0.7179503219969484,2,1,0.024803141437003132,1,0,0,0,0,0
CUST_0938,OFFER_0859,485,0.861940923830969,2,1,0.16879374327102373,1,0,0,0,0,1
CUST_1999,OFFER_0519,540,1.2946596986010037,2,1,0.6015125180410584,1,0,0,0,0,1
CUST_1388,OFFER_0937,241,0.6940488976595631,3,1,0.0009017170996178585,1,1,0,0,0,0
CUST_0281,OFFER_0690,308,0.6973872271540089,3,1,0.004240046594063611,1,1,0,0,0,0
CUST_1941,OFFER_1059,384,0.7176931365635537,3,1,0.024545956003608455,1,1,0,0,0,0
CUST_2610,OFFER_0382,416,0.7102850708676738,1,1,0.017137890307728533,1,1,1,0,0,0
CUST_1719,OFFER_0595,348,0.7002700125018063,2,1,0.007122831941861066,1,0,0,0,0,0
CUST_1239,OFFER_0242,585,2.3944815024616566,2,1,1.7013343219017114,1,0,0,0,0,0
CUST_2274,OFFER_1235,560,2.12540958642557,3,1,1.4322624058656248,1,1,0,0,0,1
CUST_2061,OFFER_0992,537,1.254378204714632,2,1,0.5612310241546866,1,0,0,0,0,1
CUST_0370,OFFER_0411,582,3.0742487585122444,3,1,2.381101577952299,0,1,0,0,0,1
CUST_1554,OFFER_1215,459,0.7857157775778556,2,1,0.0925685970179103,1,0,0,0,0,1
CUST_2362,OFFER_0766,475,1.028076387602537,5,1,0.33492920704259166,0,0,1,0,0,1
CUST_0921,OFFER_0129,530,1.4092783834927576,3,1,0.7161312029328124,1,1,0,0,0,0
CUST_1881,OFFER_0710,424,0.7343818027715983,2,1,0.041234622211652944,1,0,0,0,0,0
CUST_2455,OFFER_0469,508,0.980321769309204,2,1,0.2871745887492587,1,0,0,0,0,1
CUST_0039,OFFER_0871,482,0.8506373117968045,2,1,0.15749013123685918,1,0,0,0,0,0
CUST_0157,OFFER_0411,516,1.0386254005518893,2,1,0.34547821999194406,1,0,0,0,0,1
CUST_2258,OFFER_0937,267,0.6942433349039974,2,1,0.0010961543440521223,1,0,0,0,0,0
CUST_2167,OFFER_0242,544,1.3529011359463925,2,1,0.6597539553864472,1,0,0,0,0,0
CUST_2562,OFFER_0592,519,1.0634215686315862,2,1,0.37027438807164104,1,0,0,0,0,0
CUST_0551,OFFER_0904,149,0.693183055435015,1,1,3.5874875069690214e-05,0,0,1,0,0,0
CUST_2266,OFFER_0553,322,0.6990065555599453,3,1,0.005859375,1,1,0,0,0,0
CUST_1520,OFFER_0665,388,0.7200697982551884,3,1,0.026922617695243015,1,1,0,0,0,0
CUST_0950,OFFER_0282,524,1.108766128631339,2,1,0.4156189480713939,1,0,0,0,0,1
CUST_0493,OFFER_0077,570,1.896172216642062,2,1,1.2030250360821166,1,0,0,0,0,1
CUST_2042,OFFER_0868,501,0.9374371726685068,2,1,0.2442899921085615,1,0,0,0,0,1
CUST_1993,OFFER_0982,459,0.7857157775778556,2,1,0.0925685970179103,1,0,0,0,0,1
CUST_1967,OFFER_0167,567,1.8156092288693184,2,1,1.122462048309373,1,0,0,0,0,1
CUST_1132,OFFER_0676,557,2.0294952577704546,3,1,1.3363480772105092,1,1,0,0,0,0
CUST_1412,OFFER_0379,443,0.7571080488097437,2,1,0.06396086824979844,1,0,0,0,0,1
CUST_1148,OFFER_0711,444,0.7913310045743791,3,1,0.09818382401443378,1,1,0,0,0,1
CUST_0510,OFFER_1140,322,0.6990065555599453,3,1,0.005859375,1,1,0,0,0,0
CUST_0354,OFFER_1130,89,0.6931561492787127,1,1,8.968718767422567e-06,0,0,1,0,0,0
CUST_2105,OFFER_0411,536,1.5157659153309146,3,1,0.8226187347709695,1,1,0,0,0,1
CUST_1555,OFFER_0581,265,0.6947171612179575,3,1,0.0015699806580121494,1,1,0,0,0,0
CUST_1642,OFFER_0922,515,1.0307346671019928,2,1,0.33758748654204745,1,0,0,0,0,1
CUST_1321,OFFER_1289,499,1.0430345523862479,3,1,0.3498873718263027,1,1,0,0,0,1
CUST_1555,OFFER_0507,507,0.9737626926372887,2,1,0.2806155120773433,1,0,0,0,0,1
CUST_2518,OFFER_0698,498,0.9210778026994995,2,1,0.2279306221395542,1,0,0,0,0,1
CUST_2167,OFFER_0965,562,2.1931471805599454,3,1,1.5,1,1,0,0,0,1
CUST_0098,OFFER_0377,547,1.4002539617464929,2,1,0.7071067811865476,1,0,0,0,0,1
CUST_2334,OFFER_0696,515,1.1995284103730164,3,1,0.5063812298130712,1,1,0,0,0,1
CUST_2334,OFFER_0698,515,1.0307346671019928,2,1,0.33758748654204745,1,0,0,0,0,1
CUST_1030,OFFER_1034,513,1.01548975766984,2,1,0.32234257710989483,1,0,0,0,0,1
CUST_1364,OFFER_1192,495,0.9058139707976592,2,1,0.21266679023771393,1,0,0,0,0,1
CUST_0388,OFFER_0871,443,0.789088482934643,3,1,0.09594130237469765,1,1,0,0,0,0
CUST_2069,OFFER_1096,554,1.9400040247741268,3,1,1.2468568442141816,1,1,0,0,0,1
CUST_0416,OFFER_0081,501,1.0595821687227875,3,1,0.36643498816284226,1,1,0,0,0,1
CUST_0590,OFFER_0877,488,0.8740558352399925,2,1,0.1809086546800473,1,0,0,0,0,1
CUST_0272,OFFER_1090,310,0.6946273725194281,1,1,0.0014801919594828108,1,1,1,0,0,0
CUST_1732,OFFER_0437,530,1.4092783834927576,3,1,0.7161312029328124,0,1,0,0,0,1
CUST_1028,OFFER_0233,445,0.7601330219684637,2,1,0.06698584140851835,1,0,0,0,0,1
CUST_0334,OFFER_0820,535,1.229033911828092,2,1,0.5358867312681466,1,0,0,0,0,1
CUST_2678,OFFER_0698,528,1.3769390469786078,3,1,0.6837918664186626,1,1,0,0,0,1
CUST_1634,OFFER_0578,535,1.229033911828092,2,1,0.5358867312681466,1,0,0,0,0,1
CUST_2493,OFFER_0059,519,1.0634215686315862,2,1,0.37027438807164104,1,0,0,0,0,0
CUST_1462,OFFER_0698,531,1.1817271647770682,2,1,0.48857998421712295,1,0,0,0,0,1
CUST_2642,OFFER_0059,525,1.1184807610353733,2,1,0.4253335804754279,1,0,0,0,0,0
CUST_2769,OFFER_0559,238,0.6939885123629216,3,1,0.0008413318029763446,1,1,0,0,0,0
CUST_2833,OFFER_0626,529,1.159663676328349,2,1,0.4665164957684037,1,0,0,0,0,1
CUST_2158,OFFER_0272,304,0.6970129263922877,3,1,0.0038657458323424643,1,1,0,0,0,0
CUST_1468,OFFER_0532,588,2.516592157676379,2,1,1.8234449771164336,1,0,0,0,0,1
CUST_1796,OFFER_1180,242,0.6937623763850893,2,1,0.0006151958251439807,1,0,0,0,0,0
CUST_2992,OFFER_0919,424,0.7343818027715983,2,1,0.041234622211652944,1,0,0,0,0,0
CUST_2852,OFFER_1186,333,0.7007020847109584,3,1,0.007554904151013163,1,1,0,0,0,0
CUST_1900,OFFER_1034,512,1.0081274430336635,2,1,0.31498026247371824,1,0,0,0,0,1
CUST_1711,OFFER_0992,555,1.5438143415108012,2,1,0.8506671609508558,1,0,0,0,0,1
CUST_1740,OFFER_0841,436,0.747556590765953,2,1,0.054409410206007786,1,0,0,0,0,0
CUST_0573,OFFER_0420,442,0.7556471805599453,2,1,0.0625,1,0,0,0,0,1
CUST_2002,OFFER_0127,564,1.740441303380572,2,1,1.0472941228206267,1,0,0,0,0,1
CUST_1228,OFFER_0129,518,1.2358731446000872,3,1,0.5427259640401418,1,1,0,0,0,0
CUST_1133,OFFER_0184,315,0.6981315584561417,3,1,0.004984377896196417,1,1,0,0,0,0
CUST_2817,OFFER_0129,537,1.5349937167919752,3,1,0.84184653623203,1,1,0,0,0,0
CUST_2276,OFFER_0503,423,0.7334400026986821,2,1,0.04029282213873684,1,0,0,0,0,0
CUST_0234,OFFER_0227,283,0.6947336110215786,2,1,0.001586430461633274,1,0,0,0,0,0
CUST_1008,OFFER_0401,332,0.6980687471610971,2,1,0.0049215666011518475,1,0,0,0,0,0
CUST_0151,OFFER_0102,322,0.6990065555599453,3,1,0.005859375,1,1,0,0,0,0
CUST_0871,OFFER_0073,428,0.7383743442299571,2,1,0.04522716367001182,1,0,0,0,0,0
CUST_1647,OFFER_0919,428,0.760987926064963,3,1,0.06784074550501773,1,1,0,0,0,0
CUST_2082,OFFER_0167,564,1.740441303380572,2,1,1.0472941228206267,1,0,0,0,0,1
CUST_1980,OFFER_0411,553,1.9115257750942987,3,1,1.2183785945343533,1,1,0,0,0,1
CUST_2966,OFFER_0788,529,1.159663676328349,2,1,0.4665164957684037,1,0,0,0,0,1
CUST_0327,OFFER_0059,501,1.0595821687227875,3,1,0.36643498816284226,1,1,0,0,0,0
CUST_1911,OFFER_1131,332,0.6980687471610971,2,1,0.0049215666011518475,1,0,0,0,0,0
CUST_2924,OFFER_1308,262,0.6941237430599453,2,1,0.0009765624999999999,1,0,0,0,0,0
CUST_1219,OFFER_0147,443,0.7571080488097437,2,1,0.06396086824979844,1,0,0,0,0,0
CUST_1601,OFFER_0686,533,1.2048341265583329,2,1,0.5116869459983876,1,0,0,0,0,0
CUST_1634,OFFER_0167,535,1.229033911828092,2,1,0.5358867312681466,1,0,0,0,0,1
CUST_1765,OFFER_0290,433,0.74391295533221,2,1,0.05076577477226472,1,0,0,0,0,1
CUST_1380,OFFER_0651,309,0.6945935648883501,1,1,0.0014463843284048484,0,0,1,0,0,0
CUST_1865,OFFER_0909,421,0.7893303378525169,5,1,0.09618315729257162,0,0,1,0,0,1
CUST_1196,OFFER_0071,219,0.6933279786009959,1,1,0.00018079804105060584,0,0,1,0,0,0
CUST_2189,OFFER_0812,460,0.8352456086702952,3,1,0.1420984281103499,1,1,0,0,0,0
CUST_1028,OFFER_0863,445,0.7601330219684637,2,1,0.06698584140851835,1,0,0,0,0,1
CUST_0319,OFFER_0437,527,1.138596539630115,2,1,0.44544935907016964,1,0,0,0,0,1
CUST_2550,OFFER_0888,496,0.9107848213839763,2,1,0.21763764082403106,1,0,0,0,0,1
CUST_0273,OFFER_0788,514,1.023024158253169,2,1,0.32987697769322366,1,0,0,0,0,1
CUST_2652,OFFER_0762,468,0.8071124916297223,2,1,0.11396531106977709,1,0,0,0,0,1
CUST_2452,OFFER_0595,380,0.7080665806210455,2,1,0.014919400061100258,1,0,0,0,0,0
CUST_2334,OFFER_1188,515,1.1995284103730164,3,1,0.5063812298130712,1,1,0,0,0,1
CUST_1021,OFFER_0127,548,1.4167817992801344,2,1,0.7236346187201891,1,0,0,0,0,1
CUST_1142,OFFER_1131,323,0.6991435119583639,3,1,0.005996331398418608,1,1,0,0,0,0
CUST_2885,OFFER_0503,417,0.7457625890744471,3,1,0.052615408514501846,1,1,0,0,0,0
CUST_2566,OFFER_0648,536,1.5157659153309146,3,1,0.8226187347709695,1,1,0,0,0,1
CUST_0230,OFFER_0313,286,0.6956976216633519,3,1,0.0025504411034066136,1,1,0,0,0,0
CUST_1220,OFFER_0358,587,2.4749446168406237,2,1,1.7817974362806785,1,0,0,0,0,1
CUST_2192,OFFER_0468,434,0.7450995490688695,2,1,0.05195236850892424,1,0,0,0,0,1
CUST_2110,OFFER_0998,506,1.10445654794543,3,1,0.4113093673854848,0,1,0,0,0,1
CUST_2069,OFFER_0914,554,1.9400040247741268,3,1,1.2468568442141816,1,1,0,0,0,1
CUST_0196,OFFER_1059,343,0.702665763329745,3,1,0.009518582769799645,1,1,0,0,0,0
CUST_2931,OFFER_0167,570,1.896172216642062,2,1,1.2030250360821166,1,0,0,0,0,1
CUST_2773,OFFER_1323,516,1.2113645105478614,3,1,0.518217329987916,1,1,0,0,0,1
CUST_1423,OFFER_0739,586,3.3047988704483178,3,1,2.6116516898883724,1,1,0,0,0,1
CUST_1186,OFFER_0102,316,0.6965477686978208,2,1,0.0034005881378754853,1,0,0,0,0,0
CUST_0819,OFFER_0863,585,2.3944815024616566,2,1,1.7013343219017114,1,0,0,0,0,1
CUST_1763,OFFER_0411,524,1.108766128631339,2,1,0.4156189480713939,1,0,0,0,0,1
CUST_1088,OFFER_0778,443,0.789088482934643,3,1,0.09594130237469765,1,1,0,0,0,1
CUST_0021,OFFER_1237,246,0.6938219427083671,2,1,0.0006747621484217657,1,0,0,0,0,0
CUST_1309,OFFER_0071,196,0.6932534489392539,1,1,0.00010626837930860897,0,0,1,0,0,0
CUST_0017,OFFER_0503,416,0.7445608514831309,3,1,0.0514136709231856,1,1,0,0,0,0
CUST_1762,OFFER_1281,489,0.8782843745957659,2,1,0.1851371940358206,1,0,0,0,0,1
CUST_1354,OFFER_0390,480,0.8435253100702098,2,1,0.15037812951026458,1,0,0,0,0,1
CUST_0955,OFFER_1180,220,0.6933322045548806,1,1,0.00018502399493535113,0,0,1,0,0,0
CUST_0416,OFFER_0784,501,0.9374371726685068,2,1,0.2442899921085615,1,0,0,0,0,1
CUST_0272,OFFER_0690,310,0.6975877564383938,3,1,0.0044405758784484325,1,1,0,0,0,0
CUST_0528,OFFER_1223,166,0.6932003147495996,1,1,5.313418965430448e-05,0,0,1,0,0,0
CUST_2773,OFFER_0085,516,1.0386254005518893,2,1,0.34547821999194406,1,0,0,0,0,1
CUST_2961,OFFER_0411,443,0.789088482934643,3,1,0.09594130237469765,1,1,0,0,0,1
CUST_2082,OFFER_0049,564,1.740441303380572,2,1,1.0472941228206267,1,0,0,0,0,1
CUST_1747,OFFER_0709,581,2.24429194239368,2,1,1.5511447618337346,1,0,0,0,0,1
CUST_1228,OFFER_0354,518,1.0549644899200399,2,1,0.3618173093600946,1,0,0,0,0,1
CUST_1499,OFFER_0837,540,1.2946596986010037,2,1,0.6015125180410584,1,0,0,0,0,1
CUST_2113,OFFER_0698,455,0.7775440521954572,2,1,0.08439687163551189,1,0,0,0,0,1
CUST_0918,OFFER_0871,445,0.7936259426727228,3,1,0.10047876211277752,1,1,0,0,0,0
CUST_2913,OFFER_1091,557,1.5840458987002846,2,1,0.8908987181403394,1,0,0,0,0,1
CUST_1013,OFFER_0321,544,1.3529011359463925,2,1,0.6597539553864472,1,0,0,0,0,1
CUST_1972,OFFER_0519,537,1.254378204714632,2,1,0.5612310241546866,1,0,0,0,0,1
CUST_2299,OFFER_0401,241,0.6937483252930239,2,1,0.0006011447330785723,1,0,0,0,0,0
CUST_0915,OFFER_0071,181,0.6932223236515801,1,1,7.514309163482166e-05,0,0,1,0,0,0
CUST_1716,OFFER_0107,562,1.6931471805599454,2,1,1.0,1,0,0,0,0,1
CUST_0275,OFFER_0919,425,0.7564448342865792,3,1,0.0632976537266339,1,1,0,0,0,0
CUST_0502,OFFER_1047,462,0.7923597463079577,2,1,0.09921256574801246,1,0,0,0,0,1
CUST_2852,OFFER_1090,333,0.6981837833272874,2,1,0.0050366027673421085,1,0,0,0,0,0
CUST_1634,OFFER_1078,535,1.496977277462165,3,1,0.8038300969022198,1,1,0,0,0,1
CUST_1489,OFFER_0992,565,1.7649206430962385,2,1,1.0717734625362931,1,0,0,0,0,1
CUST_0863,OFFER_0914,528,1.1490084248390537,2,1,0.45586124427910846,1,0,0,0,0,1
CUST_0684,OFFER_0401,121,0.693165966332854,1,1,1.8785772908705412e-05,0,0,1,0,0,0
CUST_1438,OFFER_0922,453,0.773732824837419,2,1,0.0805856442774737,1,0,0,0,0,1
CUST_0752,OFFER_0433,579,2.914793508989792,3,1,2.2216463284298467,0,1,0,0,0,1
CUST_1454,OFFER_0005,240,0.6940283024125445,3,1,0.0008811218525992066,1,1,0,0,0,0
CUST_1780,OFFER_0503,401,0.7295021359154235,3,1,0.036354955355478155,1,1,0,0,0,0
CUST_2860,OFFER_1161,476,0.8988018642526876,3,1,0.2056546836927423,1,1,0,0,0,0
CUST_2069,OFFER_0770,554,1.9400040247741268,3,1,1.2468568442141816,1,1,0,0,0,1
CUST_1650,OFFER_0525,526,1.1284224622080075,2,1,0.4352752816480622,1,0,0,0,0,1
CUST_1048,OFFER_0071,182,0.6932240800380883,1,1,7.689947814299773e-05,0,0,1,0,0,0
CUST_0655,OFFER_1230,536,1.2415596704072582,2,1,0.548412489847313,1,0,0,0,0,1
CUST_2002,OFFER_0863,564,2.2640883647908856,3,1,1.5709411842309402,1,1,0,0,0,1
CUST_0434,OFFER_0825,244,0.6937914715320024,2,1,0.0006442909720570778,1,0,0,0,0,0
CUST_0334,OFFER_0877,535,1.229033911828092,2,1,0.5358867312681466,1,0,0,0,0,1
CUST_2783,OFFER_0480,254,0.6939589363178972,2,1,0.0008117557579519408,1,0,0,0,0,0
CUST_2579,OFFER_0432,448,0.76494082774726,2,1,0.0717936471873147,1,0,0,0,0,1
CUST_0573,OFFER_0837,442,0.7556471805599453,2,1,0.0625,1,0,0,0,0,1
CUST_0508,OFFER_0167,550,1.4510054638151444,2,1,0.757858283255199,1,0,0,0,0,1
CUST_0347,OFFER_1154,410,0.7229859806821458,2,1,0.02983880012220052,1,0,0,0,0,0
CUST_1110,OFFER_1186,329,0.7000351565733258,3,1,0.0068879760133805186,1,1,0,0,0,0
CUST_0053,OFFER_0919,444,0.7913310045743791,3,1,0.09818382401443378,1,1,0,0,0,0
CUST_1229,OFFER_0686,516,1.0386254005518893,2,1,0.34547821999194406,1,0,0,0,0,0
CUST_0292,OFFER_1237,255,0.6943932750339944,3,1,0.0012460944740491052,1,1,0,0,0,0
CUST_0416,OFFER_1105,501,1.0595821687227875,3,1,0.36643498816284226,1,1,0,0,0,1
CUST_1353,OFFER_0852,127,0.6931687597463828,1,1,2.1579186437577736e-05,0,0,1,0,0,0
CUST_2351,OFFER_0690,312,0.6977977695793833,3,1,0.004650589019438086,1,1,0,0,0,0
CUST_0234,OFFER_0217,283,0.6955268262523951,3,1,0.002379645692449911,1,1,0,0,0,0
CUST_1608,OFFER_1180,467,0.7488283504437165,1,1,0.05568116988377122,1,1,1,0,0,0
CUST_1534,OFFER_1224,464,0.849004286086718,3,1,0.15585710552677273,1,1,0,0,0,1
CUST_0135,OFFER_0919,424,0.7343818027715983,2,1,0.041234622211652944,1,0,0,0,0,0
CUST_2675,OFFER_1180,339,0.6989327178735647,2,1,0.005785537313619394,1,0,0,0,0,0
CUST_0176,OFFER_0592,550,1.8299346054427437,3,1,1.1367874248827985,1,1,0,0,0,0
CUST_1506,OFFER_0085,515,1.0307346671019928,2,1,0.33758748654204745,1,0,0,0,0,1
CUST_0030,OFFER_1125,546,1.3841036205438333,2,1,0.690956439983888,1,0,0,0,0,1
CUST_0692,OFFER_0740,0,0.6931483278540241,1,1,1.1472940789052183e-06,0,0,1,0,0,0
CUST_2131,OFFER_1271,446,0.7959745224063164,3,1,0.10282734184637116,1,1,0,0,0,1
CUST_1495,OFFER_0788,440,0.7826635809265469,3,1,0.08951640036660156,1,1,0,0,0,1
CUST_2926,OFFER_0592,453,0.8140256469761559,3,1,0.12087846641621054,1,1,0,0,0,0
CUST_0820,OFFER_1308,258,0.6940375345526779,2,1,0.0008903539927326338,1,0,0,0,0,0
CUST_2315,OFFER_1059,340,0.7020283323168421,3,1,0.008881151756896865,1,1,0,0,0,0
CUST_1765,OFFER_0981,518,1.0549644899200399,2,1,0.3618173093600946,1,0,0,0,0,1
CUST_2496,OFFER_0871,393,0.7132935916293137,2,1,0.02014641106936842,1,0,0,0,0,0
CUST_2704,OFFER_1247,94,0.6931572476063836,1,1,1.0067046438391854e-05,0,0,1,0,0,0
CUST_1379,OFFER_1180,459,0.7394314790689004,1,1,0.04628429850895515,1,1,1,0,0,0
CUST_0655,OFFER_0432,536,1.5157659153309146,3,1,0.8226187347709695,1,1,0,0,0,1
CUST_2082,OFFER_0877,558,1.604869669118162,2,1,0.9117224885582168,1,0,0,0,0,1
CUST_2082,OFFER_0705,558,1.604869669118162,2,1,0.9117224885582168,1,0,0,0,0,1
CUST_0045,OFFER_0503,393,0.7132935916293137,2,1,0.02014641106936842,1,0,0,0,0,0
CUST_0377,OFFER_1004,450,0.7683362453150776,2,1,0.07518906475513232,1,0,0,0,0,1
CUST_0215,OFFER_1091,567,1.8156092288693184,2,1,1.122462048309373,1,0,0,0,0,1
CUST_2926,OFFER_0698,453,0.773732824837419,2,1,0.0805856442774737,1,0,0,0,0,1
CUST_2397,OFFER_1320,75,0.693153670635331,1,1,6.4900753856724255e-06,0,0,1,0,0,0
CUST_1814,OFFER_1180,436,0.7747612958689569,3,1,0.08161411530901168,1,1,0,0,0,0
CUST_2952,OFFER_0009,343,0.6994929024064784,2,1,0.006345721846533097,1,0,0,0,0,0
CUST_1788,OFFER_0251,590,2.602830388380778,2,1,1.909683207820833,1,0,0,0,0,1
CUST_1021,OFFER_0863,548,1.4167817992801344,2,1,0.7236346187201891,1,0,0,0,0,1
CUST_0990,OFFER_0005,254,0.6939589363178972,2,1,0.0008117557579519408,1,0,0,0,0,0
CUST_0579,OFFER_0282,518,1.0549644899200399,2,1,0.3618173093600946,1,0,0,0,0,1
CUST_0600,OFFER_1090,378,0.7002700125018063,1,1,0.007122831941861066,1,1,1,0,0,0
CUST_2358,OFFER_0049,519,1.6540238707755712,3,2,0.5554115821074616,1,1,0,0,0,1
CUST_0508,OFFER_0325,550,1.4510054638151444,2,1,0.757858283255199,1,0,0,0,0,1
CUST_1126,OFFER_0992,576,2.075060060527721,2,1,1.381912879967776,1,0,0,0,0,1
CUST_1414,OFFER_0877,586,2.4342483071521936,2,1,1.7411011265922482,1,0,0,0,0,1
CUST_2193,OFFER_1140,281,0.6946619703664235,2,1,0.0015147898064782573,1,0,0,0,0,0
CUST_0180,OFFER_0167,502,0.9431471805599454,2,1,0.25000000000000006,1,0,0,0,0,1
CUST_1552,OFFER_0762,444,0.7586030632362345,2,1,0.06545588267628918,1,0,0,0,0,1
CUST_2518,OFFER_0788,498,0.9210778026994995,2,1,0.2279306221395542,1,0,0,0,0,1
CUST_0310,OFFER_0433,553,1.5053995769161808,2,1,0.8122523963562356,1,0,0,0,0,1
CUST_0511,OFFER_0871,422,0.7522059797737675,3,1,0.05905879921382221,1,1,0,0,0,0
CUST_1008,OFFER_1173,332,0.6980687471610971,2,1,0.0049215666011518475,1,0,0,0,0,0
CUST_1730,OFFER_1131,236,0.6939505191681201,3,1,0.000803338608174776,1,1,0,0,0,0
CUST_0573,OFFER_0705,442,0.7556471805599453,2,1,0.0625,1,0,0,0,0,1
CUST_0573,OFFER_0073,442,0.7556471805599453,2,1,0.0625,1,0,0,0,0,0
CUST_0780,OFFER_0762,442,0.7556471805599453,2,1,0.0625,1,0,0,0,0,1
CUST_1781,OFFER_0908,488,0.783601507899969,1,1,0.09045432734002365,1,1,1,0,0,0
CUST_2074,OFFER_0358,579,2.914793508989792,3,1,2.2216463284298467,1,1,0,0,0,1
CUST_2397,OFFER_0690,308,0.6973872271540089,3,1,0.004240046594063611,1,1,0,0,0,0
CUST_2377,OFFER_0812,410,0.7080665806210455,1,1,0.01491940006110026,1,1,1,0,0,0
CUST_1402,OFFER_1323,467,0.8045095203274877,2,1,0.11136233976754244,1,0,0,0,0,1
CUST_0653,OFFER_0868,494,1.0048613916134905,3,1,0.31171421105354535,1,1,0,0,0,1
CUST_0014,OFFER_0313,335,0.6984219850371648,2,1,0.0052748044772194915,1,0,0,0,0,0
CUST_2597,OFFER_0503,396,0.72553576368419,3,1,0.032388583124244745,1,1,0,0,0,0
CUST_2850,OFFER_0859,489,0.8782843745957659,2,1,0.1851371940358206,1,0,0,0,0,1
CUST_2957,OFFER_0290,434,0.7710757333233317,3,1,0.07792855276338637,1,1,0,0,0,1
CUST_2957,OFFER_0841,434,0.7450995490688695,2,1,0.05195236850892424,1,0,0,0,0,0
CUST_0696,OFFER_0503,401,0.7295021359154235,3,1,0.036354955355478155,1,1,0,0,0,0
CUST_1402,OFFER_0612,467,0.8045095203274877,2,1,0.11136233976754244,1,0,0,0,0,1
CUST_2641,OFFER_0592,537,1.254378204714632,2,1,0.5612310241546866,1,0,0,0,0,0
CUST_0573,OFFER_1204,442,0.7556471805599453,2,1,0.0625,1,0,0,0,0,1
CUST_0484,OFFER_0863,586,2.839713415260358,2,2,1.7411011265922482,1,0,0,0,0,1
CUST_1964,OFFER_0201,265,0.6941938343319534,2,1,0.0010466537720080996,1,0,0,0,0,0
CUST_2919,OFFER_0559,255,0.6939779102093113,2,1,0.0008307296493660701,1,0,0,0,0,0
CUST_1716,OFFER_0965,562,1.6931471805599454,2,1,1.0,1,0,0,0,0,1
CUST_0919,OFFER_0698,509,0.9870341571308475,2,1,0.29388697657090224,1,0,0,0,0,1
CUST_1415,OFFER_0129,530,1.4092783834927576,3,1,0.7161312029328124,1,1,0,0,0,0
CUST_2920,OFFER_0401,322,0.6990065555599453,3,1,0.005859375,1,1,0,0,0,0
CUST_2950,OFFER_0937,238,0.6939885123629216,3,1,0.0008413318029763446,1,1,0,0,0,0
CUST_1608,OFFER_1006,467,0.7488283504437165,1,1,0.05568116988377122,1,1,1,0,0,0
CUST_2142,OFFER_0556,66,0.6931524521392298,1,1,5.271579284545042e-06,0,0,1,0,0,0
CUST_2193,OFFER_0310,270,0.6943220096967442,2,1,0.0011748291367989422,1,0,0,0,0,0
CUST_0519,OFFER_0788,519,1.2485587626674068,3,1,0.5554115821074616,1,1,0,0,0,1
CUST_0416,OFFER_0614,501,0.9374371726685068,2,1,0.2442899921085615,1,0,0,0,0,1
CUST_1248,OFFER_0425,544,1.3529011359463925,2,1,0.6597539553864472,1,0,0,0,0,0
CUST_2244,OFFER_1215,465,0.7994805756788023,2,1,0.106333395118857,1,0,0,0,0,1
CUST_1740,OFFER_0710,436,0.747556590765953,2,1,0.054409410206007786,1,0,0,0,0,0
CUST_2401,OFFER_0820,523,1.099273378738063,2,1,0.4061261981781178,1,0,0,0,0,1
CUST_0967,OFFER_0071,183,0.693225877478185,1,1,7.869691823972047e-05,0,0,1,0,0,0
CUST_1228,OFFER_0784,518,1.0549644899200399,2,1,0.3618173093600946,1,0,0,0,0,1
CUST_0273,OFFER_0397,514,1.023024158253169,2,1,0.32987697769322366,1,0,0,0,0,1
CUST_1252,OFFER_0411,531,1.1817271647770682,2,1,0.48857998421712295,1,0,0,0,0,1
CUST_2721,OFFER_0919,415,1.1454872886681096,3,2,0.04687500000000002,1,1,0,0,0,0
CUST_2908,OFFER_0665,252,0.6939222787298517,2,1,0.0007750981699063482,1,0,0,0,0,0
CUST_2528,OFFER_1091,539,1.2809211337017496,2,1,0.5877739531418044,1,0,0,0,0,1
CUST_1133,OFFER_0529,306,0.6958462291536324,2,1,0.0026990485936870634,1,0,0,0,0,0
CUST_2358,OFFER_0437,518,1.0549644899200399,2,1,0.3618173093600946,1,0,0,0,0,1
CUST_1165,OFFER_1210,417,0.7282241195696132,2,1,0.0350769390096679,1,0,0,0,0,0
CUST_1986,OFFER_0859,478,0.9085281221218894,3,1,0.2153809415619441,1,1,0,0,0,1
CUST_0899,OFFER_1180,316,0.6965477686978208,2,1,0.0034005881378754853,1,0,0,0,0,0
CUST_0429,OFFER_0556,71,0.6931530977076269,1,1,5.917147681555689e-06,0,0,1,0,0,0
CUST_0573,OFFER_0352,442,0.7556471805599453,2,1,0.0625,1,0,0,0,0,1
CUST_1571,OFFER_0411,579,2.579709840954674,2,2,1.4810975522865644,1,0,0,0,0,1
CUST_1525,OFFER_1308,293,1.1006110658009158,2,2,0.001998777132806202,1,0,0,0,0,0
CUST_0866,OFFER_1323,573,1.9825174889995245,2,1,1.2893703084395791,1,0,0,0,0,1
CUST_1582,OFFER_0908,377,0.7070674730308881,2,1,0.013920292470942801,1,0,0,0,0,0
CUST_0707,OFFER_1192,453,0.8140256469761559,3,1,0.12087846641621054,1,1,0,0,0,1
CUST_0573,OFFER_0922,442,0.7556471805599453,2,1,0.0625,1,0,0,0,0,1
CUST_2981,OFFER_0368,518,1.0549644899200399,2,1,0.3618173093600946,1,0,0,0,0,1
CUST_0481,OFFER_0915,327,0.6953394892480496,1,1,0.002192308688104245,1,1,1,0,0,0
CUST_0176,OFFER_0073,550,1.4510054638151444,2,1,0.757858283255199,1,0,0,0,0,0
CUST_0897,OFFER_1180,449,0.7666189247026709,2,1,0.07347174414272556,1,0,0,0,0,0
CUST_2917,OFFER_1215,496,0.9107848213839763,2,1,0.21763764082403106,1,0,0,0,0,1
CUST_1274,OFFER_0841,394,0.724073147218685,3,1,0.030925966658739718,1,1,0,0,0,0
CUST_0283,OFFER_0852,124,0.6931673146528221,1,1,2.0134092876783674e-05,0,0,1,0,0,0
CUST_0680,OFFER_1192,524,1.108766128631339,2,1,0.4156189480713939,1,0,0,0,0,1
CUST_2833,OFFER_0325,515,1.537115896915064,5,1,0.8439687163551186,0,0,1,0,0,1
CUST_1881,OFFER_0313,255,0.6943932750339944,3,1,0.0012460944740491052,1,1,0,0,0,0
CUST_2566,OFFER_0083,536,1.2415596704072582,2,1,0.548412489847313,1,0,0,0,0,1
CUST_2874,OFFER_0998,518,1.2358731446000872,3,1,0.5427259640401418,0,1,0,0,0,1
CUST_2773,OFFER_0577,516,1.0386254005518893,2,1,0.34547821999194406,1,0,0,0,0,1
CUST_0968,OFFER_0643,449,0.7666189247026709,2,1,0.07347174414272556,1,0,0,0,0,1
CUST_0655,OFFER_1305,536,1.2415596704072582,2,1,0.548412489847313,1,0,0,0,0,1
CUST_0798,OFFER_1261,199,0.693261076188795,1,1,0.00011389562884970791,0,0,1,0,0,0
CUST_1960,OFFER_0871,243,0.694091543578822,3,1,0.0009443630188766442,1,1,0,0,0,0
CUST_2912,OFFER_0274,513,1.1766610462247875,3,1,0.4835138656648422,1,1,0,0,0,0
CUST_1428,OFFER_0275,281,0.6946619703664235,2,1,0.0015147898064782573,1,0,0,0,0,0
CUST_0780,OFFER_0690,309,0.6960399492167549,2,1,0.002892768656809697,1,0,0,0,0,0
CUST_0439,OFFER_0071,198,0.6932584748090369,1,1,0.0001112942490915792,0,0,1,0,0,0
CUST_2714,OFFER_0698,445,0.7601330219684637,2,1,0.06698584140851835,1,0,0,0,0,1
CUST_2097,OFFER_0863,567,1.8156092288693184,2,1,1.122462048309373,1,0,0,0,0,1
CUST_2919,OFFER_0871,460,1.1933445740750095,2,2,0.09473228540689993,1,0,0,0,0,0
CUST_2926,OFFER_0411,453,0.773732824837419,2,1,0.0805856442774737,1,0,0,0,0,1
CUST_2600,OFFER_1059,412,0.7400221805599453,3,1,0.04687500000000002,1,1,0,0,0,0
CUST_1605,OFFER_0553,325,0.6994271031919939,3,1,0.006279922632048594,1,1,0,0,0,0
CUST_0037,OFFER_0788,524,1.316575602667036,3,1,0.6234284221070908,1,1,0,0,0,1
CUST_2225,OFFER_0411,528,1.1490084248390537,2,1,0.45586124427910846,1,0,0,0,0,1
CUST_2286,OFFER_0686,481,0.8470402322280599,2,1,0.15389305166811457,1,0,0,0,0,0
CUST_1639,OFFER_0503,416,0.7274229611754024,2,1,0.034275780615457066,1,0,0,0,0,0
CUST_2833,OFFER_0613,529,1.159663676328349,2,1,0.4665164957684037,1,0,0,0,0,1
CUST_0099,OFFER_0888,512,1.0081274430336635,2,1,0.31498026247371824,1,0,0,0,0,1
CUST_1143,OFFER_1171,254,0.6943648141968732,3,1,0.0012176336369279113,1,1,0,0,0,0
CUST_0395,OFFER_0581,331,0.7003609173568881,3,1,0.00721373679694287,1,1,0,0,0,0
CUST_0778,OFFER_1180,276,0.6951714670052106,3,1,0.0020242864452652974,1,1,0,0,0,0
CUST_2920,OFFER_0272,322,0.6990065555599453,3,1,0.005859375,1,1,0,0,0,0
CUST_2491,OFFER_1308,107,0.6931607745955615,1,1,1.3594035616155081e-05,0,0,1,0,0,0
CUST_0579,OFFER_0762,518,1.0549644899200399,2,1,0.3618173093600946,1,0,0,0,0,1
CUST_2362,OFFER_1224,446,0.7959745224063164,3,1,0.10282734184637116,1,1,0,0,0,1
CUST_2566,OFFER_0877,536,1.5157659153309146,3,1,0.8226187347709695,1,1,0,0,0,1
CUST_1044,OFFER_0077,451,0.8085669693110312,3,1,0.11541978875108591,1,1,0,0,0,1
CUST_0421,OFFER_0916,476,0.8302503030217735,2,1,0.1371031224618282,1,0,0,0,0,0
CUST_2364,OFFER_0253,528,1.1490084248390537,2,1,0.45586124427910846,1,0,0,0,0,1
CUST_0401,OFFER_0592,427,0.7373413543841045,2,1,0.044194173824159216,1,0,0,0,0,0
CUST_2257,OFFER_0005,260,0.6945458743156734,3,1,0.00139869375572815,1,1,0,0,0,0
CUST_1650,OFFER_0307,526,1.1284224622080075,2,1,0.4352752816480622,1,0,0,0,0,1
CUST_2566,OFFER_0525,536,1.5157659153309146,3,1,0.8226187347709695,1,1,0,0,0,1
CUST_0752,OFFER_0788,579,2.914793508989792,3,1,2.2216463284298467,0,1,0,0,0,1
CUST_2932,OFFER_0871,433,0.74391295533221,2,1,0.05076577477226472,1,0,0,0,0,0
CUST_0273,OFFER_0512,514,1.023024158253169,2,1,0.32987697769322366,1,0,0,0,0,1
CUST_1357,OFFER_0942,271,0.694950614759181,3,1,0.0018034341992357174,1,1,0,0,0,0
CUST_1626,OFFER_0313,310,0.6961075644789109,2,1,0.0029603839189656215,1,0,0,0,0,0
CUST_2082,OFFER_0917,564,1.740441303380572,2,1,1.0472941228206267,1,0,0,0,0,1
CUST_2647,OFFER_1120,318,0.6967085965308758,2,1,0.0035614159709305357,1,0,0,0,0,0
CUST_0655,OFFER_0778,536,1.5157659153309146,3,1,0.8226187347709695,1,1,0,0,0,1
CUST_0371,OFFER_0411,519,1.0634215686315862,2,1,0.37027438807164104,1,0,0,0,0,1
CUST_1897,OFFER_0553,318,0.6984893045163411,3,1,0.0053421239563958035,1,1,0,0,0,0
CUST_1626,OFFER_0690,310,0.6975877564383938,3,1,0.0044405758784484325,1,1,0,0,0,0
CUST_2332,OFFER_0904,163,0.6931967565118713,1,1,4.957595192603975e-05,0,0,1,0,0,0
CUST_2688,OFFER_0739,536,1.2415596704072582,2,1,0.548412489847313,1,0,0,0,0,1
CUST_2566,OFFER_0788,536,1.5157659153309146,3,1,0.8226187347709695,1,1,0,0,0,1
CUST_2210,OFFER_0710,407,0.7349080579727737,3,1,0.04176087741282841,1,1,0,0,0,0
CUST_2926,OFFER_1090,453,1.2194907550843201,3,2,0.12087846641621054,1,1,0,0,0,0
CUST_0403,OFFER_1323,557,1.5840458987002846,2,1,0.8908987181403394,1,0,0,0,0,1
CUST_1329,OFFER_0352,481,0.8470402322280599,2,1,0.15389305166811457,1,0,0,0,0,1
CUST_2639,OFFER_0851,567,1.8156092288693184,2,1,1.122462048309373,1,0,0,0,0,0
CUST_2692,OFFER_0852,118,0.6931647083058406,1,1,1.7527745895340508e-05,0,0,1,0,0,0
CUST_1400,OFFER_1180,352,0.7009596805599453,2,1,0.007812500000000002,1,0,0,0,0,0
CUST_2152,OFFER_0304,282,0.694697376899758,2,1,0.0015501963398126951,1,0,0,0,0,0
CUST_0071,OFFER_0871,529,0.9264054284441472,1,1,0.23325824788420185,1,1,1,0,0,0
CUST_2824,OFFER_0352,520,1.0720763221875447,2,1,0.3789291416275995,1,0,0,0,0,1
CUST_2559,OFFER_1180,406,0.7203518856629492,2,1,0.027204705103003865,1,0,0,0,0,0
CUST_0097,OFFER_0073,562,2.1931471805599454,3,1,1.5,1,1,0,0,0,0
CUST_2926,OFFER_0073,453,0.773732824837419,2,1,0.0805856442774737,1,0,0,0,0,0
CUST_0936,OFFER_1308,303,0.6956654819436163,2,1,0.002518301383671054,1,0,0,0,0,0
CUST_2917,OFFER_0629,496,0.9107848213839763,2,1,0.21763764082403106,1,0,0,0,0,1
CUST_1133,OFFER_0272,305,0.695784582798555,2,1,0.0026374022386097453,1,0,0,0,0,0
CUST_2967,OFFER_1308,342,0.7024483585988215,3,1,0.009301178038876173,1,1,0,0,0,0
CUST_2225,OFFER_0578,528,1.1490084248390537,2,1,0.45586124427910846,1,0,0,0,0,1
CUST_2559,OFFER_0073,406,0.733954238214451,3,1,0.0408070576545058,1,1,0,0,0,0
CUST_2981,OFFER_0409,518,1.0549644899200399,2,1,0.3618173093600946,1,0,0,0,0,1
CUST_1238,OFFER_1120,320,0.6987419555828579,3,1,0.005594775022912596,1,1,0,0,0,0
CUST_0643,OFFER_0382,410,0.7229859806821458,2,1,0.02983880012220052,1,0,0,0,0,0
CUST_0049,OFFER_1120,327,0.699724106624258,3,1,0.006576926064312735,1,1,0,0,0,0
CUST_2929,OFFER_0871,471,0.815292176614226,2,1,0.12214499605428074,1,0,0,0,0,0
CUST_2358,OFFER_0922,519,1.6540238707755712,3,2,0.5554115821074616,1,1,0,0,0,1
CUST_2358,OFFER_1192,519,1.0634215686315862,2,1,0.37027438807164104,1,0,0,0,0,1
CUST_1617,OFFER_0788,554,1.5243850767027332,2,1,0.8312378961427878,1,0,0,0,0,1
CUST_2833,OFFER_1065,529,1.159663676328349,2,1,0.4665164957684037,1,0,0,0,0,1
CUST_2082,OFFER_0863,564,1.740441303380572,2,1,1.0472941228206267,1,0,0,0,0,1
CUST_0166,OFFER_0529,304,0.6957243444481735,2,1,0.0025771638882283094,1,0,0,0,0,0
CUST_0053,OFFER_0908,444,0.7913310045743791,3,1,0.09818382401443378,1,1,0,0,0,0
CUST_0410,OFFER_0919,439,0.7514617425309957,2,1,0.05831456197105046,1,0,0,0,0,0
CUST_1316,OFFER_0529,340,0.7020283323168421,3,1,0.008881151756896865,1,1,0,0,0,0
CUST_2364,OFFER_0992,528,1.1490084248390537,2,1,0.45586124427910846,1,0,0,0,0,1
CUST_1274,OFFER_0710,394,0.724073147218685,3,1,0.030925966658739718,1,1,0,0,0,0
CUST_0514,OFFER_0265,534,1.2167942419702586,2,1,0.5236470614103134,1,0,0,0,0,1
CUST_2971,OFFER_0778,557,1.5840458987002846,2,1,0.8908987181403394,1,0,0,0,0,1
CUST_2114,OFFER_0877,441,0.7542196785870857,2,1,0.06107249802714039,1,0,0,0,0,1
CUST_2048,OFFER_0690,314,0.698017715107657,3,1,0.004870534547711646,1,1,0,0,0,0
CUST_2833,OFFER_0877,519,1.0634215686315862,2,1,0.37027438807164104,1,0,0,0,0,1
CUST_1967,OFFER_1059,410,0.7229859806821458,2,1,0.02983880012220052,1,0,0,0,0,0
CUST_2711,OFFER_0503,428,0.760987926064963,3,1,0.06784074550501773,1,1,0,0,0,0
CUST_2601,OFFER_0071,189,0.6932375795804706,1,1,9.039902052530292e-05,0,0,1,0,0,0
CUST_2190,OFFER_0820,448,0.76494082774726,2,1,0.0717936471873147,1,0,0,0,0,1
CUST_2002,OFFER_0493,564,1.740441303380572,2,1,1.0472941228206267,1,0,0,0,0,1
CUST_1810,OFFER_0167,566,1.7899721602545715,2,1,1.0968249796946261,1,0,0,0,0,1
CUST_2957,OFFER_0503,434,0.7710757333233317,3,1,0.07792855276338637,1,1,0,0,0,0
CUST_0527,OFFER_1237,264,0.6941699287267623,2,1,0.0010227481668170185,1,0,0,0,0,0
CUST_0631,OFFER_1154,417,0.7457625890744471,3,1,0.052615408514501846,1,1,0,0,0,0
CUST_0639,OFFER_0411,550,1.8299346054427437,3,1,1.1367874248827985,1,1,0,0,0,1
CUST_0382,OFFER_0313,245,0.694136206399424,3,1,0.0009890258394786554,1,1,0,0,0,0
CUST_1095,OFFER_0919,429,0.7394314790689004,2,1,0.04628429850895514,1,0,0,0,0,0
CUST_0342,OFFER_0553,315,0.6964700991574095,2,1,0.0033229185974642784,1,0,0,0,0,0
CUST_1851,OFFER_1247,41,0.6931501391337861,1,1,2.9585738407778442e-06,0,0,1,0,0,0
CUST_1474,OFFER_0690,312,0.6962475732395706,2,1,0.0031003926796253907,1,0,0,0,0,0
CUST_0098,OFFER_0648,547,1.4002539617464929,2,1,0.7071067811865476,1,0,0,0,0,1
CUST_2619,OFFER_0313,288,0.6958182425381432,3,1,0.0026710619781979013,1,1,0,0,0,0
CUST_2155,OFFER_1180,357,0.7063010326885708,3,1,0.01315385212862547,1,1,0,0,0,0
CUST_1946,OFFER_1173,399,0.7162893298144228,2,1,0.023142149254477582,1,0,0,0,0,0
CUST_0653,OFFER_0411,494,0.9009566545956422,2,1,0.2078094740356969,1,0,0,0,0,1
CUST_1518,OFFER_0841,434,0.7710757333233317,3,1,0.07792855276338637,1,1,0,0,0,0
CUST_0655,OFFER_0039,536,1.2415596704072582,2,1,0.548412489847313,1,0,0,0,0,1
CUST_1634,OFFER_0420,535,1.229033911828092,2,1,0.5358867312681466,1,0,0,0,0,1
CUST_1083,OFFER_0073,337,0.6986714522879652,2,1,0.005524271728019903,1,0,0,0,0,0
CUST_0416,OFFER_0630,501,0.9374371726685068,2,1,0.2442899921085615,1,0,0,0,0,1
CUST_0234,OFFER_0812,283,0.6955268262523951,3,1,0.002379645692449911,1,1,0,0,0,0
CUST_2315,OFFER_1140,340,0.7020283323168421,3,1,0.008881151756896865,1,1,0,0,0,0
CUST_1613,OFFER_0411,570,1.896172216642062,2,1,1.2030250360821166,1,0,0,0,0,1
CUST_2951,OFFER_0877,460,0.7878794659668452,2,1,0.09473228540689993,1,0,0,0,0,1
CUST_1716,OFFER_0806,562,1.6931471805599454,2,1,1.0,1,0,0,0,0,1
CUST_1228,OFFER_0643,518,1.0549644899200399,2,1,0.3618173093600946,1,0,0,0,0,1
CUST_2926,OFFER_1102,576,2.480525168635886,2,2,1.381912879967776,1,0,0,0,0,1
CUST_2339,OFFER_0102,316,0.6965477686978208,2,1,0.0034005881378754853,1,0,0,0,0,0
CUST_1504,OFFER_0841,410,0.7229859806821458,2,1,0.02983880012220052,1,0,0,0,0,0
CUST_0416,OFFER_1164,501,1.0595821687227875,3,1,0.36643498816284226,1,1,0,0,0,1
CUST_0814,OFFER_0411,578,2.8640510367205128,3,1,2.1709038561605674,0,1,0,0,0,1
CUST_1506,OFFER_0877,515,1.0307346671019928,2,1,0.33758748654204745,1,0,0,0,0,1
CUST_1339,OFFER_1291,233,0.6938967219847476,3,1,0.0007495414248023257,1,1,0,0,0,0
CUST_1402,OFFER_0863,467,0.8045095203274877,2,1,0.11136233976754244,1,0,0,0,0,1
CUST_2714,OFFER_0665,445,0.7601330219684637,2,1,0.06698584140851835,1,0,0,0,0,0
CUST_1791,OFFER_0871,458,0.783601507899969,2,1,0.09045432734002365,1,0,0,0,0,0
CUST_1514,OFFER_0812,306,0.6958462291536324,2,1,0.0026990485936870634,1,0,0,0,0,0
CUST_1428,OFFER_0812,272,0.6937623763850893,1,1,0.0006151958251439808,0,0,1,0,0,0
CUST_1220,OFFER_0411,587,2.4749446168406237,2,1,1.7817974362806785,1,0,0,0,0,1
CUST_0925,OFFER_0698,460,0.8352456086702952,3,1,0.1420984281103499,1,1,0,0,0,1
CUST_1227,OFFER_1173,465,0.8526472732382309,3,1,0.15950009267828552,1,1,0,0,0,0
CUST_0402,OFFER_0871,371,0.7052654990117714,2,1,0.012118318451826062,1,0,0,0,0,0
CUST_0234,OFFER_0871,283,0.6955268262523951,3,1,0.002379645692449911,1,1,0,0,0,0
CUST_0573,OFFER_1090,442,0.7556471805599453,2,1,0.0625,1,0,0,0,0,0
CUST_2981,OFFER_0445,518,1.2358731446000872,3,1,0.5427259640401418,1,1,0,0,0,1
CUST_2833,OFFER_0079,529,1.159663676328349,2,1,0.4665164957684037,1,0,0,0,0,1
CUST_0272,OFFER_0555,74,0.6931535224018043,1,1,6.341841858999546e-06,0,0,1,0,0,0
CUST_1922,OFFER_1090,392,0.7128334469645526,2,1,0.019686266404607394,1,0,0,0,0,0
CUST_0469,OFFER_0251,585,3.2451486634125124,3,1,2.552001482852567,0,1,0,0,0,1
CUST_2483,OFFER_0868,580,2.2088637470703434,2,1,1.5157165665103982,1,0,0,0,0,1
CUST_0840,OFFER_0073,316,0.6965477686978208,2,1,0.0034005881378754853,1,0,0,0,0,0
CUST_1665,OFFER_1237,260,0.694079643063764,2,1,0.0009324625038187667,1,0,0,0,0,0
CUST_2097,OFFER_0411,567,1.8156092288693184,2,1,1.122462048309373,1,0,0,0,0,1
CUST_2876,OFFER_1154,414,0.7422390925671623,3,1,0.04909191200721691,1,1,0,0,0,0
CUST_2367,OFFER_0592,527,1.138596539630115,2,1,0.44544935907016964,1,0,0,0,0,0
CUST_1964,OFFER_0308,444,0.7586030632362345,2,1,0.06545588267628918,1,0,0,0,0,1
CUST_2218,OFFER_1323,535,1.229033911828092,2,1,0.5358867312681466,1,0,0,0,0,1
CUST_0416,OFFER_0525,501,0.9374371726685068,2,1,0.2442899921085615,1,0,0,0,0,1
CUST_1143,OFFER_1140,296,0.6952894168484114,2,1,0.0021422362884660675,1,0,0,0,0,0
CUST_0558,OFFER_0181,305,0.695784582798555,2,1,0.0026374022386097453,1,0,0,0,0,0
CUST_1081,OFFER_1120,315,0.6964700991574095,2,1,0.0033229185974642784,1,0,0,0,0,0
CUST_0985,OFFER_1308,315,0.6948086398586775,1,1,0.0016614592987321392,1,1,1,0,0,0
CUST_0850,OFFER_1090,353,0.70114228909117,2,1,0.007995108531224803,1,0,0,0,0,0
CUST_1980,OFFER_0233,553,1.5053995769161808,2,1,0.8122523963562356,1,0,0,0,0,1
CUST_2926,OFFER_0871,453,0.773732824837419,2,1,0.0805856442774737,1,0,0,0,0,0
CUST_2919,OFFER_0702,315,1.103596666564306,3,2,0.004984377896196417,1,1,0,0,0,0
CUST_1634,OFFER_0982,535,1.496977277462165,3,1,0.8038300969022198,1,1,0,0,0,1
CUST_2941,OFFER_0401,307,0.6959093164239553,2,1,0.0027621358640099515,1,0,0,0,0,0
CUST_2978,OFFER_1173,429,0.7162893298144228,1,1,0.02314214925447757,1,1,1,0,0,0
CUST_2284,OFFER_0740,19,0.6931489601791461,1,1,1.7796192007766882e-06,0,0,1,0,0,0
CUST_2971,OFFER_0271,557,1.138596539630115,1,1,0.4454493590701697,1,1,1,0,0,0
CUST_0588,OFFER_0411,578,2.8640510367205128,3,1,2.1709038561605674,1,1,0,0,0,1
CUST_2604,OFFER_0698,453,0.773732824837419,2,1,0.0805856442774737,1,0,0,0,0,1
CUST_2286,OFFER_0752,481,0.9239867580621172,3,1,0.23083957750217185,1,1,0,0,0,0
CUST_2833,OFFER_1011,529,1.159663676328349,2,1,0.4665164957684037,1,0,0,0,0,1
CUST_0458,OFFER_0411,463,0.8454445048767394,3,1,0.15229732431679416,1,1,0,0,0,1
CUST_1380,OFFER_0690,309,0.6945935648883501,1,1,0.0014463843284048484,0,0,1,0,0,0
CUST_2244,OFFER_0233,465,0.7994805756788023,2,1,0.106333395118857,1,0,0,0,0,1
CUST_1770,OFFER_1006,486,0.8658862905559173,2,1,0.172739109995972,1,0,0,0,0,0
CUST_2082,OFFER_0511,558,2.0607309133972707,3,1,1.3675837328373253,1,1,0,0,0,1
CUST_0095,OFFER_1229,193,0.6932463324637974,1,1,9.91519038520795e-05,0,0,1,0,0,0
CUST_0395,OFFER_1120,331,0.6979563384245738,2,1,0.00480915786462858,1,0,0,0,0,0
CUST_0416,OFFER_0432,501,0.9374371726685068,2,1,0.2442899921085615,1,0,0,0,0,1
CUST_0098,OFFER_0788,547,1.4002539617464929,2,1,0.7071067811865476,1,0,0,0,0,1
CUST_0438,OFFER_0871,369,0.7047182551871841,2,1,0.01157107462723879,1,0,0,0,0,0
CUST_0639,OFFER_0282,550,1.8299346054427437,3,1,1.1367874248827985,1,1,0,0,0,1
CUST_1220,OFFER_1215,587,2.4749446168406237,2,1,1.7817974362806785,1,0,0,0,0,1
CUST_2452,OFFER_0901,425,0.7564448342865792,3,1,0.0632976537266339,1,1,0,0,0,0
CUST_1538,OFFER_1172,586,2.4342483071521936,2,1,1.7411011265922482,1,0,0,0,0,1
CUST_0567,OFFER_0386,483,0.8543184691148926,2,1,0.1611712885549474,1,0,0,0,0,0
CUST_2069,OFFER_0569,554,1.9400040247741268,3,1,1.2468568442141816,1,1,0,0,0,1
CUST_2913,OFFER_0863,557,1.5840458987002846,2,1,0.8908987181403394,1,0,0,0,0,1
CUST_1428,OFFER_1254,272,0.6937623763850893,1,1,0.0006151958251439808,0,0,1,0,0,0
CUST_0392,OFFER_0871,298,0.6953907320345488,2,1,0.002243551474603586,1,0,0,0,0,0
CUST_1473,OFFER_0676,553,1.5053995769161808,2,1,0.8122523963562356,1,0,0,0,0,0
CUST_1165,OFFER_0382,417,0.7457625890744471,3,1,0.052615408514501846,1,1,0,0,0,0
CUST_1728,OFFER_0251,503,0.948990653559139,2,1,0.2558434729991938,1,0,0,0,0,1
CUST_2829,OFFER_0877,514,1.023024158253169,2,1,0.32987697769322366,1,0,0,0,0,1
CUST_1468,OFFER_0851,588,2.516592157676379,2,1,1.8234449771164336,1,0,0,0,0,0
CUST_2929,OFFER_1289,471,0.815292176614226,2,1,0.12214499605428074,1,0,0,0,0,1
CUST_1084,OFFER_0543,130,0.6931703085593122,1,1,2.3127999366918925e-05,0,0,1,0,0,0
CUST_2225,OFFER_0935,528,1.1490084248390537,2,1,0.45586124427910846,1,0,0,0,0,0
CUST_2579,OFFER_1210,448,0.76494082774726,2,1,0.0717936471873147,1,0,0,0,0,0
CUST_2604,OFFER_0433,453,0.773732824837419,2,1,0.0805856442774737,1,0,0,0,0,1
CUST_0573,OFFER_0335,442,0.7556471805599453,2,1,0.0625,1,0,0,0,0,1
CUST_0573,OFFER_0888,442,0.7556471805599453,2,1,0.0625,1,0,0,0,0,1
CUST_1504,OFFER_0503,410,0.7229859806821458,2,1,0.02983880012220052,1,0,0,0,0,0
CUST_0874,OFFER_1090,329,0.7000351565733258,3,1,0.0068879760133805186,1,1,0,0,0,0
CUST_0416,OFFER_1224,501,0.9374371726685068,2,1,0.2442899921085615,1,0,0,0,0,1
CUST_1231,OFFER_1210,435,0.772897226899088,3,1,0.07975004633914275,1,1,0,0,0,0
CUST_0151,OFFER_0553,322,0.6990065555599453,3,1,0.005859375,1,1,0,0,0,0
CUST_2981,OFFER_1262,518,1.0549644899200399,2,1,0.3618173093600946,1,0,0,0,0,1
CUST_1571,OFFER_1192,529,1.159663676328349,2,1,0.4665164957684037,1,0,0,0,0,1
CUST_1228,OFFER_0107,518,1.0549644899200399,2,1,0.3618173093600946,1,0,0,0,0,1
CUST_1252,OFFER_0888,531,1.1817271647770682,2,1,0.48857998421712295,1,0,0,0,0,1
CUST_2364,OFFER_1173,528,1.3769390469786078,3,1,0.6837918664186626,1,1,0,0,0,0
CUST_1703,OFFER_0529,295,0.6962871418759696,3,1,0.0031399613160242998,1,1,0,0,0,0
CUST_2833,OFFER_0110,529,1.8594384199809544,5,1,1.1662912394210092,0,0,1,0,0,1
CUST_2672,OFFER_1090,382,0.7087721805599453,2,1,0.015625000000000003,1,0,0,0,0,0
CUST_1148,OFFER_0850,427,0.7373413543841045,2,1,0.044194173824159216,1,0,0,0,0,0
CUST_2721,OFFER_0503,415,0.7266401012642044,2,1,0.033492920704259174,1,0,0,0,0,0
CUST_0769,OFFER_0411,455,0.7775440521954572,2,1,0.08439687163551189,1,0,0,0,0,1
CUST_2446,OFFER_0690,309,0.6974863335451599,3,1,0.004339152985214545,1,1,0,0,0,0
CUST_0264,OFFER_0447,516,1.0386254005518893,2,1,0.34547821999194406,1,0,0,0,0,1
CUST_1456,OFFER_0452,476,1.0359049867145158,5,1,0.3427578061545705,0,0,1,0,0,1
CUST_1008,OFFER_0812,332,0.6980687471610971,2,1,0.0049215666011518475,1,0,0,0,0,0
CUST_2714,OFFER_0871,445,0.7266401012642044,1,1,0.033492920704259174,1,1,1,0,0,0
CUST_0215,OFFER_0493,567,1.8156092288693184,2,1,1.122462048309373,1,0,0,0,0,1
CUST_0215,OFFER_0167,567,1.8156092288693184,2,1,1.122462048309373,1,0,0,0,0,1
CUST_0237,OFFER_1223,165,0.6931991011630306,1,1,5.192060308537942e-05,0,0,1,0,0,0
CUST_1734,OFFER_0525,542,1.3231077055073819,2,1,0.6299605249474366,1,0,0,0,0,1
CUST_1915,OFFER_0698,516,1.0386254005518893,2,1,0.34547821999194406,1,0,0,0,0,1
CUST_0897,OFFER_0812,449,0.729883052631308,1,1,0.03673587207136278,1,1,1,0,0,0
CUST_2677,OFFER_0812,265,0.6936705074459494,1,1,0.0005233268860040498,1,1,1,0,0,0
CUST_2833,OFFER_1328,519,1.0634215686315862,2,1,0.37027438807164104,1,0,0,0,0,1
CUST_2943,OFFER_0318,448,0.76494082774726,2,1,0.0717936471873147,1,0,0,0,0,1
CUST_2386,OFFER_0009,304,0.6957243444481735,2,1,0.0025771638882283094,1,0,0,0,0,0
CUST_2210,OFFER_1059,407,0.7349080579727737,3,1,0.04176087741282841,1,1,0,0,0,0
CUST_1329,OFFER_0154,481,0.8470402322280599,2,1,0.15389305166811457,1,0,0,0,0,1
CUST_0098,OFFER_1207,547,1.4002539617464929,2,1,0.7071067811865476,1,0,0,0,0,1
CUST_0531,OFFER_0665,491,0.9839868234037705,3,1,0.2908396428438252,1,1,0,0,0,0
CUST_2225,OFFER_1289,528,1.3769390469786078,3,1,0.6837918664186626,1,1,0,0,0,1
CUST_0392,OFFER_0217,298,0.6965125077718507,3,1,0.003365327211905379,1,1,0,0,0,0
CUST_2579,OFFER_0319,448,0.76494082774726,2,1,0.0717936471873147,1,0,0,0,0,1
CUST_1054,OFFER_0851,570,1.2946596986010035,1,1,0.6015125180410583,1,1,1,0,0,0
CUST_0416,OFFER_0686,501,0.9374371726685068,2,1,0.2442899921085615,1,0,0,0,0,0
CUST_0558,OFFER_1131,305,0.695784582798555,2,1,0.0026374022386097453,1,0,0,0,0,0
CUST_0653,OFFER_0665,494,0.9009566545956422,2,1,0.2078094740356969,1,0,0,0,0,0
CUST_1765,OFFER_0505,518,1.0549644899200399,2,1,0.3618173093600946,1,0,0,0,0,1
CUST_0327,OFFER_0859,486,0.9522558455539033,3,1,0.259108664993958,1,1,0,0,0,1
CUST_1534,OFFER_0739,464,0.7970519175777938,2,1,0.1039047370178485,1,0,0,0,0,1
CUST_0135,OFFER_0871,424,0.7343818027715983,2,1,0.041234622211652944,1,0,0,0,0,0
CUST_1501,OFFER_0578,543,1.3378323347797347,2,1,0.6446851542197896,1,0,0,0,0,1
CUST_1851,OFFER_0556,41,0.6931501391337861,1,1,2.9585738407778442e-06,0,0,1,0,0,0
CUST_2377,OFFER_1171,410,0.7379053807432461,3,1,0.044758200183300775,1,1,0,0,0,0
CUST_1528,OFFER_1295,474,1.0204265939413912,5,1,0.327279413381446,0,0,1,0,0,1
CUST_2097,OFFER_0167,567,1.8156092288693184,2,1,1.122462048309373,1,0,0,0,0,1
CUST_0780,OFFER_0863,442,0.7556471805599453,2,1,0.0625,1,0,0,0,0,1
CUST_0295,OFFER_0698,448,0.76494082774726,2,1,0.0717936471873147,1,0,0,0,0,1
CUST_1083,OFFER_1186,337,0.6986714522879652,2,1,0.005524271728019903,1,0,0,0,0,0
CUST_0653,OFFER_0698,494,0.9009566545956422,2,1,0.2078094740356969,1,0,0,0,0,1
CUST_0179,OFFER_0529,306,0.6958462291536324,2,1,0.0026990485936870634,1,0,0,0,0,0
CUST_0588,OFFER_0167,521,1.2748264662475959,3,1,0.5816792856876506,1,1,0,0,0,1
CUST_2957,OFFER_0167,550,1.8299346054427437,3,1,1.1367874248827985,1,1,0,0,0,1
CUST_0215,OFFER_1319,567,1.8156092288693184,2,1,1.122462048309373,1,0,0,0,0,1
CUST_1534,OFFER_1036,464,0.7970519175777938,2,1,0.1039047370178485,1,0,0,0,0,1
CUST_1985,OFFER_0919,417,0.7282241195696132,2,1,0.0350769390096679,1,0,0,0,0,0
CUST_0091,OFFER_0665,474,0.8240589459125237,2,1,0.1309117653525784,1,0,0,0,0,0
CUST_0321,OFFER_0073,273,0.6950359065976985,3,1,0.0018887260377532904,1,1,0,0,0,0
CUST_2544,OFFER_0310,272,0.6937623763850893,1,1,0.0006151958251439808,1,1,1,0,0,0
CUST_1045,OFFER_0690,313,0.6979064719448451,3,1,0.004759291384899822,1,1,0,0,0,0
CUST_1791,OFFER_0788,458,0.783601507899969,2,1,0.09045432734002365,1,0,0,0,0,1
CUST_1150,OFFER_1308,317,0.696627253677681,2,1,0.0034800731177357,1,0,0,0,0,0
CUST_1728,OFFER_0227,300,0.6954968388335432,2,1,0.0023496582735978828,1,0,0,0,0,0
CUST_0170,OFFER_0529,328,0.699877834983756,3,1,0.006730654423810759,1,1,0,0,0,0
CUST_2590,OFFER_0592,416,0.7274229611754024,2,1,0.034275780615457066,1,0,0,0,0,0
CUST_0573,OFFER_0325,442,0.7556471805599453,2,1,0.0625,1,0,0,0,0,1
CUST_2097,OFFER_0868,567,2.376840253024005,3,1,1.6836930724640595,1,1,0,0,0,1
CUST_0053,OFFER_0085,444,0.7586030632362345,2,1,0.06545588267628918,1,0,0,0,0,1
CUST_0448,OFFER_1102,580,2.2088637470703434,2,1,1.5157165665103982,1,0,0,0,0,1
CUST_1634,OFFER_0922,535,1.229033911828092,2,1,0.5358867312681466,1,0,0,0,0,1
CUST_0416,OFFER_0340,501,0.9374371726685068,2,1,0.2442899921085615,1,0,0,0,0,1
CUST_0416,OFFER_0528,501,0.9374371726685068,2,1,0.2442899921085615,1,0,0,0,0,1
CUST_0574,OFFER_0919,423,0.7535864137680506,3,1,0.060439233208105264,1,1,0,0,0,0
CUST_1687,OFFER_0217,207,0.6932841998529518,1,1,0.0001370192930065154,0,0,1,0,0,0
CUST_2690,OFFER_0529,288,0.6949278885454105,2,1,0.0017807079854652676,1,0,0,0,0,0
CUST_1021,OFFER_0132,548,1.4167817992801344,2,1,0.7236346187201891,1,0,0,0,0,1
CUST_1765,OFFER_1289,518,1.2358731446000872,3,1,0.5427259640401418,1,1,0,0,0,1
CUST_0888,OFFER_0073,497,1.0272341998625727,3,1,0.33408701930262735,1,1,0,0,0,0
CUST_1512,OFFER_0698,514,1.1879626470997808,3,1,0.4948154665398355,1,1,0,0,0,1
CUST_2406,OFFER_1096,498,1.2629737359088309,5,1,0.5698265553488855,0,0,1,0,0,1
CUST_2189,OFFER_0682,460,0.8352456086702952,3,1,0.1420984281103499,1,1,0,0,0,1
CUST_1110,OFFER_0871,329,0.7000351565733258,3,1,0.0068879760133805186,1,1,0,0,0,0
CUST_1133,OFFER_0553,315,0.6981315584561417,3,1,0.004984377896196417,1,1,0,0,0,0
CUST_0550,OFFER_0788,544,1.3529011359463925,2,1,0.6597539553864472,1,0,0,0,0,1
CUST_1897,OFFER_1120,318,0.6967085965308758,2,1,0.0035614159709305357,1,0,0,0,0,0
CUST_2652,OFFER_1128,468,0.8071124916297223,2,1,0.11396531106977709,1,0,0,0,0,1
CUST_0098,OFFER_1105,547,1.4002539617464929,2,1,0.7071067811865476,1,0,0,0,0,1
CUST_2334,OFFER_0013,515,1.1995284103730164,3,1,0.5063812298130712,1,1,0,0,0,1
CUST_2364,OFFER_0934,528,1.3769390469786078,3,1,0.6837918664186626,1,1,0,0,0,1
CUST_0486,OFFER_0980,490,0.977344036780645,3,1,0.2841968562206997,1,1,0,0,0,1
CUST_2913,OFFER_0420,557,1.5840458987002846,2,1,0.8908987181403394,1,0,0,0,0,1
CUST_0395,OFFER_0227,331,0.7003609173568881,3,1,0.00721373679694287,1,1,0,0,0,0
CUST_2851,OFFER_0863,446,0.7959745224063164,3,1,0.10282734184637116,1,1,0,0,0,1
CUST_1550,OFFER_1120,327,0.699724106624258,3,1,0.006576926064312735,1,1,0,0,0,0
CUST_1161,OFFER_0937,241,0.6937483252930239,2,1,0.0006011447330785723,1,0,0,0,0,0
CUST_2167,OFFER_0081,562,1.6931471805599454,2,1,1.0,1,0,0,0,0,1
CUST_1525,OFFER_0313,293,0.6951459576927514,2,1,0.001998777132806202,1,0,0,0,0,0
CUST_0234,OFFER_1308,283,0.6955268262523951,3,1,0.002379645692449911,1,1,0,0,0,0
CUST_0179,OFFER_0665,306,0.6971957534504759,3,1,0.004048572890530595,1,1,0,0,0,0
CUST_1088,OFFER_1125,443,0.789088482934643,3,1,0.09594130237469765,1,1,0,0,0,1
CUST_2696,OFFER_0710,437,0.7488283504437165,2,1,0.05568116988377121,1,0,0,0,0,0
CUST_0573,OFFER_0282,442,0.7556471805599453,2,1,0.0625,1,0,0,0,0,1
CUST_1017,OFFER_0710,398,0.7270675533124542,3,1,0.033920372752508865,1,1,0,0,0,0
CUST_0780,OFFER_0282,442,0.7868971805599453,3,1,0.09375,1,1,0,0,0,1
CUST_0916,OFFER_0592,518,0.8740558352399925,1,1,0.1809086546800473,1,1,1,0,0,0
CUST_0061,OFFER_1246,238,0.6937080684285962,2,1,0.0005608878686508964,1,0,0,0,0,0
CUST_2866,OFFER_0841,430,0.7405133232633953,2,1,0.04736614270344996,1,0,0,0,0,0
CUST_1810,OFFER_0005,265,0.6941938343319534,2,1,0.0010466537720080996,1,0,0,0,0,0
CUST_0116,OFFER_0919,440,0.7528247808043463,2,1,0.059677600244401045,1,0,0,0,0,0
CUST_0949,OFFER_1186,335,0.6984219850371648,2,1,0.0052748044772194915,1,0,0,0,0,0
CUST_2253,OFFER_1308,53,0.6931510844215328,1,1,3.903861587512111e-06,0,0,1,0,0,0
CUST_1637,OFFER_0752,530,1.1705679825151536,2,1,0.47742080195520825,1,0,0,0,0,0
CUST_0151,OFFER_1186,322,0.6990065555599453,3,1,0.005859375,1,1,0,0,0,0
CUST_1891,OFFER_0073,464,0.849004286086718,3,1,0.15585710552677273,1,1,0,0,0,0
CUST_2334,OFFER_1097,515,1.0307346671019928,2,1,0.33758748654204745,1,0,0,0,0,1
CUST_1142,OFFER_0181,323,0.6971447348255577,2,1,0.003997554265612405,1,0,0,0,0,0
CUST_1599,OFFER_1090,397,0.7152442674720249,2,1,0.02209708691207962,1,0,0,0,0,0
CUST_1534,OFFER_0865,464,0.7970519175777938,2,1,0.1039047370178485,1,0,0,0,0,1
CUST_2980,OFFER_0762,524,1.108766128631339,2,1,0.4156189480713939,1,0,0,0,0,1
CUST_0264,OFFER_0058,439,0.780619023516521,3,1,0.0874718429565757,1,1,0,0,0,1
CUST_1458,OFFER_0411,567,1.8156092288693184,2,1,1.122462048309373,1,0,0,0,0,1
CUST_1667,OFFER_1154,430,0.7168302519116703,1,1,0.02368307135172498,1,1,1,0,0,0
CUST_1219,OFFER_0901,443,0.789088482934643,3,1,0.09594130237469765,1,1,0,0,0,0
CUST_0264,OFFER_1089,516,1.0386254005518893,2,1,0.34547821999194406,1,0,0,0,0,1
CUST_1716,OFFER_0011,562,1.6931471805599454,2,1,1.0,1,0,0,0,0,1
CUST_2017,OFFER_0217,364,0.7034558361128586,2,1,0.01030865555291324,1,0,0,0,0,0
CUST_2529,OFFER_0005,265,0.6947171612179575,3,1,0.0015699806580121494,1,1,0,0,0,0
CUST_2954,OFFER_0752,520,1.0720763221875447,2,1,0.3789291416275995,1,0,0,0,0,0
CUST_0712,OFFER_1295,497,1.0272341998625727,3,1,0.33408701930262735,1,1,0,0,0,1
CUST_2423,OFFER_0310,246,0.6938219427083671,2,1,0.0006747621484217657,1,0,0,0,0,0
CUST_0882,OFFER_0123,569,1.868695086843554,2,1,1.1755479062836087,1,0,0,0,0,1
CUST_1036,OFFER_0272,260,0.6936134118118547,1,1,0.00046623125190938333,1,1,1,0,0,0
CUST_2425,OFFER_0041,75,0.693153670635331,1,1,6.4900753856724255e-06,0,0,1,0,0,0
CUST_2208,OFFER_0788,558,1.604869669118162,2,1,0.9117224885582168,1,0,0,0,0,1
CUST_2926,OFFER_0233,453,0.773732824837419,2,1,0.0805856442774737,1,0,0,0,0,1
CUST_1964,OFFER_0352,444,0.7586030632362345,2,1,0.06545588267628918,1,0,0,0,0,1
CUST_2376,OFFER_0005,238,0.6937080684285962,2,1,0.0005608878686508964,1,0,0,0,0,0
CUST_0560,OFFER_0071,219,0.6933279786009959,1,1,0.00018079804105060584,0,0,1,0,0,0
CUST_2743,OFFER_1210,413,0.7091373976223949,1,1,0.01599021706244961,1,1,1,0,0,0
CUST_1161,OFFER_1237,241,0.6940488976595631,3,1,0.0009017170996178585,1,1,0,0,0,0
CUST_1402,OFFER_0251,467,0.8045095203274877,2,1,0.11136233976754244,1,0,0,0,0,1
CUST_2659,OFFER_0356,250,0.6938872765396867,2,1,0.0007400959797414059,1,0,0,0,0,0
CUST_1534,OFFER_0820,464,0.7970519175777938,2,1,0.1039047370178485,1,0,0,0,0,1
CUST_1555,OFFER_0702,265,0.6941938343319534,2,1,0.0010466537720080996,1,0,0,0,0,0
CUST_0061,OFFER_0928,238,0.6937080684285962,2,1,0.0005608878686508964,1,0,0,0,0,0
CUST_2346,OFFER_1090,485,0.9463377954664809,3,1,0.2531906149065356,1,1,0,0,0,0
CUST_2274,OFFER_1261,148,0.693182236051736,1,1,3.5055491790681016e-05,0,0,1,0,0,0
CUST_1133,OFFER_1120,315,0.6981315584561417,3,1,0.004984377896196417,1,1,0,0,0,0
CUST_0416,OFFER_1090,463,0.7946787301044748,2,1,0.10153154954452945,1,0,0,0,0,0
CUST_0820,OFFER_0702,258,0.6940375345526779,2,1,0.0008903539927326338,1,0,0,0,0,0
CUST_0965,OFFER_0592,525,1.1184807610353733,2,1,0.4253335804754279,1,0,0,0,0,0
CUST_0045,OFFER_0841,393,0.7233667971639979,3,1,0.030219616604052632,1,1,0,0,0,0
CUST_0040,OFFER_0710,419,0.729883052631308,2,1,0.03673587207136277,1,0,0,0,0,0
CUST_0484,OFFER_0397,547,1.4002539617464929,2,1,0.7071067811865476,1,0,0,0,0,1
CUST_2339,OFFER_0665,354,0.7054201585617496,3,1,0.012272978001804224,1,1,0,0,0,0
CUST_2565,OFFER_1120,316,0.6965477686978208,2,1,0.0034005881378754853,1,0,0,0,0,0
CUST_0677,OFFER_1223,167,0.6932015567024099,1,1,5.437614246462033e-05,0,0,1,0,0,0
CUST_0234,OFFER_0581,283,0.6955268262523951,3,1,0.002379645692449911,1,1,0,0,0,0
CUST_0237,OFFER_0300,43,0.6931502790569407,1,1,3.098496995377483e-06,0,0,1,0,0,0
CUST_2364,OFFER_0935,528,1.1490084248390537,2,1,0.45586124427910846,1,0,0,0,0,0
CUST_1946,OFFER_0908,399,0.7162893298144228,2,1,0.023142149254477582,1,0,0,0,0,0
CUST_1665,OFFER_0702,261,0.6941014383416193,2,1,0.0009542577816740685,1,0,0,0,0,0
CUST_0655,OFFER_0967,536,1.2415596704072582,2,1,0.548412489847313,1,0,0,0,0,1
CUST_1769,OFFER_0071,210,0.6932940342020452,1,1,0.00014685364209986775,0,0,1,0,0,0
CUST_2167,OFFER_0643,562,2.1931471805599454,3,1,1.5,1,1,0,0,0,1
CUST_2639,OFFER_1227,567,1.8156092288693184,2,1,1.122462048309373,1,0,0,0,0,0
CUST_2262,OFFER_0295,82,0.6931548099544765,1,1,7.629394531250002e-06,0,0,1,0,0,0
CUST_2604,OFFER_1289,453,0.773732824837419,2,1,0.0805856442774737,1,0,0,0,0,1
CUST_2131,OFFER_0147,446,0.7616987417908594,2,1,0.0685515612309141,1,0,0,0,0,0
CUST_1731,OFFER_0073,295,0.6952404881039614,2,1,0.0020933075440161997,1,0,0,0,0,0
CUST_2753,OFFER_0503,401,0.7173838174635974,2,1,0.024236636903652103,1,0,0,0,0,0
CUST_2192,OFFER_1210,434,0.7450995490688695,2,1,0.05195236850892424,1,0,0,0,0,0
CUST_1388,OFFER_0942,272,0.6943775722102332,2,1,0.0012303916502879617,1,0,0,0,0,0
CUST_1029,OFFER_0868,551,1.8565057519352464,3,1,1.163358571375301,1,1,0,0,0,1
CUST_1716,OFFER_0397,562,1.6931471805599454,2,1,1.0,1,0,0,0,0,1
CUST_1980,OFFER_1323,553,1.5053995769161808,2,1,0.8122523963562356,1,0,0,0,0,1
CUST_2632,OFFER_0184,319,0.6986141707447313,3,1,0.005466990184785981,1,1,0,0,0,0
CUST_1711,OFFER_0863,555,1.5438143415108012,2,1,0.8506671609508558,1,0,0,0,0,1
CUST_1486,OFFER_1295,465,0.9589806683570878,5,1,0.2658334877971425,0,0,1,0,0,1
CUST_0401,OFFER_1059,427,0.7594384412961841,3,1,0.06629126073623882,1,1,0,0,0,0
CUST_0865,OFFER_0863,461,0.8385670019818579,3,1,0.14541982142191257,1,1,0,0,0,1
CUST_2750,OFFER_1289,462,0.7923597463079577,2,1,0.09921256574801246,1,0,0,0,0,1
CUST_0734,OFFER_0282,527,1.138596539630115,2,1,0.44544935907016964,1,0,0,0,0,1
CUST_0655,OFFER_0014,536,1.5157659153309146,3,1,0.8226187347709695,1,1,0,0,0,1
CUST_0310,OFFER_0251,571,2.53986380057732,3,1,1.8467166200173746,1,1,0,0,0,1
CUST_2105,OFFER_0754,536,1.5157659153309146,3,1,0.8226187347709695,1,1,0,0,0,1
CUST_0923,OFFER_0411,575,2.0434971267281354,2,1,1.35034994616819,1,0,0,0,0,1
CUST_1555,OFFER_0871,507,0.9737626926372887,2,1,0.2806155120773433,1,0,0,0,0,0
CUST_2371,OFFER_0863,566,1.7899721602545715,2,1,1.0968249796946261,1,0,0,0,0,1
CUST_1551,OFFER_0919,430,0.7641963946151202,3,1,0.07104921405517493,1,1,0,0,0,0
CUST_2738,OFFER_0665,440,0.7528247808043463,2,1,0.059677600244401045,1,0,0,0,0,0
CUST_0020,OFFER_0841,417,0.7282241195696132,2,1,0.0350769390096679,1,0,0,0,0,0
CUST_1204,OFFER_1034,509,0.9870341571308475,2,1,0.29388697657090224,1,0,0,0,0,1
CUST_0102,OFFER_0271,395,0.7142463984688232,2,1,0.02109921790887797,1,0,0,0,0,0
CUST_1791,OFFER_0908,458,0.783601507899969,2,1,0.09045432734002365,1,0,0,0,0,0
CUST_0508,OFFER_1250,550,1.4510054638151444,2,1,0.757858283255199,1,0,0,0,0,1
CUST_0655,OFFER_0083,536,1.5157659153309146,3,1,0.8226187347709695,1,1,0,0,0,1
CUST_1552,OFFER_0698,444,0.7586030632362345,2,1,0.06545588267628918,1,0,0,0,0,1
CUST_2437,OFFER_0812,536,1.2415596704072582,2,1,0.548412489847313,1,0,0,0,0,0
CUST_1531,OFFER_0071,234,0.6936585546433538,2,1,0.0005113740834085093,1,0,0,0,0,0
CUST_1058,OFFER_0592,443,0.7571080488097437,2,1,0.06396086824979844,1,0,0,0,0,0
CUST_2845,OFFER_0919,443,0.7571080488097437,2,1,0.06396086824979844,1,0,0,0,0,0
CUST_1486,OFFER_0084,409,0.7660403830237584,5,1,0.0728932024638131,0,0,1,0,0,1
CUST_1663,OFFER_0937,257,0.6940171988393792,2,1,0.0008700182794339247,1,0,0,0,0,0
CUST_0780,OFFER_0698,442,0.7868971805599453,3,1,0.09375,1,1,0,0,0,1
CUST_1747,OFFER_1096,581,2.24429194239368,2,1,1.5511447618337346,1,0,0,0,0,1
CUST_2743,OFFER_0382,413,0.7411178317472941,3,1,0.04797065118734883,1,1,0,0,0,0
CUST_2075,OFFER_0827,61,0.6931518770031725,1,1,4.696443227176352e-06,0,0,1,0,0,0
CUST_2631,OFFER_1308,322,0.6970534305599453,2,1,0.00390625,1,0,0,0,0,0
CUST_0098,OFFER_0713,547,1.4002539617464929,2,1,0.7071067811865476,1,0,0,0,0,1
CUST_1613,OFFER_0877,570,1.896172216642062,2,1,1.2030250360821166,1,0,0,0,0,1
CUST_0590,OFFER_0739,488,0.8740558352399925,2,1,0.1809086546800473,1,0,0,0,0,1
CUST_0920,OFFER_0382,411,0.7084153050667303,1,1,0.015268124506785089,1,1,1,0,0,0
CUST_0508,OFFER_0188,550,1.4510054638151444,2,1,0.757858283255199,1,0,0,0,0,1
CUST_0061,OFFER_0005,238,0.6939885123629216,3,1,0.0008413318029763446,1,1,0,0,0,0
CUST_1161,OFFER_0300,78,0.6931541364505135,1,1,6.9558905682236974e-06,0,0,1,0,0,0
CUST_1228,OFFER_0340,518,1.0549644899200399,2,1,0.3618173093600946,1,0,0,0,0,1
CUST_0537,OFFER_0850,356,0.7060005982907417,3,1,0.012853417730796408,1,1,0,0,0,0
CUST_0116,OFFER_0592,440,0.7528247808043463,2,1,0.059677600244401045,1,0,0,0,0,0
CUST_1081,OFFER_0553,315,0.6964700991574095,2,1,0.0033229185974642784,1,0,0,0,0,0
CUST_1231,OFFER_0901,435,0.7463138781193738,2,1,0.053166697559428495,1,0,0,0,0,0
CUST_2897,OFFER_0073,298,0.6953907320345488,2,1,0.002243551474603586,1,0,0,0,0,0
CUST_2131,OFFER_0877,446,0.7616987417908594,2,1,0.0685515612309141,1,0,0,0,0,1
CUST_1512,OFFER_0922,514,1.023024158253169,2,1,0.32987697769322366,1,0,0,0,0,1
CUST_1317,OFFER_0184,315,0.6981315584561417,3,1,0.004984377896196417,1,1,0,0,0,0
CUST_2144,OFFER_0503,395,0.7247960074232622,3,1,0.03164882686331695,1,1,0,0,0,0
CUST_0515,OFFER_0536,235,0.6936705074459494,2,1,0.0005233268860040493,1,0,0,0,0,0
CUST_1788,OFFER_0358,590,2.602830388380778,2,1,1.909683207820833,1,0,0,0,0,1
CUST_0264,OFFER_0698,516,1.0386254005518893,2,1,0.34547821999194406,1,0,0,0,0,1
CUST_2358,OFFER_0788,519,1.0634215686315862,2,1,0.37027438807164104,1,0,0,0,0,1
CUST_0395,OFFER_0871,331,0.7003609173568881,3,1,0.00721373679694287,1,1,0,0,0,0
CUST_1142,OFFER_1227,563,2.2282080185551076,3,1,1.5350608379951622,1,1,0,0,0,0
CUST_2143,OFFER_0071,218,0.6933238491680312,1,1,0.00017666860808598355,0,0,1,0,0,0
CUST_2069,OFFER_0132,554,1.9400040247741268,3,1,1.2468568442141816,1,1,0,0,0,1
CUST_2016,OFFER_1154,413,0.7091373976223949,1,1,0.01599021706244961,1,1,1,0,0,0
CUST_1911,OFFER_1090,332,0.7005295304616731,3,1,0.007382349901727771,1,1,0,0,0,0
CUST_2431,OFFER_1180,255,0.6943932750339944,3,1,0.0012460944740491052,1,1,0,0,0,0
CUST_2140,OFFER_0503,421,0.7508570749354883,3,1,0.05770989437554297,1,1,0,0,0,0
CUST_2688,OFFER_1102,582,2.2805482325281448,2,1,1.5874010519681994,1,0,0,0,0,1
CUST_0950,OFFER_0592,523,1.099273378738063,2,1,0.4061261981781178,1,0,0,0,0,0
CUST_0829,OFFER_0313,254,0.6939589363178972,2,1,0.0008117557579519408,1,0,0,0,0,0
CUST_0539,OFFER_1180,277,0.6945282484919503,2,1,0.0013810679320049755,1,0,0,0,0,0
CUST_0652,OFFER_0325,507,1.3946859607533035,5,1,0.7015387801933582,0,0,1,0,0,1
CUST_2413,OFFER_0871,337,0.7014335881519751,3,1,0.008286407592029855,1,1,0,0,0,0
CUST_1148,OFFER_1059,427,0.7373413543841045,2,1,0.044194173824159216,1,0,0,0,0,0
CUST_2572,OFFER_0665,320,0.6968770305752203,2,1,0.003729850015275064,1,0,0,0,0,0
CUST_0264,OFFER_1140,300,0.6966716679703421,3,1,0.003524487410396824,1,1,0,0,0,0
CUST_0243,OFFER_1059,359,0.7069231325867064,3,1,0.013775952026761037,1,1,0,0,0,0
CUST_0119,OFFER_0181,291,0.6960099539049674,3,1,0.002862773345022206,1,1,0,0,0,0
CUST_0865,OFFER_0877,461,0.7900937281745537,2,1,0.09694654761460839,1,0,0,0,0,1
CUST_2675,OFFER_1308,317,0.6983672902365489,3,1,0.00522010967660355,1,1,0,0,0,0
CUST_0544,OFFER_0863,586,2.4342483071521936,2,1,1.7411011265922482,1,0,0,0,0,1
CUST_0098,OFFER_0424,547,1.4002539617464929,2,1,0.7071067811865476,1,0,0,0,0,1
CUST_2101,OFFER_0919,414,0.7422390925671623,3,1,0.04909191200721691,1,1,0,0,0,0
CUST_0554,OFFER_0916,517,1.0467005711532191,2,1,0.3535533905932738,1,0,0,0,0,0
CUST_1898,OFFER_0788,528,1.1490084248390537,2,1,0.45586124427910846,1,0,0,0,0,1
CUST_1640,OFFER_0816,579,2.1742447328465095,2,1,1.4810975522865644,1,0,0,0,0,0
CUST_1601,OFFER_0878,533,1.2048341265583329,2,1,0.5116869459983876,1,0,0,0,0,1
CUST_1534,OFFER_0312,464,0.7970519175777938,2,1,0.1039047370178485,1,0,0,0,0,1
CUST_2597,OFFER_1084,396,0.7147395693094418,2,1,0.021592388749496497,1,0,0,0,0,0
CUST_0127,OFFER_0411,565,1.7649206430962385,2,1,1.0717734625362931,1,0,0,0,0,1
CUST_1762,OFFER_0762,489,0.8782843745957659,2,1,0.1851371940358206,1,0,0,0,0,1
CUST_2550,OFFER_1200,496,0.9107848213839763,2,1,0.21763764082403106,1,0,0,0,0,1
CUST_0272,OFFER_0206,78,0.6931541364505135,1,1,6.9558905682236974e-06,0,0,1,0,0,0
CUST_1846,OFFER_1171,319,0.6967918406831359,2,1,0.0036446601231906544,1,0,0,0,0,0
CUST_2652,OFFER_0698,468,0.8640951471646109,3,1,0.17094796660466563,1,1,0,0,0,1
CUST_1880,OFFER_0307,529,1.159663676328349,2,1,0.4665164957684037,1,0,0,0,0,1
CUST_1846,OFFER_0690,308,0.6973872271540089,3,1,0.004240046594063611,1,1,0,0,0,0
CUST_2647,OFFER_0184,318,0.6967085965308758,2,1,0.0035614159709305357,1,0,0,0,0,0
CUST_0545,OFFER_0859,485,0.9463377954664809,3,1,0.2531906149065356,1,1,0,0,0,1
CUST_1231,OFFER_0217,435,0.7463138781193738,2,1,0.053166697559428495,1,0,0,0,0,0
CUST_1964,OFFER_0005,265,0.6941938343319534,2,1,0.0010466537720080996,1,0,0,0,0,0
CUST_1088,OFFER_0512,443,0.789088482934643,3,1,0.09594130237469765,1,1,0,0,0,1
CUST_0630,OFFER_0300,72,0.6931532360143977,1,1,6.055454452393337e-06,0,0,1,0,0,0
CUST_1329,OFFER_0820,481,0.8470402322280599,2,1,0.15389305166811457,1,0,0,0,0,1
CUST_2167,OFFER_0498,562,1.6931471805599454,2,1,1.0,1,0,0,0,0,1
CUST_0098,OFFER_0282,547,1.4002539617464929,2,1,0.7071067811865476,1,0,0,0,0,1
CUST_2919,OFFER_0915,324,1.1047487776690117,3,2,0.006136489000902112,1,1,0,0,0,0
CUST_0579,OFFER_0085,518,1.0549644899200399,2,1,0.3618173093600946,1,0,0,0,0,1
CUST_2225,OFFER_1224,528,1.1490084248390537,2,1,0.45586124427910846,1,0,0,0,0,1
CUST_2307,OFFER_0418,71,0.6931530977076269,1,1,5.917147681555689e-06,0,0,1,0,0,0
CUST_2463,OFFER_0690,311,0.6976915499793801,3,1,0.004544369419434773,1,1,0,0,0,0
CUST_0444,OFFER_0480,238,0.6937080684285962,2,1,0.0005608878686508964,1,0,0,0,0,0
CUST_1647,OFFER_1059,428,0.760987926064963,3,1,0.06784074550501773,1,1,0,0,0,0
CUST_2472,OFFER_0851,588,2.516592157676379,2,1,1.8234449771164336,1,0,0,0,0,0
CUST_2926,OFFER_0982,453,0.773732824837419,2,1,0.0805856442774737,1,0,0,0,0,1
CUST_1428,OFFER_1144,262,0.6936354618099453,1,1,0.00048828124999999995,0,0,1,0,0,0
CUST_0032,OFFER_1180,292,0.6951003055599453,2,1,0.001953125,1,0,0,0,0,0
CUST_2566,OFFER_0433,536,1.5157659153309146,3,1,0.8226187347709695,1,1,0,0,0,1
CUST_1983,OFFER_0259,464,0.849004286086718,3,1,0.15585710552677273,1,1,0,0,0,1
CUST_0655,OFFER_0587,536,1.5157659153309146,3,1,0.8226187347709695,1,1,0,0,0,1
CUST_2160,OFFER_0313,324,0.6972381732272134,2,1,0.004090992667268075,1,0,0,0,0,0
CUST_2580,OFFER_0871,442,0.7556471805599453,2,1,0.0625,1,0,0,0,0,0
CUST_0346,OFFER_0871,364,0.7034558361128586,2,1,0.01030865555291324,1,0,0,0,0,0
CUST_0707,OFFER_1289,453,0.773732824837419,2,1,0.0805856442774737,1,0,0,0,0,1
CUST_2102,OFFER_0005,241,0.6937483252930239,2,1,0.0006011447330785723,1,0,0,0,0,0
CUST_0458,OFFER_1078,463,0.7946787301044748,2,1,0.10153154954452945,1,0,0,0,0,1
CUST_0874,OFFER_1120,329,0.7000351565733258,3,1,0.0068879760133805186,1,1,0,0,0,0
CUST_0834,OFFER_1059,368,0.7101073669361997,3,1,0.01696018637625443,1,1,0,0,0,0
CUST_1292,OFFER_0816,522,1.0899974435519952,2,1,0.3968502629920499,1,0,0,0,0,0
CUST_2638,OFFER_1223,161,0.6931945177413977,1,1,4.733718145244553e-05,0,0,1,0,0,0
CUST_0961,OFFER_0816,483,0.8543184691148926,2,1,0.1611712885549474,1,0,0,0,0,0
CUST_1425,OFFER_1247,64,0.6931522140831645,1,1,5.033523219195926e-06,0,0,1,0,0,0
CUST_2244,OFFER_0411,465,0.7994805756788023,2,1,0.106333395118857,1,0,0,0,0,1
CUST_1779,OFFER_0073,397,0.7152442674720249,2,1,0.02209708691207962,1,0,0,0,0,0
CUST_0578,OFFER_0652,384,0.7340571072326261,5,1,0.04090992667268076,0,0,1,0,0,1
CUST_2968,OFFER_0503,425,0.7353456163777012,2,1,0.04219843581775594,1,0,0,0,0,0
CUST_2034,OFFER_0752,475,0.8271188633769819,2,1,0.13397168281703667,1,0,0,0,0,0
CUST_2597,OFFER_0710,396,0.72553576368419,3,1,0.032388583124244745,1,1,0,0,0,0
CUST_0655,OFFER_0026,536,1.5157659153309146,3,1,0.8226187347709695,1,1,0,0,0,1
CUST_0340,OFFER_0411,556,1.9989730255041316,3,1,1.3058258449441862,0,1,0,0,0,1
CUST_0098,OFFER_1065,547,1.4002539617464929,2,1,0.7071067811865476,1,0,0,0,0,1
CUST_0098,OFFER_0601,547,1.4002539617464929,2,1,0.7071067811865476,1,0,0,0,0,1
CUST_0303,OFFER_0665,296,0.6963605349926444,3,1,0.0032133544326991012,1,1,0,0,0,0
CUST_1231,OFFER_1154,435,0.7463138781193738,2,1,0.053166697559428495,1,0,0,0,0,0
CUST_2831,OFFER_1186,343,0.6963200414832118,1,1,0.0031728609232665483,1,1,1,0,0,0
CUST_1088,OFFER_0302,443,0.789088482934643,3,1,0.09594130237469765,1,1,0,0,0,1
CUST_0215,OFFER_0877,567,1.8156092288693184,2,1,1.122462048309373,1,0,0,0,0,1
CUST_2131,OFFER_0643,446,0.7959745224063164,3,1,0.10282734184637116,1,1,0,0,0,1
CUST_1497,OFFER_0676,572,2.583028755402255,3,1,1.8898815748423097,1,1,0,0,0,0
CUST_2961,OFFER_0233,443,0.7571080488097437,2,1,0.06396086824979844,1,0,0,0,0,1
CUST_2002,OFFER_0352,564,1.740441303380572,2,1,1.0472941228206267,1,0,0,0,0,1
CUST_1317,OFFER_0102,315,0.6981315584561417,3,1,0.004984377896196417,1,1,0,0,0,0
CUST_1148,OFFER_0841,430,1.1649035494043485,3,2,0.06629126073623882,1,1,0,0,0,0
CUST_1122,OFFER_0665,538,1.5546709468077218,3,1,0.8615237662477764,1,1,0,0,0,0
CUST_2796,OFFER_0071,202,0.6932692508724453,1,1,0.00012207031250000008,0,0,1,0,0,0
CUST_1245,OFFER_0763,439,0.7514617425309957,2,1,0.05831456197105046,1,0,0,0,0,0
CUST_1650,OFFER_0411,526,1.1284224622080075,2,1,0.4352752816480622,1,0,0,0,0,1
CUST_2961,OFFER_0592,443,0.7571080488097437,2,1,0.06396086824979844,1,0,0,0,0,0
CUST_2082,OFFER_0788,564,1.740441303380572,2,1,1.0472941228206267,1,0,0,0,0,1
CUST_2002,OFFER_0980,564,1.740441303380572,2,1,1.0472941228206267,1,0,0,0,0,1
CUST_0941,OFFER_0411,509,1.1339776454162986,3,1,0.44083046485635335,1,1,0,0,0,1
CUST_1375,OFFER_1090,403,0.7312215116391438,3,1,0.03807433107919855,1,1,0,0,0,0
CUST_0021,OFFER_0401,246,0.6938219427083671,2,1,0.0006747621484217657,1,0,0,0,0,0
CUST_2621,OFFER_1173,319,0.6949695106215407,1,1,0.0018223300615953272,1,1,1,0,0,0
CUST_1074,OFFER_1247,39,0.6931500055293367,1,1,2.8249693914157196e-06,0,0,1,0,0,0
CUST_2612,OFFER_0841,416,0.7274229611754024,2,1,0.034275780615457066,1,0,0,0,0,0
CUST_1487,OFFER_0788,536,1.2415596704072582,2,1,0.548412489847313,1,0,0,0,0,1
CUST_1142,OFFER_0851,589,3.492246155170368,3,1,2.7990989746104225,1,1,0,0,0,0
CUST_0721,OFFER_1120,331,0.6979563384245738,2,1,0.00480915786462858,1,0,0,0,0,0
CUST_2926,OFFER_1308,303,0.6956654819436163,2,1,0.002518301383671054,1,0,0,0,0,0
CUST_2157,OFFER_1034,503,0.948990653559139,2,1,0.2558434729991938,1,0,0,0,0,1
CUST_0579,OFFER_1258,265,0.6941938343319534,2,1,0.0010466537720080996,1,0,0,0,0,0
CUST_0029,OFFER_0310,267,0.6942433349039974,2,1,0.0010961543440521223,1,0,0,0,0,0
CUST_1229,OFFER_0282,516,1.0386254005518893,2,1,0.34547821999194406,1,0,0,0,0,1
CUST_0961,OFFER_0871,483,0.8543184691148926,2,1,0.1611712885549474,1,0,0,0,0,0
CUST_0098,OFFER_1096,547,1.4002539617464929,2,1,0.7071067811865476,1,0,0,0,0,1
CUST_2377,OFFER_1095,410,0.7080665806210455,1,1,0.01491940006110026,1,1,1,0,0,0
CUST_1585,OFFER_1125,556,1.5636977438560695,2,1,0.8705505632961241,1,0,0,0,0,1
CUST_0612,OFFER_0210,482,0.8506373117968045,2,1,0.15749013123685918,1,0,0,0,0,1
CUST_2992,OFFER_0888,468,0.8071124916297223,2,1,0.11396531106977709,1,0,0,0,0,1
CUST_0803,OFFER_1295,508,0.980321769309204,2,1,0.2871745887492587,1,0,0,0,0,1
CUST_2609,OFFER_1237,246,0.6938219427083671,2,1,0.0006747621484217657,1,0,0,0,0,0
CUST_2306,OFFER_1140,323,0.6991435119583639,3,1,0.005996331398418608,1,1,0,0,0,0
CUST_0157,OFFER_0145,30,0.6931494751481031,1,1,2.2945881578104366e-06,0,0,1,0,0,0
CUST_2000,OFFER_1215,490,0.882611751373745,2,1,0.18946457081379978,1,0,0,0,0,1
CUST_0866,OFFER_1063,573,2.627202643219314,3,1,1.9340554626593687,1,1,0,0,0,1
CUST_2136,OFFER_1261,170,0.693205459466434,1,1,5.827890648867295e-05,0,0,1,0,0,0
CUST_1582,OFFER_1180,377,0.7070674730308881,2,1,0.013920292470942801,1,0,0,0,0,0
CUST_0579,OFFER_1006,518,1.2358731446000872,3,1,0.5427259640401418,1,1,0,0,0,0
CUST_2833,OFFER_0888,519,1.2485587626674068,3,1,0.5554115821074616,1,1,0,0,0,1
CUST_1541,OFFER_1180,320,0.6987419555828579,3,1,0.005594775022912596,1,1,0,0,0,0
CUST_1760,OFFER_0852,115,0.6931635345251329,1,1,1.6353965187626563e-05,0,0,1,0,0,0
CUST_2189,OFFER_0592,460,0.7878794659668452,2,1,0.09473228540689993,1,0,0,0,0,0
CUST_2992,OFFER_0073,424,0.7549991138774247,3,1,0.061851933317479416,1,1,0,0,0,0
CUST_1423,OFFER_1241,586,3.3047988704483178,3,1,2.6116516898883724,1,1,0,0,0,1
CUST_1423,OFFER_0992,586,3.3047988704483178,3,1,2.6116516898883724,1,1,0,0,0,1
CUST_0306,OFFER_0325,571,1.9242915939048615,2,1,1.2311444133449163,1,0,0,0,0,1
CUST_2134,OFFER_0382,415,0.7266401012642044,2,1,0.033492920704259174,1,0,0,0,0,0
CUST_2070,OFFER_1215,587,3.3658433349809633,3,1,2.672696154421018,0,1,0,0,0,1
CUST_1874,OFFER_1006,517,1.0467005711532191,2,1,0.3535533905932738,1,0,0,0,0,0
CUST_1878,OFFER_0511,524,1.108766128631339,2,1,0.4156189480713939,1,0,0,0,0,1
CUST_0272,OFFER_1320,74,0.6931535224018043,1,1,6.341841858999546e-06,0,0,1,0,0,0
CUST_2810,OFFER_1261,182,0.6932240800380883,1,1,7.689947814299773e-05,0,0,1,0,0,0
CUST_1402,OFFER_0049,467,0.8601906902112589,3,1,0.16704350965131365,1,1,0,0,0,1
CUST_1643,OFFER_0871,378,0.7073928444436675,2,1,0.014245663883722132,1,0,0,0,0,0
CUST_0291,OFFER_0871,370,0.7049887162358077,2,1,0.011841535675862488,1,0,0,0,0,0
CUST_2604,OFFER_1200,453,0.773732824837419,2,1,0.0805856442774737,1,0,0,0,0,1
CUST_2245,OFFER_0592,502,1.0681471805599454,3,1,0.3750000000000001,1,1,0,0,0,0
CUST_2506,OFFER_0184,318,0.6967085965308758,2,1,0.0035614159709305357,1,0,0,0,0,0
CUST_1228,OFFER_0877,518,1.0549644899200399,2,1,0.3618173093600946,1,0,0,0,0,1
CUST_0286,OFFER_0904,146,0.6931806530019525,1,1,3.3472442007282325e-05,0,0,1,0,0,0
CUST_1021,OFFER_0914,548,1.4167817992801344,2,1,0.7236346187201891,1,0,0,0,0,1
CUST_0974,OFFER_0059,535,1.496977277462165,3,1,0.8038300969022198,1,1,0,0,0,0
CUST_1423,OFFER_1215,586,3.3047988704483178,3,1,2.6116516898883724,1,1,0,0,0,1
CUST_2982,OFFER_0145,6,0.6931484984547664,1,1,1.3178948211362604e-06,0,0,1,0,0,0
CUST_2913,OFFER_1125,557,1.5840458987002846,2,1,0.8908987181403394,1,0,0,0,0,1
CUST_2695,OFFER_0401,310,0.6961075644789109,2,1,0.0029603839189656215,1,0,0,0,0,0
CUST_2833,OFFER_1271,529,1.159663676328349,2,1,0.4665164957684037,1,0,0,0,0,1
CUST_2943,OFFER_0129,523,1.3023364778271218,3,1,0.6091892972671766,1,1,0,0,0,0
CUST_1891,OFFER_0812,464,0.7450995490688695,1,1,0.05195236850892425,1,1,1,0,0,0
CUST_1491,OFFER_0871,394,0.7137644916657717,2,1,0.02061731110582648,1,0,0,0,0,0
CUST_2334,OFFER_0533,515,1.0307346671019928,2,1,0.33758748654204745,1,0,0,0,0,1
CUST_0672,OFFER_0282,568,1.8418455355569803,2,1,1.148698354997035,1,0,0,0,0,1
CUST_1613,OFFER_0167,570,1.896172216642062,2,1,1.2030250360821166,1,0,0,0,0,1
CUST_0915,OFFER_0851,564,1.2167942419702586,1,1,0.5236470614103134,1,1,1,0,0,0
CUST_1637,OFFER_0437,530,1.1705679825151536,2,1,0.47742080195520825,1,0,0,0,0,1
CUST_0502,OFFER_0998,462,0.7923597463079577,2,1,0.09921256574801246,1,0,0,0,0,1
CUST_1067,OFFER_1224,529,1.159663676328349,2,1,0.4665164957684037,1,0,0,0,0,1
CUST_2280,OFFER_0863,586,2.4342483071521936,2,1,1.7411011265922482,1,0,0,0,0,1
CUST_1880,OFFER_0242,529,1.159663676328349,2,1,0.4665164957684037,1,0,0,0,0,0
CUST_0704,OFFER_0184,320,0.6987419555828579,3,1,0.005594775022912596,1,1,0,0,0,0
CUST_0264,OFFER_0104,516,1.0386254005518893,2,1,0.34547821999194406,1,0,0,0,0,1
CUST_2897,OFFER_0871,298,0.6965125077718507,3,1,0.003365327211905379,1,1,0,0,0,0
CUST_0077,OFFER_1140,285,0.6956393695080435,3,1,0.002492188948098211,1,1,0,0,0,0
CUST_2091,OFFER_0919,444,0.7913310045743791,3,1,0.09818382401443378,1,1,0,0,0,0
CUST_1766,OFFER_0686,486,0.9522558455539033,3,1,0.259108664993958,1,1,0,0,0,0
CUST_0414,OFFER_1059,431,0.7416204543672495,2,1,0.048473273807304214,1,0,0,0,0,0
CUST_1231,OFFER_0382,435,0.7463138781193738,2,1,0.053166697559428495,1,0,0,0,0,0
CUST_2913,OFFER_0391,557,1.5840458987002846,2,1,0.8908987181403394,1,0,0,0,0,1
CUST_2998,OFFER_0928,265,0.6941938343319534,2,1,0.0010466537720080996,1,0,0,0,0,0
CUST_1637,OFFER_0059,530,1.1705679825151536,2,1,0.47742080195520825,1,0,0,0,0,0
CUST_2622,OFFER_0102,315,0.6981315584561417,3,1,0.004984377896196417,1,1,0,0,0,0
CUST_1287,OFFER_0129,530,1.4092783834927576,3,1,0.7161312029328124,1,1,0,0,0,0
CUST_0655,OFFER_0916,536,1.2415596704072582,2,1,0.548412489847313,1,0,0,0,0,0
CUST_2002,OFFER_1010,564,1.740441303380572,2,1,1.0472941228206267,1,0,0,0,0,1
CUST_2749,OFFER_0071,234,0.6936585546433538,2,1,0.0005113740834085093,1,0,0,0,0,0
CUST_2454,OFFER_0503,399,0.7162893298144228,2,1,0.023142149254477582,1,0,0,0,0,0
CUST_0751,OFFER_1295,508,1.1239090636838334,3,1,0.4307618831238881,0,1,0,0,0,1
CUST_0508,OFFER_0600,567,2.376840253024005,3,1,1.6836930724640595,1,1,0,0,0,1
CUST_2633,OFFER_0919,418,0.7469924159504313,3,1,0.05384523539048604,1,1,0,0,0,0
CUST_2916,OFFER_0386,480,0.8435253100702098,2,1,0.15037812951026458,1,0,0,0,0,0
CUST_0655,OFFER_0412,536,1.5157659153309146,3,1,0.8226187347709695,1,1,0,0,0,1
CUST_1228,OFFER_0614,518,1.0549644899200399,2,1,0.3618173093600946,1,0,0,0,0,1
CUST_2832,OFFER_0085,491,0.9839868234037705,3,1,0.2908396428438252,1,1,0,0,0,1
CUST_2357,OFFER_0352,449,0.8033547967740337,3,1,0.11020761621408834,1,1,0,0,0,1
CUST_0519,OFFER_0525,519,1.0634215686315862,2,1,0.37027438807164104,1,0,0,0,0,1
CUST_2652,OFFER_0282,468,0.8071124916297223,2,1,0.11396531106977709,1,0,0,0,0,1
CUST_2437,OFFER_1289,528,1.1490084248390537,2,1,0.45586124427910846,1,0,0,0,0,1
CUST_0387,OFFER_1237,260,0.6945458743156734,3,1,0.00139869375572815,1,1,0,0,0,0
CUST_0154,OFFER_0529,339,0.6989327178735647,2,1,0.005785537313619394,1,0,0,0,0,0
CUST_0984,OFFER_0592,483,0.8543184691148926,2,1,0.1611712885549474,1,0,0,0,0,0
CUST_2902,OFFER_0788,466,0.8019660009719608,2,1,0.10881882041201553,1,0,0,0,0,1
CUST_1749,OFFER_1120,316,0.6982480627667585,3,1,0.005100882206813228,1,1,0,0,0,0
CUST_1870,OFFER_0871,455,0.8197424880132131,3,1,0.12659530745326783,1,1,0,0,0,0
CUST_1650,OFFER_0592,526,0.9107848213839764,1,1,0.2176376408240311,1,1,1,0,0,0
CUST_1980,OFFER_0980,553,1.5053995769161808,2,1,0.8122523963562356,1,0,0,0,0,1
CUST_2147,OFFER_0352,514,1.023024158253169,2,1,0.32987697769322366,1,0,0,0,0,1
CUST_0710,OFFER_1120,316,0.6982480627667585,3,1,0.005100882206813228,1,1,0,0,0,0
CUST_2612,OFFER_0710,416,0.7274229611754024,2,1,0.034275780615457066,1,0,0,0,0,0
CUST_0185,OFFER_0871,474,0.8240589459125237,2,1,0.1309117653525784,1,0,0,0,0,0
CUST_2833,OFFER_0081,529,1.159663676328349,2,1,0.4665164957684037,1,0,0,0,0,1
CUST_2041,OFFER_0863,542,1.3231077055073819,2,1,0.6299605249474366,1,0,0,0,0,1
CUST_0508,OFFER_0409,567,1.8156092288693184,2,1,1.122462048309373,1,0,0,0,0,1
CUST_0264,OFFER_1207,516,1.2113645105478614,3,1,0.518217329987916,1,1,0,0,0,1
CUST_2423,OFFER_0812,246,0.6938219427083671,2,1,0.0006747621484217657,1,0,0,0,0,0
CUST_2663,OFFER_0686,475,0.8271188633769819,2,1,0.13397168281703667,1,0,0,0,0,0
CUST_2442,OFFER_0073,344,0.6963942035917531,1,1,0.0032470230318077642,1,1,1,0,0,0
CUST_1667,OFFER_0698,450,0.8059307776926438,3,1,0.11278359713269848,1,1,0,0,0,1
CUST_1915,OFFER_0863,516,1.2113645105478614,3,1,0.518217329987916,1,1,0,0,0,1
CUST_2915,OFFER_0282,491,0.8870402757891621,2,1,0.1938930952292168,1,0,0,0,0,1
CUST_0579,OFFER_0863,518,1.0549644899200399,2,1,0.3618173093600946,1,0,0,0,0,1
CUST_0573,OFFER_1180,442,0.7868971805599453,3,1,0.09375,1,1,0,0,0,0
CUST_2401,OFFER_0129,523,1.3023364778271218,3,1,0.6091892972671766,1,1,0,0,0,0
CUST_1224,OFFER_0005,252,0.6943098278148048,3,1,0.0011626472548595223,1,1,0,0,0,0
CUST_0855,OFFER_0928,265,0.6941938343319534,2,1,0.0010466537720080996,1,0,0,0,0,0
CUST_0922,OFFER_0676,553,1.9115257750942987,3,1,1.2183785945343533,1,1,0,0,0,0
CUST_1888,OFFER_1180,341,0.6992063397858583,2,1,0.00605915922591303,1,0,0,0,0,0
CUST_2566,OFFER_0185,536,1.2415596704072582,2,1,0.548412489847313,1,0,0,0,0,1
CUST_0271,OFFER_1120,328,0.699877834983756,3,1,0.006730654423810759,1,1,0,0,0,0
CUST_1716,OFFER_0325,562,1.6931471805599454,2,1,1.0,1,0,0,0,0,1
CUST_0127,OFFER_0123,565,1.7649206430962385,2,1,1.0717734625362931,1,0,0,0,0,1
CUST_2218,OFFER_0233,535,1.229033911828092,2,1,0.5358867312681466,1,0,0,0,0,1
CUST_1223,OFFER_1006,531,1.1817271647770682,2,1,0.48857998421712295,1,0,0,0,0,0
CUST_1947,OFFER_1140,291,0.6950556961232934,2,1,0.0019085155633481372,1,0,0,0,0,0
CUST_1506,OFFER_0788,515,1.1995284103730164,3,1,0.5063812298130712,1,1,0,0,0,1
CUST_0405,OFFER_0503,434,0.7710757333233317,3,1,0.07792855276338637,1,1,0,0,0,0
CUST_1030,OFFER_0507,513,1.1766610462247875,3,1,0.4835138656648422,1,1,0,0,0,1
CUST_2364,OFFER_0896,528,1.3769390469786078,3,1,0.6837918664186626,1,1,0,0,0,1
CUST_2820,OFFER_1247,94,0.6931572476063836,1,1,1.0067046438391854e-05,0,0,1,0,0,0
CUST_2850,OFFER_0818,489,0.8782843745957659,2,1,0.1851371940358206,1,0,0,0,0,1
CUST_2899,OFFER_0665,273,0.6950359065976985,3,1,0.0018887260377532904,1,1,0,0,0,0
CUST_2166,OFFER_1308,259,0.694058345590743,2,1,0.0009111650307976634,1,0,0,0,0,0
CUST_0416,OFFER_1170,501,0.9374371726685068,2,1,0.2442899921085615,1,0,0,0,0,1
CUST_0815,OFFER_0942,279,0.6953167570525526,3,1,0.002169576492607272,1,1,0,0,0,0
CUST_0915,OFFER_0676,564,2.2640883647908856,3,1,1.5709411842309402,1,1,0,0,0,0
CUST_1972,OFFER_0863,537,1.5349937167919752,3,1,0.84184653623203,1,1,0,0,0,1
CUST_0012,OFFER_0665,277,0.6945282484919503,2,1,0.0013810679320049755,1,0,0,0,0,0
CUST_1945,OFFER_0529,279,0.6945935648883501,2,1,0.0014463843284048482,1,0,0,0,0,0
CUST_0310,OFFER_0676,553,1.9115257750942987,3,1,1.2183785945343533,1,1,0,0,0,0
CUST_0477,OFFER_1261,167,0.6932015567024099,1,1,5.437614246462033e-05,0,0,1,0,0,0
CUST_2920,OFFER_0553,322,0.6990065555599453,3,1,0.005859375,1,1,0,0,0,0
CUST_0653,OFFER_0493,494,0.9009566545956422,2,1,0.2078094740356969,1,0,0,0,0,1
CUST_1008,OFFER_0313,332,0.6980687471610971,2,1,0.0049215666011518475,1,0,0,0,0,0
CUST_1088,OFFER_0863,443,0.789088482934643,3,1,0.09594130237469765,1,1,0,0,0,1
CUST_2566,OFFER_0863,536,1.2415596704072582,2,1,0.548412489847313,1,0,0,0,0,1
CUST_2604,OFFER_0788,453,0.773732824837419,2,1,0.0805856442774737,1,0,0,0,0,1
CUST_0930,OFFER_0665,300,0.6954968388335432,2,1,0.0023496582735978828,1,0,0,0,0,0
CUST_2086,OFFER_0525,473,0.8210689170595422,2,1,0.1279217364995969,1,0,0,0,0,1
CUST_2711,OFFER_0147,440,0.7528247808043463,2,1,0.059677600244401045,1,0,0,0,0,0
CUST_2167,OFFER_1102,585,2.7999466105698207,3,2,1.7013343219017114,1,1,0,0,0,1
CUST_0335,OFFER_0071,208,0.693287402527108,1,1,0.0001402219671627241,0,0,1,0,0,0
CUST_1088,OFFER_1323,443,0.789088482934643,3,1,0.09594130237469765,1,1,0,0,0,1
CUST_1413,OFFER_0901,426,0.7579243468084348,3,1,0.06477716624848952,1,1,0,0,0,0
CUST_2981,OFFER_0505,518,1.0549644899200399,2,1,0.3618173093600946,1,0,0,0,0,1
CUST_0828,OFFER_0167,584,2.355622972845521,2,1,1.6624757922855755,1,0,0,0,0,1
CUST_0712,OFFER_0788,497,0.9158718600950302,2,1,0.2227246795350849,1,0,0,0,0,1
CUST_0918,OFFER_0919,445,0.7601330219684637,2,1,0.06698584140851835,1,0,0,0,0,0
CUST_0486,OFFER_0642,490,0.882611751373745,2,1,0.18946457081379978,1,0,0,0,0,1
CUST_0072,OFFER_0328,219,0.6933279786009959,1,1,0.00018079804105060584,0,0,1,0,0,0
CUST_2194,OFFER_0901,447,0.7633010585792811,2,1,0.0701538780193358,1,0,0,0,0,0
CUST_2998,OFFER_0942,265,0.6947171612179575,3,1,0.0015699806580121494,1,1,0,0,0,0
CUST_2157,OFFER_0167,503,1.076912390058736,3,1,0.38376520949879067,1,1,0,0,0,1
CUST_2218,OFFER_0411,525,1.1184807610353733,2,1,0.4253335804754279,1,0,0,0,0,1
CUST_1463,OFFER_0282,529,1.159663676328349,2,1,0.4665164957684037,1,0,0,0,0,1
CUST_1849,OFFER_0075,262,0.6941237430599453,2,1,0.0009765624999999999,1,0,0,0,0,0
CUST_2189,OFFER_1036,461,0.7900937281745537,2,1,0.09694654761460839,1,0,0,0,0,1
CUST_2003,OFFER_0382,424,0.7343818027715983,2,1,0.041234622211652944,1,0,0,0,0,0
CUST_1487,OFFER_0382,411,0.7236834295735155,2,1,0.030536249013570178,1,0,0,0,0,0
CUST_2282,OFFER_0311,111,0.6931620908377839,1,1,1.4910277838657327e-05,0,0,1,0,0,0
CUST_2884,OFFER_0812,273,0.6944063312517809,2,1,0.001259150691835527,1,0,0,0,0,0
CUST_0480,OFFER_0871,445,0.7601330219684637,2,1,0.06698584140851835,1,0,0,0,0,0
CUST_1723,OFFER_0294,510,1.8505029362194325,5,2,0.751890647551323,0,0,1,0,0,1
CUST_1216,OFFER_1192,448,0.76494082774726,2,1,0.0717936471873147,1,0,0,0,0,1
CUST_0381,OFFER_0184,319,0.6967918406831359,2,1,0.0036446601231906544,1,0,0,0,0,0
CUST_0022,OFFER_0592,456,0.7795167355579313,2,1,0.086369554997986,1,0,0,0,0,0
CUST_0463,OFFER_0071,200,0.6932637383729227,1,1,0.00011655781297734571,0,0,1,0,0,0
CUST_1458,OFFER_0282,463,0.7946787301044748,2,1,0.10153154954452945,1,0,0,0,0,1
CUST_2507,OFFER_0676,570,2.9031498427912847,3,2,1.804537554123175,1,1,0,0,0,0
CUST_0935,OFFER_1254,192,0.6932440678311835,1,1,9.688727123829343e-05,0,0,1,0,0,0
CUST_1301,OFFER_0272,324,0.6972381732272134,2,1,0.004090992667268075,1,0,0,0,0,0
CUST_0226,OFFER_0358,580,2.2088637470703434,2,1,1.5157165665103982,1,0,0,0,0,1
CUST_1574,OFFER_0827,64,0.6931522140831645,1,1,5.033523219195926e-06,0,0,1,0,0,0
CUST_1163,OFFER_0980,493,0.8962102796490042,2,1,0.20306309908905892,1,0,0,0,0,1
CUST_0992,OFFER_0525,526,1.1284224622080075,2,1,0.4352752816480622,1,0,0,0,0,1
CUST_0412,OFFER_0297,251,0.694283272914804,3,1,0.0011360923548586928,1,1,0,0,0,0
CUST_1358,OFFER_1247,35,0.693149756148069,1,1,2.57558812364233e-06,0,0,1,0,0,0
CUST_0508,OFFER_0156,554,1.5243850767027332,2,1,0.8312378961427878,1,0,0,0,0,0
CUST_2736,OFFER_0863,552,1.8923128146522092,2,2,0.7937005259840997,1,0,0,0,0,1
CUST_2680,OFFER_0871,485,0.9463377954664809,3,1,0.2531906149065356,1,1,0,0,0,0
CUST_2505,OFFER_0300,44,0.6931503514808748,1,1,3.1709209294997727e-06,0,0,1,0,0,0
CUST_0607,OFFER_1180,272,0.6937623763850893,1,1,0.0006151958251439808,1,1,1,0,0,0
CUST_0098,OFFER_0167,565,2.1703857512044027,2,2,1.0717734625362931,1,0,0,0,0,1
CUST_2949,OFFER_0102,318,0.6984893045163411,3,1,0.0053421239563958035,1,1,0,0,0,0
CUST_2377,OFFER_0184,317,0.6983672902365489,3,1,0.00522010967660355,1,1,0,0,0,0
CUST_0412,OFFER_0871,251,0.694283272914804,3,1,0.0011360923548586928,1,1,0,0,0,0
CUST_1819,OFFER_0356,232,0.6936354618099453,2,1,0.0004882812500000003,1,0,0,0,0,0
CUST_2111,OFFER_0217,294,0.6941699287267623,1,1,0.0010227481668170185,1,1,1,0,0,0
CUST_2988,OFFER_0665,464,0.7970519175777938,2,1,0.1039047370178485,1,0,0,0,0,0
CUST_0449,OFFER_0665,444,0.7913310045743791,3,1,0.09818382401443378,1,1,0,0,0,0
CUST_1127,OFFER_0167,535,1.9024423855703294,3,2,0.8038300969022198,1,1,0,0,0,1
CUST_1388,OFFER_0883,569,1.868695086843554,2,1,1.1755479062836087,1,0,0,0,0,1
CUST_2387,OFFER_0356,257,0.6940171988393792,2,1,0.0008700182794339247,1,0,0,0,0,0
CUST_0708,OFFER_1308,119,0.6931651179974802,1,1,1.7937437534845104e-05,0,0,1,0,0,0
CUST_0617,OFFER_0073,271,0.6937483252930239,1,1,0.0006011447330785724,1,1,1,0,0,0
CUST_2651,OFFER_0665,443,0.7571080488097437,2,1,0.06396086824979844,1,0,0,0,0,0
CUST_2458,OFFER_1180,335,0.6984219850371648,2,1,0.0052748044772194915,1,0,0,0,0,0
CUST_2684,OFFER_0297,254,0.6939589363178972,2,1,0.0008117557579519408,1,0,0,0,0,0
CUST_0512,OFFER_0686,522,1.0899974435519952,2,1,0.3968502629920499,1,0,0,0,0,0
CUST_1597,OFFER_0739,538,1.2674963580584628,2,1,0.5743491774985175,1,0,0,0,0,1
CUST_2132,OFFER_0863,572,1.9530682304548184,2,1,1.2599210498948732,1,0,0,0,0,1
CUST_2985,OFFER_0071,241,0.6937483252930239,2,1,0.0006011447330785723,1,0,0,0,0,0
CUST_0098,OFFER_0676,565,1.7649206430962385,2,1,1.0717734625362931,1,0,0,0,0,0
CUST_2737,OFFER_0005,269,0.6948691745632904,3,1,0.0017219940033451294,1,1,0,0,0,0
CUST_1165,OFFER_1308,304,0.6957243444481735,2,1,0.0025771638882283094,1,0,0,0,0,0
CUST_1902,OFFER_0073,462,1.2474311372901283,3,2,0.1488188486220187,1,1,0,0,0,0
CUST_0707,OFFER_0167,511,1.0009332838961744,2,1,0.30778610333622913,1,0,0,0,0,1
CUST_1644,OFFER_0863,545,2.3990568207460328,3,3,1.0127624596261424,1,1,0,0,0,1
CUST_0948,OFFER_0397,556,1.5636977438560695,2,1,0.8705505632961241,1,0,0,0,0,1
CUST_0504,OFFER_0448,76,0.6931538223336521,1,1,6.641773706788058e-06,0,0,1,0,0,0
CUST_1850,OFFER_1171,482,0.7718922461783748,1,1,0.07874506561842959,1,1,1,0,0,0
CUST_1488,OFFER_0071,189,0.6932375795804706,1,1,9.039902052530292e-05,0,0,1,0,0,0
CUST_0573,OFFER_0841,434,0.7710757333233317,3,1,0.07792855276338637,1,1,0,0,0,0
CUST_0969,OFFER_1308,289,0.6958806756523382,3,1,0.0027334950923929907,1,1,0,0,0,0
CUST_1667,OFFER_0762,462,0.7923597463079577,2,1,0.09921256574801246,1,0,0,0,0,1
CUST_1094,OFFER_1090,466,1.1530216988741173,1,2,0.054409410206007765,0,0,1,0,0,0
CUST_2653,OFFER_0812,487,0.8699238758565822,2,1,0.1767766952966369,1,0,0,0,0,0
CUST_2801,OFFER_0762,467,0.8601906902112589,3,1,0.16704350965131365,1,1,0,0,0,1
CUST_0876,OFFER_0167,520,2.0459351427371084,5,2,0.9473228540689987,0,0,1,0,0,1
CUST_0898,OFFER_0282,541,1.6165054905686325,3,1,0.9233583100086873,1,1,0,0,0,1
CUST_1910,OFFER_0633,350,0.7006068805904954,2,1,0.007459700030550128,1,0,0,0,0,0
CUST_0616,OFFER_0147,428,0.7383743442299571,2,1,0.04522716367001182,1,0,0,0,0,0
CUST_0403,OFFER_0319,558,2.0607309133972707,3,1,1.3675837328373253,1,1,0,0,0,1
CUST_2391,OFFER_0838,495,0.9058139707976592,2,1,0.21266679023771393,1,0,0,0,0,1
CUST_2807,OFFER_0698,455,0.7775440521954572,2,1,0.08439687163551189,1,0,0,0,0,1
CUST_1676,OFFER_0184,317,0.696627253677681,2,1,0.0034800731177357,1,0,0,0,0,0
CUST_0458,OFFER_0614,474,0.8240589459125237,2,1,0.1309117653525784,1,0,0,0,0,1
CUST_0494,OFFER_0851,583,1.5053995769161808,1,1,0.8122523963562355,1,1,1,0,0,0
CUST_0738,OFFER_0824,575,2.0434971267281354,2,1,1.35034994616819,1,0,0,0,0,1
CUST_2268,OFFER_1229,198,0.6932584748090369,1,1,0.0001112942490915792,0,0,1,0,0,0
CUST_0640,OFFER_0629,509,0.9870341571308475,2,1,0.29388697657090224,1,0,0,0,0,1
CUST_2474,OFFER_0073,553,1.9115257750942987,3,1,1.2183785945343533,1,1,0,0,0,0
CUST_2522,OFFER_0791,522,1.0899974435519952,2,1,0.3968502629920499,1,0,0,0,0,1
CUST_0135,OFFER_0592,442,1.4800443611198906,3,3,0.09375,1,1,0,0,0,0
CUST_0226,OFFER_0769,580,2.2088637470703434,2,1,1.5157165665103982,1,0,0,0,0,1
CUST_2823,OFFER_0871,345,0.6997930177548738,2,1,0.006645837194928558,1,0,0,0,0,0
CUST_2035,OFFER_0102,326,0.6995738894253435,3,1,0.006426708865398204,1,1,0,0,0,0
CUST_1222,OFFER_0447,506,0.9673534254836018,2,1,0.27420624492365653,1,0,0,0,0,1
CUST_2911,OFFER_0916,480,0.8435253100702098,2,1,0.15037812951026458,1,0,0,0,0,0
CUST_0458,OFFER_0578,474,0.8240589459125237,2,1,0.1309117653525784,1,0,0,0,0,1
CUST_0084,OFFER_1180,346,0.6965477686978208,1,1,0.0034005881378754853,1,1,1,0,0,0
CUST_2622,OFFER_0282,549,1.4336959567032275,2,1,0.7405487761432822,1,0,0,0,0,1
CUST_1028,OFFER_0593,587,2.4749446168406237,2,1,1.7817974362806785,1,0,0,0,0,1
CUST_1153,OFFER_0073,571,2.53986380057732,3,1,1.8467166200173746,1,1,0,0,0,0
CUST_0290,OFFER_0227,379,0.7077258210527079,2,1,0.01457864049276262,1,0,0,0,0,0
CUST_1630,OFFER_1320,77,0.6931539775777533,1,1,6.79701780807754e-06,0,0,1,0,0,0
CUST_2705,OFFER_0651,309,0.6974863335451599,3,1,0.004339152985214545,1,1,0,0,0,0
CUST_0508,OFFER_0676,554,1.9400040247741268,3,1,1.2468568442141816,1,1,0,0,0,0
CUST_0893,OFFER_0330,519,1.0634215686315862,2,1,0.37027438807164104,1,0,0,0,0,1
CUST_2009,OFFER_1120,330,0.6978464971071411,2,1,0.004699316547195766,1,0,0,0,0,0
CUST_1115,OFFER_0686,475,0.8941047047855003,3,1,0.20095752422555502,1,1,0,0,0,0
CUST_2522,OFFER_0059,522,1.0899974435519952,2,1,0.3968502629920499,1,0,0,0,0,0
CUST_2744,OFFER_1308,126,0.6931682668770834,1,1,2.1086317138180173e-05,0,0,1,0,0,0
CUST_0212,OFFER_1102,576,2.075060060527721,2,1,1.381912879967776,1,0,0,0,0,1
CUST_1439,OFFER_0167,364,0.7189188194422284,5,1,0.0257716388822831,0,0,1,0,0,1
CUST_0136,OFFER_0181,241,0.6940488976595631,3,1,0.0009017170996178585,1,1,0,0,0,0
CUST_2822,OFFER_0411,574,2.6724090467192867,3,1,1.9792618661593413,0,1,0,0,0,1
CUST_0157,OFFER_0556,30,0.6931494751481031,1,1,2.2945881578104366e-06,0,0,1,0,0,0
CUST_1071,OFFER_0129,523,1.7078015859352862,3,2,0.6091892972671766,1,1,0,0,0,0
CUST_1489,OFFER_0167,565,1.7649206430962385,2,1,1.0717734625362931,1,0,0,0,0,1
CUST_1585,OFFER_0411,556,1.9989730255041316,3,1,1.3058258449441862,1,1,0,0,0,1
CUST_1881,OFFER_1180,460,1.1933445740750095,3,2,0.09473228540689993,1,1,0,0,0,0
CUST_0180,OFFER_0528,502,1.4736122886681096,3,2,0.3750000000000001,1,1,0,0,0,1
CUST_1534,OFFER_0411,464,0.849004286086718,3,1,0.15585710552677273,1,1,0,0,0,1
CUST_1972,OFFER_0754,537,1.254378204714632,2,1,0.5612310241546866,1,0,0,0,0,1
CUST_1639,OFFER_0841,416,0.7274229611754024,2,1,0.034275780615457066,1,0,0,0,0,0
CUST_0395,OFFER_0702,331,0.7003609173568881,3,1,0.00721373679694287,1,1,0,0,0,0
CUST_2705,OFFER_0788,462,0.841966029181964,3,1,0.1488188486220187,1,1,0,0,0,1
CUST_1318,OFFER_0129,516,1.2113645105478614,3,1,0.518217329987916,1,1,0,0,0,0
CUST_2518,OFFER_0877,498,0.9210778026994995,2,1,0.2279306221395542,1,0,0,0,0,1
CUST_1770,OFFER_0167,506,0.9673534254836018,2,1,0.27420624492365653,1,0,0,0,0,1
CUST_2981,OFFER_0055,518,1.0549644899200399,2,1,0.3618173093600946,1,0,0,0,0,1
CUST_2255,OFFER_1317,561,2.0757722571023556,2,2,0.9771599684342459,1,0,0,0,0,1
CUST_2309,OFFER_0382,413,0.7251276146848445,2,1,0.03198043412489922,1,0,0,0,0,0
CUST_1028,OFFER_0850,273,0.6944063312517809,2,1,0.001259150691835527,1,0,0,0,0,0
CUST_2964,OFFER_0863,455,0.7775440521954572,2,1,0.08439687163551189,1,0,0,0,0,1
CUST_0006,OFFER_0469,513,1.1766610462247875,3,1,0.4835138656648422,1,1,0,0,0,1
CUST_0972,OFFER_0468,430,0.7641963946151202,3,1,0.07104921405517493,1,1,0,0,0,1
CUST_2926,OFFER_1171,453,0.773732824837419,2,1,0.0805856442774737,1,0,0,0,0,0
CUST_1405,OFFER_0686,476,0.8302503030217735,2,1,0.1371031224618282,1,0,0,0,0,0
CUST_1321,OFFER_0877,499,0.9264054284441471,2,1,0.2332582478842018,1,0,0,0,0,1
CUST_2378,OFFER_0676,571,2.53986380057732,3,1,1.8467166200173746,1,1,0,0,0,0
CUST_2858,OFFER_0992,525,1.7564811317485152,5,1,1.0633339511885698,0,0,1,0,0,1
CUST_0558,OFFER_0915,305,0.695784582798555,2,1,0.0026374022386097453,1,0,0,0,0,0
CUST_1543,OFFER_0005,268,0.694829844165898,3,1,0.0016826636059526895,1,1,0,0,0,0
CUST_1917,OFFER_1210,413,0.7411178317472941,3,1,0.04797065118734883,1,1,0,0,0,0
CUST_2698,OFFER_0073,290,0.694079643063764,1,1,0.0009324625038187668,0,0,1,0,0,0
CUST_2118,OFFER_0651,311,0.6976915499793801,3,1,0.004544369419434773,1,1,0,0,0,0
CUST_2801,OFFER_0863,467,0.8601906902112589,3,1,0.16704350965131365,1,1,0,0,0,1
CUST_2299,OFFER_0850,272,0.6943775722102332,2,1,0.0012303916502879617,1,0,0,0,0,0
CUST_0088,OFFER_1224,560,1.6479887844703618,2,1,0.9548416039104166,1,0,0,0,0,1
CUST_0987,OFFER_0651,310,0.6975877564383938,3,1,0.0044405758784484325,1,1,0,0,0,0
CUST_0021,OFFER_1180,310,1.1015726725870751,2,2,0.0029603839189656215,1,0,0,0,0,0
CUST_2654,OFFER_0325,546,1.7895687286519975,2,2,0.690956439983888,1,0,0,0,0,1
CUST_2678,OFFER_1289,528,1.1490084248390537,2,1,0.45586124427910846,1,0,0,0,0,1
CUST_1054,OFFER_0073,570,1.896172216642062,2,1,1.2030250360821166,1,0,0,0,0,0
CUST_0065,OFFER_0937,240,0.6937345951283448,2,1,0.0005874145683994711,1,0,0,0,0,0
CUST_1019,OFFER_0217,291,0.6950556961232934,2,1,0.0019085155633481372,1,0,0,0,0,0
CUST_2613,OFFER_1090,372,0.7055487512784469,2,1,0.012401570718501564,1,0,0,0,0,0
CUST_1766,OFFER_0859,486,0.8658862905559173,2,1,0.172739109995972,1,0,0,0,0,1
CUST_1716,OFFER_1235,562,2.1931471805599454,3,1,1.5,1,1,0,0,0,1
CUST_2249,OFFER_1131,336,0.6985452777473194,2,1,0.005398097187374128,1,0,0,0,0,0
CUST_0384,OFFER_0592,574,2.6724090467192867,3,1,1.9792618661593413,1,1,0,0,0,0
CUST_1915,OFFER_0975,516,1.0386254005518893,2,1,0.34547821999194406,1,0,0,0,0,1
CUST_0775,OFFER_1090,470,0.8721799812931483,3,1,0.17903280073320307,1,1,0,0,0,0
CUST_1867,OFFER_0503,436,0.7747612958689569,3,1,0.08161411530901168,1,1,0,0,0,0
CUST_2371,OFFER_0676,566,2.3383846501018843,3,1,1.6452374695419392,1,1,0,0,0,0
CUST_2199,OFFER_1237,251,0.694283272914804,3,1,0.0011360923548586928,1,1,0,0,0,0
CUST_0514,OFFER_0877,534,1.2167942419702586,2,1,0.5236470614103134,1,0,0,0,0,1
CUST_1592,OFFER_1308,252,0.6939222787298517,2,1,0.0007750981699063482,1,0,0,0,0,0
CUST_0508,OFFER_1241,550,1.4510054638151444,2,1,0.757858283255199,1,0,0,0,0,1
CUST_2362,OFFER_0921,478,0.9085281221218894,3,1,0.2153809415619441,1,1,0,0,0,1
CUST_1120,OFFER_0071,239,0.6940081775616178,3,1,0.0008609970016725654,1,1,0,0,0,0
CUST_1332,OFFER_0788,518,1.0549644899200399,2,1,0.3618173093600946,1,0,0,0,0,1
CUST_2827,OFFER_1171,463,0.7946787301044748,2,1,0.10153154954452945,1,0,0,0,0,0
CUST_1972,OFFER_1224,538,1.2674963580584628,2,1,0.5743491774985175,1,0,0,0,0,1
CUST_2266,OFFER_0529,322,1.1044716636681096,3,2,0.005859375,1,1,0,0,0,0
CUST_1215,OFFER_0665,277,0.6945282484919503,2,1,0.0013810679320049755,1,0,0,0,0,0
CUST_2494,OFFER_0690,310,0.6975877564383938,3,1,0.0044405758784484325,1,1,0,0,0,0
CUST_2990,OFFER_0167,582,2.2805482325281448,2,1,1.5874010519681994,1,0,0,0,0,1
CUST_1902,OFFER_0871,462,0.7923597463079577,2,1,0.09921256574801246,1,0,0,0,0,0
CUST_2899,OFFER_0977,493,0.8962102796490042,2,1,0.20306309908905892,1,0,0,0,0,1
CUST_0640,OFFER_1231,509,0.9870341571308475,2,1,0.29388697657090224,1,0,0,0,0,1
CUST_0504,OFFER_0311,113,0.6931627960062954,1,1,1.5615446350048446e-05,0,0,1,0,0,0
CUST_0463,OFFER_0871,377,0.7070674730308881,2,1,0.013920292470942801,1,0,0,0,0,0
CUST_2445,OFFER_0073,346,0.6999483568356962,2,1,0.006801176275750971,1,0,0,0,0,0
CUST_0383,OFFER_0919,413,0.7251276146848445,2,1,0.03198043412489922,1,0,0,0,0,0
CUST_1145,OFFER_1323,588,2.516592157676379,2,1,1.8234449771164336,1,0,0,0,0,1
CUST_0224,OFFER_0851,570,2.49768473468312,3,1,1.804537554123175,1,1,0,0,0,0
CUST_2861,OFFER_0595,379,0.7150151412990892,3,1,0.02186796073914393,1,1,0,0,0,0
CUST_1477,OFFER_0073,429,0.7394314790689004,2,1,0.04628429850895514,1,0,0,0,0,0
CUST_1047,OFFER_0503,397,0.7262928109280647,3,1,0.033145630368119426,1,1,0,0,0,0
CUST_2961,OFFER_0382,420,0.7307417129375114,2,1,0.03759453237756615,1,0,0,0,0,0
CUST_1225,OFFER_0319,571,2.329756702013026,2,2,1.2311444133449163,1,0,0,0,0,1
CUST_1348,OFFER_0325,570,1.896172216642062,2,1,1.2030250360821166,1,0,0,0,0,1
CUST_2362,OFFER_0702,273,0.6950359065976985,3,1,0.0018887260377532904,1,1,0,0,0,0
CUST_0736,OFFER_0871,445,0.7936259426727228,3,1,0.10047876211277752,1,1,0,0,0,0
CUST_0670,OFFER_0850,358,0.7021213864583596,2,1,0.008974205898414338,1,0,0,0,0,0
CUST_2759,OFFER_1154,415,0.7266401012642044,2,1,0.033492920704259174,1,0,0,0,0,0
CUST_0458,OFFER_1271,474,0.8895148285888128,3,1,0.19636764802886758,1,1,0,0,0,1
CUST_1450,OFFER_0073,371,0.7113246582376844,3,1,0.01817747767773909,1,1,0,0,0,0
CUST_1095,OFFER_0503,400,1.134136895695697,3,2,0.03552460702758747,1,1,0,0,0,0
CUST_1890,OFFER_0633,286,0.6948474746288831,2,1,0.0017002940689377424,1,0,0,0,0,0
CUST_2317,OFFER_0401,289,0.6949695106215407,2,1,0.001822330061595327,1,0,0,0,0,0
CUST_0681,OFFER_1120,316,0.6965477686978208,2,1,0.0034005881378754853,1,0,0,0,0,0
CUST_1745,OFFER_0868,581,3.0198643233105473,3,1,2.326717142750602,1,1,0,0,0,1
CUST_1993,OFFER_1295,512,1.886062944852405,5,2,0.7874506561842955,0,0,1,0,0,1
CUST_1688,OFFER_0710,420,0.7495389791262945,3,1,0.056391798566349224,1,1,0,0,0,0
CUST_2105,OFFER_0233,525,1.3311475512730873,3,1,0.6380003707131419,1,1,0,0,0,1
CUST_2475,OFFER_0992,575,2.0434971267281354,2,1,1.35034994616819,1,0,0,0,0,1
CUST_0458,OFFER_1215,463,0.7946787301044748,2,1,0.10153154954452945,1,0,0,0,0,1
CUST_0204,OFFER_0690,308,0.6973872271540089,3,1,0.004240046594063611,1,1,0,0,0,0
CUST_0288,OFFER_0411,556,1.9989730255041316,3,1,1.3058258449441862,1,1,0,0,0,1
CUST_0272,OFFER_1048,74,0.6931535224018043,1,1,6.341841858999546e-06,0,0,1,0,0,0
CUST_0273,OFFER_1128,514,1.023024158253169,2,1,0.32987697769322366,1,0,0,0,0,1
CUST_1227,OFFER_0871,465,1.2063027594490816,3,2,0.10769047078097205,1,1,0,0,0,0
CUST_1555,OFFER_0129,523,1.099273378738063,2,1,0.4061261981781178,1,0,0,0,0,0
CUST_0055,OFFER_0313,334,0.6983015083364019,2,1,0.005154327776456619,1,0,0,0,0,0
CUST_0500,OFFER_0698,518,1.0549644899200399,2,1,0.3618173093600946,1,0,0,0,0,1
CUST_0500,OFFER_0967,523,1.7078015859352862,3,2,0.6091892972671766,1,1,0,0,0,1
CUST_0358,OFFER_0850,339,0.6989327178735647,2,1,0.005785537313619394,1,0,0,0,0,0
CUST_0272,OFFER_0556,70,0.693152962559787,1,1,5.78199984172973e-06,0,0,1,0,0,0
CUST_2878,OFFER_1215,450,0.7683362453150776,2,1,0.07518906475513232,1,0,0,0,0,1
CUST_0530,OFFER_1180,216,0.6933158710970507,1,1,0.00016869053710544143,0,0,1,0,0,0
CUST_0707,OFFER_0507,511,1.0009332838961744,2,1,0.30778610333622913,1,0,0,0,0,1
CUST_0880,OFFER_0827,42,1.0986153163953358,1,2,3.027727226196668e-06,0,0,1,0,0,0
CUST_1181,OFFER_0073,315,0.6981315584561417,3,1,0.004984377896196417,1,1,0,0,0,0
CUST_1209,OFFER_0752,492,0.8915723120559702,2,1,0.19842513149602495,1,0,0,0,0,0
CUST_0412,OFFER_1308,251,0.694283272914804,3,1,0.0011360923548586928,1,1,0,0,0,0
CUST_1401,OFFER_0071,208,0.693287402527108,1,1,0.0001402219671627241,0,0,1,0,0,0
CUST_1088,OFFER_0529,279,0.6945935648883501,2,1,0.0014463843284048482,1,0,0,0,0,0
CUST_1939,OFFER_1180,274,0.6944357625040595,2,1,0.0012885819441141545,1,0,0,0,0,0
CUST_1145,OFFER_1289,588,2.516592157676379,2,1,1.8234449771164336,1,0,0,0,0,1
CUST_2083,OFFER_0665,458,0.7383743442299571,1,1,0.045227163670011825,1,1,1,0,0,0
CUST_1556,OFFER_1308,295,0.6962871418759696,3,1,0.0031399613160242998,1,1,0,0,0,0
CUST_0674,OFFER_0445,512,1.1656175742705226,3,1,0.47247039371057736,1,1,0,0,0,1
CUST_2402,OFFER_0503,425,0.7353456163777012,2,1,0.04219843581775594,1,0,0,0,0,0
CUST_1957,OFFER_0937,264,0.6946813028101708,3,1,0.0015341222502255278,1,1,0,0,0,0
CUST_0622,OFFER_0167,569,1.868695086843554,2,1,1.1755479062836087,1,0,0,0,0,1
CUST_2419,OFFER_0764,386,0.7359919063292667,5,1,0.04284472576932137,0,0,1,0,0,1
CUST_2271,OFFER_0871,269,0.6942951765621753,2,1,0.0011479960022300862,1,0,0,0,0,0
CUST_0738,OFFER_1154,412,0.7087721805599453,1,1,0.015625000000000007,1,1,1,0,0,0
CUST_2783,OFFER_0297,254,0.6943648141968732,3,1,0.0012176336369279113,1,1,0,0,0,0
CUST_2364,OFFER_0665,528,1.3769390469786078,3,1,0.6837918664186626,1,1,0,0,0,0
CUST_2833,OFFER_0167,519,1.0634215686315862,2,1,0.37027438807164104,1,0,0,0,0,1
CUST_1555,OFFER_0676,556,2.4044381336122957,3,2,1.3058258449441862,1,1,0,0,0,0
CUST_1343,OFFER_0922,513,1.01548975766984,2,1,0.32234257710989483,1,0,0,0,0,1
CUST_2640,OFFER_0651,312,0.6962475732395706,2,1,0.0031003926796253907,1,0,0,0,0,0
CUST_1264,OFFER_1120,320,0.6987419555828579,3,1,0.005594775022912596,1,1,0,0,0,0
CUST_2764,OFFER_0841,412,0.7243971805599453,2,1,0.031250000000000014,1,0,0,0,0,0
CUST_1713,OFFER_1224,441,0.7542196785870857,2,1,0.06107249802714039,1,0,0,0,0,1
CUST_0250,OFFER_0313,331,0.7003609173568881,3,1,0.00721373679694287,1,1,0,0,0,0
CUST_1778,OFFER_1224,517,1.0467005711532191,2,1,0.3535533905932738,1,0,0,0,0,1
CUST_1687,OFFER_0459,193,0.6932463324637974,1,1,9.91519038520795e-05,0,0,1,0,0,0
CUST_2772,OFFER_0592,532,1.1931471805599454,2,1,0.5,1,0,0,0,0,0
CUST_2334,OFFER_0754,522,1.28842257504802,3,1,0.5952753944880749,1,1,0,0,0,1
CUST_2723,OFFER_1241,583,2.317651973272416,2,1,1.624504792712471,1,0,0,0,0,1
CUST_0893,OFFER_0794,519,1.0634215686315862,2,1,0.37027438807164104,1,0,0,0,0,1
CUST_1967,OFFER_0877,569,2.3454691328822914,3,2,1.2468568442141816,1,1,0,0,0,1
CUST_0153,OFFER_0005,240,0.6937345951283448,2,1,0.0005874145683994711,1,0,0,0,0,0
CUST_2397,OFFER_0300,83,0.6931549882831203,1,1,7.807723175024223e-06,0,0,1,0,0,0
CUST_2335,OFFER_0871,275,0.6944658816792502,2,1,0.0013187011193048737,1,0,0,0,0,0
CUST_1228,OFFER_0732,586,2.839713415260358,2,2,1.7411011265922482,1,0,0,0,0,1
CUST_0395,OFFER_1308,331,0.7003609173568881,3,1,0.00721373679694287,1,1,0,0,0,0
CUST_2795,OFFER_0698,511,1.154826335564289,3,1,0.4616791550043437,1,1,0,0,0,1
CUST_0472,OFFER_0686,473,0.8210689170595422,2,1,0.1279217364995969,1,0,0,0,0,0
CUST_2244,OFFER_0908,538,1.2674963580584628,2,1,0.5743491774985175,1,0,0,0,0,0
CUST_0727,OFFER_0871,370,0.710909484073739,3,1,0.01776230351379373,1,1,0,0,0,0
CUST_1609,OFFER_0877,515,1.0307346671019928,2,1,0.33758748654204745,1,0,0,0,0,1
CUST_2861,OFFER_0271,379,0.7077258210527079,2,1,0.01457864049276262,1,0,0,0,0,0
CUST_2362,OFFER_0477,478,0.8367344749345746,2,1,0.1435872943746294,1,0,0,0,0,1
CUST_2732,OFFER_0128,517,1.0467005711532191,2,1,0.3535533905932738,1,0,0,0,0,1
CUST_0503,OFFER_0841,423,1.1590515218762147,3,2,0.060439233208105264,1,1,0,0,0,0
CUST_0047,OFFER_0488,441,0.7847559276006559,3,1,0.09160874704071059,1,1,0,0,0,0
CUST_0621,OFFER_1154,415,0.7266401012642044,2,1,0.033492920704259174,1,0,0,0,0,0
CUST_0898,OFFER_0411,541,1.6165054905686325,3,1,0.9233583100086873,1,1,0,0,0,1
CUST_2283,OFFER_0739,556,1.5636977438560695,2,1,0.8705505632961241,1,0,0,0,0,1
CUST_1728,OFFER_0863,588,4.344605378108751,3,4,2.7351674656746505,1,1,0,0,0,1
CUST_0031,OFFER_0411,569,2.4564690399853584,3,1,1.763321859425413,0,1,0,0,0,1
CUST_1597,OFFER_0992,538,1.2674963580584628,2,1,0.5743491774985175,1,0,0,0,0,1
CUST_0285,OFFER_0073,415,1.4030408214720202,1,3,0.016746460352129587,1,1,1,0,0,0
CUST_1716,OFFER_1011,562,1.6931471805599454,2,1,1.0,1,0,0,0,0,1
CUST_0565,OFFER_0871,476,0.8988018642526876,3,1,0.2056546836927423,1,1,0,0,0,0
CUST_1153,OFFER_1140,290,0.6959445680714016,3,1,0.0027973875114563,1,1,0,0,0,0
CUST_0416,OFFER_0079,501,1.342902280776671,2,2,0.2442899921085615,1,0,0,0,0,1
CUST_0171,OFFER_1180,351,0.6969642116866416,1,1,0.0038170311266962752,1,1,1,0,0,0
CUST_2446,OFFER_0181,309,0.6974863335451599,3,1,0.004339152985214545,1,1,0,0,0,0
CUST_2493,OFFER_0827,57,0.6931514624128517,1,1,4.281852906453604e-06,0,0,1,0,0,0
CUST_0298,OFFER_0507,511,1.0009332838961744,2,1,0.30778610333622913,1,0,0,0,0,1
CUST_2082,OFFER_0711,564,1.740441303380572,2,1,1.0472941228206267,1,0,0,0,0,1
CUST_1126,OFFER_0123,576,2.075060060527721,2,1,1.381912879967776,1,0,0,0,0,1
CUST_0095,OFFER_1140,305,0.695784582798555,2,1,0.0026374022386097453,1,0,0,0,0,0
CUST_1645,OFFER_1171,261,0.6941014383416193,2,1,0.0009542577816740685,1,0,0,0,0,0
CUST_0233,OFFER_0301,70,0.693152962559787,1,1,5.78199984172973e-06,0,0,1,0,0,0
CUST_0757,OFFER_0788,523,1.099273378738063,2,1,0.4061261981781178,1,0,0,0,0,1
CUST_2283,OFFER_0592,569,1.868695086843554,2,1,1.1755479062836087,1,0,0,0,0,0
CUST_1664,OFFER_0177,588,2.516592157676379,2,1,1.8234449771164336,1,0,0,0,0,1
CUST_1078,OFFER_0812,304,0.6944357625040595,1,1,0.0012885819441141547,1,1,1,0,0,0
CUST_0577,OFFER_0219,555,1.5438143415108012,2,1,0.8506671609508558,1,0,0,0,0,1
CUST_0735,OFFER_1224,532,1.5986122886681096,2,2,0.5,1,0,0,0,0,1
CUST_1473,OFFER_0411,537,1.254378204714632,2,1,0.5612310241546866,1,0,0,0,0,1
CUST_0096,OFFER_0437,556,1.5636977438560695,2,1,0.8705505632961241,1,0,0,0,0,1
CUST_1432,OFFER_0137,330,0.6978464971071411,2,1,0.004699316547195766,1,0,0,0,0,0
CUST_0485,OFFER_1131,308,0.6973872271540089,3,1,0.004240046594063611,1,1,0,0,0,0
CUST_2878,OFFER_0883,450,0.7683362453150776,2,1,0.07518906475513232,1,0,0,0,0,1
CUST_0952,OFFER_1319,571,1.9242915939048615,2,1,1.2311444133449163,1,0,0,0,0,1
CUST_1450,OFFER_1180,371,0.7113246582376844,3,1,0.01817747767773909,1,1,0,0,0,0
CUST_2137,OFFER_0503,432,0.7427534634339515,2,1,0.04960628287400622,1,0,0,0,0,0
CUST_2990,OFFER_0411,581,2.24429194239368,2,1,1.5511447618337346,1,0,0,0,0,1
CUST_2766,OFFER_1180,406,0.7203518856629492,2,1,0.027204705103003865,1,0,0,0,0,0
CUST_0450,OFFER_1076,519,1.2485587626674068,3,1,0.5554115821074616,1,1,0,0,0,1
CUST_1084,OFFER_0411,533,1.2048341265583329,2,1,0.5116869459983876,1,0,0,0,0,1
CUST_0952,OFFER_1323,568,2.247310643665145,2,2,1.148698354997035,1,0,0,0,0,1
CUST_2535,OFFER_0625,442,0.7556471805599453,2,1,0.0625,1,0,0,0,0,1
CUST_0304,OFFER_1128,500,1.0512127820263515,3,1,0.35806560146640615,1,1,0,0,0,1
CUST_0250,OFFER_1120,331,0.6979563384245738,2,1,0.00480915786462858,1,0,0,0,0,0
CUST_0193,OFFER_0167,586,2.4342483071521936,2,1,1.7411011265922482,1,0,0,0,0,1
CUST_0862,OFFER_1180,232,0.6936354618099453,2,1,0.0004882812500000003,1,0,0,0,0,0
CUST_1105,OFFER_0073,492,0.8915723120559702,2,1,0.19842513149602495,1,0,0,0,0,0
CUST_0903,OFFER_0503,392,0.7226765801668564,3,1,0.02952939960691109,1,1,0,0,0,0
CUST_0291,OFFER_1084,429,0.7394314790689004,2,1,0.04628429850895514,1,0,0,0,0,0
CUST_1808,OFFER_0102,320,0.6987419555828579,3,1,0.005594775022912596,1,1,0,0,0,0
CUST_1761,OFFER_0203,503,1.076912390058736,3,1,0.38376520949879067,1,1,0,0,0,1
CUST_1892,OFFER_0980,528,1.1490084248390537,2,1,0.45586124427910846,1,0,0,0,0,1
CUST_0975,OFFER_0592,586,2.839713415260358,2,2,1.7411011265922482,1,1,1,0,0,0
CUST_0180,OFFER_0578,504,1.4913475847258446,3,2,0.39273529605773505,1,1,0,0,0,1
CUST_2482,OFFER_1096,496,1.019603641795992,3,1,0.3264564612360466,1,1,0,0,0,1
CUST_0008,OFFER_0437,535,1.229033911828092,2,1,0.5358867312681466,1,0,0,0,0,1
CUST_1129,OFFER_1289,553,1.5053995769161808,2,1,0.8122523963562356,1,0,0,0,0,1
CUST_2210,OFFER_1173,407,0.7070674730308881,1,1,0.013920292470942803,1,1,1,0,0,0
CUST_2832,OFFER_0981,491,0.8870402757891621,2,1,0.1938930952292168,1,0,0,0,0,1
CUST_0098,OFFER_0652,547,1.4002539617464929,2,1,0.7071067811865476,1,0,0,0,0,1
CUST_2334,OFFER_0652,515,1.0307346671019928,2,1,0.33758748654204745,1,0,0,0,0,1
CUST_1763,OFFER_0863,524,1.108766128631339,2,1,0.4156189480713939,1,0,0,0,0,1
CUST_0851,OFFER_0313,247,0.6938377145259478,2,1,0.0006905339660024883,1,0,0,0,0,0
CUST_1534,OFFER_0791,464,0.7970519175777938,2,1,0.1039047370178485,1,0,0,0,0,1
CUST_2358,OFFER_0877,519,1.6413382527082514,3,2,0.5427259640401418,1,1,0,0,0,1
CUST_0625,OFFER_0788,483,1.547465649674838,2,3,0.1611712885549474,1,0,0,0,0,1
CUST_2878,OFFER_0739,450,0.7683362453150776,2,1,0.07518906475513232,1,0,0,0,0,1
CUST_2792,OFFER_0788,530,1.1705679825151536,2,1,0.47742080195520825,1,0,0,0,0,1
CUST_1600,OFFER_0191,496,0.9107848213839763,2,1,0.21763764082403106,1,0,0,0,0,1
CUST_2046,OFFER_0529,343,0.702665763329745,3,1,0.009518582769799645,1,1,0,0,0,0
CUST_1830,OFFER_0529,326,0.6995738894253435,3,1,0.006426708865398204,1,1,0,0,0,0
CUST_2801,OFFER_0877,467,0.8601906902112589,3,1,0.16704350965131365,1,1,0,0,0,1
CUST_1299,OFFER_0676,553,1.9115257750942987,3,1,1.2183785945343533,1,1,0,0,0,0
CUST_0229,OFFER_1227,563,1.71652107255672,2,1,1.0233738919967748,1,0,0,0,0,0
CUST_0821,OFFER_1180,481,1.252505340336224,2,2,0.15389305166811457,1,0,0,0,0,0
CUST_2087,OFFER_1155,493,0.8962102796490042,2,1,0.20306309908905892,1,0,0,0,0,1
CUST_2577,OFFER_0592,516,1.2113645105478614,3,1,0.518217329987916,1,1,0,0,0,0
CUST_2914,OFFER_0665,375,1.1185498002528953,3,2,0.019937511584785673,1,1,0,0,0,0
CUST_1151,OFFER_0633,308,0.6973872271540089,3,1,0.004240046594063611,1,1,0,0,0,0
CUST_1248,OFFER_0352,533,1.6102992346664973,2,2,0.5116869459983876,1,0,0,0,0,1
CUST_0972,OFFER_0160,430,0.7641963946151202,3,1,0.07104921405517493,1,1,0,0,0,1
CUST_0635,OFFER_0788,504,1.0858824766176802,3,1,0.39273529605773505,1,1,0,0,0,1
CUST_2965,OFFER_0184,315,0.6981315584561417,3,1,0.004984377896196417,1,1,0,0,0,0
CUST_2996,OFFER_0049,555,1.5438143415108012,2,1,0.8506671609508558,1,0,0,0,0,1
CUST_1892,OFFER_0569,528,1.1490084248390537,2,1,0.45586124427910846,1,0,0,0,0,1
CUST_0887,OFFER_0167,505,0.9610905461940187,2,1,0.26794336563407334,1,0,0,0,0,1
CUST_1839,OFFER_0013,490,1.2880768594819094,2,2,0.18946457081379978,1,0,0,0,0,1
CUST_0674,OFFER_0279,512,1.0081274430336635,2,1,0.31498026247371824,1,0,0,0,0,1
CUST_0044,OFFER_1090,370,0.6990679483978766,1,1,0.005920767837931244,1,1,1,0,0,0
CUST_0485,OFFER_0915,308,0.695973878289321,2,1,0.0028266977293757403,1,0,0,0,0,0
CUST_1806,OFFER_1090,398,0.7157607623949512,2,1,0.02261358183500591,1,0,0,0,0,0
CUST_1555,OFFER_1295,508,1.1239090636838334,3,1,0.4307618831238881,0,1,0,0,0,1
CUST_1728,OFFER_0698,547,1.805719069854657,2,2,0.7071067811865476,1,0,0,0,0,1
CUST_2380,OFFER_0071,234,0.6936585546433538,2,1,0.0005113740834085093,1,0,0,0,0,0
CUST_0688,OFFER_0254,293,0.6951459576927514,2,1,0.001998777132806202,1,0,0,0,0,0
CUST_1064,OFFER_0665,358,0.7066084894075668,3,1,0.013461308847621508,1,1,0,0,0,0
CUST_2415,OFFER_0698,454,0.7756164249832512,2,1,0.0824692444233059,1,0,0,0,0,1
CUST_1974,OFFER_0382,410,0.7379053807432461,3,1,0.044758200183300775,1,1,0,0,0,0
CUST_2394,OFFER_0352,453,0.8140256469761559,3,1,0.12087846641621054,1,1,0,0,0,1
CUST_0186,OFFER_0871,461,0.7900937281745537,2,1,0.09694654761460839,1,0,0,0,0,0
CUST_0851,OFFER_0871,306,0.6958462291536324,2,1,0.0026990485936870634,1,0,0,0,0,0
CUST_1229,OFFER_0129,517,1.6289423745580203,3,2,0.5303300858899107,1,1,0,0,0,0
CUST_0562,OFFER_0307,524,1.108766128631339,2,1,0.4156189480713939,1,0,0,0,0,1
CUST_0414,OFFER_0275,299,0.6954431725644055,2,1,0.002295992004460173,1,0,0,0,0,0
CUST_1839,OFFER_1235,490,0.882611751373745,2,1,0.18946457081379978,1,0,0,0,0,1
CUST_1659,OFFER_0915,318,0.6949278885454105,1,1,0.0017807079854652678,1,1,1,0,0,0
CUST_0214,OFFER_1180,415,0.7433865616163341,3,1,0.05023938105638876,1,1,0,0,0,0
CUST_2401,OFFER_1171,531,0.9374371726685068,1,1,0.24428999210856148,1,1,1,0,0,0
CUST_2401,OFFER_0916,531,1.1817271647770682,2,1,0.48857998421712295,1,0,0,0,0,0
CUST_2837,OFFER_0132,564,2.2640883647908856,3,1,1.5709411842309402,1,1,0,0,0,1
CUST_2559,OFFER_0919,415,1.1454872886681096,3,2,0.04687500000000002,1,1,0,0,0,0
CUST_2781,OFFER_0740,92,0.6931567929947131,1,1,9.612434767874712e-06,0,0,1,0,0,0
CUST_1728,OFFER_1323,504,0.954970711265102,2,1,0.2618235307051567,1,0,0,0,0,1
CUST_0962,OFFER_1308,47,0.6931505790688494,1,1,3.3985089040387694e-06,0,0,1,0,0,0
CUST_1836,OFFER_0871,478,0.8367344749345746,2,1,0.1435872943746294,1,0,0,0,0,0
CUST_2606,OFFER_0824,578,2.1404164180003233,2,1,1.4472692374403782,1,0,0,0,0,1
CUST_2919,OFFER_0888,501,0.9374371726685068,2,1,0.2442899921085615,1,0,0,0,0,1
CUST_1687,OFFER_0357,235,0.6939321708889513,3,1,0.0007849903290060739,1,1,0,0,0,0
CUST_1584,OFFER_1180,425,0.7353456163777012,2,1,0.04219843581775594,1,0,0,0,0,0
CUST_0076,OFFER_0411,455,0.8197424880132131,3,1,0.12659530745326783,1,1,0,0,0,1
CUST_1555,OFFER_0447,500,0.9318575815375494,2,1,0.2387104009776041,1,0,0,0,0,1
CUST_0180,OFFER_0525,502,1.4736122886681096,3,2,0.3750000000000001,1,1,0,0,0,1
CUST_2689,OFFER_0690,310,0.6961075644789109,2,1,0.0029603839189656215,1,0,0,0,0,0
CUST_2242,OFFER_0698,495,0.9058139707976592,2,1,0.21266679023771393,1,0,0,0,0,1
CUST_0224,OFFER_1227,567,1.8156092288693184,2,1,1.122462048309373,1,0,0,0,0,0
CUST_1401,OFFER_1237,253,0.6943370034061702,3,1,0.0011898228462249552,1,1,0,0,0,0
CUST_2959,OFFER_1308,240,0.6937345951283448,2,1,0.0005874145683994711,1,0,0,0,0,0
CUST_1801,OFFER_1210,425,0.7353456163777012,2,1,0.04219843581775594,1,0,0,0,0,0
CUST_1762,OFFER_0777,489,0.8782843745957659,2,1,0.1851371940358206,1,0,0,0,0,1
CUST_0382,OFFER_0665,245,0.6938065311195977,2,1,0.0006593505596524369,1,0,0,0,0,0
CUST_2652,OFFER_0258,468,0.8071124916297223,2,1,0.11396531106977709,1,0,0,0,0,1
CUST_0515,OFFER_0851,576,2.7660165005116095,3,1,2.072869319951664,1,1,0,0,0,0
CUST_0897,OFFER_0908,449,0.729883052631308,1,1,0.03673587207136278,1,1,1,0,0,0
CUST_1817,OFFER_1090,319,0.6967918406831359,2,1,0.0036446601231906544,1,0,0,0,0,0
CUST_0653,OFFER_0762,494,0.9009566545956422,2,1,0.2078094740356969,1,0,0,0,0,1
CUST_0653,OFFER_0682,494,1.0048613916134905,3,1,0.31171421105354535,1,1,0,0,0,1
CUST_1847,OFFER_1180,315,0.6964700991574095,2,1,0.0033229185974642784,1,0,0,0,0,0
CUST_1420,OFFER_1090,424,0.7549991138774247,3,1,0.061851933317479416,1,1,0,0,0,0
CUST_1772,OFFER_0532,573,1.9825174889995245,2,1,1.2893703084395791,1,0,0,0,0,1
CUST_2946,OFFER_0919,415,0.7433865616163341,3,1,0.05023938105638876,1,1,0,0,0,0
CUST_2925,OFFER_1120,315,0.6964700991574095,2,1,0.0033229185974642784,1,0,0,0,0,0
CUST_0235,OFFER_0665,502,1.0681471805599454,3,1,0.3750000000000001,1,1,0,0,0,0
CUST_1258,OFFER_0556,64,0.6931522140831645,1,1,5.033523219195926e-06,0,0,1,0,0,0
CUST_0658,OFFER_0102,323,0.6991435119583639,3,1,0.005996331398418608,1,1,0,0,0,0
CUST_0799,OFFER_0609,530,1.1705679825151536,2,1,0.47742080195520825,1,0,0,0,0,1
CUST_0318,OFFER_0633,268,0.694829844165898,3,1,0.0016826636059526895,1,1,0,0,0,0
CUST_0969,OFFER_0313,289,0.6949695106215407,2,1,0.001822330061595327,1,0,0,0,0,0
CUST_1124,OFFER_0841,416,0.7274229611754024,2,1,0.034275780615457066,1,0,0,0,0,0
CUST_1636,OFFER_1180,267,1.1002565201841878,3,2,0.0016442315160781836,1,1,0,0,0,0
CUST_0570,OFFER_0665,355,0.7015204107360101,2,1,0.008373230176064792,1,0,0,0,0,0
CUST_0285,OFFER_1084,412,0.7400221805599453,3,1,0.04687500000000002,1,1,0,0,0,0
CUST_2107,OFFER_1180,400,0.7168302519116703,2,1,0.02368307135172498,1,0,0,0,0,0
CUST_1863,OFFER_0313,341,0.6992063397858583,2,1,0.00605915922591303,1,0,0,0,0,0
CUST_2129,OFFER_1257,451,1.2909786032532526,5,2,0.19236631458514317,0,0,1,0,0,1
CUST_2689,OFFER_0123,566,1.7899721602545715,2,1,1.0968249796946261,1,0,0,0,0,1
CUST_0725,OFFER_1059,274,0.6944357625040595,2,1,0.0012885819441141545,1,0,0,0,0,0
CUST_0106,OFFER_1186,332,0.6956079638605213,1,1,0.0024607833005759238,1,1,1,0,0,0
CUST_2161,OFFER_0762,518,1.2358731446000872,3,1,0.5427259640401418,1,1,0,0,0,1
CUST_2255,OFFER_0525,561,1.6703071489941912,2,1,0.9771599684342459,1,0,0,0,0,1
CUST_2840,OFFER_0368,518,1.0549644899200399,2,1,0.3618173093600946,1,0,0,0,0,1
CUST_2364,OFFER_0073,445,1.1990910507808872,3,2,0.10047876211277752,1,1,0,0,0,0
CUST_2446,OFFER_1059,371,0.7052654990117714,2,1,0.012118318451826062,1,0,0,0,0,0
CUST_2625,OFFER_0553,331,0.6979563384245738,2,1,0.00480915786462858,1,0,0,0,0,0
CUST_0058,OFFER_1308,259,0.694058345590743,2,1,0.0009111650307976634,1,0,0,0,0,0
CUST_0795,OFFER_0992,568,1.8418455355569803,2,1,1.148698354997035,1,0,0,0,0,1
CUST_0180,OFFER_0319,504,1.3604358193732662,2,2,0.2618235307051567,1,0,0,0,0,1
CUST_2018,OFFER_0998,506,1.10445654794543,3,1,0.4113093673854848,0,1,0,0,0,1
CUST_1350,OFFER_0937,233,1.0993447105431096,3,2,0.0007324218750000004,1,1,0,0,0,0
CUST_0239,OFFER_0928,269,0.6942951765621753,2,1,0.0011479960022300862,1,0,0,0,0,0
CUST_2636,OFFER_0005,248,0.6938538549922892,2,1,0.000706674432343935,1,0,0,0,0,0
CUST_0380,OFFER_1180,444,0.7586030632362345,2,1,0.06545588267628918,1,0,0,0,0,0
CUST_0069,OFFER_1289,543,1.3378323347797347,2,1,0.6446851542197896,1,0,0,0,0,1
CUST_2102,OFFER_0238,247,0.6938377145259478,2,1,0.0006905339660024883,1,0,0,0,0,0
CUST_2197,OFFER_0282,537,1.5349937167919752,3,1,0.84184653623203,1,1,0,0,0,1
CUST_0893,OFFER_0709,519,1.0634215686315862,2,1,0.37027438807164104,1,0,0,0,0,1
CUST_0642,OFFER_0841,411,0.7236834295735155,2,1,0.030536249013570178,1,0,0,0,0,0
CUST_0092,OFFER_1289,537,1.5349937167919752,3,1,0.84184653623203,1,1,0,0,0,1
CUST_0284,OFFER_0206,78,0.6931541364505135,1,1,6.9558905682236974e-06,0,0,1,0,0,0
CUST_1043,OFFER_0382,411,0.7389515540803006,3,1,0.04580437352035527,1,1,0,0,0,0
CUST_2961,OFFER_0160,420,0.7307417129375114,2,1,0.03759453237756615,1,0,0,0,0,1
CUST_1745,OFFER_0665,481,0.8470402322280599,2,1,0.15389305166811457,1,0,0,0,0,0
CUST_0358,OFFER_1140,339,0.7018254865303744,3,1,0.00867830597042909,1,1,0,0,0,0
CUST_1112,OFFER_1120,321,0.6988727272499897,3,1,0.005725546690044412,1,1,0,0,0,0
CUST_2667,OFFER_0592,475,0.8271188633769819,2,1,0.13397168281703667,1,0,0,0,0,0
CUST_0972,OFFER_0290,430,0.7641963946151202,3,1,0.07104921405517493,1,1,0,0,0,1
CUST_0110,OFFER_0581,204,0.6932750240807974,1,1,0.00012784352085212729,0,0,1,0,0,0
CUST_1252,OFFER_0282,531,1.1817271647770682,2,1,0.48857998421712295,1,0,0,0,0,1
CUST_1626,OFFER_1254,310,0.6961075644789109,2,1,0.0029603839189656215,1,0,0,0,0,0
CUST_2150,OFFER_1171,467,0.7488283504437165,1,1,0.05568116988377122,1,1,1,0,0,0
CUST_1030,OFFER_0592,513,1.1766610462247875,3,1,0.4835138656648422,1,1,0,0,0,0
CUST_1613,OFFER_0493,570,1.896172216642062,2,1,1.2030250360821166,1,0,0,0,0,1
CUST_1019,OFFER_1180,291,0.6960099539049674,3,1,0.002862773345022206,1,1,0,0,0,0
CUST_0727,OFFER_0227,370,0.7049887162358077,2,1,0.011841535675862488,1,0,0,0,0,0
CUST_2547,OFFER_0919,432,0.7675566048709546,3,1,0.07440942431100933,1,1,0,0,0,0
CUST_1295,OFFER_0852,116,0.6931639167809489,1,1,1.673622100364116e-05,0,0,1,0,0,0
CUST_1700,OFFER_0411,572,1.9530682304548184,2,1,1.2599210498948732,1,0,0,0,0,1
CUST_0978,OFFER_1091,573,2.6756646695594695,3,3,1.2893703084395791,1,1,0,0,0,1
CUST_2535,OFFER_0268,442,0.7556471805599453,2,1,0.0625,1,0,0,0,0,1
CUST_1487,OFFER_0739,537,1.254378204714632,2,1,0.5612310241546866,1,0,0,0,0,1
CUST_1441,OFFER_0553,315,0.6964700991574095,2,1,0.0033229185974642784,1,0,0,0,0,0
CUST_0739,OFFER_1171,444,0.7913310045743791,3,1,0.09818382401443378,1,1,0,0,0,0
CUST_1144,OFFER_0177,546,1.3841036205438333,2,1,0.690956439983888,1,0,0,0,0,1
CUST_2673,OFFER_0411,489,1.3763180797218404,3,2,0.2777057910537309,1,1,0,0,0,1
CUST_1228,OFFER_0432,586,2.4342483071521936,2,1,1.7411011265922482,1,0,0,0,0,1
CUST_2078,OFFER_0282,564,2.2640883647908856,3,1,1.5709411842309402,1,1,0,0,0,1
CUST_2098,OFFER_0059,514,1.023024158253169,2,1,0.32987697769322366,1,0,0,0,0,0
CUST_1972,OFFER_0525,538,1.2674963580584628,2,1,0.5743491774985175,1,0,0,0,0,1
CUST_1317,OFFER_1140,341,0.6992063397858583,2,1,0.00605915922591303,1,0,0,0,0,0
CUST_2971,OFFER_0145,7,0.6931485292590976,1,1,1.3486991523486078e-06,0,0,1,0,0,0
CUST_0894,OFFER_0698,448,0.8008376513409173,3,1,0.10769047078097205,1,1,0,0,0,1
CUST_1173,OFFER_1261,154,0.6931874487456988,1,1,4.026818575356735e-05,0,0,1,0,0,0
CUST_0359,OFFER_0185,514,1.023024158253169,2,1,0.32987697769322366,1,0,0,0,0,1
CUST_1366,OFFER_0073,290,0.6959445680714016,3,1,0.0027973875114563,1,1,0,0,0,0
CUST_2306,OFFER_0690,310,0.6975877564383938,3,1,0.0044405758784484325,1,1,0,0,0,0
CUST_1569,OFFER_0807,485,0.861940923830969,2,1,0.16879374327102373,1,0,0,0,0,1
CUST_1135,OFFER_0005,267,1.100146410918335,3,2,0.0015341222502255278,1,1,0,0,0,0
CUST_0272,OFFER_1120,316,0.6982480627667585,3,1,0.005100882206813228,1,1,0,0,0,0
CUST_0414,OFFER_0181,299,0.6965911685666355,3,1,0.0034439880066902593,1,1,0,0,0,0
CUST_0646,OFFER_1261,149,0.693183055435015,1,1,3.5874875069690214e-05,0,0,1,0,0,0
CUST_2482,OFFER_0128,496,0.9107848213839763,2,1,0.21763764082403106,1,0,0,0,0,1
CUST_1973,OFFER_1090,480,0.9187143748253421,3,1,0.22556719426539687,1,1,0,0,0,0
CUST_0011,OFFER_0005,261,0.6941014383416193,2,1,0.0009542577816740685,1,0,0,0,0,0
CUST_2946,OFFER_0841,415,0.7433865616163341,3,1,0.05023938105638876,1,1,0,0,0,0
CUST_0573,OFFER_1171,442,0.7556471805599453,2,1,0.0625,1,0,0,0,0,0
CUST_0180,OFFER_0630,496,1.019603641795992,3,1,0.3264564612360466,1,1,0,0,0,1
CUST_1273,OFFER_0525,522,1.0899974435519952,2,1,0.3968502629920499,1,0,0,0,0,1
CUST_0500,OFFER_1164,518,1.2358731446000872,3,1,0.5427259640401418,1,1,0,0,0,1
CUST_1559,OFFER_1117,264,0.6946813028101708,3,1,0.0015341222502255278,1,1,0,0,0,0
CUST_0264,OFFER_0871,332,1.3912159277210425,3,3,0.0049215666011518475,1,1,0,0,0,0
CUST_0150,OFFER_0915,329,0.6977391645688656,2,1,0.004591984008920346,1,0,0,0,0,0
CUST_0603,OFFER_0073,371,0.7052654990117714,2,1,0.012118318451826062,1,0,0,0,0,0
CUST_1368,OFFER_1090,448,0.76494082774726,2,1,0.0717936471873147,1,0,0,0,0,0
CUST_1217,OFFER_1289,516,1.0386254005518893,2,1,0.34547821999194406,1,0,0,0,0,1
CUST_2753,OFFER_1171,278,0.6945605294246332,2,1,0.00141334886468787,1,0,0,0,0,0
CUST_2008,OFFER_1140,317,1.1038323983447131,3,2,0.00522010967660355,1,1,0,0,0,0
CUST_0593,OFFER_1180,370,0.6990679483978766,1,1,0.005920767837931244,1,1,1,0,0,0
CUST_1399,OFFER_0698,469,0.8097763045020462,2,1,0.11662912394210094,1,0,0,0,0,1
CUST_1789,OFFER_0411,580,2.2088637470703434,2,1,1.5157165665103982,1,0,0,0,0,1
CUST_1915,OFFER_1254,316,0.6965477686978208,2,1,0.0034005881378754853,1,0,0,0,0,0
CUST_1253,OFFER_1059,317,0.696627253677681,2,1,0.0034800731177357,1,0,0,0,0,0
CUST_1936,OFFER_1227,567,2.376840253024005,3,1,1.6836930724640595,1,1,0,0,0,0
CUST_0403,OFFER_0325,558,1.604869669118162,2,1,0.9117224885582168,1,0,0,0,0,1
CUST_1087,OFFER_1096,483,0.8543184691148926,2,1,0.1611712885549474,1,0,0,0,0,1
CUST_2525,OFFER_0863,574,2.0126550913328396,2,1,1.3195079107728942,1,0,0,0,0,1
CUST_1608,OFFER_0118,183,0.693225877478185,1,1,7.869691823972047e-05,0,0,1,0,0,0
CUST_2141,OFFER_1140,278,0.6945605294246332,2,1,0.00141334886468787,1,0,0,0,0,0
CUST_2249,OFFER_0633,347,0.7035873999131523,3,1,0.0104402193532071,1,1,0,0,0,0
CUST_1588,OFFER_1006,459,0.7394314790689004,1,1,0.04628429850895515,1,1,1,0,0,0
CUST_1140,OFFER_1090,467,0.8045095203274877,2,1,0.11136233976754244,1,0,0,0,0,0
CUST_1076,OFFER_0411,588,2.516592157676379,2,1,1.8234449771164336,1,0,0,0,0,1
CUST_2732,OFFER_0391,517,1.0467005711532191,2,1,0.3535533905932738,1,0,0,0,0,1
CUST_0685,OFFER_0167,564,2.2640883647908856,3,1,1.5709411842309402,1,1,0,0,0,1
CUST_2397,OFFER_1297,41,0.6931501391337861,1,1,2.9585738407778442e-06,0,0,1,0,0,0
CUST_2158,OFFER_1125,576,2.075060060527721,2,1,1.381912879967776,1,0,0,0,0,1
CUST_1761,OFFER_0121,503,0.948990653559139,2,1,0.2558434729991938,1,0,0,0,0,1
CUST_1031,OFFER_0156,477,0.8334549365986169,2,1,0.14030775603867163,1,0,0,0,0,0
CUST_2735,OFFER_0503,403,0.7185300679460777,2,1,0.02538288738613237,1,0,0,0,0,0
CUST_0760,OFFER_1171,318,0.6967085965308758,2,1,0.0035614159709305357,1,0,0,0,0,0
CUST_0021,OFFER_0915,307,0.6945282484919503,1,1,0.0013810679320049757,1,1,1,0,0,0
CUST_2610,OFFER_1154,412,0.7400221805599453,3,1,0.04687500000000002,1,1,0,0,0,0
CUST_1173,OFFER_0073,296,0.6952894168484114,2,1,0.0021422362884660675,1,0,0,0,0,0
CUST_2142,OFFER_1247,115,1.0986286426332972,1,2,1.6353965187626563e-05,0,0,1,0,0,0
CUST_1181,OFFER_0401,315,0.6981315584561417,3,1,0.004984377896196417,1,1,0,0,0,0
CUST_1231,OFFER_0129,537,1.9404588249001395,3,2,0.84184653623203,1,1,0,0,0,0
CUST_2412,OFFER_0739,539,1.2809211337017496,2,1,0.5877739531418044,1,0,0,0,0,1
CUST_1211,OFFER_0868,533,2.3778296536640786,5,2,1.279217364995969,0,0,1,0,0,1
CUST_0621,OFFER_0841,431,0.7416204543672495,2,1,0.048473273807304214,1,0,0,0,0,0
CUST_0003,OFFER_0928,269,0.6948691745632904,3,1,0.0017219940033451294,1,1,0,0,0,0
CUST_2732,OFFER_0173,517,1.0467005711532191,2,1,0.3535533905932738,1,0,0,0,0,1
CUST_0233,OFFER_0556,70,0.693152962559787,1,1,5.78199984172973e-06,0,0,1,0,0,0
CUST_0952,OFFER_0411,568,2.8216598211636623,3,2,1.7230475324955528,1,1,0,0,0,1
CUST_2836,OFFER_0411,576,2.075060060527721,2,1,1.381912879967776,1,0,0,0,0,1
CUST_2423,OFFER_0313,352,1.3980131111198906,3,3,0.011718750000000003,1,1,0,0,0,0
CUST_2535,OFFER_1323,442,0.7556471805599453,2,1,0.0625,1,0,0,0,0,1
CUST_0131,OFFER_0005,238,0.6939885123629216,3,1,0.0008413318029763446,1,1,0,0,0,0
CUST_1225,OFFER_1235,555,3.225280191045249,5,2,2.1266679023771395,1,1,1,0,0,1
CUST_2461,OFFER_0073,294,0.6951926768935793,2,1,0.002045496333634037,1,0,0,0,0,0
CUST_1076,OFFER_0358,588,2.516592157676379,2,1,1.8234449771164336,1,0,0,0,0,1
CUST_1620,OFFER_1171,429,0.7625736283233779,3,1,0.06942644776343271,1,1,0,0,0,0
CUST_0582,OFFER_0916,582,2.2805482325281448,2,1,1.5874010519681994,1,0,0,0,0,0
CUST_2429,OFFER_1090,326,0.6974316531368774,2,1,0.004284472576932136,1,0,0,0,0,0
CUST_2384,OFFER_0073,366,0.7093414721220677,3,1,0.016194291562122386,1,1,0,0,0,0
CUST_2953,OFFER_0877,566,2.3454691328822914,3,2,1.2468568442141816,1,1,0,0,0,1
CUST_2130,OFFER_0005,234,0.6936585546433538,2,1,0.0005113740834085093,1,0,0,0,0,0
CUST_0150,OFFER_0272,329,0.6977391645688656,2,1,0.004591984008920346,1,0,0,0,0,0
CUST_0436,OFFER_0827,46,0.6931505014467987,1,1,3.320886853394029e-06,0,0,1,0,0,0
CUST_0648,OFFER_0805,442,0.7556471805599453,2,1,0.0625,1,0,0,0,0,1
CUST_1127,OFFER_0818,474,0.8240589459125237,2,1,0.1309117653525784,1,0,0,0,0,1
CUST_1124,OFFER_0503,416,1.1500259595912952,3,2,0.0514136709231856,1,1,0,0,0,0
CUST_0640,OFFER_0922,509,0.9870341571308475,2,1,0.29388697657090224,1,0,0,0,0,1
CUST_0640,OFFER_1055,509,0.9870341571308475,2,1,0.29388697657090224,1,0,0,0,0,1
CUST_2303,OFFER_0310,264,0.6946813028101708,3,1,0.0015341222502255278,1,1,0,0,0,0
CUST_0418,OFFER_0871,355,0.7015204107360101,2,1,0.008373230176064792,1,0,0,0,0,0
CUST_2397,OFFER_0295,83,0.6931549882831203,1,1,7.807723175024223e-06,0,0,1,0,0,0
CUST_2957,OFFER_0919,445,2.0463889111680906,3,6,0.10047876211277752,1,1,0,0,0,0
CUST_1687,OFFER_0928,235,0.6936705074459494,2,1,0.0005233268860040493,1,0,0,0,0,0
CUST_0146,OFFER_1180,369,0.7047182551871841,2,1,0.01157107462723879,1,0,0,0,0,0
CUST_0752,OFFER_1308,302,0.6968383555108092,3,1,0.003691174950863885,1,1,0,0,0,0
CUST_0292,OFFER_1154,415,0.7266401012642044,2,1,0.033492920704259174,1,0,0,0,0,0
CUST_1839,OFFER_0411,490,0.882611751373745,2,1,0.18946457081379978,1,0,0,0,0,1
CUST_1839,OFFER_0859,490,0.882611751373745,2,1,0.18946457081379978,1,0,0,0,0,1
CUST_0265,OFFER_0433,580,2.966722030325543,3,1,2.2735748497655974,1,1,0,0,0,1
CUST_0265,OFFER_0411,580,2.966722030325543,3,1,2.2735748497655974,1,1,0,0,0,1
CUST_0839,OFFER_0690,308,0.695973878289321,2,1,0.0028266977293757403,1,0,0,0,0,0
CUST_1608,OFFER_0904,183,0.693225877478185,1,1,7.869691823972047e-05,0,0,1,0,0,0
CUST_0161,OFFER_0553,322,0.6970534305599453,2,1,0.00390625,1,0,0,0,0,0
CUST_1145,OFFER_0788,588,3.428314646234596,3,1,2.7351674656746505,1,1,0,0,0,1
CUST_2372,OFFER_0665,276,0.6951714670052106,3,1,0.0020242864452652974,1,1,0,0,0,0
CUST_0697,OFFER_1036,444,0.7586030632362345,2,1,0.06545588267628918,1,0,0,0,0,1
CUST_0214,OFFER_0710,415,0.7433865616163341,3,1,0.05023938105638876,1,1,0,0,0,0
CUST_0736,OFFER_0788,502,1.0681471805599454,3,1,0.3750000000000001,1,1,0,0,0,1
CUST_1238,OFFER_0005,258,0.6940375345526779,2,1,0.0008903539927326338,1,0,0,0,0,0
CUST_0844,OFFER_0075,234,0.6936585546433538,2,1,0.0005113740834085093,1,0,0,0,0,0
CUST_2995,OFFER_1090,436,0.747556590765953,2,1,0.054409410206007786,1,0,0,0,0,0
CUST_0002,OFFER_0592,472,0.8181471805599453,2,1,0.125,1,0,0,0,0,0
CUST_1200,OFFER_0352,522,1.0899974435519952,2,1,0.3968502629920499,1,0,0,0,0,1
CUST_0359,OFFER_1091,580,2.2088637470703434,2,1,1.5157165665103982,1,0,0,0,0,1
CUST_1956,OFFER_1180,290,0.694079643063764,1,1,0.0009324625038187668,0,0,1,0,0,0
CUST_1660,OFFER_0313,301,0.6967540489584167,3,1,0.0036068683984714347,1,1,0,0,0,0
CUST_1022,OFFER_1180,377,0.7140276192663595,3,1,0.020880438706414203,1,1,0,0,0,0
CUST_0042,OFFER_0073,590,3.008295496488943,2,2,1.909683207820833,1,0,0,0,0,0
CUST_1616,OFFER_1180,261,0.6941014383416193,2,1,0.0009542577816740685,1,0,0,0,0,0
CUST_2500,OFFER_0762,518,1.0549644899200399,2,1,0.3618173093600946,1,0,0,0,0,1
CUST_1282,OFFER_0251,538,1.2674963580584628,2,1,0.5743491774985175,1,0,0,0,0,1
CUST_2139,OFFER_0686,490,0.977344036780645,3,1,0.2841968562206997,1,1,0,0,0,0
CUST_1535,OFFER_1237,238,0.6939885123629216,3,1,0.0008413318029763446,1,1,0,0,0,0
CUST_1332,OFFER_0712,518,1.0549644899200399,2,1,0.3618173093600946,1,0,0,0,0,1
CUST_0646,OFFER_0990,48,0.6931506585052294,1,1,3.4779452841118487e-06,0,0,1,0,0,0
CUST_1761,OFFER_0577,503,0.948990653559139,2,1,0.2558434729991938,1,0,0,0,0,1
CUST_1341,OFFER_1180,252,0.6939222787298517,2,1,0.0007750981699063482,1,0,0,0,0,0
CUST_2631,OFFER_1247,123,0.6931668547895052,1,1,1.9674229559930115e-05,0,0,1,0,0,0
CUST_2309,OFFER_1154,413,0.7251276146848445,2,1,0.03198043412489922,1,0,0,0,0,0
CUST_1628,OFFER_0496,367,0.7207685392000448,5,1,0.02762135864009952,0,0,1,0,0,1
CUST_2221,OFFER_1186,320,0.6968770305752203,2,1,0.003729850015275064,1,0,0,0,0,0
CUST_0361,OFFER_0525,446,0.7616987417908594,2,1,0.0685515612309141,1,0,0,0,0,1
CUST_2522,OFFER_0411,590,3.008295496488943,3,2,1.909683207820833,1,1,0,0,0,1
CUST_2622,OFFER_0437,549,1.8039703447748687,3,1,1.1108231642149233,1,1,0,0,0,1
CUST_0685,OFFER_0493,534,1.4786177726754155,3,1,0.7854705921154701,1,1,0,0,0,1
CUST_2229,OFFER_0167,564,2.2640883647908856,3,1,1.5709411842309402,1,1,0,0,0,1
CUST_1915,OFFER_0313,316,0.6982480627667585,3,1,0.005100882206813228,1,1,0,0,0,0
CUST_0088,OFFER_1091,560,1.6479887844703618,2,1,0.9548416039104166,1,0,0,0,0,1
CUST_2507,OFFER_0525,568,1.8418455355569803,2,1,1.148698354997035,1,0,0,0,0,1
CUST_1046,OFFER_0071,242,1.6103607061718161,3,4,0.0009227937377159711,1,1,1,0,0,0
CUST_0216,OFFER_1180,273,0.6950359065976985,3,1,0.0018887260377532904,1,1,0,0,0,0
CUST_1398,OFFER_0217,457,0.7815355282082638,2,1,0.08838834764831845,1,0,0,0,0,0
CUST_0310,OFFER_0937,248,0.6938538549922892,2,1,0.000706674432343935,1,0,0,0,0,0
CUST_1578,OFFER_1180,481,0.8470402322280599,2,1,0.15389305166811457,1,0,0,0,0,0
CUST_2608,OFFER_0401,4,0.6931484389407501,1,1,1.2583808047989813e-06,0,0,1,0,0,0
CUST_0383,OFFER_0503,413,0.7251276146848445,2,1,0.03198043412489922,1,0,0,0,0,0
CUST_0259,OFFER_0005,238,0.6939885123629216,3,1,0.0008413318029763446,1,1,0,0,0,0
CUST_1555,OFFER_0716,500,0.9318575815375494,2,1,0.2387104009776041,1,0,0,0,0,1
CUST_2429,OFFER_0102,326,0.6995738894253435,3,1,0.006426708865398204,1,1,0,0,0,0
CUST_0500,OFFER_0643,518,1.0549644899200399,2,1,0.3618173093600946,1,0,0,0,0,1
CUST_2156,OFFER_0411,509,0.9870341571308475,2,1,0.29388697657090224,1,0,0,0,0,1
CUST_2926,OFFER_1059,371,0.7052654990117714,2,1,0.012118318451826062,1,0,0,0,0,0
CUST_2428,OFFER_0102,320,0.6968770305752203,2,1,0.003729850015275064,1,0,0,0,0,0
CUST_2562,OFFER_0794,520,1.0720763221875447,2,1,0.3789291416275995,1,0,0,0,0,1
CUST_1951,OFFER_0665,297,0.6953394892480496,2,1,0.0021923086881042446,1,0,0,0,0,0
CUST_2189,OFFER_0581,116,1.0986290248891133,1,2,1.673622100364116e-05,0,0,1,0,0,0
CUST_2397,OFFER_1247,130,1.0986354166674765,1,2,2.3127999366918925e-05,0,0,1,0,0,0
CUST_1843,OFFER_0420,469,0.8097763045020462,2,1,0.11662912394210094,1,0,0,0,0,1
CUST_0180,OFFER_0256,496,0.9107848213839763,2,1,0.21763764082403106,1,0,0,0,0,1
CUST_1140,OFFER_0871,451,0.7700937063940025,2,1,0.07694652583405727,1,0,0,0,0,0
CUST_1893,OFFER_0591,296,0.6963605349926444,3,1,0.0032133544326991012,1,1,0,0,0,0
CUST_1145,OFFER_0352,588,2.516592157676379,2,1,1.8234449771164336,1,0,0,0,0,1
CUST_2423,OFFER_0690,308,0.6973872271540089,3,1,0.004240046594063611,1,1,0,0,0,0
CUST_2161,OFFER_0335,518,1.0549644899200399,2,1,0.3618173093600946,1,0,0,0,0,1
CUST_2087,OFFER_0642,493,0.8962102796490042,2,1,0.20306309908905892,1,0,0,0,0,1
CUST_1332,OFFER_0921,518,1.0549644899200399,2,1,0.3618173093600946,1,0,0,0,0,1
CUST_0281,OFFER_0851,588,2.516592157676379,2,1,1.8234449771164336,1,0,0,0,0,0
CUST_2386,OFFER_0908,446,0.7274229611754024,1,1,0.03427578061545705,1,1,1,0,0,0
CUST_2386,OFFER_1180,446,1.1328880692835666,1,2,0.03427578061545705,1,1,1,0,0,0
CUST_1852,OFFER_1247,32,0.6931495836686372,1,1,2.4031086919686777e-06,0,0,1,0,0,0
CUST_1717,OFFER_0132,579,2.1742447328465095,2,1,1.4810975522865644,1,0,0,0,0,1
CUST_2590,OFFER_1128,468,0.8071124916297223,2,1,0.11396531106977709,1,0,0,0,0,1
CUST_1978,OFFER_0005,255,0.6943932750339944,3,1,0.0012460944740491052,1,1,0,0,0,0
CUST_1401,OFFER_0005,253,0.6943370034061702,3,1,0.0011898228462249552,1,1,0,0,0,0
CUST_1262,OFFER_0788,554,1.5243850767027332,2,1,0.8312378961427878,1,0,0,0,0,1
CUST_2795,OFFER_0503,400,0.7286717875875327,3,1,0.03552460702758747,1,1,0,0,0,0
CUST_1977,OFFER_0841,423,0.7535864137680506,3,1,0.060439233208105264,1,1,0,0,0,0
CUST_1375,OFFER_0102,319,0.6986141707447313,3,1,0.005466990184785981,1,1,0,0,0,0
CUST_2236,OFFER_0005,255,1.0998583831421587,3,2,0.0012460944740491052,1,1,0,0,0,0
CUST_0434,OFFER_0005,261,1.1000436753406206,3,2,0.0014313866725111028,1,1,0,0,0,0
CUST_1091,OFFER_0841,418,0.7469924159504313,3,1,0.05384523539048604,1,1,0,0,0,0
CUST_0547,OFFER_0739,555,1.5438143415108012,2,1,0.8506671609508558,1,0,0,0,0,1
CUST_2142,OFFER_0529,339,0.7018254865303744,3,1,0.00867830597042909,1,1,0,0,0,0
CUST_1533,OFFER_0005,268,0.694268956297247,2,1,0.001121775737301793,1,0,0,0,0,0
CUST_0096,OFFER_1235,556,1.9989730255041316,3,1,1.3058258449441862,1,1,0,0,0,1
CUST_1145,OFFER_0525,588,2.516592157676379,2,1,1.8234449771164336,1,0,0,0,0,1
CUST_1191,OFFER_0919,439,0.780619023516521,3,1,0.0874718429565757,1,1,0,0,0,0
CUST_1088,OFFER_0458,279,0.6953167570525526,3,1,0.002169576492607272,1,1,0,0,0,0
CUST_1228,OFFER_0397,586,3.710263978556482,3,2,2.6116516898883724,1,1,0,0,0,1
CUST_2767,OFFER_1247,36,0.6931498163495876,1,1,2.635789642272521e-06,0,0,1,0,0,0
CUST_1395,OFFER_0005,241,0.6940488976595631,3,1,0.0009017170996178585,1,1,0,0,0,0
CUST_2814,OFFER_0665,425,0.7353456163777012,2,1,0.04219843581775594,1,0,0,0,0,0
CUST_0854,OFFER_0325,544,1.6827781136396163,3,1,0.9896309330796709,1,1,0,0,0,1
CUST_1469,OFFER_0665,381,0.7084153050667303,2,1,0.015268124506785101,1,0,0,0,0,0
CUST_1816,OFFER_0226,439,0.8389335854875715,5,1,0.14578640492762615,0,0,1,0,0,1
CUST_2757,OFFER_1059,364,0.7086101638893152,3,1,0.015462983329369859,1,1,0,0,0,0
CUST_1108,OFFER_0665,288,1.1003929966535748,2,2,0.0017807079854652676,1,1,1,0,0,0
CUST_0783,OFFER_0503,424,0.7549991138774247,3,1,0.061851933317479416,1,1,0,0,0,0
CUST_0662,OFFER_0352,450,0.8059307776926438,3,1,0.11278359713269848,1,1,0,0,0,1
CUST_2450,OFFER_0794,447,0.798377997588949,3,1,0.10523081702900369,1,1,0,0,0,1
CUST_1260,OFFER_1289,528,1.1490084248390537,2,1,0.45586124427910846,1,0,0,0,0,1
CUST_0431,OFFER_0592,490,0.882611751373745,2,1,0.18946457081379978,1,0,0,0,0,0
CUST_1395,OFFER_1308,131,0.6931708491506715,1,1,2.366859072622276e-05,0,0,1,0,0,0
CUST_1559,OFFER_1237,264,0.6941699287267623,2,1,0.0010227481668170185,1,0,0,0,0,0
CUST_2364,OFFER_1059,367,0.709719995744005,3,1,0.01657281518405971,1,1,0,0,0,0
CUST_0228,OFFER_1289,518,1.0549644899200399,2,1,0.3618173093600946,1,0,0,0,0,1
CUST_2531,OFFER_1310,396,0.7147395693094418,2,1,0.021592388749496497,1,0,0,0,0,0
CUST_0414,OFFER_0574,299,0.6954431725644055,2,1,0.002295992004460173,1,0,0,0,0,0
CUST_0894,OFFER_1036,553,1.9115257750942987,3,1,1.2183785945343533,1,1,0,0,0,1
CUST_2259,OFFER_0841,425,1.1619099423947434,3,2,0.0632976537266339,1,1,0,0,0,0
CUST_2451,OFFER_1154,414,0.7258751218980899,2,1,0.032727941338144606,1,0,0,0,0,0
CUST_0233,OFFER_0863,428,2.058978058230343,5,6,0.11306790917502954,0,0,1,0,0,1
CUST_0479,OFFER_1308,291,0.6960099539049674,3,1,0.002862773345022206,1,1,0,0,0,0
CUST_2713,OFFER_0271,545,1.0307346671019928,1,1,0.3375874865420475,1,1,1,0,0,0
CUST_1572,OFFER_1090,343,0.702665763329745,3,1,0.009518582769799645,1,1,0,0,0,0
CUST_0634,OFFER_0863,582,3.0742487585122444,3,1,2.381101577952299,1,1,0,0,0,1
CUST_0146,OFFER_0357,249,0.6942319688062489,3,1,0.001084788246303636,1,1,0,0,0,0
CUST_2715,OFFER_0592,477,0.9036088146179527,3,1,0.21046163405800744,1,1,0,0,0,0
CUST_0432,OFFER_0059,494,0.9009566545956422,2,1,0.2078094740356969,1,0,0,0,0,0
CUST_1478,OFFER_1155,488,0.9645101625800162,3,1,0.2713629820200709,1,1,0,0,0,1
CUST_0042,OFFER_0851,590,2.053453892578526,1,2,0.9548416039104165,1,1,1,0,0,0
CUST_0893,OFFER_0712,519,1.0634215686315862,2,1,0.37027438807164104,1,0,0,0,0,1
CUST_2972,OFFER_0769,586,2.4342483071521936,2,1,1.7411011265922482,1,0,0,0,0,1
CUST_2731,OFFER_0690,308,0.6973872271540089,3,1,0.004240046594063611,1,1,0,0,0,0
CUST_1087,OFFER_1091,483,0.8543184691148926,2,1,0.1611712885549474,1,0,0,0,0,1
CUST_0251,OFFER_0716,531,1.4260171568856297,3,1,0.7328699763256844,1,1,0,0,0,1
CUST_1615,OFFER_1186,323,0.6951459576927514,1,1,0.0019987771328062024,1,1,1,0,0,0
CUST_1859,OFFER_0788,448,0.8008376513409173,3,1,0.10769047078097205,1,1,0,0,0,1
CUST_0689,OFFER_0863,572,2.583028755402255,3,1,1.8898815748423097,1,1,0,0,0,1
CUST_2878,OFFER_0411,450,0.7683362453150776,2,1,0.07518906475513232,1,0,0,0,0,1
CUST_0844,OFFER_1180,234,0.6936585546433538,2,1,0.0005113740834085093,1,0,0,0,0,0
CUST_2890,OFFER_0908,484,0.940554913829863,3,1,0.24740773326991772,1,1,0,0,0,0
CUST_0458,OFFER_1011,474,0.8240589459125237,2,1,0.1309117653525784,1,0,0,0,0,1
CUST_0155,OFFER_1308,323,1.1046086200665282,3,2,0.005996331398418608,1,1,0,0,0,0
CUST_2919,OFFER_0740,316,0.6948474746288831,1,1,0.0017002940689377426,1,1,1,0,0,0
CUST_1565,OFFER_0184,317,0.6983672902365489,3,1,0.00522010967660355,1,1,0,0,0,0
CUST_1535,OFFER_0005,238,0.6937080684285962,2,1,0.0005608878686508964,1,0,0,0,0,0
CUST_0944,OFFER_1154,413,0.7411178317472941,3,1,0.04797065118734883,1,1,0,0,0,0
CUST_1761,OFFER_0698,503,0.948990653559139,2,1,0.2558434729991938,1,0,0,0,0,1
CUST_2693,OFFER_0915,308,0.695973878289321,2,1,0.0028266977293757403,1,0,0,0,0,0
CUST_2001,OFFER_0871,459,0.7394314790689004,1,1,0.04628429850895515,1,1,1,0,0,0
CUST_0752,OFFER_0529,289,1.611557935731132,3,4,0.002120023297031805,1,1,0,0,0,0
CUST_1620,OFFER_0919,429,0.7625736283233779,3,1,0.06942644776343271,1,1,0,0,0,0
CUST_2132,OFFER_0907,574,2.6724090467192867,3,1,1.9792618661593413,1,1,0,0,0,1
CUST_0096,OFFER_0103,567,1.8156092288693184,2,1,1.122462048309373,1,0,0,0,0,1
CUST_1375,OFFER_0529,326,0.6995738894253435,3,1,0.006426708865398204,1,1,0,0,0,0
CUST_2001,OFFER_0227,459,0.7857157775778556,2,1,0.0925685970179103,1,0,0,0,0,0
CUST_0736,OFFER_0752,502,0.9431471805599454,2,1,0.25000000000000006,1,0,0,0,0,0
CUST_1553,OFFER_0698,448,0.76494082774726,2,1,0.0717936471873147,1,0,0,0,0,1
CUST_0238,OFFER_1154,415,0.7266401012642044,2,1,0.033492920704259174,1,0,0,0,0,0
CUST_0707,OFFER_0981,511,1.0009332838961744,2,1,0.30778610333622913,1,0,0,0,0,1
CUST_2522,OFFER_0592,590,2.602830388380778,2,1,1.909683207820833,1,0,0,0,0,0
CUST_2298,OFFER_1142,425,0.7353456163777012,2,1,0.04219843581775594,1,0,0,0,0,1
CUST_1388,OFFER_0129,517,1.2234772664498559,3,1,0.5303300858899107,1,1,0,0,0,0
CUST_1994,OFFER_0282,552,1.8836979695360947,3,1,1.1905507889761495,0,1,0,0,0,1
CUST_2899,OFFER_0992,564,1.740441303380572,2,1,1.0472941228206267,1,0,0,0,0,1
CUST_0003,OFFER_0529,269,0.6942951765621753,2,1,0.0011479960022300862,1,0,0,0,0,0
CUST_0278,OFFER_0503,441,0.7542196785870857,2,1,0.06107249802714039,1,0,0,0,0,0
CUST_0896,OFFER_0592,559,2.0926966678651566,3,1,1.3995494873052112,1,1,0,0,0,0
CUST_2953,OFFER_0788,554,1.5243850767027332,2,1,0.8312378961427878,1,0,0,0,0,1
CUST_2739,OFFER_0206,79,0.6931542990367484,1,1,7.1184768031067545e-06,0,0,1,0,0,0
CUST_2255,OFFER_0420,561,1.6703071489941912,2,1,0.9771599684342459,1,0,0,0,0,1
CUST_1746,OFFER_0411,571,1.9242915939048615,2,1,1.2311444133449163,1,0,0,0,0,1
CUST_0527,OFFER_1308,281,0.6946619703664235,2,1,0.0015147898064782573,1,0,0,0,0,0
CUST_1535,OFFER_0201,238,0.6937080684285962,2,1,0.0005608878686508964,1,0,0,0,0,0
CUST_2282,OFFER_0356,232,0.6938796024349453,3,1,0.0007324218750000004,1,1,0,0,0,0
CUST_2272,OFFER_0907,490,0.977344036780645,3,1,0.2841968562206997,1,1,0,0,0,1
CUST_2750,OFFER_0837,576,2.075060060527721,2,1,1.381912879967776,1,0,0,0,0,1
CUST_0752,OFFER_0702,302,1.1023034636189735,3,2,0.003691174950863885,1,1,0,0,0,0
CUST_1853,OFFER_1169,51,0.6931658184072436,5,1,1.8637847298321658e-05,0,0,0,0,1,0
CUST_1664,OFFER_1194,588,3.428314646234596,3,1,2.7351674656746505,1,1,0,0,0,1
CUST_1067,OFFER_0282,530,1.1705679825151536,2,1,0.47742080195520825,1,0,0,0,0,1
CUST_0458,OFFER_1261,239,0.6940081775616178,3,1,0.0008609970016725654,1,1,0,0,0,0
CUST_0264,OFFER_1036,530,1.4092783834927576,3,1,0.7161312029328124,1,1,0,0,0,1
CUST_2450,OFFER_0589,447,0.798377997588949,3,1,0.10523081702900369,1,1,0,0,0,1
CUST_0839,OFFER_1059,308,0.695973878289321,2,1,0.0028266977293757403,1,0,0,0,0,0
CUST_1569,OFFER_0112,485,0.861940923830969,2,1,0.16879374327102373,1,0,0,0,0,1
CUST_2809,OFFER_0592,488,0.9645101625800162,3,1,0.2713629820200709,1,1,0,0,0,0
CUST_2731,OFFER_0102,319,0.6986141707447313,3,1,0.005466990184785981,1,1,0,0,0,0
CUST_1351,OFFER_0788,531,1.1817271647770682,2,1,0.48857998421712295,1,0,0,0,0,1
CUST_1879,OFFER_0401,338,0.7016272737480725,3,1,0.008480093188127221,1,1,0,0,0,0
CUST_0736,OFFER_0059,502,1.0681471805599454,3,1,0.3750000000000001,1,1,0,0,0,0
CUST_1767,OFFER_0437,531,1.4260171568856297,3,1,0.7328699763256844,1,1,0,0,0,1
CUST_0006,OFFER_0167,513,1.01548975766984,2,1,0.32234257710989483,1,0,0,0,0,1
CUST_1793,OFFER_0850,426,0.7363319580589383,2,1,0.043184777498993014,1,0,0,0,0,0
CUST_0982,OFFER_0503,435,0.772897226899088,3,1,0.07975004633914275,1,1,0,0,0,0
CUST_1342,OFFER_0702,311,0.6976915499793801,3,1,0.004544369419434773,1,1,0,0,0,0
CUST_2266,OFFER_1120,315,0.6981315584561417,3,1,0.004984377896196417,1,1,0,0,0,0
CUST_2476,OFFER_1154,417,0.7282241195696132,2,1,0.0350769390096679,1,0,0,0,0,0
CUST_0919,OFFER_1090,385,0.7015204107360101,1,1,0.008373230176064794,1,1,1,0,0,0
CUST_2795,OFFER_0559,259,0.6945139281061418,3,1,0.0013667475461964951,1,1,0,0,0,0
CUST_0272,OFFER_1247,70,0.693152962559787,1,1,5.78199984172973e-06,0,0,1,0,0,0
CUST_0736,OFFER_0686,502,1.0681471805599454,3,1,0.3750000000000001,1,1,0,0,0,0
CUST_2476,OFFER_0859,490,0.977344036780645,3,1,0.2841968562206997,1,1,0,0,0,1
CUST_0098,OFFER_0992,565,2.1703857512044027,2,2,1.0717734625362931,1,0,0,0,0,1
CUST_1131,OFFER_0004,485,1.5205966468456689,5,2,0.4219843581775593,0,0,1,0,0,1
CUST_0092,OFFER_1290,537,1.254378204714632,2,1,0.5612310241546866,1,0,0,0,0,1
CUST_1725,OFFER_0812,454,0.7343818027715983,1,1,0.04123462221165295,1,1,1,0,0,0
CUST_1820,OFFER_0049,482,0.8506373117968045,2,1,0.15749013123685918,1,0,0,0,0,1
CUST_2593,OFFER_0129,530,1.4092783834927576,3,1,0.7161312029328124,1,1,0,0,0,0
CUST_1994,OFFER_0676,553,1.9115257750942987,3,1,1.2183785945343533,1,1,0,0,0,0
CUST_2851,OFFER_0871,450,0.7683362453150776,2,1,0.07518906475513232,1,0,0,0,0,0
CUST_0143,OFFER_0123,581,2.24429194239368,2,1,1.5511447618337346,1,0,0,0,0,1
CUST_0174,OFFER_0556,36,0.6931498163495876,1,1,2.635789642272521e-06,0,0,1,0,0,0
CUST_1139,OFFER_1237,262,0.6941237430599453,2,1,0.0009765624999999999,1,0,0,0,0,0
CUST_1523,OFFER_1180,364,1.103766616444566,1,2,0.00515432777645662,1,1,1,0,0,0
CUST_0330,OFFER_0871,519,1.0634215686315862,2,1,0.37027438807164104,1,0,0,0,0,0
CUST_1076,OFFER_0123,586,2.4342483071521936,2,1,1.7411011265922482,1,0,0,0,0,1
CUST_2038,OFFER_0282,561,1.6703071489941912,2,1,0.9771599684342459,1,0,0,0,0,1
CUST_0697,OFFER_1210,444,0.7586030632362345,2,1,0.06545588267628918,1,0,0,0,0,0
CUST_1268,OFFER_0752,479,0.9135624129881219,3,1,0.22041523242817668,1,1,0,0,0,0
CUST_2290,OFFER_0553,322,0.6970534305599453,2,1,0.00390625,1,0,0,0,0,0
CUST_2427,OFFER_0592,450,0.7683362453150776,2,1,0.07518906475513232,1,0,0,0,0,0
CUST_1006,OFFER_1102,582,2.2805482325281448,2,1,1.5874010519681994,1,0,0,0,0,1
CUST_1022,OFFER_0665,377,0.7140276192663595,3,1,0.020880438706414203,1,1,0,0,0,0
CUST_1679,OFFER_1124,545,1.3683221536440402,2,1,0.675174973084095,1,0,0,0,0,1
CUST_2335,OFFER_1180,275,0.6951252322389025,3,1,0.0019780516789573107,1,1,0,0,0,0
CUST_1981,OFFER_0145,26,0.6931492725875708,1,1,2.0920276254551445e-06,0,0,1,0,0,0
CUST_1087,OFFER_0818,483,0.8543184691148926,2,1,0.1611712885549474,1,0,0,0,0,1
CUST_1608,OFFER_1261,183,0.693225877478185,1,1,7.869691823972047e-05,0,0,1,0,0,0
CUST_1087,OFFER_0729,295,0.6952404881039614,2,1,0.0020933075440161997,1,0,0,0,0,0
CUST_0952,OFFER_0233,571,2.329756702013026,2,2,1.2311444133449163,1,0,0,0,0,1
CUST_1761,OFFER_1194,503,0.948990653559139,2,1,0.2558434729991938,1,0,0,0,0,1
CUST_1555,OFFER_0525,500,0.9318575815375494,2,1,0.2387104009776041,1,0,0,0,0,1
CUST_0133,OFFER_0863,581,2.24429194239368,2,1,1.5511447618337346,1,0,0,0,0,1
CUST_2531,OFFER_0871,396,0.7147395693094418,2,1,0.021592388749496497,1,0,0,0,0,0
CUST_2394,OFFER_1154,411,0.7236834295735155,2,1,0.030536249013570178,1,0,0,0,0,0
CUST_0205,OFFER_0937,233,0.6936468748431468,2,1,0.0004996942832015505,1,0,0,0,0,0
CUST_1839,OFFER_0738,490,1.2880768594819094,2,2,0.18946457081379978,1,0,0,0,0,1
CUST_0676,OFFER_0005,270,0.6943220096967442,2,1,0.0011748291367989422,1,0,0,0,0,0
CUST_1794,OFFER_1247,110,0.6931617502865675,1,1,1.4569726622168236e-05,0,0,1,0,0,0
CUST_0999,OFFER_0073,441,0.7542196785870857,2,1,0.06107249802714039,1,0,0,0,0,0
CUST_2221,OFFER_1090,320,0.6968770305752203,2,1,0.003729850015275064,1,0,0,0,0,0
CUST_1821,OFFER_1091,539,1.5748081102726519,3,1,0.8816609297127065,0,1,0,0,0,1
CUST_0224,OFFER_0690,312,1.3909449501393287,3,3,0.004650589019438086,1,1,0,0,0,0
CUST_2487,OFFER_0690,314,1.1034828232158211,3,2,0.004870534547711646,1,1,0,0,0,0
CUST_1342,OFFER_0118,181,0.6932223236515801,1,1,7.514309163482166e-05,0,0,1,0,0,0
CUST_2101,OFFER_0503,398,0.7157607623949512,2,1,0.02261358183500591,1,0,0,0,0,0
CUST_0881,OFFER_0071,200,1.386410918932868,1,3,0.00011655781297734571,0,0,1,0,0,0
CUST_1705,OFFER_1180,382,1.3941068611198906,3,3,0.007812500000000002,1,1,1,0,0,0
CUST_2133,OFFER_1034,507,0.9737626926372887,2,1,0.2806155120773433,1,0,0,0,0,1
CUST_1928,OFFER_1173,442,0.7243971805599453,1,1,0.03125,1,1,1,0,0,0
CUST_0402,OFFER_0073,366,1.114806580230232,3,2,0.016194291562122386,1,1,0,0,0,0
CUST_1385,OFFER_0167,552,1.486847706544045,2,1,0.7937005259840997,1,0,0,0,0,1
CUST_0844,OFFER_1261,234,1.099123662751518,2,2,0.0005113740834085093,1,0,1,0,0,0
CUST_0767,OFFER_0788,587,2.4749446168406237,2,1,1.7817974362806785,1,0,0,0,0,1
CUST_1992,OFFER_0401,359,0.7069231325867064,3,1,0.013775952026761037,1,1,0,0,0,0
CUST_1562,OFFER_0676,572,1.9530682304548184,2,1,1.2599210498948732,1,0,0,0,0,0
CUST_0282,OFFER_0863,526,1.1284224622080075,2,1,0.4352752816480622,1,0,0,0,0,1
CUST_2037,OFFER_0592,550,1.4510054638151444,2,1,0.757858283255199,1,0,0,0,0,0
CUST_0630,OFFER_0129,516,1.2113645105478614,3,1,0.518217329987916,1,1,0,0,0,0
CUST_0915,OFFER_1055,461,0.7900937281745537,2,1,0.09694654761460839,1,0,0,0,0,1
CUST_1329,OFFER_0503,433,1.1493780634403743,2,2,0.05076577477226472,1,0,0,0,0,0
CUST_0360,OFFER_1227,570,1.896172216642062,2,1,1.2030250360821166,1,0,0,0,0,0
CUST_0228,OFFER_1155,518,1.2358731446000872,3,1,0.5427259640401418,1,1,0,0,0,1
CUST_0096,OFFER_0123,567,1.8156092288693184,2,1,1.122462048309373,1,0,0,0,0,1
CUST_1761,OFFER_0127,503,0.948990653559139,2,1,0.2558434729991938,1,0,0,0,0,1
CUST_1863,OFFER_0272,341,1.1046714478940225,2,2,0.00605915922591303,1,0,0,0,0,0
CUST_1145,OFFER_0865,588,2.516592157676379,2,1,1.8234449771164336,1,0,0,0,0,1
CUST_1983,OFFER_0503,438,1.694911895736433,3,4,0.08547398330233281,1,1,0,0,0,0
CUST_2785,OFFER_0401,259,0.694058345590743,2,1,0.0009111650307976634,1,0,0,0,0,0
CUST_1728,OFFER_0867,576,2.075060060527721,2,1,1.381912879967776,1,0,0,0,0,0
CUST_2091,OFFER_0433,573,1.9825174889995245,2,1,1.2893703084395791,1,0,0,0,0,1
CUST_1431,OFFER_0863,572,1.9530682304548184,2,1,1.2599210498948732,1,0,0,0,0,1
CUST_2964,OFFER_0698,455,0.7775440521954572,2,1,0.08439687163551189,1,0,0,0,0,1
CUST_0336,OFFER_0871,388,0.711095592356774,2,1,0.017948411796828677,1,0,0,0,0,0
CUST_1535,OFFER_0202,238,0.6937080684285962,2,1,0.0005608878686508964,1,0,0,0,0,0
CUST_1395,OFFER_0581,131,0.6931708491506715,1,1,2.366859072622276e-05,0,0,1,0,0,0
CUST_2423,OFFER_1180,294,1.1016805331685606,3,2,0.0030682445004510555,1,1,0,0,0,0
CUST_0098,OFFER_0370,547,2.1350469486439416,3,2,1.036434659975832,1,1,0,0,0,1
CUST_1265,OFFER_0102,327,0.699724106624258,3,1,0.006576926064312735,1,1,0,0,0,0
CUST_1717,OFFER_0863,579,2.1742447328465095,2,1,1.4810975522865644,1,0,0,0,0,1
CUST_1487,OFFER_0251,537,1.254378204714632,2,1,0.5612310241546866,1,0,0,0,0,1
CUST_1789,OFFER_0272,248,0.6942071922084612,3,1,0.0010600116485159025,1,1,0,0,0,0
CUST_0868,OFFER_0841,392,0.7226765801668564,3,1,0.02952939960691109,1,1,0,0,0,0
CUST_0207,OFFER_0137,324,0.6972381732272134,2,1,0.004090992667268075,1,0,0,0,0,0
CUST_0640,OFFER_0282,509,0.9870341571308475,2,1,0.29388697657090224,1,0,0,0,0,1
CUST_1088,OFFER_0233,553,1.9108646850243451,3,2,0.8122523963562356,1,1,0,0,0,1
CUST_1206,OFFER_1059,367,0.7041957240159851,2,1,0.011048543456039808,1,0,0,0,0,0
CUST_1819,OFFER_0313,232,0.6936354618099453,2,1,0.0004882812500000003,1,0,0,0,0,0
CUST_1225,OFFER_1180,339,0.6989327178735647,2,1,0.005785537313619394,1,0,0,0,0,0
CUST_0228,OFFER_0609,518,1.0549644899200399,2,1,0.3618173093600946,1,0,0,0,0,1
CUST_0952,OFFER_0739,571,2.8216598211636623,3,2,1.7230475324955528,1,1,0,0,0,1
CUST_1145,OFFER_0888,588,2.516592157676379,2,1,1.8234449771164336,1,0,0,0,0,1
CUST_2619,OFFER_0073,284,0.6947706920758492,2,1,0.001623511515903882,1,0,0,0,0,0
CUST_1195,OFFER_1090,532,1.4431471805599454,3,1,0.75,1,1,0,0,0,0
CUST_0835,OFFER_1120,318,0.6967085965308758,2,1,0.0035614159709305357,1,0,0,0,0,0
CUST_2542,OFFER_0859,488,0.8740558352399925,2,1,0.1809086546800473,1,0,0,0,0,1
CUST_0707,OFFER_0445,511,1.0009332838961744,2,1,0.30778610333622913,1,0,0,0,0,1
CUST_1677,OFFER_0529,266,0.6947538577762948,3,1,0.0016066772163495506,1,1,0,0,0,0
CUST_2983,OFFER_1059,314,0.6963942035917531,2,1,0.0032470230318077642,1,0,0,0,0,0
CUST_2123,OFFER_0592,532,2.0242947318330327,3,3,0.6380003707131419,1,1,0,0,0,0
CUST_2500,OFFER_1034,518,1.0549644899200399,2,1,0.3618173093600946,1,0,0,0,0,1
CUST_1450,OFFER_0710,393,0.7233667971639979,3,1,0.030219616604052632,1,1,0,0,0,0
CUST_1259,OFFER_0592,479,0.8400906688453964,2,1,0.14694348828545112,1,0,0,0,0,0
CUST_0554,OFFER_0818,483,0.9349041133923663,3,1,0.24175693283242108,1,1,0,0,0,1
CUST_1664,OFFER_1125,588,2.516592157676379,2,1,1.8234449771164336,1,0,0,0,0,1
CUST_0679,OFFER_0313,284,0.6947706920758492,2,1,0.001623511515903882,1,0,0,0,0,0
CUST_2926,OFFER_0227,453,1.1791979329455833,2,2,0.0805856442774737,1,0,0,0,0,0
CUST_0818,OFFER_0841,431,1.171322199379066,3,2,0.07270991071095632,1,1,0,0,0,0
CUST_2255,OFFER_0965,561,1.6703071489941912,2,1,0.9771599684342459,1,0,0,0,0,1
CUST_0676,OFFER_1059,367,1.1096608321241495,2,2,0.011048543456039808,1,0,0,0,0,0
CUST_0264,OFFER_0005,242,1.0995350824058254,3,2,0.0009227937377159711,1,1,0,0,0,0
CUST_2753,OFFER_0651,310,0.6961075644789109,2,1,0.0029603839189656215,1,0,0,0,0,0
CUST_1129,OFFER_0788,553,1.9108646850243451,2,2,0.8122523963562356,1,0,0,0,0,1
CUST_1808,OFFER_0553,320,0.6987419555828579,3,1,0.005594775022912596,1,1,0,0,0,0
CUST_2407,OFFER_0411,575,2.7186720998122302,3,1,2.025524919252285,0,1,0,0,0,1
CUST_1761,OFFER_1102,503,1.076912390058736,3,1,0.38376520949879067,1,1,0,0,0,1
CUST_0332,OFFER_0690,308,0.6945605294246332,1,1,0.0014133488646878702,0,0,1,0,0,0
CUST_1632,OFFER_0850,412,0.7400221805599453,3,1,0.04687500000000002,1,1,0,0,0,0
CUST_2161,OFFER_0705,518,1.0549644899200399,2,1,0.3618173093600946,1,0,0,0,0,1
CUST_1880,OFFER_0525,534,1.2167942419702586,2,1,0.5236470614103134,1,0,0,0,0,1
CUST_1439,OFFER_0762,373,1.130340897900775,5,2,0.031728609232665454,0,0,1,0,0,1
CUST_2453,OFFER_0665,311,0.6961767601729018,2,1,0.003029579612956515,1,0,0,0,0,0
CUST_0458,OFFER_0710,424,0.7343818027715983,2,1,0.041234622211652944,1,0,0,0,0,0
CUST_0561,OFFER_0841,431,0.7416204543672495,2,1,0.048473273807304214,1,0,0,0,0,0
CUST_0096,OFFER_1224,567,1.8156092288693184,2,1,1.122462048309373,1,0,0,0,0,1
CUST_0416,OFFER_1271,442,0.7868971805599453,3,1,0.09375,1,1,0,0,0,1
CUST_0770,OFFER_0437,525,1.1184807610353733,2,1,0.4253335804754279,1,0,0,0,0,1
CUST_0923,OFFER_1257,529,1.159663676328349,2,1,0.4665164957684037,1,0,0,0,0,1
CUST_2406,OFFER_0236,479,1.4659710093817373,5,2,0.3673587207136278,0,0,1,0,0,1
CUST_0697,OFFER_0877,444,0.7913310045743791,3,1,0.09818382401443378,1,1,0,0,0,1
CUST_0417,OFFER_0871,468,0.8640951471646109,3,1,0.17094796660466563,1,1,0,0,0,0
CUST_1059,OFFER_0382,411,0.7084153050667303,1,1,0.015268124506785089,1,1,1,0,0,0
CUST_0121,OFFER_0167,584,3.1868608689883087,3,1,2.4937136884283633,1,1,0,0,0,1
CUST_1172,OFFER_0219,576,2.075060060527721,2,1,1.381912879967776,1,0,0,0,0,1
CUST_0949,OFFER_0420,568,1.8418455355569803,2,1,1.148698354997035,1,0,0,0,0,1
CUST_1448,OFFER_1247,105,0.6931601607107166,1,1,1.2980150771344853e-05,0,0,1,0,0,0
CUST_2397,OFFER_0990,83,0.6931549882831203,1,1,7.807723175024223e-06,0,0,1,0,0,0
CUST_2839,OFFER_0992,548,1.4167817992801344,2,1,0.7236346187201891,1,0,0,0,0,1
CUST_1575,OFFER_1006,502,1.0681471805599454,3,1,0.3750000000000001,1,1,0,0,0,0
CUST_2833,OFFER_0592,521,1.080933371018379,2,1,0.3877861904584337,1,0,0,0,0,0
CUST_2548,OFFER_0382,413,0.7251276146848445,2,1,0.03198043412489922,1,0,0,0,0,0
CUST_0405,OFFER_0592,490,0.7878794659668452,1,1,0.09473228540689989,1,1,1,0,0,0
CUST_1210,OFFER_0437,542,1.6380879679811002,3,1,0.9449407874211548,1,1,0,0,0,1
CUST_0120,OFFER_1289,537,1.254378204714632,2,1,0.5612310241546866,1,0,0,0,0,1
CUST_2042,OFFER_1235,501,0.9374371726685068,2,1,0.2442899921085615,1,0,0,0,0,1
CUST_1143,OFFER_0769,583,2.317651973272416,2,1,1.624504792712471,1,0,0,0,0,1
CUST_0648,OFFER_1084,432,0.7675566048709546,3,1,0.07440942431100933,1,1,0,0,0,0
CUST_2032,OFFER_1308,252,0.6939222787298517,2,1,0.0007750981699063482,1,0,0,0,0,0
CUST_0307,OFFER_0129,523,1.3023364778271218,3,1,0.6091892972671766,1,1,0,0,0,0
CUST_2057,OFFER_0227,449,0.8033547967740337,3,1,0.11020761621408834,1,1,0,0,0,0
CUST_2261,OFFER_0102,327,0.6975317979361538,2,1,0.00438461737620849,1,0,0,0,0,0
CUST_2316,OFFER_0922,447,0.7633010585792811,2,1,0.0701538780193358,1,0,0,0,0,1
CUST_0831,OFFER_1120,315,0.6981315584561417,3,1,0.004984377896196417,1,1,0,0,0,0
CUST_1707,OFFER_0005,256,0.6944224011116485,3,1,0.0012752205517033066,1,1,0,0,0,0
CUST_2470,OFFER_1090,455,0.8197424880132131,3,1,0.12659530745326783,1,1,0,0,0,0
CUST_2048,OFFER_0401,317,0.696627253677681,2,1,0.0034800731177357,1,0,0,0,0,0
CUST_2697,OFFER_0698,556,1.5636977438560695,2,1,0.8705505632961241,1,0,0,0,0,1
CUST_2298,OFFER_1186,343,0.6994929024064784,2,1,0.006345721846533097,1,0,0,0,0,0
CUST_0964,OFFER_0503,426,0.7579243468084348,3,1,0.06477716624848952,1,1,0,0,0,0
CUST_0733,OFFER_1017,449,0.7666189247026709,2,1,0.07347174414272556,1,0,0,0,0,1
CUST_0733,OFFER_0648,449,0.7666189247026709,2,1,0.07347174414272556,1,0,0,0,0,1
CUST_0300,OFFER_0556,32,0.6931495836686372,1,1,2.4031086919686777e-06,0,0,1,0,0,0
CUST_0098,OFFER_0851,565,2.300807374364385,3,1,1.6076601938044397,1,1,0,0,0,0
CUST_2594,OFFER_0420,462,0.7923597463079577,2,1,0.09921256574801246,1,0,0,0,0,1
CUST_0754,OFFER_1186,369,0.7105037925008034,3,1,0.017356611940858184,1,1,0,0,0,0
CUST_2840,OFFER_0477,476,0.8988018642526876,3,1,0.2056546836927423,1,1,0,0,0,1
CUST_1295,OFFER_0154,485,0.861940923830969,2,1,0.16879374327102373,1,0,0,0,0,1
CUST_0001,OFFER_0788,533,1.4606775995575267,3,1,0.7675304189975813,1,1,0,0,0,1
CUST_2473,OFFER_0371,462,0.7923597463079577,2,1,0.09921256574801246,1,0,0,0,0,1
CUST_0458,OFFER_0757,461,0.7900937281745537,2,1,0.09694654761460839,1,0,0,0,0,1
CUST_2864,OFFER_0686,473,0.8210689170595422,2,1,0.1279217364995969,1,0,0,0,0,0
CUST_1395,OFFER_0433,551,1.4687195614768127,2,1,0.7755723809168673,1,0,0,0,0,1
CUST_1148,OFFER_0762,444,0.7913310045743791,3,1,0.09818382401443378,1,1,0,0,0,1
CUST_1148,OFFER_0018,444,0.7586030632362345,2,1,0.06545588267628918,1,0,0,0,0,1
CUST_0575,OFFER_1002,533,1.2048341265583329,2,1,0.5116869459983876,1,0,0,0,0,1
CUST_2338,OFFER_0919,420,0.7495389791262945,3,1,0.056391798566349224,1,1,0,0,0,0
CUST_0054,OFFER_0863,530,1.4092783834927576,3,1,0.7161312029328124,0,1,0,0,0,1
CUST_1540,OFFER_0147,445,0.7936259426727228,3,1,0.10047876211277752,1,1,0,0,0,0
CUST_1218,OFFER_0102,326,0.6974316531368774,2,1,0.004284472576932136,1,0,0,0,0,0
CUST_2909,OFFER_0592,450,0.7683362453150776,2,1,0.07518906475513232,1,0,0,0,0,0
CUST_2899,OFFER_0841,391,0.7123838120184596,2,1,0.019236631458514307,1,0,0,0,0,0
CUST_2165,OFFER_0236,450,0.7683362453150776,2,1,0.07518906475513232,1,0,0,0,0,1
CUST_0764,OFFER_0553,323,0.6971447348255577,2,1,0.003997554265612405,1,0,0,0,0,0
CUST_1915,OFFER_0102,316,0.6982480627667585,3,1,0.005100882206813228,1,1,0,0,0,0
CUST_0135,OFFER_0802,437,0.7488283504437165,2,1,0.05568116988377121,1,0,0,0,0,1
CUST_0850,OFFER_1254,313,0.6979064719448451,3,1,0.004759291384899822,1,1,0,0,0,0
CUST_0911,OFFER_0980,554,1.5243850767027332,2,1,0.8312378961427878,1,0,0,0,0,1
CUST_2587,OFFER_0676,563,2.2282080185551076,3,1,1.5350608379951622,1,1,0,0,0,0
CUST_0785,OFFER_1120,327,0.6975317979361538,2,1,0.00438461737620849,1,0,0,0,0,0
CUST_1624,OFFER_0217,292,0.6941237430599453,1,1,0.0009765625,0,0,1,0,0,0
CUST_0013,OFFER_0167,570,1.896172216642062,2,1,1.2030250360821166,1,0,0,0,0,1
CUST_0911,OFFER_0739,554,1.9400040247741268,3,1,1.2468568442141816,1,1,0,0,0,1
CUST_1227,OFFER_0698,448,0.76494082774726,2,1,0.0717936471873147,1,0,0,0,0,1
CUST_2269,OFFER_0102,314,0.6963942035917531,2,1,0.0032470230318077642,1,0,0,0,0,0
CUST_0529,OFFER_0871,375,0.7064388549498024,2,1,0.013291674389857115,1,0,0,0,0,0
CUST_2571,OFFER_0167,506,0.9673534254836018,2,1,0.27420624492365653,1,0,0,0,0,1
CUST_2143,OFFER_1180,287,0.6948872171188132,2,1,0.0017400365588678497,1,0,0,0,0,0
CUST_1742,OFFER_0676,559,2.0926966678651566,3,1,1.3995494873052112,1,1,0,0,0,0
CUST_0685,OFFER_0698,534,1.2167942419702586,2,1,0.5236470614103134,1,0,0,0,0,1
CUST_1315,OFFER_0871,375,0.7130846921447309,3,1,0.019937511584785673,1,1,0,0,0,0
CUST_0753,OFFER_1295,508,1.1239090636838334,3,1,0.4307618831238881,0,1,0,0,0,1
CUST_0843,OFFER_0227,385,0.7182668710881397,3,1,0.02511969052819438,1,1,0,0,0,0
CUST_1136,OFFER_0411,505,0.9610905461940187,2,1,0.26794336563407334,1,0,0,0,0,1
CUST_1862,OFFER_0251,573,2.627202643219314,3,1,1.9340554626593687,0,1,0,0,0,1
CUST_1188,OFFER_1091,541,1.3087193872324034,2,1,0.6155722066724582,1,0,0,0,0,1
CUST_0140,OFFER_0592,525,1.1184807610353733,2,1,0.4253335804754279,1,0,0,0,0,0
CUST_1148,OFFER_0877,444,0.7586030632362345,2,1,0.06545588267628918,1,0,0,0,0,1
CUST_0914,OFFER_1224,519,1.0634215686315862,2,1,0.37027438807164104,1,0,0,0,0,1
CUST_1694,OFFER_0865,539,1.2809211337017496,2,1,0.5877739531418044,1,0,0,0,0,1
CUST_1045,OFFER_1006,536,1.2415596704072582,2,1,0.548412489847313,1,0,0,0,0,0
CUST_1024,OFFER_0863,518,1.0549644899200399,2,1,0.3618173093600946,1,0,0,0,0,1
CUST_0891,OFFER_0553,323,0.6991435119583639,3,1,0.005996331398418608,1,1,0,0,0,0
CUST_1513,OFFER_0382,409,0.7223044615454706,2,1,0.029157280985525242,1,0,0,0,0,0
CUST_2118,OFFER_0690,311,0.6976915499793801,3,1,0.004544369419434773,1,1,0,0,0,0
CUST_1899,OFFER_0411,550,1.4510054638151444,2,1,0.757858283255199,1,0,0,0,0,1
CUST_0426,OFFER_0382,411,0.7389515540803006,3,1,0.04580437352035527,1,1,0,0,0,0
CUST_0574,OFFER_0752,484,0.8580856694065571,2,1,0.1649384888466118,1,0,0,0,0,0
CUST_2466,OFFER_0411,557,1.5840458987002846,2,1,0.8908987181403394,1,0,0,0,0,1
CUST_2211,OFFER_0592,446,0.7616987417908594,2,1,0.0685515612309141,1,0,0,0,0,0
CUST_1645,OFFER_0071,243,0.694091543578822,3,1,0.0009443630188766442,1,1,0,0,0,0
CUST_2899,OFFER_0049,564,2.2640883647908856,3,1,1.5709411842309402,1,1,0,0,0,1
CUST_0743,OFFER_0039,488,0.8740558352399925,2,1,0.1809086546800473,1,0,0,0,0,1
CUST_1116,OFFER_0980,475,0.8941047047855003,3,1,0.20095752422555502,1,1,0,0,0,1
CUST_0837,OFFER_0352,537,1.254378204714632,2,1,0.5612310241546866,1,0,0,0,0,1
CUST_2573,OFFER_1140,276,0.6944967048567888,2,1,0.0013495242968435317,1,0,0,0,0,0
CUST_1531,OFFER_0503,398,0.7157607623949512,2,1,0.02261358183500591,1,0,0,0,0,0
CUST_0246,OFFER_1186,350,0.6968770305752203,1,1,0.003729850015275064,1,1,1,0,0,0
CUST_2753,OFFER_0553,320,0.6987419555828579,3,1,0.005594775022912596,1,1,0,0,0,0
CUST_2620,OFFER_1124,475,0.8271188633769819,2,1,0.13397168281703667,1,0,0,0,0,1
CUST_0667,OFFER_0071,212,0.6933009795162313,1,1,0.00015379895628599545,0,0,1,0,0,0
CUST_0416,OFFER_0702,271,0.6943494700261025,2,1,0.0012022894661571448,1,0,0,0,0,0
CUST_2832,OFFER_0651,310,0.6961075644789109,2,1,0.0029603839189656215,1,0,0,0,0,0
CUST_1028,OFFER_0741,453,1.1791979329455833,2,2,0.0805856442774737,1,0,0,0,0,1
CUST_0617,OFFER_0102,315,0.6981315584561417,3,1,0.004984377896196417,1,1,0,0,0,0
CUST_0052,OFFER_0651,312,0.6977977695793833,3,1,0.004650589019438086,1,1,0,0,0,0
CUST_1382,OFFER_1117,190,0.6932396925574129,1,1,9.251199746767555e-05,0,0,1,0,0,0
CUST_2562,OFFER_1161,519,1.0634215686315862,2,1,0.37027438807164104,1,0,0,0,0,0
CUST_0885,OFFER_0313,351,0.7007812428133379,2,1,0.0076340622533925505,1,0,0,0,0,0
CUST_0267,OFFER_0529,297,0.6953394892480496,2,1,0.0021923086881042446,1,0,0,0,0,0
CUST_1889,OFFER_1180,412,1.1298622886681096,2,2,0.031250000000000014,1,0,0,0,0,0
CUST_1991,OFFER_1180,305,0.695784582798555,2,1,0.0026374022386097453,1,0,0,0,0,0
CUST_2789,OFFER_0488,449,0.8033547967740337,3,1,0.11020761621408834,1,1,0,0,0,0
CUST_2288,OFFER_0145,35,0.693149756148069,1,1,2.57558812364233e-06,0,0,1,0,0,0
CUST_2988,OFFER_0227,464,0.7970519175777938,2,1,0.1039047370178485,1,0,0,0,0,0
CUST_1757,OFFER_1102,553,1.5053995769161808,2,1,0.8122523963562356,1,0,0,0,0,1
CUST_2758,OFFER_0690,308,0.695973878289321,2,1,0.0028266977293757403,1,0,0,0,0,0
CUST_1915,OFFER_0581,316,0.6965477686978208,2,1,0.0034005881378754853,1,0,0,0,0,0
CUST_1329,OFFER_0447,478,0.8367344749345746,2,1,0.1435872943746294,1,0,0,0,0,1
CUST_0458,OFFER_1047,507,1.3792278007454528,3,2,0.2806155120773433,1,1,0,0,0,1
CUST_2730,OFFER_0529,317,0.696627253677681,2,1,0.0034800731177357,1,0,0,0,0,0
CUST_1918,OFFER_1308,315,0.6964700991574095,2,1,0.0033229185974642784,1,0,0,0,0,0
CUST_0102,OFFER_0102,329,0.6977391645688656,2,1,0.004591984008920346,1,0,0,0,0,0
CUST_2048,OFFER_0313,317,0.696627253677681,2,1,0.0034800731177357,1,0,0,0,0,0
CUST_0439,OFFER_0937,238,0.6939885123629216,3,1,0.0008413318029763446,1,1,0,0,0,0
CUST_0310,OFFER_1171,242,0.6940699742976613,3,1,0.0009227937377159711,1,1,0,0,0,0
CUST_2133,OFFER_0411,513,1.1766610462247875,3,1,0.4835138656648422,1,1,0,0,0,1
CUST_0880,OFFER_0493,476,0.8988018642526876,3,1,0.2056546836927423,1,1,0,0,0,1
CUST_2911,OFFER_1128,512,1.0081274430336635,2,1,0.31498026247371824,1,0,0,0,0,1
CUST_0200,OFFER_0493,566,2.3383846501018843,3,1,1.6452374695419392,1,1,0,0,0,1
CUST_0638,OFFER_1180,372,0.7117495366376976,3,1,0.018602356077752347,1,1,0,0,0,0
CUST_1555,OFFER_1215,488,0.9645101625800162,3,1,0.2713629820200709,1,1,0,0,0,1
CUST_0150,OFFER_0752,469,0.8097763045020462,2,1,0.11662912394210094,1,0,0,0,0,0
CUST_1036,OFFER_0382,412,0.7243971805599453,2,1,0.031250000000000014,1,0,0,0,0,0
CUST_2263,OFFER_0812,456,0.7363319580589383,1,1,0.043184777498993,0,0,1,0,0,0
CUST_2045,OFFER_0184,318,0.6984893045163411,3,1,0.0053421239563958035,1,1,0,0,0,0
CUST_2517,OFFER_0812,542,1.3231077055073819,2,1,0.6299605249474366,1,0,0,0,0,0
CUST_1454,OFFER_0639,236,0.6939505191681201,3,1,0.000803338608174776,1,1,0,0,0,0
CUST_0307,OFFER_0411,523,1.099273378738063,2,1,0.4061261981781178,1,0,0,0,0,1
CUST_2291,OFFER_0919,420,0.7495389791262945,3,1,0.056391798566349224,1,1,0,0,0,0
CUST_1183,OFFER_1180,343,0.6963200414832118,1,1,0.0031728609232665483,1,0,1,0,0,0
CUST_0575,OFFER_1262,533,1.2048341265583329,2,1,0.5116869459983876,1,0,0,0,0,1
CUST_1024,OFFER_0167,518,1.2358731446000872,3,1,0.5427259640401418,1,1,0,0,0,1
CUST_2521,OFFER_0005,266,0.6942182987041783,2,1,0.0010711181442330337,1,0,0,0,0,0
CUST_0506,OFFER_1180,357,0.7063010326885708,3,1,0.01315385212862547,1,1,0,0,0,0
CUST_1450,OFFER_0871,371,0.7113246582376844,3,1,0.01817747767773909,1,1,0,0,0,0
CUST_2884,OFFER_0181,273,0.6944063312517809,2,1,0.001259150691835527,1,0,0,0,0,0
CUST_2589,OFFER_0863,555,1.9691479219862291,3,1,1.2760007414262837,1,1,0,0,0,1
CUST_1950,OFFER_0227,353,1.1085810444605024,3,2,0.009968755792392836,1,1,0,0,0,0
CUST_0772,OFFER_1180,410,0.7229859806821458,2,1,0.02983880012220052,1,0,0,0,0,0
CUST_1438,OFFER_1090,421,0.731620443476974,2,1,0.03847326291702865,1,0,0,0,0,0
CUST_0885,OFFER_0665,351,0.7045982739400342,3,1,0.011451093380088826,1,1,0,0,0,0
CUST_1412,OFFER_0520,443,0.7571080488097437,2,1,0.06396086824979844,1,0,0,0,0,1
CUST_1738,OFFER_0073,408,0.7216385083273895,2,1,0.028491327767444268,1,0,0,0,0,0
CUST_2941,OFFER_0009,357,0.7063010326885708,3,1,0.01315385212862547,1,1,0,0,0,0
CUST_2688,OFFER_0411,575,2.0434971267281354,2,1,1.35034994616819,1,0,0,0,0,1
CUST_0458,OFFER_1235,463,0.8454445048767394,3,1,0.15229732431679416,1,1,0,0,0,1
CUST_0119,OFFER_0529,291,0.6950556961232934,2,1,0.0019085155633481372,1,0,0,0,0,0
CUST_0053,OFFER_1210,444,0.7913310045743791,3,1,0.09818382401443378,1,1,0,0,0,0
CUST_2860,OFFER_0686,476,0.8988018642526876,3,1,0.2056546836927423,1,1,0,0,0,0
CUST_0876,OFFER_1323,399,0.7510025536961392,5,1,0.057855373136193954,0,0,1,0,0,1
CUST_1170,OFFER_0665,247,0.6938377145259478,2,1,0.0006905339660024883,1,0,0,0,0,0
CUST_2909,OFFER_0908,437,0.7209877655018309,1,1,0.027840584941885606,1,1,1,0,0,0
CUST_0066,OFFER_0888,564,1.740441303380572,2,1,1.0472941228206267,1,0,0,0,0,1
CUST_0021,OFFER_0871,278,0.6945605294246332,2,1,0.00141334886468787,1,0,0,0,0,0
CUST_2502,OFFER_0868,380,0.7304456807126959,5,1,0.037298500152750644,0,0,1,0,0,1
CUST_1505,OFFER_1308,167,0.6932015567024099,1,1,5.437614246462033e-05,0,0,1,0,0,0
CUST_0926,OFFER_0990,169,0.6932041283743702,1,1,5.694781442485395e-05,0,0,1,0,0,0
CUST_1644,OFFER_0525,538,1.2674963580584628,2,1,0.5743491774985175,1,0,0,0,0,1
CUST_1444,OFFER_0184,328,0.699877834983756,3,1,0.006730654423810759,1,1,0,0,0,0
CUST_0518,OFFER_1180,394,0.7137644916657717,2,1,0.02061731110582648,1,0,0,0,0,0
CUST_2091,OFFER_1180,346,0.6965477686978208,1,1,0.0034005881378754853,1,1,1,0,0,0
CUST_0540,OFFER_0217,532,1.1931471805599454,2,1,0.5,1,0,0,0,0,0
CUST_0594,OFFER_0690,308,0.695973878289321,2,1,0.0028266977293757403,1,0,0,0,0,0
CUST_0600,OFFER_1210,451,0.7700937063940025,2,1,0.07694652583405727,1,0,0,0,0,0
CUST_1486,OFFER_0358,514,1.5178396247930044,5,1,0.8246924442330592,0,0,1,0,0,1
CUST_0640,OFFER_1062,509,0.9870341571308475,2,1,0.29388697657090224,1,0,0,0,0,1
CUST_1222,OFFER_0922,514,1.4284892663613333,2,2,0.32987697769322366,1,0,0,0,0,1
CUST_1679,OFFER_0975,545,1.3683221536440402,2,1,0.675174973084095,1,0,0,0,0,1
CUST_0092,OFFER_1224,537,1.254378204714632,2,1,0.5612310241546866,1,0,0,0,0,1
CUST_2217,OFFER_0503,404,0.7191233648144074,2,1,0.025976184254462117,1,0,0,0,0,0
CUST_0507,OFFER_0556,35,0.693149756148069,1,1,2.57558812364233e-06,0,0,1,0,0,0
CUST_2543,OFFER_0073,310,0.6946273725194281,1,1,0.0014801919594828108,1,1,1,0,0,0
CUST_1307,OFFER_1131,236,0.6936827396320618,2,1,0.0005355590721165173,1,0,0,0,0,0
CUST_0617,OFFER_0871,357,0.7019164153123623,2,1,0.00876923475241698,1,0,0,0,0,0
CUST_1453,OFFER_0272,269,0.6942951765621753,2,1,0.0011479960022300862,1,0,0,0,0,0
CUST_1148,OFFER_0871,477,1.309073922726117,3,2,0.21046163405800744,1,1,0,0,0,0
CUST_0268,OFFER_1180,256,0.6944224011116485,3,1,0.0012752205517033066,1,1,0,0,0,0
CUST_1393,OFFER_0702,285,0.6956393695080435,3,1,0.002492188948098211,1,1,0,0,0,0
CUST_1433,OFFER_0352,442,0.7556471805599453,2,1,0.0625,1,0,0,0,0,1
CUST_2876,OFFER_0382,414,0.7422390925671623,3,1,0.04909191200721691,1,1,0,0,0,0
CUST_2705,OFFER_0888,462,0.7923597463079577,2,1,0.09921256574801246,1,0,0,0,0,1
CUST_0098,OFFER_0864,547,1.4002539617464929,2,1,0.7071067811865476,1,0,0,0,0,1
CUST_0802,OFFER_1180,310,0.6961075644789109,2,1,0.0029603839189656215,1,0,0,0,0,0
CUST_0653,OFFER_0233,494,0.9009566545956422,2,1,0.2078094740356969,1,0,0,0,0,1
CUST_2375,OFFER_0919,441,0.7847559276006559,3,1,0.09160874704071059,1,1,0,0,0,0
CUST_2097,OFFER_1192,567,1.8156092288693184,2,1,1.122462048309373,1,0,0,0,0,1
CUST_2219,OFFER_0998,462,0.7923597463079577,2,1,0.09921256574801246,1,0,0,0,0,1
CUST_1534,OFFER_0156,468,0.8071124916297223,2,1,0.11396531106977709,1,0,0,0,0,0
CUST_1521,OFFER_0556,71,0.6931530977076269,1,1,5.917147681555689e-06,0,0,1,0,0,0
CUST_1371,OFFER_0863,560,1.6479887844703618,2,1,0.9548416039104166,1,0,0,0,0,1
CUST_1653,OFFER_0841,437,0.7488283504437165,2,1,0.05568116988377121,1,0,0,0,0,0
CUST_1783,OFFER_1078,528,1.1490084248390537,2,1,0.45586124427910846,1,0,0,0,0,1
CUST_1587,OFFER_1254,322,0.6990065555599453,3,1,0.005859375,1,1,0,0,0,0
CUST_2261,OFFER_0313,327,0.6975317979361538,2,1,0.00438461737620849,1,0,0,0,0,0
CUST_1148,OFFER_0788,444,0.7913310045743791,3,1,0.09818382401443378,1,1,0,0,0,1
CUST_2929,OFFER_1154,415,0.7266401012642044,2,1,0.033492920704259174,1,0,0,0,0,0
CUST_1581,OFFER_0251,589,2.55921316363356,2,1,1.8660659830736148,1,0,0,0,0,1
CUST_1797,OFFER_1241,573,1.9825174889995245,2,1,1.2893703084395791,1,0,0,0,0,1
CUST_1153,OFFER_0156,571,1.9242915939048615,2,1,1.2311444133449163,1,0,0,0,0,0
CUST_1342,OFFER_0915,310,0.6975877564383938,3,1,0.0044405758784484325,1,1,0,0,0,0
CUST_0942,OFFER_1297,20,0.6931490017757731,1,1,1.8212158277710288e-06,0,0,1,0,0,0
CUST_0972,OFFER_0868,502,0.9431471805599454,2,1,0.25000000000000006,1,0,0,0,0,1
CUST_0120,OFFER_0411,537,1.254378204714632,2,1,0.5612310241546866,1,0,0,0,0,1
CUST_2754,OFFER_0850,367,0.709719995744005,3,1,0.01657281518405971,1,1,0,0,0,0
CUST_2830,OFFER_0788,495,0.9058139707976592,2,1,0.21266679023771393,1,0,0,0,0,1
CUST_1844,OFFER_0071,211,0.6932974667432149,1,1,0.00015028618326964332,0,0,1,0,0,0
CUST_0742,OFFER_0952,30,0.6931586535007344,5,1,1.1472940789052183e-05,0,0,0,0,1,0
CUST_0898,OFFER_0519,541,1.6165054905686325,3,1,0.9233583100086873,1,1,0,0,0,1
CUST_0395,OFFER_0123,581,2.24429194239368,2,1,1.5511447618337346,1,0,0,0,0,1
CUST_0094,OFFER_1180,382,0.7009596805599453,1,1,0.007812500000000002,1,1,1,0,0,0
CUST_0508,OFFER_0073,554,2.3454691328822914,3,2,1.2468568442141816,1,1,0,0,0,0
CUST_2299,OFFER_1059,307,1.1013744245321195,3,2,0.0027621358640099515,1,1,0,0,0,0
CUST_1349,OFFER_0386,493,0.8962102796490042,2,1,0.20306309908905892,1,0,0,0,0,0
CUST_0172,OFFER_0834,420,0.7871335115038607,5,1,0.09398633094391538,0,0,1,0,0,1
CUST_0648,OFFER_0919,432,0.7675566048709546,3,1,0.07440942431100933,1,1,0,0,0,0
CUST_0785,OFFER_0513,327,0.6975317979361538,2,1,0.00438461737620849,1,0,0,0,0,0
CUST_2476,OFFER_1180,278,0.6945605294246332,2,1,0.00141334886468787,1,0,0,0,0,0
CUST_0816,OFFER_1192,520,1.0720763221875447,2,1,0.3789291416275995,1,0,0,0,0,1
CUST_0093,OFFER_0529,300,1.1009619469417073,2,2,0.0023496582735978828,1,0,0,0,0,0
CUST_1162,OFFER_0469,503,0.948990653559139,2,1,0.2558434729991938,1,0,0,0,0,1
CUST_0655,OFFER_0877,536,1.2415596704072582,2,1,0.548412489847313,1,0,0,0,0,1
CUST_0986,OFFER_0834,440,1.2478062892791122,5,2,0.1491940006110026,0,0,1,0,0,1
CUST_0310,OFFER_0877,571,2.53986380057732,3,1,1.8467166200173746,1,1,0,0,0,1
CUST_0416,OFFER_0793,501,0.9374371726685068,2,1,0.2442899921085615,1,0,0,0,0,1
CUST_0310,OFFER_0824,553,1.5053995769161808,2,1,0.8122523963562356,1,0,0,0,0,1
CUST_1846,OFFER_0937,264,0.6941699287267623,2,1,0.0010227481668170185,1,0,0,0,0,0
CUST_1203,OFFER_0871,347,0.7001073267954167,2,1,0.0069601462354714,1,0,0,0,0,0
CUST_2913,OFFER_0325,557,2.0294952577704546,3,1,1.3363480772105092,1,1,0,0,0,1
CUST_1824,OFFER_0313,297,0.6964356435921016,3,1,0.003288463032156367,1,1,0,0,0,0
CUST_0215,OFFER_0709,567,1.8156092288693184,2,1,1.122462048309373,1,0,0,0,0,1
CUST_0609,OFFER_0788,567,1.8156092288693184,2,1,1.122462048309373,1,0,0,0,0,1
CUST_1359,OFFER_0686,478,0.8367344749345746,2,1,0.1435872943746294,1,0,0,0,0,0
CUST_1659,OFFER_1237,256,1.0994624357025784,2,2,0.0008501470344688711,1,0,0,0,0,0
CUST_0500,OFFER_0921,520,1.0720763221875447,2,1,0.3789291416275995,1,0,0,0,0,1
CUST_2351,OFFER_0633,327,0.699724106624258,3,1,0.006576926064312735,1,1,0,0,0,0
CUST_2754,OFFER_1059,367,0.7041957240159851,2,1,0.011048543456039808,1,0,0,0,0,0
CUST_0572,OFFER_0167,509,0.9870341571308475,2,1,0.29388697657090224,1,0,0,0,0,1
CUST_0928,OFFER_0778,538,1.2674963580584628,2,1,0.5743491774985175,1,0,0,0,0,1
CUST_0266,OFFER_1308,56,0.6931513646151962,1,1,4.184055250910289e-06,0,0,1,0,0,0
CUST_2934,OFFER_0827,51,0.6931509081294049,1,1,3.7275694596643313e-06,0,0,1,0,0,0
CUST_1564,OFFER_0503,406,0.733954238214451,3,1,0.0408070576545058,1,1,0,0,0,0
CUST_0650,OFFER_0343,580,2.2088637470703434,2,1,1.5157165665103982,1,0,0,0,0,1
CUST_1255,OFFER_1308,338,0.695973878289321,1,1,0.0028266977293757403,1,1,1,0,0,0
CUST_2603,OFFER_1059,396,0.72553576368419,3,1,0.032388583124244745,1,1,0,0,0,0
CUST_0509,OFFER_0788,469,0.8097763045020462,2,1,0.11662912394210094,1,0,0,0,0,1
CUST_1953,OFFER_1237,253,0.6939403957907619,2,1,0.0007932152308166369,1,0,0,0,0,0
CUST_0458,OFFER_0868,462,0.841966029181964,3,1,0.1488188486220187,1,1,0,0,0,1
CUST_0493,OFFER_0875,526,1.1284224622080075,2,1,0.4352752816480622,1,0,0,0,0,1
CUST_2598,OFFER_1308,168,0.693202827684491,1,1,5.56471245457896e-05,0,0,1,0,0,0
CUST_2621,OFFER_0992,562,3.1931471805599454,5,1,2.5,1,1,1,0,0,1
CUST_1227,OFFER_1171,465,1.258112381346395,3,2,0.15950009267828552,1,1,0,0,0,0
CUST_1735,OFFER_0992,589,2.55921316363356,2,1,1.8660659830736148,1,0,0,0,0,1
CUST_2960,OFFER_0003,440,0.7826635809265469,3,1,0.08951640036660156,1,1,0,0,0,1
CUST_0716,OFFER_1131,314,0.6963942035917531,2,1,0.0032470230318077642,1,0,0,0,0,0
CUST_0575,OFFER_0043,533,1.2048341265583329,2,1,0.5116869459983876,1,0,0,0,0,1
CUST_1212,OFFER_0411,550,1.8299346054427437,3,1,1.1367874248827985,0,1,0,0,0,1
CUST_2167,OFFER_0107,562,1.6931471805599454,2,1,1.0,1,0,0,0,0,1
CUST_0234,OFFER_0313,283,0.6955268262523951,3,1,0.002379645692449911,1,1,0,0,0,0
CUST_2745,OFFER_0752,475,0.8941047047855003,3,1,0.20095752422555502,1,1,0,0,0,0
CUST_2555,OFFER_1154,412,0.7243971805599453,2,1,0.031250000000000014,1,0,0,0,0,0
CUST_2491,OFFER_1247,107,0.6931607745955615,1,1,1.3594035616155081e-05,0,0,1,0,0,0
CUST_2780,OFFER_1096,511,1.4626124389005182,5,1,0.7694652583405728,0,0,1,0,0,1
CUST_0392,OFFER_0529,298,0.6965125077718507,3,1,0.003365327211905379,1,1,0,0,0,0
CUST_0573,OFFER_0449,442,0.7556471805599453,2,1,0.0625,1,0,0,0,0,1
CUST_2943,OFFER_0907,448,0.76494082774726,2,1,0.0717936471873147,1,0,0,0,0,1
CUST_0885,OFFER_1090,351,0.7007812428133379,2,1,0.0076340622533925505,1,0,0,0,0,0
CUST_0080,OFFER_1090,303,0.6944063312517809,1,1,0.001259150691835527,1,1,1,0,0,0
CUST_1178,OFFER_0919,428,0.760987926064963,3,1,0.06784074550501773,1,1,0,0,0,0
CUST_0914,OFFER_0411,568,2.247310643665145,2,2,1.148698354997035,1,0,0,0,0,1
CUST_0961,OFFER_1171,268,0.6937080684285962,1,1,0.0005608878686508965,1,1,1,0,0,0
CUST_1692,OFFER_0452,394,0.7446904583245115,5,1,0.0515432777645662,0,0,1,0,0,1
CUST_1036,OFFER_1247,32,0.6931495836686372,1,1,2.4031086919686777e-06,0,0,1,0,0,0
CUST_0274,OFFER_0411,576,2.075060060527721,2,1,1.381912879967776,1,0,0,0,0,1
CUST_2813,OFFER_1154,417,0.7282241195696132,2,1,0.0350769390096679,1,0,0,0,0,0
CUST_2417,OFFER_0529,250,0.6942573245295574,3,1,0.001110143969612109,1,1,0,0,0,0
CUST_2035,OFFER_0401,258,0.6944827115490443,3,1,0.0013355309890989507,1,1,0,0,0,0
CUST_1483,OFFER_0129,523,1.3023364778271218,3,1,0.6091892972671766,1,1,0,0,0,0
CUST_1783,OFFER_1063,528,1.1490084248390537,2,1,0.45586124427910846,1,0,0,0,0,1
CUST_0939,OFFER_1091,449,0.7666189247026709,2,1,0.07347174414272556,1,0,0,0,0,1
CUST_1496,OFFER_0411,528,1.1490084248390537,2,1,0.45586124427910846,1,0,0,0,0,1
CUST_1989,OFFER_0401,326,0.6995738894253435,3,1,0.006426708865398204,1,1,0,0,0,0
CUST_2048,OFFER_1180,317,0.6983672902365489,3,1,0.00522010967660355,1,1,0,0,0,0
CUST_0281,OFFER_0915,308,0.695973878289321,2,1,0.0028266977293757403,1,0,0,0,0,0
CUST_0575,OFFER_0917,533,1.2048341265583329,2,1,0.5116869459983876,1,0,0,0,0,1
CUST_0713,OFFER_0411,530,1.1705679825151536,2,1,0.47742080195520825,1,0,0,0,0,1
CUST_2393,OFFER_0698,519,1.0634215686315862,2,1,0.37027438807164104,1,0,0,0,0,1
CUST_2733,OFFER_1210,444,0.7913310045743791,3,1,0.09818382401443378,1,1,0,0,0,0
CUST_0971,OFFER_0529,360,0.7072451302015326,3,1,0.0140979496415873,1,1,0,0,0,0
CUST_2167,OFFER_0630,562,2.1931471805599454,3,1,1.5,1,1,0,0,0,1
CUST_1703,OFFER_0942,295,0.6952404881039614,2,1,0.0020933075440161997,1,0,0,0,0,0
CUST_0264,OFFER_0129,523,1.9954836583870672,3,3,0.6091892972671766,1,1,0,0,0,0
CUST_1400,OFFER_1186,352,0.7009596805599453,2,1,0.007812500000000002,1,0,0,0,0,0
CUST_0736,OFFER_0411,576,2.7660165005116095,3,1,2.072869319951664,0,1,0,0,0,1
CUST_0417,OFFER_1090,468,0.8071124916297223,2,1,0.11396531106977709,1,0,0,0,0,0
CUST_0574,OFFER_1289,452,0.7718922461783748,2,1,0.07874506561842959,1,0,0,0,0,1
CUST_1368,OFFER_0665,448,0.76494082774726,2,1,0.0717936471873147,1,0,0,0,0,0
CUST_2094,OFFER_0167,586,2.4342483071521936,2,1,1.7411011265922482,1,0,0,0,0,1
CUST_0950,OFFER_0788,534,1.2167942419702586,2,1,0.5236470614103134,1,0,0,0,0,1
CUST_0136,OFFER_0529,241,0.6940488976595631,3,1,0.0009017170996178585,1,1,0,0,0,0
CUST_2423,OFFER_0071,234,0.693914241685058,3,1,0.0007670611251127639,1,1,0,0,0,0
CUST_0554,OFFER_0177,537,1.254378204714632,2,1,0.5612310241546866,1,0,0,0,0,1
CUST_0003,OFFER_0937,269,0.6948691745632904,3,1,0.0017219940033451294,1,1,0,0,0,0
CUST_1225,OFFER_0665,339,0.6989327178735647,2,1,0.005785537313619394,1,0,0,0,0,0
CUST_1667,OFFER_0877,438,0.7501298360948339,2,1,0.05698265553488854,1,0,0,0,0,1
CUST_1384,OFFER_0181,257,0.6940171988393792,2,1,0.0008700182794339247,1,0,0,0,0,0
CUST_1196,OFFER_0937,266,1.1002189658844592,3,2,0.0016066772163495506,1,1,0,0,0,0
CUST_2188,OFFER_0233,363,0.7183301943966558,5,1,0.02518301383671052,0,0,1,0,0,1
CUST_1248,OFFER_0788,572,2.3585333385629825,2,2,1.2599210498948732,1,0,0,0,0,1
CUST_0631,OFFER_1171,419,0.729883052631308,2,1,0.03673587207136277,1,0,0,0,0,0
CUST_1154,OFFER_1171,486,0.9522558455539033,3,1,0.259108664993958,1,1,0,0,0,0
CUST_2235,OFFER_0850,396,0.7147395693094418,2,1,0.021592388749496497,1,0,0,0,0,0
CUST_1381,OFFER_0841,400,0.7168302519116703,2,1,0.02368307135172498,1,0,0,0,0,0
CUST_0752,OFFER_0850,279,0.6953167570525526,3,1,0.002169576492607272,1,1,0,0,0,0
CUST_2943,OFFER_0503,393,0.7233667971639979,3,1,0.030219616604052632,1,1,0,0,0,0
CUST_2800,OFFER_0915,328,0.6953907320345488,1,1,0.0022435514746035863,1,1,1,0,0,0
CUST_1594,OFFER_0690,310,0.6975877564383938,3,1,0.0044405758784484325,1,1,0,0,0,0
CUST_0236,OFFER_0690,314,0.698017715107657,3,1,0.004870534547711646,1,1,0,0,0,0
CUST_1097,OFFER_1289,483,0.9349041133923663,3,1,0.24175693283242108,1,1,0,0,0,1
CUST_0575,OFFER_0335,533,1.2048341265583329,2,1,0.5116869459983876,1,0,0,0,0,1
CUST_1377,OFFER_0639,237,0.6939692963179844,3,1,0.0008221157580390924,1,1,0,0,0,0
CUST_1424,OFFER_0251,590,2.602830388380778,2,1,1.909683207820833,1,0,0,0,0,1
CUST_0952,OFFER_0778,571,1.9242915939048615,2,1,1.2311444133449163,1,0,0,0,0,1
CUST_0207,OFFER_0184,324,0.6972381732272134,2,1,0.004090992667268075,1,0,0,0,0,0
CUST_1504,OFFER_0907,531,1.1817271647770682,2,1,0.48857998421712295,1,0,0,0,0,1
CUST_2104,OFFER_0005,232,0.6938796024349453,3,1,0.0007324218750000004,1,1,0,0,0,0
CUST_0881,OFFER_1289,544,1.3529011359463925,2,1,0.6597539553864472,1,0,0,0,0,1
CUST_1222,OFFER_1034,506,0.9673534254836018,2,1,0.27420624492365653,1,0,0,0,0,1
CUST_0264,OFFER_0411,489,1.5714315551557112,2,3,0.1851371940358206,1,0,0,0,0,1
CUST_2237,OFFER_0251,578,2.1404164180003233,2,1,1.4472692374403782,1,0,0,0,0,1
CUST_2678,OFFER_1323,528,1.3769390469786078,3,1,0.6837918664186626,1,1,0,0,0,1
CUST_0176,OFFER_1090,550,1.4510054638151444,2,1,0.757858283255199,1,0,0,0,0,0
CUST_2725,OFFER_1180,302,0.6968383555108092,3,1,0.003691174950863885,1,1,0,0,0,0
CUST_2612,OFFER_0919,416,0.7445608514831309,3,1,0.0514136709231856,1,1,0,0,0,0
CUST_2919,OFFER_1237,255,0.6939779102093113,2,1,0.0008307296493660701,1,0,0,0,0,0
CUST_2302,OFFER_0850,294,0.6962154250603964,3,1,0.0030682445004510555,1,1,0,0,0,0
CUST_2261,OFFER_0184,327,0.6975317979361538,2,1,0.00438461737620849,1,0,0,0,0,0
CUST_0575,OFFER_1204,533,1.2048341265583329,2,1,0.5116869459983876,1,0,0,0,0,1
CUST_0144,OFFER_0411,580,2.2088637470703434,2,1,1.5157165665103982,1,0,0,0,0,1
CUST_2461,OFFER_0005,264,0.6946813028101708,3,1,0.0015341222502255278,1,1,0,0,0,0
CUST_2955,OFFER_0411,527,1.8067705782353696,5,1,1.1136233976754242,0,0,1,0,0,1
CUST_2635,OFFER_0411,555,1.9691479219862291,3,1,1.2760007414262837,0,1,0,0,0,1
CUST_0615,OFFER_0167,568,1.8418455355569803,2,1,1.148698354997035,1,0,0,0,0,1
CUST_1980,OFFER_1125,553,1.5053995769161808,2,1,0.8122523963562356,1,0,0,0,0,1
CUST_2182,OFFER_1247,61,0.6931518770031725,1,1,4.696443227176352e-06,0,0,1,0,0,0
CUST_1162,OFFER_0129,519,1.2485587626674068,3,1,0.5554115821074616,1,1,0,0,0,0
CUST_0273,OFFER_0352,514,1.023024158253169,2,1,0.32987697769322366,1,0,0,0,0,1
CUST_2783,OFFER_0559,254,0.6939589363178972,2,1,0.0008117557579519408,1,0,0,0,0,0
CUST_1585,OFFER_0592,556,1.1284224622080075,1,1,0.43527528164806206,1,1,1,0,0,0
CUST_1887,OFFER_0863,441,0.8458284256277963,5,1,0.15268124506785097,0,0,1,0,0,1
CUST_0422,OFFER_1180,383,0.7091373976223949,2,1,0.01599021706244961,1,0,0,0,0,0
CUST_1220,OFFER_0167,587,2.4749446168406237,2,1,1.7817974362806785,1,0,0,0,0,1
CUST_2610,OFFER_1210,416,0.7445608514831309,3,1,0.0514136709231856,1,1,0,0,0,0
CUST_1034,OFFER_0592,460,0.7878794659668452,2,1,0.09473228540689993,1,0,0,0,0,0
CUST_1641,OFFER_0690,309,0.6960399492167549,2,1,0.002892768656809697,1,0,0,0,0,0
CUST_0787,OFFER_1006,462,0.841966029181964,3,1,0.1488188486220187,1,1,0,0,0,0
CUST_2470,OFFER_0871,455,0.7775440521954572,2,1,0.08439687163551189,1,0,0,0,0,0
CUST_2905,OFFER_0411,528,1.1490084248390537,2,1,0.45586124427910846,1,0,0,0,0,1
CUST_0872,OFFER_0871,277,0.6952187824579528,3,1,0.0020716018980074633,1,1,0,0,0,0
CUST_2607,OFFER_1247,91,0.6931565734463997,1,1,9.392886454352706e-06,0,0,1,0,0,0
CUST_0575,OFFER_0758,533,1.2048341265583329,2,1,0.5116869459983876,1,0,0,0,0,1
CUST_2694,OFFER_0665,452,0.7718922461783748,2,1,0.07874506561842959,1,0,0,0,0,0
CUST_0093,OFFER_0357,249,0.6942319688062489,3,1,0.001084788246303636,1,1,0,0,0,0
CUST_1887,OFFER_0124,476,1.44137009482268,5,2,0.3427578061545705,0,0,1,0,0,1
CUST_2283,OFFER_0325,556,1.5636977438560695,2,1,0.8705505632961241,1,0,0,0,0,1
CUST_2202,OFFER_0901,445,0.7601330219684637,2,1,0.06698584140851835,1,0,0,0,0,0
CUST_2612,OFFER_0005,253,0.6939403957907619,2,1,0.0007932152308166369,1,0,0,0,0,0
CUST_2943,OFFER_0642,491,1.2925053838973264,2,2,0.1938930952292168,1,0,0,0,0,1
CUST_2919,OFFER_0851,570,2.49768473468312,3,1,1.804537554123175,1,1,0,0,0,0
CUST_2840,OFFER_0124,476,0.8988018642526876,3,1,0.2056546836927423,1,1,0,0,0,1
CUST_1285,OFFER_0503,431,1.171322199379066,3,2,0.07270991071095632,1,1,0,0,0,0
CUST_0885,OFFER_1186,351,0.7045982739400342,3,1,0.011451093380088826,1,1,0,0,0,0
CUST_2021,OFFER_0651,309,0.6960399492167549,2,1,0.002892768656809697,1,0,0,0,0,0
CUST_1137,OFFER_0073,420,0.7495389791262945,3,1,0.056391798566349224,1,1,0,0,0,0
CUST_2943,OFFER_0820,525,1.3311475512730873,3,1,0.6380003707131419,1,1,0,0,0,1
CUST_1637,OFFER_1289,524,1.108766128631339,2,1,0.4156189480713939,1,0,0,0,0,1
CUST_0199,OFFER_0690,310,0.6975877564383938,3,1,0.0044405758784484325,1,1,0,0,0,0
CUST_2753,OFFER_1120,320,0.6987419555828579,3,1,0.005594775022912596,1,1,0,0,0,0
CUST_1169,OFFER_0075,198,0.6932584748090369,1,1,0.0001112942490915792,0,0,1,0,0,0
CUST_1148,OFFER_0251,444,0.7913310045743791,3,1,0.09818382401443378,1,1,0,0,0,1
CUST_2696,OFFER_1247,118,0.6931647083058406,1,1,1.7527745895340508e-05,0,0,1,0,0,0
CUST_2204,OFFER_0908,398,0.7270675533124542,3,1,0.033920372752508865,1,1,0,0,0,0
CUST_0836,OFFER_1213,210,0.6932940342020452,1,1,0.00014685364209986775,0,0,1,0,0,0
CUST_1762,OFFER_0399,489,0.8782843745957659,2,1,0.1851371940358206,1,0,0,0,0,1
CUST_0465,OFFER_1180,291,0.6950556961232934,2,1,0.0019085155633481372,1,0,0,0,0,0
CUST_2461,OFFER_0102,315,0.6964700991574095,2,1,0.0033229185974642784,1,0,0,0,0,0
CUST_1555,OFFER_0006,265,0.6947171612179575,3,1,0.0015699806580121494,1,1,0,0,0,0
CUST_0665,OFFER_0282,552,1.8836979695360947,3,1,1.1905507889761495,0,1,0,0,0,1
CUST_0719,OFFER_0073,446,0.7616987417908594,2,1,0.0685515612309141,1,0,0,0,0,0
CUST_1926,OFFER_0850,391,0.7220021277477168,3,1,0.02885494718777146,1,1,0,0,0,0
CUST_0627,OFFER_0919,439,0.780619023516521,3,1,0.0874718429565757,1,1,0,0,0,0
CUST_2422,OFFER_0877,538,1.5546709468077218,3,1,0.8615237662477764,1,1,0,0,0,1
CUST_0575,OFFER_0279,533,1.2048341265583329,2,1,0.5116869459983876,1,0,0,0,0,1
CUST_0575,OFFER_0981,533,1.2048341265583329,2,1,0.5116869459983876,1,0,0,0,0,1
CUST_0757,OFFER_0980,538,1.2674963580584628,2,1,0.5743491774985175,1,0,0,0,0,1
CUST_0648,OFFER_1310,432,0.7675566048709546,3,1,0.07440942431100933,1,1,0,0,0,0
CUST_0627,OFFER_1310,439,0.780619023516521,3,1,0.0874718429565757,1,1,0,0,0,0
CUST_0269,OFFER_1308,275,0.6944658816792502,2,1,0.0013187011193048737,1,0,0,0,0,0
CUST_1644,OFFER_0738,526,1.1284224622080075,2,1,0.4352752816480622,1,0,0,0,0,1
CUST_0574,OFFER_1154,411,0.7389515540803006,3,1,0.04580437352035527,1,1,0,0,0,0
CUST_1555,OFFER_0071,244,1.0992565796401665,2,2,0.0006442909720570778,1,0,0,0,0,0
CUST_2072,OFFER_1308,274,0.6944357625040595,2,1,0.0012885819441141545,1,0,0,0,0,0
CUST_0542,OFFER_0411,583,3.129904369628652,3,1,2.4367571890687065,0,1,0,0,0,1
CUST_2379,OFFER_1155,487,0.8699238758565822,2,1,0.1767766952966369,1,0,0,0,0,1
CUST_0480,OFFER_1090,445,0.7936259426727228,3,1,0.10047876211277752,1,1,0,0,0,0
CUST_0252,OFFER_0871,305,0.695784582798555,2,1,0.0026374022386097453,1,0,0,0,0,0
CUST_1683,OFFER_0382,410,0.7229859806821458,2,1,0.02983880012220052,1,0,0,0,0,0
CUST_2344,OFFER_0871,293,0.6961453462591546,3,1,0.002998165699209303,1,1,0,0,0,0
CUST_0893,OFFER_0870,519,1.0634215686315862,2,1,0.37027438807164104,1,0,0,0,0,1
CUST_1897,OFFER_0181,330,1.1056612634889031,3,2,0.00704897482079365,1,1,0,0,0,0
CUST_2249,OFFER_1180,338,0.7016272737480725,3,1,0.008480093188127221,1,1,0,0,0,0
CUST_1249,OFFER_1154,425,0.7353456163777012,2,1,0.04219843581775594,1,0,0,0,0,0
CUST_0098,OFFER_1305,579,2.1742447328465095,2,1,1.4810975522865644,1,0,0,0,0,1
CUST_1320,OFFER_1090,298,0.6965125077718507,3,1,0.003365327211905379,1,1,0,0,0,0
CUST_0127,OFFER_0980,560,1.6479887844703618,2,1,0.9548416039104166,1,0,0,0,0,1
CUST_1983,OFFER_0812,425,0.7564448342865792,3,1,0.0632976537266339,1,1,0,0,0,0
CUST_2598,OFFER_0990,168,0.693202827684491,1,1,5.56471245457896e-05,0,0,1,0,0,0
CUST_0674,OFFER_1295,509,1.1339776454162986,3,1,0.44083046485635335,1,1,0,0,0,1
CUST_0189,OFFER_0788,575,2.0434971267281354,2,1,1.35034994616819,1,0,0,0,0,1
CUST_1644,OFFER_0875,526,1.1284224622080075,2,1,0.4352752816480622,1,0,0,0,0,1
CUST_1700,OFFER_0867,578,2.8640510367205128,3,1,2.1709038561605674,1,1,0,0,0,0
CUST_0260,OFFER_0123,569,1.868695086843554,2,1,1.1755479062836087,1,0,0,0,0,1
CUST_0453,OFFER_0005,236,0.6936827396320618,2,1,0.0005355590721165173,1,0,0,0,0,0
CUST_0738,OFFER_0411,575,2.0434971267281354,2,1,1.35034994616819,1,0,0,0,0,1
CUST_0799,OFFER_1230,530,1.1705679825151536,2,1,0.47742080195520825,1,0,0,0,0,1
CUST_2670,OFFER_0411,544,1.3529011359463925,2,1,0.6597539553864472,1,0,0,0,0,1
CUST_2037,OFFER_0863,550,1.4510054638151444,2,1,0.757858283255199,1,0,0,0,0,1
CUST_1281,OFFER_1090,341,0.7022359193988148,3,1,0.009088738838869546,1,1,0,0,0,0
CUST_0092,OFFER_0456,537,1.254378204714632,2,1,0.5612310241546866,1,0,0,0,0,1
CUST_2460,OFFER_0227,260,0.694079643063764,2,1,0.0009324625038187667,1,0,0,0,0,0
CUST_1282,OFFER_0739,538,1.2674963580584628,2,1,0.5743491774985175,1,0,0,0,0,1
CUST_1295,OFFER_0592,485,0.7775440521954572,1,1,0.08439687163551186,1,1,1,0,0,0
CUST_1436,OFFER_0841,435,1.1783623350072523,3,2,0.07975004633914275,1,1,0,0,0,0
CUST_1696,OFFER_0071,191,0.6932418549228502,1,1,9.467436290489106e-05,0,0,1,0,0,0
CUST_0021,OFFER_1171,278,0.6945605294246332,2,1,0.00141334886468787,1,0,0,0,0,0
CUST_1854,OFFER_0282,391,0.7412387592062311,5,1,0.04809157864628577,0,0,1,0,0,1
CUST_2687,OFFER_0762,461,0.7900937281745537,2,1,0.09694654761460839,1,0,0,0,0,1
CUST_0860,OFFER_1295,508,1.1239090636838334,3,1,0.4307618831238881,0,1,0,0,0,1
CUST_0643,OFFER_0005,257,0.6944522079790961,3,1,0.001305027419150887,1,1,0,0,0,0
CUST_0015,OFFER_1090,328,0.6953907320345488,1,1,0.0022435514746035863,1,1,1,0,0,0
CUST_2932,OFFER_0919,433,0.74391295533221,2,1,0.05076577477226472,1,0,0,0,0,0
CUST_0710,OFFER_0184,316,0.6965477686978208,2,1,0.0034005881378754853,1,0,0,0,0,0
CUST_0780,OFFER_0651,309,0.6974863335451599,3,1,0.004339152985214545,1,1,0,0,0,0
CUST_2749,OFFER_1180,234,0.693914241685058,3,1,0.0007670611251127639,1,1,0,0,0,0
CUST_2334,OFFER_1180,449,1.459766105262616,3,3,0.07347174414272556,1,1,0,0,0,0
CUST_2590,OFFER_0595,363,0.7032203860946294,2,1,0.010073205534684208,1,0,0,0,0,0
CUST_1613,OFFER_0788,570,2.49768473468312,3,1,1.804537554123175,1,1,0,0,0,1
CUST_2929,OFFER_0711,471,0.815292176614226,2,1,0.12214499605428074,1,0,0,0,0,1
CUST_2334,OFFER_0686,479,0.8400906688453964,2,1,0.14694348828545112,1,0,0,0,0,0
CUST_0392,OFFER_0812,298,0.6953907320345488,2,1,0.002243551474603586,1,0,0,0,0,0
CUST_2762,OFFER_0838,490,0.882611751373745,2,1,0.18946457081379978,1,0,0,0,0,1
CUST_0184,OFFER_0769,572,1.9530682304548184,2,1,1.2599210498948732,1,0,0,0,0,1
CUST_2306,OFFER_0184,324,0.6972381732272134,2,1,0.004090992667268075,1,0,0,0,0,0
CUST_1792,OFFER_0868,562,1.6931471805599454,2,1,1.0,1,0,0,0,0,1
CUST_0287,OFFER_0411,564,2.1459064114887365,2,2,1.0472941228206267,1,0,0,0,0,1
CUST_0680,OFFER_0877,518,1.0549644899200399,2,1,0.3618173093600946,1,0,0,0,0,1
CUST_1091,OFFER_0877,564,1.740441303380572,2,1,1.0472941228206267,1,0,0,0,0,1
CUST_1117,OFFER_0085,491,0.8870402757891621,2,1,0.1938930952292168,1,0,0,0,0,1
CUST_0010,OFFER_0665,472,0.8806471805599453,3,1,0.1875,1,1,0,0,0,0
CUST_1026,OFFER_0073,438,0.7501298360948339,2,1,0.05698265553488854,1,0,0,0,0,0
CUST_2627,OFFER_1084,419,0.7482509886669895,3,1,0.055103808107044155,1,1,0,0,0,0
CUST_0825,OFFER_0525,527,1.138596539630115,2,1,0.44544935907016964,1,0,0,0,0,1
CUST_2210,OFFER_0181,327,1.1051892147324223,3,2,0.006576926064312735,1,1,0,0,0,0
CUST_0306,OFFER_0788,571,1.9242915939048615,2,1,1.2311444133449163,1,0,0,0,0,1
CUST_0280,OFFER_1140,330,0.6978464971071411,2,1,0.004699316547195766,1,0,0,0,0,0
CUST_1711,OFFER_1090,555,1.5438143415108012,2,1,0.8506671609508558,1,0,0,0,0,0
CUST_0264,OFFER_0498,516,1.2113645105478614,3,1,0.518217329987916,1,1,0,0,0,1
CUST_0931,OFFER_0992,569,2.4564690399853584,3,1,1.763321859425413,1,1,0,0,0,1
CUST_0573,OFFER_0665,442,0.7556471805599453,2,1,0.0625,1,0,0,0,0,0
CUST_1990,OFFER_0651,311,0.6976915499793801,3,1,0.004544369419434773,1,1,0,0,0,0
CUST_0493,OFFER_0868,526,1.3460601030320385,3,1,0.6529129224720933,1,1,0,0,0,1
CUST_2984,OFFER_0788,576,2.075060060527721,2,1,1.381912879967776,1,0,0,0,0,1
CUST_2905,OFFER_0282,528,1.1490084248390537,2,1,0.45586124427910846,1,0,0,0,0,1
CUST_0325,OFFER_0553,317,0.696627253677681,2,1,0.0034800731177357,1,0,0,0,0,0
CUST_1444,OFFER_0437,516,1.0386254005518893,2,1,0.34547821999194406,1,0,0,0,0,1
CUST_1401,OFFER_1140,292,0.6960768680599453,3,1,0.0029296875,1,1,0,0,0,0
CUST_1728,OFFER_0919,419,0.729883052631308,2,1,0.03673587207136277,1,0,0,0,0,0
CUST_1065,OFFER_0690,309,1.1029514416533241,3,2,0.004339152985214545,1,1,0,0,0,0
CUST_0254,OFFER_0352,449,0.7666189247026709,2,1,0.07347174414272556,1,0,0,0,0,1
CUST_1232,OFFER_1261,173,0.6932096423453454,1,1,6.24617854001938e-05,0,0,1,0,0,0
CUST_1405,OFFER_1210,416,0.7274229611754024,2,1,0.034275780615457066,1,0,0,0,0,0
CUST_1903,OFFER_0651,310,0.6961075644789109,2,1,0.0029603839189656215,1,0,0,0,0,0
CUST_1637,OFFER_0129,523,1.3023364778271218,3,1,0.6091892972671766,1,1,0,0,0,0
CUST_2676,OFFER_1180,354,0.7013291658944815,2,1,0.00818198533453615,1,0,0,0,0,0
CUST_0950,OFFER_0437,524,1.108766128631339,2,1,0.4156189480713939,1,0,0,0,0,1
CUST_1716,OFFER_1227,562,1.6931471805599454,2,1,1.0,1,0,0,0,0,0
CUST_2082,OFFER_0648,558,2.0607309133972707,3,1,1.3675837328373253,1,1,0,0,0,1
CUST_1983,OFFER_1192,460,1.1933445740750095,2,2,0.09473228540689993,1,0,0,0,0,1
CUST_0900,OFFER_0665,292,0.6960768680599453,3,1,0.0029296875,1,1,0,0,0,0
CUST_2600,OFFER_1154,412,0.7400221805599453,3,1,0.04687500000000002,1,1,0,0,0,0
CUST_0923,OFFER_1102,575,2.0434971267281354,2,1,1.35034994616819,1,0,0,0,0,1
CUST_2334,OFFER_0085,515,1.0307346671019928,2,1,0.33758748654204745,1,0,0,0,0,1
CUST_0233,OFFER_1215,370,0.7227510197496015,5,1,0.02960383918965622,0,0,1,0,0,1
CUST_0467,OFFER_1090,376,0.7067495331114473,2,1,0.013602352551501943,1,0,0,0,0,0
CUST_0631,OFFER_0382,417,0.7106856500647792,1,1,0.01753846950483395,1,1,1,0,0,0
CUST_1543,OFFER_0310,268,0.6937080684285962,1,1,0.0005608878686508965,1,1,1,0,0,0
CUST_2061,OFFER_0167,537,1.254378204714632,2,1,0.5612310241546866,1,0,0,0,0,1
CUST_0458,OFFER_0796,462,0.7923597463079577,2,1,0.09921256574801246,1,0,0,0,0,1
CUST_1561,OFFER_1261,169,0.6932041283743702,1,1,5.694781442485395e-05,0,0,1,0,0,0
CUST_1235,OFFER_0005,238,0.6937080684285962,2,1,0.0005608878686508964,1,0,0,0,0,0
CUST_2911,OFFER_0772,270,0.6943220096967442,2,1,0.0011748291367989422,1,0,0,0,0,0
CUST_0159,OFFER_1090,364,0.7034558361128586,2,1,0.01030865555291324,1,0,0,0,0,0
CUST_0499,OFFER_0788,510,1.3993685476886388,2,2,0.30075625902052916,1,0,0,0,0,1
CUST_1148,OFFER_1289,444,0.7913310045743791,3,1,0.09818382401443378,1,1,0,0,0,1
CUST_0655,OFFER_0614,536,1.5157659153309146,3,1,0.8226187347709695,1,1,0,0,0,1
CUST_0655,OFFER_1289,536,1.5157659153309146,3,1,0.8226187347709695,1,1,0,0,0,1
CUST_1028,OFFER_1215,445,0.7601330219684637,2,1,0.06698584140851835,1,0,0,0,0,1
CUST_2116,OFFER_1241,572,1.9530682304548184,2,1,1.2599210498948732,1,0,0,0,0,1
CUST_2184,OFFER_0878,547,1.4002539617464929,2,1,0.7071067811865476,1,0,0,0,0,1
CUST_1634,OFFER_1289,535,1.229033911828092,2,1,0.5358867312681466,1,0,0,0,0,1
CUST_1634,OFFER_1005,535,1.229033911828092,2,1,0.5358867312681466,1,0,0,0,0,1
CUST_2749,OFFER_1308,234,0.6936585546433538,2,1,0.0005113740834085093,1,0,0,0,0,0
CUST_1273,OFFER_0005,238,0.6937080684285962,2,1,0.0005608878686508964,1,0,0,0,0,0
CUST_0313,OFFER_0382,411,0.7389515540803006,3,1,0.04580437352035527,1,1,0,0,0,0
CUST_1898,OFFER_0307,528,1.1490084248390537,2,1,0.45586124427910846,1,0,0,0,0,1
CUST_1211,OFFER_0698,471,0.9985096706956471,5,1,0.3053624901357018,0,0,1,0,0,1
CUST_0935,OFFER_0937,252,0.6939222787298517,2,1,0.0007750981699063482,1,0,0,0,0,0
CUST_1644,OFFER_0377,543,1.3378323347797347,2,1,0.6446851542197896,1,0,0,0,0,1
CUST_1466,OFFER_0129,517,1.2234772664498559,3,1,0.5303300858899107,1,1,0,0,0,0
CUST_2919,OFFER_1204,486,0.8658862905559173,2,1,0.172739109995972,1,0,0,0,0,1
CUST_0915,OFFER_1084,422,0.7522059797737675,3,1,0.05905879921382221,1,1,0,0,0,0
CUST_2986,OFFER_0295,90,0.6931563589125765,1,1,9.178352631241748e-06,0,0,1,0,0,0
CUST_1359,OFFER_0386,478,0.8367344749345746,2,1,0.1435872943746294,1,0,0,0,0,0
CUST_0195,OFFER_0073,469,0.8097763045020462,2,1,0.11662912394210094,1,0,0,0,0,0
CUST_0989,OFFER_0272,237,0.6936952577319714,2,1,0.0005480771720260616,1,0,0,0,0,0
CUST_2543,OFFER_1308,310,0.6946273725194281,1,1,0.0014801919594828108,1,1,1,0,0,0
CUST_2473,OFFER_0864,462,0.7923597463079577,2,1,0.09921256574801246,1,0,0,0,0,1
CUST_1132,OFFER_0156,557,2.0294952577704546,3,1,1.3363480772105092,1,1,0,0,0,0
CUST_0508,OFFER_0282,550,1.8564705719233086,2,2,0.757858283255199,1,0,0,0,0,1
CUST_2295,OFFER_0049,534,1.2167942419702586,2,1,0.5236470614103134,1,0,0,0,0,1
CUST_2484,OFFER_0690,314,1.1034828232158211,3,2,0.004870534547711646,1,1,0,0,0,0
CUST_0784,OFFER_0579,201,0.6932664627826546,1,1,0.00011928222270925866,0,0,1,0,0,0
CUST_1557,OFFER_1224,464,0.7970519175777938,2,1,0.1039047370178485,1,0,0,0,0,1
CUST_1758,OFFER_1323,589,2.55921316363356,2,1,1.8660659830736148,1,0,0,0,0,1
CUST_2334,OFFER_0557,445,0.7936259426727228,3,1,0.10047876211277752,1,1,0,0,0,1
CUST_1576,OFFER_0073,343,1.3926400829664236,2,3,0.006345721846533097,1,0,0,0,0,0
CUST_2413,OFFER_0313,337,0.7014335881519751,3,1,0.008286407592029855,1,1,0,0,0,0
CUST_0626,OFFER_0788,554,1.5243850767027332,2,1,0.8312378961427878,1,0,0,0,0,1
CUST_2074,OFFER_0411,579,2.914793508989792,3,1,2.2216463284298467,1,1,0,0,0,1
CUST_1618,OFFER_0411,552,1.486847706544045,2,1,0.7937005259840997,1,0,0,0,0,1
CUST_0258,OFFER_1289,587,2.4749446168406237,2,1,1.7817974362806785,1,0,0,0,0,1
CUST_1029,OFFER_0411,551,1.4687195614768127,2,1,0.7755723809168673,1,0,0,0,0,1
CUST_2833,OFFER_0411,519,1.0634215686315862,2,1,0.37027438807164104,1,0,0,0,0,1
CUST_1165,OFFER_1154,417,0.7282241195696132,2,1,0.0350769390096679,1,0,0,0,0,0
CUST_2167,OFFER_0156,544,1.023024158253169,1,1,0.3298769776932236,1,1,1,0,0,0
CUST_1295,OFFER_0988,485,0.861940923830969,2,1,0.16879374327102373,1,0,0,0,0,1
CUST_0618,OFFER_0529,360,0.7025458136543368,2,1,0.009398633094391533,1,0,0,0,0,0
CUST_0173,OFFER_0382,410,0.7379053807432461,3,1,0.044758200183300775,1,1,0,0,0,0
CUST_1655,OFFER_0553,324,0.6992836695608474,3,1,0.006136489000902112,1,1,0,0,0,0
CUST_0398,OFFER_0980,576,2.7660165005116095,3,1,2.072869319951664,1,1,0,0,0,1
CUST_1386,OFFER_0553,315,1.1034828232158211,3,2,0.004870534547711646,1,1,0,0,0,0
CUST_1716,OFFER_0863,562,1.6931471805599454,2,1,1.0,1,0,0,0,0,1
CUST_1762,OFFER_0237,489,0.8782843745957659,2,1,0.1851371940358206,1,0,0,0,0,1
CUST_1354,OFFER_0922,480,0.8435253100702098,2,1,0.15037812951026458,1,0,0,0,0,1
CUST_2461,OFFER_0553,326,0.6995738894253435,3,1,0.006426708865398204,1,1,0,0,0,0
CUST_0643,OFFER_1154,410,0.7229859806821458,2,1,0.02983880012220052,1,0,0,0,0,0
CUST_2330,OFFER_0217,380,0.7155262806515956,3,1,0.022379100091650388,1,1,0,0,0,0
CUST_2118,OFFER_0556,52,1.0986161033653752,1,2,3.814697265625001e-06,0,0,1,0,0,0
CUST_1532,OFFER_0401,315,0.6981315584561417,3,1,0.004984377896196417,1,1,0,0,0,0
CUST_2524,OFFER_1131,353,0.70114228909117,2,1,0.007995108531224803,1,0,0,0,0,0
CUST_1782,OFFER_0729,272,0.6943775722102332,2,1,0.0012303916502879617,1,0,0,0,0,0
CUST_2671,OFFER_0073,331,0.6979563384245738,2,1,0.00480915786462858,1,0,0,0,0,0
CUST_0752,OFFER_1059,289,1.1013457837605025,3,2,0.0027334950923929907,1,1,0,0,0,0
CUST_0939,OFFER_1227,570,3.0315318306618297,3,3,1.6452374695419392,1,1,0,0,0,0
CUST_1829,OFFER_1090,380,0.7080665806210455,2,1,0.014919400061100258,1,0,0,0,0,0
CUST_0575,OFFER_1317,533,1.2048341265583329,2,1,0.5116869459983876,1,0,0,0,0,1
CUST_2382,OFFER_1180,461,0.7900937281745537,2,1,0.09694654761460839,1,0,0,0,0,0
CUST_0264,OFFER_0307,452,0.7718922461783748,2,1,0.07874506561842959,1,0,0,0,0,1
CUST_0264,OFFER_0389,452,0.7718922461783748,2,1,0.07874506561842959,1,0,0,0,0,1
CUST_2919,OFFER_0818,486,1.2713513986640816,2,2,0.172739109995972,1,0,0,0,0,1
CUST_1088,OFFER_1289,454,0.8168510471949042,3,1,0.12370386663495886,1,1,0,0,0,1
CUST_2691,OFFER_0005,269,0.6942951765621753,2,1,0.0011479960022300862,1,0,0,0,0,0
CUST_1654,OFFER_0904,157,0.6931903389328204,1,1,4.315837287515547e-05,0,0,1,0,0,0
CUST_2926,OFFER_1237,236,0.6936827396320618,2,1,0.0005355590721165173,1,0,0,0,0,0
CUST_2661,OFFER_0698,526,1.1284224622080075,2,1,0.4352752816480622,1,0,0,0,0,1
CUST_2793,OFFER_1180,372,0.7055487512784469,2,1,0.012401570718501564,1,0,0,0,0,0
CUST_2620,OFFER_1289,475,0.8941047047855003,3,1,0.20095752422555502,1,1,0,0,0,1
CUST_1700,OFFER_1045,578,2.1404164180003233,2,1,1.4472692374403782,1,0,0,0,0,1
CUST_2772,OFFER_0788,534,1.4786177726754155,3,1,0.7854705921154701,1,1,0,0,0,1
CUST_1227,OFFER_0665,448,0.7290440041536026,1,1,0.03589682359365735,1,1,1,0,0,0
CUST_0757,OFFER_0859,488,0.8740558352399925,2,1,0.1809086546800473,1,0,0,0,0,1
CUST_1454,OFFER_1140,362,0.7079118803634008,3,1,0.014764699803455543,1,1,0,0,0,0
CUST_0575,OFFER_0698,532,1.1931471805599454,2,1,0.5,1,0,0,0,0,1
CUST_1025,OFFER_0662,312,0.7008981622590088,5,1,0.007750981699063477,0,0,0,0,1,0
CUST_1295,OFFER_1047,502,1.3486122886681096,2,2,0.25000000000000006,1,0,0,0,0,1
CUST_2306,OFFER_1090,324,1.1047487776690117,3,2,0.006136489000902112,1,1,0,0,0,0
CUST_2926,OFFER_0071,236,0.6939505191681201,3,1,0.000803338608174776,1,1,0,0,0,0
CUST_2091,OFFER_1323,552,1.486847706544045,2,1,0.7937005259840997,1,0,0,0,0,1
CUST_0575,OFFER_0713,533,1.2048341265583329,2,1,0.5116869459983876,1,0,0,0,0,1
CUST_2417,OFFER_0005,252,1.0997749359229692,3,2,0.0011626472548595223,1,1,0,0,0,0
CUST_2926,OFFER_0202,236,0.6936827396320618,2,1,0.0005355590721165173,1,0,0,0,0,0
CUST_0157,OFFER_0154,516,1.0386254005518893,2,1,0.34547821999194406,1,0,0,0,0,1
CUST_1088,OFFER_0102,316,0.6965477686978208,2,1,0.0034005881378754853,1,0,0,0,0,0
CUST_2416,OFFER_1186,364,0.7034558361128586,2,1,0.01030865555291324,1,0,0,0,0,0
CUST_0575,OFFER_0167,532,1.1931471805599454,2,1,0.5,1,0,0,0,0,1
CUST_1298,OFFER_0908,468,0.8071124916297223,2,1,0.11396531106977709,1,0,0,0,0,0
CUST_2591,OFFER_0184,319,0.6967918406831359,2,1,0.0036446601231906544,1,0,0,0,0,0
CUST_2609,OFFER_0411,544,1.3529011359463925,2,1,0.6597539553864472,1,0,0,0,0,1
CUST_1412,OFFER_0638,443,0.7571080488097437,2,1,0.06396086824979844,1,0,0,0,0,1
CUST_1142,OFFER_1320,77,0.6931539775777533,1,1,6.79701780807754e-06,0,0,1,0,0,0
CUST_1395,OFFER_0758,551,1.4687195614768127,2,1,0.7755723809168673,1,0,0,0,0,1
CUST_2133,OFFER_0528,513,1.01548975766984,2,1,0.32234257710989483,1,0,0,0,0,1
CUST_1530,OFFER_0665,397,0.7152442674720249,2,1,0.02209708691207962,1,0,0,0,0,0
CUST_2334,OFFER_1017,445,0.7936259426727228,3,1,0.10047876211277752,1,1,0,0,0,1
CUST_0283,OFFER_1237,267,0.6947914120760235,3,1,0.0016442315160781836,1,1,0,0,0,0
CUST_0625,OFFER_0319,448,0.76494082774726,2,1,0.0717936471873147,1,0,0,0,0,1
CUST_2364,OFFER_0282,516,1.0386254005518893,2,1,0.34547821999194406,1,0,0,0,0,1
CUST_1631,OFFER_0904,192,0.6932440678311835,1,1,9.688727123829343e-05,0,0,1,0,0,0
CUST_2100,OFFER_0411,531,1.4260171568856297,3,1,0.7328699763256844,1,1,0,0,0,1
CUST_0854,OFFER_0698,453,0.773732824837419,2,1,0.0805856442774737,1,0,0,0,0,1
CUST_2061,OFFER_0177,537,1.254378204714632,2,1,0.5612310241546866,1,0,0,0,0,1
CUST_1555,OFFER_0282,488,0.9645101625800162,3,1,0.2713629820200709,1,1,0,0,0,1
CUST_2912,OFFER_0346,491,0.7900937281745537,1,1,0.0969465476146084,0,0,1,0,0,0
CUST_1836,OFFER_0739,496,0.9107848213839763,2,1,0.21763764082403106,1,0,0,0,0,1
CUST_2188,OFFER_0282,513,1.4990036233346824,5,1,0.8058564427747371,0,0,1,0,0,1
CUST_0748,OFFER_0633,351,0.7007812428133379,2,1,0.0076340622533925505,1,0,0,0,0,0
CUST_1148,OFFER_0698,444,0.7913310045743791,3,1,0.09818382401443378,1,1,0,0,0,1
CUST_1273,OFFER_0217,394,0.7137644916657717,2,1,0.02061731110582648,1,0,0,0,0,0
CUST_2090,OFFER_0073,411,0.7389515540803006,3,1,0.04580437352035527,1,1,0,0,0,0
CUST_2504,OFFER_1091,520,1.0720763221875447,2,1,0.3789291416275995,1,0,0,0,0,1
CUST_0009,OFFER_0102,325,1.1047487776690117,3,2,0.006136489000902112,1,1,0,0,0,0
CUST_0264,OFFER_0217,237,0.6936952577319714,2,1,0.0005480771720260616,1,0,0,0,0,0
CUST_0622,OFFER_1210,416,0.7274229611754024,2,1,0.034275780615457066,1,0,0,0,0,0
CUST_0074,OFFER_0437,531,1.1817271647770682,2,1,0.48857998421712295,1,0,0,0,0,1
CUST_1055,OFFER_0358,587,2.4749446168406237,2,1,1.7817974362806785,1,0,0,0,0,1
CUST_1161,OFFER_1224,522,1.0899974435519952,2,1,0.3968502629920499,1,0,0,0,0,1
CUST_0458,OFFER_0325,462,0.841966029181964,3,1,0.1488188486220187,1,1,0,0,0,1
CUST_0233,OFFER_0691,425,1.7149340019784902,5,4,0.10549608954438985,0,0,1,0,0,1
CUST_0394,OFFER_0282,550,1.4510054638151444,2,1,0.757858283255199,1,0,0,0,0,1
CUST_0344,OFFER_0871,363,0.7032203860946294,2,1,0.010073205534684208,1,0,0,0,0,0
CUST_1510,OFFER_0009,315,0.6981315584561417,3,1,0.004984377896196417,1,1,0,0,0,0
CUST_2188,OFFER_0032,513,1.4990036233346824,5,1,0.8058564427747371,0,0,1,0,0,1
CUST_2261,OFFER_0513,327,0.699724106624258,3,1,0.006576926064312735,1,1,0,0,0,0
CUST_1395,OFFER_0788,551,1.4687195614768127,2,1,0.7755723809168673,1,0,0,0,0,1
CUST_1816,OFFER_1182,482,1.4923376167602576,5,2,0.39372532809214794,0,0,1,0,0,1
CUST_2326,OFFER_1131,331,0.7003609173568881,3,1,0.00721373679694287,1,1,0,0,0,0
CUST_2433,OFFER_1180,405,0.7197305293396595,2,1,0.026583348779714234,1,0,0,0,0,0
CUST_2277,OFFER_0871,251,0.694283272914804,3,1,0.0011360923548586928,1,1,0,0,0,0
CUST_2364,OFFER_0762,516,1.0386254005518893,2,1,0.34547821999194406,1,0,0,0,0,1
CUST_2100,OFFER_1323,531,1.1817271647770682,2,1,0.48857998421712295,1,0,0,0,0,1
CUST_2964,OFFER_1308,49,0.6931507397983468,1,1,3.559238401553377e-06,0,0,1,0,0,0
CUST_2019,OFFER_1215,589,3.492246155170368,3,1,2.7990989746104225,0,1,0,0,0,1
CUST_1652,OFFER_0592,571,2.53986380057732,3,1,1.8467166200173746,1,1,0,0,0,0
CUST_1901,OFFER_0698,540,1.2946596986010037,2,1,0.6015125180410584,1,0,0,0,0,1
CUST_0310,OFFER_0217,288,0.6958182425381432,3,1,0.0026710619781979013,1,1,0,0,0,0
CUST_1718,OFFER_1120,318,0.6984893045163411,3,1,0.0053421239563958035,1,1,0,0,0,0
CUST_0458,OFFER_0953,462,0.7923597463079577,2,1,0.09921256574801246,1,0,0,0,0,1
CUST_1504,OFFER_0382,412,0.7400221805599453,3,1,0.04687500000000002,1,1,0,0,0,0
CUST_0001,OFFER_1005,533,1.4606775995575267,3,1,0.7675304189975813,1,1,0,0,0,1
CUST_0140,OFFER_0850,367,0.7041957240159851,2,1,0.011048543456039808,1,0,0,0,0,0
CUST_1744,OFFER_0411,460,0.7878794659668452,2,1,0.09473228540689993,1,0,0,0,0,1
CUST_0310,OFFER_0071,242,0.6940699742976613,3,1,0.0009227937377159711,1,1,0,0,0,0
CUST_2595,OFFER_0147,448,0.76494082774726,2,1,0.0717936471873147,1,0,0,0,0,0
CUST_0686,OFFER_0401,302,0.6968383555108092,3,1,0.003691174950863885,1,1,0,0,0,0
CUST_0322,OFFER_1289,510,1.3993685476886388,2,2,0.30075625902052916,1,0,0,0,0,1
CUST_1542,OFFER_0665,430,0.7168302519116703,1,1,0.02368307135172498,1,1,1,0,0,0
CUST_1964,OFFER_0850,404,0.7191233648144074,2,1,0.025976184254462117,1,0,0,0,0,0
CUST_2539,OFFER_1223,166,0.6932003147495996,1,1,5.313418965430448e-05,0,0,1,0,0,0
CUST_1965,OFFER_0592,473,0.8210689170595422,2,1,0.1279217364995969,1,0,0,0,0,0
CUST_0538,OFFER_1091,583,2.317651973272416,2,1,1.624504792712471,1,0,0,0,0,1
CUST_0318,OFFER_0937,269,0.6942951765621753,2,1,0.0011479960022300862,1,0,0,0,0,0
CUST_0616,OFFER_0588,480,0.9187143748253421,3,1,0.22556719426539687,1,1,0,0,0,1
CUST_1161,OFFER_0081,522,1.0899974435519952,2,1,0.3968502629920499,1,0,0,0,0,1
CUST_1708,OFFER_0411,530,1.4092783834927576,3,1,0.7161312029328124,1,1,0,0,0,1
CUST_1700,OFFER_0441,585,2.3944815024616566,2,1,1.7013343219017114,1,0,0,0,0,1
CUST_2342,OFFER_0592,521,1.080933371018379,2,1,0.3877861904584337,1,0,0,0,0,0
CUST_1990,OFFER_0071,235,0.6936705074459494,2,1,0.0005233268860040493,1,0,0,0,0,0
CUST_0269,OFFER_1102,449,0.8033547967740337,3,1,0.11020761621408834,1,1,0,0,0,1
CUST_1544,OFFER_1090,313,0.6963200414832118,2,1,0.003172860923266548,1,0,0,0,0,0
CUST_0630,OFFER_0532,588,3.428314646234596,3,1,2.7351674656746505,1,1,0,0,0,1
CUST_2022,OFFER_0073,382,0.7087721805599453,2,1,0.015625000000000003,1,0,0,0,0,0
CUST_1249,OFFER_0140,425,0.7564448342865792,3,1,0.0632976537266339,1,1,0,0,0,1
CUST_1359,OFFER_1289,478,1.242199583042739,2,2,0.1435872943746294,1,0,0,0,0,1
CUST_1967,OFFER_0682,569,2.4564690399853584,3,1,1.763321859425413,1,1,0,0,0,1
CUST_1990,OFFER_0690,308,0.695973878289321,2,1,0.0028266977293757403,1,0,0,0,0,0
CUST_1433,OFFER_0493,442,0.7556471805599453,2,1,0.0625,1,0,0,0,0,1
CUST_1693,OFFER_0071,234,0.693914241685058,3,1,0.0007670611251127639,1,1,0,0,0,0
CUST_0876,OFFER_0700,437,0.8323501052693734,5,1,0.13920292470942802,0,0,1,0,0,1
CUST_0845,OFFER_1180,277,0.6952187824579528,3,1,0.0020716018980074633,1,1,0,0,0,0
CUST_0315,OFFER_0411,574,2.0126550913328396,2,1,1.3195079107728942,1,0,0,0,0,1
CUST_0264,OFFER_1254,237,0.6939692963179844,3,1,0.0008221157580390924,1,1,0,0,0,0
CUST_1142,OFFER_0702,281,0.6954193652696626,3,1,0.002272184709717386,1,1,0,0,0,0
CUST_2297,OFFER_0271,306,0.6944967048567888,1,1,0.0013495242968435317,0,0,1,0,0,0
CUST_1238,OFFER_0210,475,0.8271188633769819,2,1,0.13397168281703667,1,0,0,0,0,1
CUST_2462,OFFER_0167,564,1.740441303380572,2,1,1.0472941228206267,1,0,0,0,0,1
CUST_2447,OFFER_0503,440,0.7528247808043463,2,1,0.059677600244401045,1,0,0,0,0,0
CUST_2096,OFFER_0919,412,0.7243971805599453,2,1,0.031250000000000014,1,0,0,0,0,0
CUST_0042,OFFER_0156,573,1.9825174889995245,2,1,1.2893703084395791,1,0,0,0,0,0
CUST_2989,OFFER_0525,518,1.0549644899200399,2,1,0.3618173093600946,1,0,0,0,0,1
CUST_1103,OFFER_0282,527,1.3613212191651998,3,1,0.6681740386052545,1,1,0,0,0,1
CUST_2064,OFFER_0871,287,0.6948872171188132,2,1,0.0017400365588678497,1,0,0,0,0,0
CUST_2020,OFFER_0812,375,0.6997930177548738,1,1,0.006645837194928558,0,0,1,0,0,0
CUST_2381,OFFER_0686,469,0.8680908664730966,3,1,0.1749436859131514,1,1,0,0,0,0
CUST_1889,OFFER_0352,520,1.0720763221875447,2,1,0.3789291416275995,1,0,0,0,0,1
CUST_0402,OFFER_0059,482,0.8506373117968045,2,1,0.15749013123685918,1,0,0,0,0,0
CUST_2225,OFFER_1192,524,1.108766128631339,2,1,0.4156189480713939,1,0,0,0,0,1
CUST_2910,OFFER_0553,322,0.6970534305599453,2,1,0.00390625,1,0,0,0,0,0
CUST_0057,OFFER_0665,490,0.882611751373745,2,1,0.18946457081379978,1,0,0,0,0,0
CUST_1128,OFFER_0311,106,0.6931604641073589,1,1,1.3283547413576118e-05,0,0,1,0,0,0
CUST_2731,OFFER_0217,294,0.6962154250603964,3,1,0.0030682445004510555,1,1,0,0,0,0
CUST_0854,OFFER_0227,453,0.773732824837419,2,1,0.0805856442774737,1,0,0,0,0,0
CUST_0854,OFFER_0788,453,0.773732824837419,2,1,0.0805856442774737,1,0,0,0,0,1
CUST_1257,OFFER_0102,314,0.698017715107657,3,1,0.004870534547711646,1,1,0,0,0,0
CUST_0648,OFFER_0710,432,0.7675566048709546,3,1,0.07440942431100933,1,1,0,0,0,0
CUST_1644,OFFER_1230,526,1.1284224622080075,2,1,0.4352752816480622,1,0,0,0,0,1
CUST_1758,OFFER_0868,589,2.55921316363356,2,1,1.8660659830736148,1,0,0,0,0,1
CUST_0163,OFFER_0469,506,0.9673534254836018,2,1,0.27420624492365653,1,0,0,0,0,1
CUST_1070,OFFER_1247,24,0.6931491781149586,1,1,1.9975550133144914e-06,0,0,1,0,0,0
CUST_1555,OFFER_0980,484,0.8580856694065571,2,1,0.1649384888466118,1,0,0,0,0,1
CUST_2032,OFFER_0841,437,0.7766689353856021,3,1,0.08352175482565682,1,1,0,0,0,0
CUST_2699,OFFER_1171,212,0.6933009795162313,1,1,0.00015379895628599545,0,0,1,0,0,0
CUST_1392,OFFER_0311,106,0.6931604641073589,1,1,1.3283547413576118e-05,0,0,1,0,0,0
CUST_0939,OFFER_0352,449,0.7666189247026709,2,1,0.07347174414272556,1,0,0,0,0,1
CUST_2694,OFFER_0919,422,0.7325197133691601,2,1,0.03937253280921481,1,0,0,0,0,0
CUST_1451,OFFER_0304,260,0.694079643063764,2,1,0.0009324625038187667,1,0,0,0,0,0
CUST_1676,OFFER_1308,292,0.6951003055599453,2,1,0.001953125,1,0,0,0,0,0
CUST_0600,OFFER_0919,434,1.176540841431496,3,2,0.07792855276338637,1,1,0,0,0,0
CUST_1755,OFFER_1210,447,0.7633010585792811,2,1,0.0701538780193358,1,0,0,0,0,0
CUST_2334,OFFER_0709,557,1.5840458987002846,2,1,0.8908987181403394,1,0,0,0,0,1
CUST_0944,OFFER_0992,586,3.3047988704483178,3,1,2.6116516898883724,1,1,0,0,0,1
CUST_1153,OFFER_0851,574,1.7583662440545567,1,2,0.6597539553864471,0,0,1,0,0,0
CUST_0343,OFFER_0167,505,0.9610905461940187,2,1,0.26794336563407334,1,0,0,0,0,1
CUST_1738,OFFER_0311,117,0.6931643079715711,1,1,1.7127411625814418e-05,0,0,1,0,0,0
CUST_1119,OFFER_1180,337,0.6959093164239553,1,1,0.0027621358640099515,1,1,1,0,0,0
CUST_1538,OFFER_0188,581,2.24429194239368,2,1,1.5511447618337346,1,0,0,0,0,1
CUST_0168,OFFER_1210,439,0.780619023516521,3,1,0.0874718429565757,1,1,0,0,0,0
CUST_0264,OFFER_0075,237,0.6936952577319714,2,1,0.0005480771720260616,1,0,0,0,0,0
CUST_0995,OFFER_1154,411,0.7236834295735155,2,1,0.030536249013570178,1,0,0,0,0,0
CUST_0790,OFFER_0592,468,0.8640951471646109,3,1,0.17094796660466563,1,1,0,0,0,0
CUST_2344,OFFER_0848,521,1.080933371018379,2,1,0.3877861904584337,1,0,0,0,0,1
CUST_1525,OFFER_0581,123,0.6931668547895052,1,1,1.9674229559930115e-05,0,0,1,0,0,0
CUST_2934,OFFER_0411,588,3.428314646234596,3,1,2.7351674656746505,1,1,0,0,0,1
CUST_2624,OFFER_1120,326,0.6974316531368774,2,1,0.004284472576932136,1,0,0,0,0,0
CUST_2345,OFFER_0401,283,0.6947336110215786,2,1,0.001586430461633274,1,0,0,0,0,0
CUST_0915,OFFER_0525,476,0.8302503030217735,2,1,0.1371031224618282,1,0,0,0,0,1
CUST_1161,OFFER_1170,522,1.28842257504802,3,1,0.5952753944880749,1,1,0,0,0,1
CUST_1938,OFFER_0005,269,0.6942951765621753,2,1,0.0011479960022300862,1,0,0,0,0,0
CUST_1949,OFFER_0005,264,0.6941699287267623,2,1,0.0010227481668170185,1,0,0,0,0,0
CUST_2730,OFFER_0102,317,0.696627253677681,2,1,0.0034800731177357,1,0,0,0,0,0
CUST_2881,OFFER_0852,118,0.6931647083058406,1,1,1.7527745895340508e-05,0,0,1,0,0,0
CUST_1793,OFFER_0698,442,0.7556471805599453,2,1,0.0625,1,0,0,0,0,1
CUST_2198,OFFER_0676,567,2.376840253024005,3,1,1.6836930724640595,1,1,0,0,0,0
CUST_0462,OFFER_0073,288,0.6949278885454105,2,1,0.0017807079854652676,1,0,0,0,0,0
CUST_1222,OFFER_0035,514,1.023024158253169,2,1,0.32987697769322366,1,0,0,0,0,1
CUST_1619,OFFER_0841,417,0.7457625890744471,3,1,0.052615408514501846,1,1,0,0,0,0
CUST_0610,OFFER_0145,0,0.6931483278540241,1,1,1.1472940789052183e-06,0,0,1,0,0,0
CUST_1161,OFFER_0982,522,1.0899974435519952,2,1,0.3968502629920499,1,0,0,0,0,1
CUST_0402,OFFER_0592,482,0.9293823774152341,3,1,0.23623519685528876,1,1,0,0,0,0
CUST_2344,OFFER_0686,521,1.080933371018379,2,1,0.3877861904584337,1,0,0,0,0,0
CUST_2013,OFFER_0005,235,0.6939321708889513,3,1,0.0007849903290060739,1,1,0,0,0,0
CUST_0901,OFFER_0841,416,0.7274229611754024,2,1,0.034275780615457066,1,0,0,0,0,0
CUST_2370,OFFER_0919,426,0.7579243468084348,3,1,0.06477716624848952,1,1,0,0,0,0
CUST_0406,OFFER_1120,317,0.6983672902365489,3,1,0.00522010967660355,1,1,0,0,0,0
CUST_1412,OFFER_0947,443,0.7571080488097437,2,1,0.06396086824979844,1,0,0,0,0,1
CUST_1266,OFFER_0871,434,0.7450995490688695,2,1,0.05195236850892424,1,0,0,0,0,0
CUST_0310,OFFER_0812,242,0.6940699742976613,3,1,0.0009227937377159711,1,1,0,0,0,0
CUST_2884,OFFER_0411,515,1.1995284103730164,3,1,0.5063812298130712,1,1,0,0,0,1
CUST_0573,OFFER_1210,442,1.1923622886681096,3,2,0.09375,1,1,0,0,0,0
CUST_0644,OFFER_0356,208,0.693287402527108,1,1,0.0001402219671627241,0,0,1,0,0,0
CUST_2252,OFFER_0863,551,1.4687195614768127,2,1,0.7755723809168673,1,0,0,0,0,1
CUST_2866,OFFER_0085,488,0.8740558352399925,2,1,0.1809086546800473,1,0,0,0,0,1
CUST_0460,OFFER_0650,582,2.2805482325281448,2,1,1.5874010519681994,1,0,0,0,0,1
CUST_1161,OFFER_0614,522,1.0899974435519952,2,1,0.3968502629920499,1,0,0,0,0,1
CUST_1222,OFFER_0251,537,1.254378204714632,2,1,0.5612310241546866,1,0,0,0,0,1
CUST_0828,OFFER_1186,369,0.7047182551871841,2,1,0.01157107462723879,1,0,0,0,0,0
CUST_1644,OFFER_0812,448,0.76494082774726,2,1,0.0717936471873147,1,0,0,0,0,0
CUST_1222,OFFER_0493,514,1.023024158253169,2,1,0.32987697769322366,1,0,0,0,0,1
CUST_0264,OFFER_0272,237,0.6936952577319714,2,1,0.0005480771720260616,1,0,0,0,0,0
CUST_1994,OFFER_0739,545,1.3683221536440402,2,1,0.675174973084095,1,0,0,0,0,1
CUST_0575,OFFER_0059,532,1.1931471805599454,2,1,0.5,1,0,0,0,0,0
CUST_2103,OFFER_0184,316,0.6982480627667585,3,1,0.005100882206813228,1,1,0,0,0,0
CUST_2934,OFFER_1241,588,3.428314646234596,3,1,2.7351674656746505,1,1,0,0,0,1
CUST_1035,OFFER_0352,453,0.773732824837419,2,1,0.0805856442774737,1,0,0,0,0,1
CUST_0197,OFFER_0818,490,0.882611751373745,2,1,0.18946457081379978,1,0,0,0,0,1
CUST_2080,OFFER_0085,518,1.0549644899200399,2,1,0.3618173093600946,1,0,0,0,0,1
CUST_0363,OFFER_1215,589,3.492246155170368,3,1,2.7990989746104225,1,1,0,0,0,1
CUST_2697,OFFER_1091,555,1.9691479219862291,3,1,1.2760007414262837,1,1,0,0,0,1
CUST_2605,OFFER_0710,432,0.7427534634339515,2,1,0.04960628287400622,1,0,0,0,0,0
CUST_1776,OFFER_0227,440,0.7826635809265469,3,1,0.08951640036660156,1,1,0,0,0,0
CUST_0074,OFFER_1257,531,1.1817271647770682,2,1,0.48857998421712295,1,0,0,0,0,1
CUST_1099,OFFER_0665,372,0.7055487512784469,2,1,0.012401570718501564,1,0,0,0,0,0
CUST_0472,OFFER_1171,479,0.9135624129881219,3,1,0.22041523242817668,1,1,0,0,0,0
CUST_1001,OFFER_0505,463,0.7946787301044748,2,1,0.10153154954452945,1,0,0,0,0,1
CUST_0363,OFFER_0992,589,3.492246155170368,3,1,2.7990989746104225,1,1,0,0,0,1
CUST_1972,OFFER_0233,555,1.9492794496189654,3,2,0.8506671609508558,1,1,0,0,0,1
CUST_0053,OFFER_0184,319,0.6967918406831359,2,1,0.0036446601231906544,1,0,0,0,0,0
CUST_0362,OFFER_0788,578,2.8640510367205128,3,1,2.1709038561605674,1,1,0,0,0,1
CUST_1710,OFFER_0411,455,0.7775440521954572,2,1,0.08439687163551189,1,0,0,0,0,1
CUST_0158,OFFER_0928,262,0.6941237430599453,2,1,0.0009765624999999999,1,0,0,0,0,0
CUST_1700,OFFER_0965,585,2.3944815024616566,2,1,1.7013343219017114,1,0,0,0,0,1
CUST_0264,OFFER_0702,238,1.0994536204710859,3,2,0.0008413318029763446,1,1,0,0,0,0
CUST_2334,OFFER_1257,557,1.5840458987002846,2,1,0.8908987181403394,1,0,0,0,0,1
CUST_1151,OFFER_1308,302,0.6956079638605213,2,1,0.0024607833005759233,1,0,0,0,0,0
CUST_1670,OFFER_0418,68,0.693152701453948,1,1,5.5208940026869835e-06,0,0,1,0,0,0
CUST_2225,OFFER_0059,524,1.108766128631339,2,1,0.4156189480713939,1,0,0,0,0,0
CUST_2964,OFFER_0633,239,0.6940081775616178,3,1,0.0008609970016725654,1,1,0,0,0,0
CUST_2520,OFFER_0167,574,2.6724090467192867,3,1,1.9792618661593413,1,1,0,0,0,1
CUST_2964,OFFER_0473,239,0.6940081775616178,3,1,0.0008609970016725654,1,1,0,0,0,0
CUST_2399,OFFER_1091,543,1.3378323347797347,2,1,0.6446851542197896,1,0,0,0,0,1
CUST_2282,OFFER_0788,539,1.5748081102726519,3,1,0.8816609297127065,1,1,0,0,0,1
CUST_1387,OFFER_0850,387,0.7106856500647792,2,1,0.017538469504833964,1,0,0,0,0,0
CUST_1915,OFFER_0762,516,1.5568427305398056,5,1,0.8636955499798602,1,1,1,0,0,1
CUST_0712,OFFER_1047,497,0.9158718600950302,2,1,0.2227246795350849,1,0,0,0,0,1
CUST_2619,OFFER_1254,288,0.6958182425381432,3,1,0.0026710619781979013,1,1,0,0,0,0
CUST_0145,OFFER_0160,427,0.7373413543841045,2,1,0.044194173824159216,1,0,0,0,0,1
CUST_0196,OFFER_0633,343,0.6994929024064784,2,1,0.006345721846533097,1,0,0,0,0,0
CUST_2114,OFFER_0085,441,0.7542196785870857,2,1,0.06107249802714039,1,0,0,0,0,1
CUST_0264,OFFER_1070,439,0.780619023516521,3,1,0.0874718429565757,1,1,0,0,0,1
CUST_0546,OFFER_0411,576,2.075060060527721,2,1,1.381912879967776,1,0,0,0,0,1
CUST_1501,OFFER_1011,543,1.3378323347797347,2,1,0.6446851542197896,1,0,0,0,0,1
CUST_2081,OFFER_0553,325,0.6994271031919939,3,1,0.006279922632048594,1,1,0,0,0,0
CUST_1763,OFFER_1257,524,1.108766128631339,2,1,0.4156189480713939,1,0,0,0,0,1
CUST_0965,OFFER_0242,525,1.1184807610353733,2,1,0.4253335804754279,1,0,0,0,0,0
CUST_0734,OFFER_0705,527,1.138596539630115,2,1,0.44544935907016964,1,0,0,0,0,1
CUST_1925,OFFER_0073,494,0.7970519175777937,1,1,0.10390473701784846,1,1,1,0,0,0
CUST_0912,OFFER_0418,68,0.693152701453948,1,1,5.5208940026869835e-06,0,0,1,0,0,0
CUST_2887,OFFER_0071,184,0.6932277169314525,1,1,8.053637150713471e-05,0,0,1,0,0,0
CUST_2069,OFFER_0739,554,1.9400040247741268,3,1,1.2468568442141816,1,1,0,0,0,1
CUST_0228,OFFER_0282,455,0.904139359648725,5,1,0.21099217908877974,0,0,1,0,0,1
CUST_1081,OFFER_0184,315,0.6964700991574095,2,1,0.0033229185974642784,1,0,0,0,0,0
CUST_2876,OFFER_0915,320,0.6950121055675829,1,1,0.001864925007637532,1,1,1,0,0,0
CUST_1319,OFFER_0740,138,0.6931750041222182,1,1,2.7823562272894797e-05,0,0,1,0,0,0
CUST_2929,OFFER_0447,471,0.815292176614226,2,1,0.12214499605428074,1,0,0,0,0,1
CUST_1231,OFFER_0260,435,0.7463138781193738,2,1,0.053166697559428495,1,0,0,0,0,1
CUST_0579,OFFER_0049,518,1.0549644899200399,2,1,0.3618173093600946,1,0,0,0,0,1
CUST_2429,OFFER_0358,579,2.1742447328465095,2,1,1.4810975522865644,1,0,0,0,0,1
CUST_2899,OFFER_0859,488,0.8740558352399925,2,1,0.1809086546800473,1,0,0,0,0,1
CUST_2320,OFFER_0411,524,1.108766128631339,2,1,0.4156189480713939,1,0,0,0,0,1
CUST_1756,OFFER_1186,340,0.6990679483978766,2,1,0.005920767837931243,1,0,0,0,0,0
CUST_1915,OFFER_0871,516,1.0386254005518893,2,1,0.34547821999194406,1,0,0,0,0,0
CUST_1588,OFFER_0665,456,0.7363319580589383,1,1,0.043184777498993,1,1,1,0,0,0
CUST_2032,OFFER_0928,246,0.6941593237825779,3,1,0.0010121432226326485,1,1,0,0,0,0
CUST_0430,OFFER_1180,472,0.8181471805599453,2,1,0.125,1,0,0,0,0,0
CUST_2155,OFFER_0009,357,0.7063010326885708,3,1,0.01315385212862547,1,1,0,0,0,0
CUST_2155,OFFER_1059,357,0.7063010326885708,3,1,0.01315385212862547,1,1,0,0,0,0
CUST_2639,OFFER_0592,567,1.254378204714632,1,1,0.5612310241546865,1,1,1,0,0,0
CUST_1924,OFFER_1090,340,0.7020283323168421,3,1,0.008881151756896865,1,1,0,0,0,0
CUST_0017,OFFER_0665,349,0.7004365008063266,2,1,0.00728932024638131,1,0,0,0,0,0
CUST_0493,OFFER_0985,574,2.0126550913328396,2,1,1.3195079107728942,1,0,0,0,0,1
CUST_2834,OFFER_0553,324,0.6992836695608474,3,1,0.006136489000902112,1,1,0,0,0,0
CUST_2386,OFFER_0181,304,0.6970129263922877,3,1,0.0038657458323424643,1,1,0,0,0,0
CUST_0127,OFFER_0167,565,1.7649206430962385,2,1,1.0717734625362931,1,0,0,0,0,1
CUST_1117,OFFER_0592,496,0.9107848213839763,2,1,0.21763764082403106,1,0,0,0,0,0
CUST_2069,OFFER_1257,554,1.5243850767027332,2,1,0.8312378961427878,1,0,0,0,0,1
CUST_0065,OFFER_0915,308,0.695973878289321,2,1,0.0028266977293757403,1,0,0,0,0,0
CUST_2199,OFFER_1180,251,0.694283272914804,3,1,0.0011360923548586928,1,1,0,0,0,0
CUST_1322,OFFER_0729,291,0.6960099539049674,3,1,0.002862773345022206,1,1,0,0,0,0
CUST_2730,OFFER_0184,319,0.6986141707447313,3,1,0.005466990184785981,1,1,0,0,0,0
CUST_0579,OFFER_0908,518,1.2358731446000872,3,1,0.5427259640401418,1,1,0,0,0,0
CUST_1189,OFFER_0633,230,0.6938465274378094,3,1,0.0006993468778640743,1,1,0,0,0,0
CUST_2289,OFFER_0998,506,1.10445654794543,3,1,0.4113093673854848,0,1,0,0,0,1
CUST_2082,OFFER_0493,564,2.2640883647908856,3,1,1.5709411842309402,1,1,0,0,0,1
CUST_1708,OFFER_0145,22,0.6931490879085781,1,1,1.9073486328125e-06,0,0,1,0,0,0
CUST_0091,OFFER_0073,474,0.8240589459125237,2,1,0.1309117653525784,1,0,0,0,0,0
CUST_1946,OFFER_0503,399,0.7162893298144228,2,1,0.023142149254477582,1,0,0,0,0,0
CUST_0870,OFFER_1154,414,0.7095111512290175,1,1,0.016363970669072303,1,1,1,0,0,0
CUST_1088,OFFER_1215,443,0.7571080488097437,2,1,0.06396086824979844,1,0,0,0,0,1
CUST_0237,OFFER_1308,100,0.6931587445596288,1,1,1.1563999683459462e-05,0,0,1,0,0,0
CUST_2880,OFFER_0382,412,0.7087721805599453,1,1,0.015625000000000007,1,1,1,0,0,0
CUST_1028,OFFER_0282,445,0.7601330219684637,2,1,0.06698584140851835,1,0,0,0,0,1
CUST_1849,OFFER_0005,262,0.6946120243099453,3,1,0.0014648437499999998,1,1,0,0,0,0
CUST_0053,OFFER_0352,444,0.7586030632362345,2,1,0.06545588267628918,1,0,0,0,0,1
CUST_1125,OFFER_1180,257,0.6935821896996622,1,1,0.0004350091397169624,1,1,1,0,0,0
CUST_2398,OFFER_0206,81,0.6931546356988646,1,1,7.4551389193286634e-06,0,0,1,0,0,0
CUST_0405,OFFER_1084,434,0.7450995490688695,2,1,0.05195236850892424,1,0,0,0,0,0
CUST_0234,OFFER_0401,283,0.6947336110215786,2,1,0.001586430461633274,1,0,0,0,0,0
CUST_0590,OFFER_0859,488,0.9645101625800162,3,1,0.2713629820200709,1,1,0,0,0,1
CUST_2968,OFFER_0841,425,0.7564448342865792,3,1,0.0632976537266339,1,1,0,0,0,0
CUST_0320,OFFER_0503,421,0.731620443476974,2,1,0.03847326291702865,1,0,0,0,0,0
CUST_2244,OFFER_0922,465,0.7994805756788023,2,1,0.106333395118857,1,0,0,0,0,1
CUST_0215,OFFER_0739,567,1.8156092288693184,2,1,1.122462048309373,1,0,0,0,0,1
CUST_0655,OFFER_1287,536,1.5157659153309146,3,1,0.8226187347709695,1,1,0,0,0,1
CUST_1747,OFFER_0877,581,2.24429194239368,2,1,1.5511447618337346,1,0,0,0,0,1
CUST_2039,OFFER_0877,580,2.966722030325543,3,1,2.2735748497655974,1,1,0,0,0,1
CUST_0397,OFFER_1180,306,0.6958462291536324,2,1,0.0026990485936870634,1,0,0,0,0,0
CUST_1781,OFFER_0871,488,0.8740558352399925,2,1,0.1809086546800473,1,0,0,0,0,0
CUST_2616,OFFER_0665,241,0.6940488976595631,3,1,0.0009017170996178585,1,1,0,0,0,0
CUST_2547,OFFER_0503,430,0.7641963946151202,3,1,0.07104921405517493,1,1,0,0,0,0
CUST_1881,OFFER_0167,524,1.108766128631339,2,1,0.4156189480713939,1,0,0,0,0,1
CUST_1881,OFFER_0762,524,1.108766128631339,2,1,0.4156189480713939,1,0,0,0,0,1
CUST_0606,OFFER_0206,81,0.6931546356988646,1,1,7.4551389193286634e-06,0,0,1,0,0,0
CUST_0752,OFFER_0877,579,2.914793508989792,3,1,2.2216463284298467,0,1,0,0,0,1
CUST_0298,OFFER_0167,511,1.0009332838961744,2,1,0.30778610333622913,1,0,0,0,0,1
CUST_0508,OFFER_0437,550,1.4510054638151444,2,1,0.757858283255199,1,0,0,0,0,1
CUST_0655,OFFER_1185,536,1.5157659153309146,3,1,0.8226187347709695,1,1,0,0,0,1
CUST_1762,OFFER_0268,489,0.8782843745957659,2,1,0.1851371940358206,1,0,0,0,0,1
CUST_2400,OFFER_0919,428,0.7383743442299571,2,1,0.04522716367001182,1,0,0,0,0,0
CUST_2964,OFFER_0581,58,0.6931515624964191,1,1,4.381936473835126e-06,0,0,1,0,0,0
CUST_2193,OFFER_0005,270,0.6949094242651437,3,1,0.0017622437051984133,1,1,0,0,0,0
CUST_0717,OFFER_0005,270,0.6949094242651437,3,1,0.0017622437051984133,1,1,0,0,0,0
CUST_1122,OFFER_1091,538,1.2674963580584628,2,1,0.5743491774985175,1,0,0,0,0,1
CUST_0098,OFFER_0433,547,1.4002539617464929,2,1,0.7071067811865476,1,0,0,0,0,1
CUST_1470,OFFER_0313,293,0.6951459576927514,2,1,0.001998777132806202,1,0,0,0,0,0
CUST_0215,OFFER_0233,567,2.376840253024005,3,1,1.6836930724640595,1,1,0,0,0,1
CUST_0655,OFFER_0079,536,1.5157659153309146,3,1,0.8226187347709695,1,1,0,0,0,1
CUST_1728,OFFER_1180,300,0.6954968388335432,2,1,0.0023496582735978828,1,0,0,0,0,0
CUST_1354,OFFER_0859,480,0.8435253100702098,2,1,0.15037812951026458,1,0,0,0,0,1
CUST_1701,OFFER_1308,318,0.6949278885454105,1,1,0.0017807079854652678,1,1,1,0,0,0
CUST_1470,OFFER_0272,293,0.6961453462591546,3,1,0.002998165699209303,1,1,0,0,0,0
CUST_1818,OFFER_1308,260,0.694079643063764,2,1,0.0009324625038187667,1,0,0,0,0,0
CUST_1650,OFFER_1289,526,1.1284224622080075,2,1,0.4352752816480622,1,0,0,0,0,1
CUST_0113,OFFER_0333,377,0.7279479117373023,5,1,0.034800731177357005,0,0,1,0,0,1
CUST_2566,OFFER_0279,536,1.5157659153309146,3,1,0.8226187347709695,1,1,0,0,0,1
CUST_1980,OFFER_0352,553,1.5053995769161808,2,1,0.8122523963562356,1,0,0,0,0,1
CUST_1762,OFFER_0512,489,0.8782843745957659,2,1,0.1851371940358206,1,0,0,0,0,1
CUST_2376,OFFER_0071,238,0.6939885123629216,3,1,0.0008413318029763446,1,1,0,0,0,0
CUST_1811,OFFER_0401,298,1.1003929966535748,2,2,0.0017807079854652676,1,1,1,0,0,0
CUST_2062,OFFER_1140,304,0.6957243444481735,2,1,0.0025771638882283094,1,0,0,0,0,0
CUST_0291,OFFER_0529,338,0.7016272737480725,3,1,0.008480093188127221,1,1,0,0,0,0
CUST_0016,OFFER_0071,236,0.6936827396320618,2,1,0.0005355590721165173,1,0,0,0,0,0
CUST_2622,OFFER_0184,315,0.6964700991574095,2,1,0.0033229185974642784,1,0,0,0,0,0
CUST_0444,OFFER_0313,238,0.6939885123629216,3,1,0.0008413318029763446,1,1,0,0,0,0
CUST_2209,OFFER_1120,317,0.6983672902365489,3,1,0.00522010967660355,1,1,0,0,0,0
CUST_2082,OFFER_0084,564,2.2640883647908856,3,1,1.5709411842309402,1,1,0,0,0,1
CUST_0137,OFFER_0005,234,0.6936585546433538,2,1,0.0005113740834085093,1,0,0,0,0,0
CUST_1430,OFFER_0005,255,0.6939779102093113,2,1,0.0008307296493660701,1,0,0,0,0,0
CUST_1612,OFFER_0665,281,0.6954193652696626,3,1,0.002272184709717386,1,1,0,0,0,0
CUST_0575,OFFER_1125,532,1.1931471805599454,2,1,0.5,1,0,0,0,0,1
CUST_0038,OFFER_0877,503,0.948990653559139,2,1,0.2558434729991938,1,0,0,0,0,1
CUST_0579,OFFER_0690,311,0.6961767601729018,2,1,0.003029579612956515,1,0,0,0,0,0
CUST_1454,OFFER_0529,362,0.702990313762249,2,1,0.009843133202303695,1,0,0,0,0,0
CUST_0264,OFFER_1261,237,0.6939692963179844,3,1,0.0008221157580390924,1,1,0,0,0,0
CUST_0264,OFFER_0313,237,0.6936952577319714,2,1,0.0005480771720260616,1,0,0,0,0,0
CUST_0264,OFFER_0690,312,0.6977977695793833,3,1,0.004650589019438086,1,1,0,0,0,0
CUST_0315,OFFER_0807,490,0.882611751373745,2,1,0.18946457081379978,1,0,0,0,0,1
CUST_0995,OFFER_0382,411,0.7389515540803006,3,1,0.04580437352035527,1,1,0,0,0,0
CUST_2736,OFFER_1091,555,1.5438143415108012,2,1,0.8506671609508558,1,0,0,0,0,1
CUST_1374,OFFER_1102,573,1.9825174889995245,2,1,1.2893703084395791,1,0,0,0,0,1
CUST_1861,OFFER_0217,297,0.6953394892480496,2,1,0.0021923086881042446,1,0,0,0,0,0
CUST_0625,OFFER_0907,448,0.76494082774726,2,1,0.0717936471873147,1,0,0,0,0,1
CUST_2637,OFFER_1247,48,0.6931506585052294,1,1,3.4779452841118487e-06,0,0,1,0,0,0
CUST_0830,OFFER_0841,399,0.7162893298144228,2,1,0.023142149254477582,1,0,0,0,0,0
CUST_1401,OFFER_0992,568,2.416194713055498,3,1,1.7230475324955528,1,1,0,0,0,1
CUST_2085,OFFER_0642,488,0.8740558352399925,2,1,0.1809086546800473,1,0,0,0,0,1
CUST_2556,OFFER_0358,576,2.075060060527721,2,1,1.381912879967776,1,0,0,0,0,1
CUST_0575,OFFER_0307,532,1.1931471805599454,2,1,0.5,1,0,0,0,0,1
CUST_1816,OFFER_0046,428,0.8062150897349748,5,1,0.11306790917502954,0,0,1,0,0,1
CUST_1401,OFFER_0411,568,2.416194713055498,3,1,1.7230475324955528,1,1,0,0,0,1
CUST_1808,OFFER_0071,229,0.6938305543330435,3,1,0.0006833737730982476,1,1,0,0,0,0
CUST_1266,OFFER_0073,388,0.711095592356774,2,1,0.017948411796828677,1,0,0,0,0,0
CUST_1043,OFFER_1114,539,1.2809211337017496,2,1,0.5877739531418044,1,0,0,0,0,0
CUST_0026,OFFER_0710,406,0.7203518856629492,2,1,0.027204705103003865,1,0,0,0,0,0
CUST_2736,OFFER_0437,555,1.5438143415108012,2,1,0.8506671609508558,1,0,0,0,0,1
CUST_2736,OFFER_1036,555,1.5438143415108012,2,1,0.8506671609508558,1,0,0,0,0,1
CUST_0068,OFFER_1090,437,0.7488283504437165,2,1,0.05568116988377121,1,0,0,0,0,0
CUST_2100,OFFER_0433,531,1.1817271647770682,2,1,0.48857998421712295,1,0,0,0,0,1
CUST_2532,OFFER_0591,274,0.6950800534761166,3,1,0.0019328729161712317,1,1,0,0,0,0
CUST_1492,OFFER_1180,481,0.9239867580621172,3,1,0.23083957750217185,1,1,0,0,0,0
CUST_2866,OFFER_0074,488,0.8740558352399925,2,1,0.1809086546800473,1,0,0,0,0,1
CUST_0264,OFFER_0740,237,0.6936952577319714,2,1,0.0005480771720260616,1,0,0,0,0,0
CUST_1776,OFFER_0592,440,0.7528247808043463,2,1,0.059677600244401045,1,0,0,0,0,0
CUST_1161,OFFER_1011,522,1.28842257504802,3,1,0.5952753944880749,1,1,0,0,0,1
CUST_1689,OFFER_0102,319,0.6986141707447313,3,1,0.005466990184785981,1,1,0,0,0,0
CUST_1001,OFFER_1295,463,0.7946787301044748,2,1,0.10153154954452945,1,0,0,0,0,1
CUST_2504,OFFER_0437,520,1.0720763221875447,2,1,0.3789291416275995,1,0,0,0,0,1
CUST_0264,OFFER_0297,237,0.6936952577319714,2,1,0.0005480771720260616,1,0,0,0,0,0
CUST_1538,OFFER_0716,581,2.24429194239368,2,1,1.5511447618337346,1,0,0,0,0,1
CUST_0575,OFFER_0127,532,1.1931471805599454,2,1,0.5,1,0,0,0,0,1
CUST_1001,OFFER_1047,463,0.8454445048767394,3,1,0.15229732431679416,1,1,0,0,0,1
CUST_2225,OFFER_0752,524,1.316575602667036,3,1,0.6234284221070908,1,1,0,0,0,0
CUST_2193,OFFER_0382,426,0.7363319580589383,2,1,0.043184777498993014,1,0,0,0,0,0
CUST_2100,OFFER_0437,531,1.1817271647770682,2,1,0.48857998421712295,1,0,0,0,0,1
CUST_1179,OFFER_1180,276,0.6951714670052106,3,1,0.0020242864452652974,1,1,0,0,0,0
CUST_1375,OFFER_1289,524,1.108766128631339,2,1,0.4156189480713939,1,0,0,0,0,1
CUST_1005,OFFER_0102,316,0.6965477686978208,2,1,0.0034005881378754853,1,0,0,0,0,0
CUST_1440,OFFER_1213,196,0.6932534489392539,1,1,0.00010626837930860897,0,0,1,0,0,0
CUST_0194,OFFER_1289,448,0.8008376513409173,3,1,0.10769047078097205,1,1,0,0,0,1
CUST_2250,OFFER_0676,561,2.158887133211314,3,1,1.4657399526513688,1,1,0,0,0,0
CUST_2787,OFFER_0841,427,0.7373413543841045,2,1,0.044194173824159216,1,0,0,0,0,0
CUST_0954,OFFER_0503,396,0.72553576368419,3,1,0.032388583124244745,1,1,0,0,0,0
CUST_0264,OFFER_0473,237,0.6939692963179844,3,1,0.0008221157580390924,1,1,0,0,0,0
CUST_0036,OFFER_1090,362,0.702990313762249,2,1,0.009843133202303695,1,0,0,0,0,0
CUST_2100,OFFER_0877,531,1.1817271647770682,2,1,0.48857998421712295,1,0,0,0,0,1
CUST_0432,OFFER_0503,402,0.7179503219969484,2,1,0.024803141437003132,1,0,0,0,0,0
CUST_1273,OFFER_0850,411,0.7236834295735155,2,1,0.030536249013570178,1,0,0,0,0,0
CUST_1321,OFFER_0073,372,0.6993479659191961,1,1,0.006200785359250782,1,1,1,0,0,0
CUST_1538,OFFER_1224,581,2.24429194239368,2,1,1.5511447618337346,1,0,0,0,0,1
CUST_2500,OFFER_0863,515,1.0307346671019928,2,1,0.33758748654204745,1,0,0,0,0,1
CUST_1924,OFFER_0005,266,0.6942182987041783,2,1,0.0010711181442330337,1,0,0,0,0,0
CUST_2964,OFFER_0385,239,0.6937211785610603,2,1,0.0005739980011150435,1,0,0,0,0,0
CUST_2869,OFFER_0217,276,0.6938219427083671,1,1,0.0006747621484217658,1,1,1,0,0,0
CUST_0038,OFFER_1289,503,0.948990653559139,2,1,0.2558434729991938,1,0,0,0,0,1
CUST_2634,OFFER_0863,566,1.7899721602545715,2,1,1.0968249796946261,1,0,0,0,0,1
CUST_0853,OFFER_0529,304,0.6957243444481735,2,1,0.0025771638882283094,1,0,0,0,0,0
CUST_2388,OFFER_0217,404,0.7061352726871764,1,1,0.012988092127231059,1,1,1,0,0,0
CUST_2193,OFFER_1154,426,0.7363319580589383,2,1,0.043184777498993014,1,0,0,0,0,0
CUST_1299,OFFER_1223,160,0.6931934365586792,1,1,4.6255998733837856e-05,0,0,1,0,0,0
CUST_0625,OFFER_1011,448,0.76494082774726,2,1,0.0717936471873147,1,0,0,0,0,1
CUST_0997,OFFER_0665,246,0.6941593237825779,3,1,0.0010121432226326485,1,1,0,0,0,0
CUST_2100,OFFER_0307,531,1.1817271647770682,2,1,0.48857998421712295,1,0,0,0,0,1
CUST_2866,OFFER_0355,488,0.8740558352399925,2,1,0.1809086546800473,1,0,0,0,0,1
CUST_2364,OFFER_0411,535,1.6344990199362561,3,2,0.5358867312681466,1,1,0,0,0,1
CUST_0737,OFFER_0251,583,2.317651973272416,2,1,1.624504792712471,1,0,0,0,0,1
CUST_0152,OFFER_0937,257,0.6935821896996622,1,1,0.0004350091397169624,0,0,1,0,0,0
CUST_0264,OFFER_0365,237,0.6939692963179844,3,1,0.0008221157580390924,1,1,0,0,0,0
CUST_1168,OFFER_0710,414,0.7422390925671623,3,1,0.04909191200721691,1,1,0,0,0,0
CUST_1964,OFFER_0458,274,0.6944357625040595,2,1,0.0012885819441141545,1,0,0,0,0,0
CUST_1321,OFFER_0665,372,0.7117495366376976,3,1,0.018602356077752347,1,1,0,0,0,0
CUST_2308,OFFER_1090,305,0.6944658816792502,1,1,0.0013187011193048727,1,1,1,0,0,0
CUST_1570,OFFER_1247,55,0.6931512690512422,1,1,4.08849129690664e-06,0,0,1,0,0,0
CUST_1442,OFFER_0073,458,0.783601507899969,2,1,0.09045432734002365,1,0,0,0,0,0
CUST_1161,OFFER_1289,522,1.28842257504802,3,1,0.5952753944880749,1,1,0,0,0,1
CUST_2816,OFFER_0919,435,0.7463138781193738,2,1,0.053166697559428495,1,0,0,0,0,0
CUST_2334,OFFER_1166,557,1.5840458987002846,2,1,0.8908987181403394,1,0,0,0,0,1
CUST_0074,OFFER_0863,531,1.1817271647770682,2,1,0.48857998421712295,1,0,0,0,0,1
CUST_2100,OFFER_0244,546,1.3841036205438333,2,1,0.690956439983888,1,0,0,0,0,1
CUST_2504,OFFER_0762,520,1.0720763221875447,2,1,0.3789291416275995,1,0,0,0,0,1
CUST_0794,OFFER_0871,456,0.8227015130569243,3,1,0.129554332496979,1,1,0,0,0,0
CUST_1736,OFFER_0071,234,0.6936585546433538,2,1,0.0005113740834085093,1,0,0,0,0,0
CUST_2903,OFFER_0310,251,0.694283272914804,3,1,0.0011360923548586928,1,1,0,0,0,0
CUST_2622,OFFER_0071,241,1.3871960782195085,3,3,0.0009017170996178585,1,1,1,0,0,0
CUST_1222,OFFER_1145,514,1.023024158253169,2,1,0.32987697769322366,1,0,0,0,0,1
CUST_2294,OFFER_1258,242,0.6937623763850893,2,1,0.0006151958251439807,1,0,0,0,0,0
CUST_2841,OFFER_0581,120,0.6931655372652078,1,1,1.83567052624835e-05,0,0,1,0,0,0
CUST_1738,OFFER_1154,410,0.7229859806821458,2,1,0.02983880012220052,1,0,0,0,0,0
CUST_1161,OFFER_1167,522,1.28842257504802,3,1,0.5952753944880749,1,1,0,0,0,1
CUST_2369,OFFER_0469,502,0.9431471805599454,2,1,0.25000000000000006,1,0,0,0,0,1
CUST_0264,OFFER_1213,237,0.6939692963179844,3,1,0.0008221157580390924,1,1,0,0,0,0
CUST_1952,OFFER_1131,353,0.70114228909117,2,1,0.007995108531224803,1,0,0,0,0,0
CUST_2100,OFFER_0397,546,1.3841036205438333,2,1,0.690956439983888,1,0,0,0,0,1
CUST_2536,OFFER_0841,431,0.7416204543672495,2,1,0.048473273807304214,1,0,0,0,0,0
CUST_1222,OFFER_0916,537,1.5349937167919752,3,1,0.84184653623203,1,1,0,0,0,0
CUST_0219,OFFER_1120,320,0.6987419555828579,3,1,0.005594775022912596,1,1,0,0,0,0
CUST_1047,OFFER_0529,309,0.6960399492167549,2,1,0.002892768656809697,1,0,0,0,0,0
CUST_2837,OFFER_0358,586,3.3047988704483178,3,1,2.6116516898883724,1,1,0,0,0,1
CUST_2770,OFFER_0841,434,1.176540841431496,3,2,0.07792855276338637,1,1,0,0,0,0
CUST_2109,OFFER_0908,458,0.783601507899969,2,1,0.09045432734002365,1,0,0,0,0,0
CUST_2503,OFFER_0676,574,2.6724090467192867,3,1,1.9792618661593413,1,1,0,0,0,0
CUST_2914,OFFER_0437,518,1.0549644899200399,2,1,0.3618173093600946,1,0,0,0,0,1
CUST_1716,OFFER_0411,562,1.6931471805599454,2,1,1.0,1,0,0,0,0,1
CUST_1228,OFFER_0411,518,1.2358731446000872,3,1,0.5427259640401418,1,1,0,0,0,1
CUST_0405,OFFER_0919,434,0.7710757333233317,3,1,0.07792855276338637,1,1,0,0,0,0
CUST_0766,OFFER_0592,529,1.159663676328349,2,1,0.4665164957684037,1,0,0,0,0,0
CUST_2917,OFFER_1161,496,0.9107848213839763,2,1,0.21763764082403106,1,0,0,0,0,0
CUST_2065,OFFER_1308,137,0.6931743686311777,1,1,2.7188071232310162e-05,0,0,1,0,0,0
CUST_0053,OFFER_0488,444,0.7913310045743791,3,1,0.09818382401443378,1,1,0,0,0,0
CUST_2393,OFFER_0167,570,1.896172216642062,2,1,1.2030250360821166,1,0,0,0,0,1
CUST_1153,OFFER_0665,352,0.7048659305599453,3,1,0.011718750000000003,1,1,0,0,0,0
CUST_0515,OFFER_0220,235,0.6939321708889513,3,1,0.0007849903290060739,1,1,0,0,0,0
CUST_1044,OFFER_0762,451,0.8085669693110312,3,1,0.11541978875108591,1,1,0,0,0,1
CUST_0809,OFFER_0904,145,0.6931798884903205,1,1,3.2707930375253134e-05,0,0,1,0,0,0
CUST_2364,OFFER_1178,528,1.1490084248390537,2,1,0.45586124427910846,1,0,0,0,0,1
CUST_2902,OFFER_0325,572,1.9530682304548184,2,1,1.2599210498948732,1,0,0,0,0,1
CUST_0579,OFFER_0411,518,1.0549644899200399,2,1,0.3618173093600946,1,0,0,0,0,1
CUST_2352,OFFER_0411,535,1.229033911828092,2,1,0.5358867312681466,1,0,0,0,0,1
CUST_0527,OFFER_0851,589,3.492246155170368,3,1,2.7990989746104225,1,1,0,0,0,0
CUST_2885,OFFER_0710,417,0.7457625890744471,3,1,0.052615408514501846,1,1,0,0,0,0
CUST_0139,OFFER_0382,410,0.7379053807432461,3,1,0.044758200183300775,1,1,0,0,0,0
CUST_2833,OFFER_0170,519,1.2485587626674068,3,1,0.5554115821074616,1,1,0,0,0,1
CUST_0037,OFFER_0762,524,1.108766128631339,2,1,0.4156189480713939,1,0,0,0,0,1
CUST_2189,OFFER_0778,460,0.7878794659668452,2,1,0.09473228540689993,1,0,0,0,0,1
CUST_1133,OFFER_0102,315,0.6981315584561417,3,1,0.004984377896196417,1,1,0,0,0,0
CUST_0157,OFFER_1247,30,0.6931494751481031,1,1,2.2945881578104366e-06,0,0,1,0,0,0
CUST_1633,OFFER_0251,581,2.24429194239368,2,1,1.5511447618337346,1,0,0,0,0,1
CUST_0400,OFFER_0181,287,0.6957572353982471,3,1,0.0026100548383017745,1,1,0,0,0,0
CUST_2762,OFFER_0447,490,0.882611751373745,2,1,0.18946457081379978,1,0,0,0,0,1
CUST_0135,OFFER_0908,424,0.7137644916657717,1,1,0.020617311105826472,1,1,1,0,0,0
CUST_0801,OFFER_0503,393,0.7233667971639979,3,1,0.030219616604052632,1,1,0,0,0,0
CUST_2079,OFFER_1237,264,0.6946813028101708,3,1,0.0015341222502255278,1,1,0,0,0,0
CUST_0601,OFFER_0651,309,0.6960399492167549,2,1,0.002892768656809697,1,0,0,0,0,0
CUST_0601,OFFER_0690,309,0.6960399492167549,2,1,0.002892768656809697,1,0,0,0,0,0
CUST_2218,OFFER_0352,535,1.229033911828092,2,1,0.5358867312681466,1,0,0,0,0,1
CUST_1765,OFFER_0085,518,1.2358731446000872,3,1,0.5427259640401418,1,1,0,0,0,1
CUST_1444,OFFER_0167,512,1.0081274430336635,2,1,0.31498026247371824,1,0,0,0,0,1
CUST_2711,OFFER_0841,428,0.7383743442299571,2,1,0.04522716367001182,1,0,0,0,0,0
CUST_2472,OFFER_0352,588,2.516592157676379,2,1,1.8234449771164336,1,0,0,0,0,1
CUST_1295,OFFER_1179,220,0.6933322045548806,1,1,0.00018502399493535113,0,0,1,0,0,0
CUST_2620,OFFER_0629,516,1.0386254005518893,2,1,0.34547821999194406,1,0,0,0,0,1
CUST_0310,OFFER_0167,571,2.53986380057732,3,1,1.8467166200173746,1,1,0,0,0,1
CUST_0416,OFFER_1005,501,1.0595821687227875,3,1,0.36643498816284226,1,1,0,0,0,1
CUST_2317,OFFER_0073,288,0.6949278885454105,2,1,0.0017807079854652676,1,0,0,0,0,0
CUST_3000,OFFER_0073,532,0.9431471805599453,1,1,0.25,1,1,1,0,0,0
CUST_2025,OFFER_1308,283,0.6955268262523951,3,1,0.002379645692449911,1,1,0,0,0,0
CUST_2833,OFFER_0025,519,1.2485587626674068,3,1,0.5554115821074616,1,1,0,0,0,1
CUST_1552,OFFER_1289,444,0.7586030632362345,2,1,0.06545588267628918,1,0,0,0,0,1
CUST_2134,OFFER_1154,415,0.7433865616163341,3,1,0.05023938105638876,1,1,0,0,0,0
CUST_0098,OFFER_0965,547,1.4002539617464929,2,1,0.7071067811865476,1,0,0,0,0,1
CUST_2928,OFFER_0739,543,1.3378323347797347,2,1,0.6446851542197896,1,0,0,0,0,1
CUST_1823,OFFER_1180,306,0.6944967048567888,1,1,0.0013495242968435317,0,0,1,0,0,0
CUST_0579,OFFER_1294,518,1.0549644899200399,2,1,0.3618173093600946,1,0,0,0,0,1
CUST_0261,OFFER_0071,204,0.6932750240807974,1,1,0.00012784352085212729,0,0,1,0,0,0
CUST_1220,OFFER_0123,587,2.4749446168406237,2,1,1.7817974362806785,1,0,0,0,0,1
CUST_0580,OFFER_0282,531,1.1817271647770682,2,1,0.48857998421712295,1,0,0,0,0,1
CUST_2082,OFFER_0953,558,1.604869669118162,2,1,0.9117224885582168,1,0,0,0,0,1
CUST_1436,OFFER_0503,435,0.7463138781193738,2,1,0.053166697559428495,1,0,0,0,0,0
CUST_2114,OFFER_0592,441,0.7236834295735155,1,1,0.030536249013570195,1,1,1,0,0,0
CUST_1220,OFFER_1102,587,2.4749446168406237,2,1,1.7817974362806785,1,0,0,0,0,1
CUST_1716,OFFER_0643,562,1.6931471805599454,2,1,1.0,1,0,0,0,0,1
CUST_1716,OFFER_0022,562,1.6931471805599454,2,1,1.0,1,0,0,0,0,1
CUST_2069,OFFER_0411,554,1.5243850767027332,2,1,0.8312378961427878,1,0,0,0,0,1
CUST_1149,OFFER_0740,17,0.6931488798143973,1,1,1.6992544520193847e-06,0,0,1,0,0,0
CUST_1231,OFFER_0665,435,0.7463138781193738,2,1,0.053166697559428495,1,0,0,0,0,0
CUST_1231,OFFER_0160,435,0.7463138781193738,2,1,0.053166697559428495,1,0,0,0,0,1
CUST_1798,OFFER_1188,588,2.516592157676379,2,1,1.8234449771164336,1,0,0,0,0,1
CUST_2334,OFFER_1294,515,1.0307346671019928,2,1,0.33758748654204745,1,0,0,0,0,1
CUST_0425,OFFER_0919,435,0.7463138781193738,2,1,0.053166697559428495,1,0,0,0,0,0
CUST_0569,OFFER_0167,572,2.583028755402255,3,1,1.8898815748423097,1,1,0,0,0,1
CUST_2971,OFFER_1289,557,1.5840458987002846,2,1,0.8908987181403394,1,0,0,0,0,1
CUST_2967,OFFER_0595,342,0.7024483585988215,3,1,0.009301178038876173,1,1,0,0,0,0
CUST_2244,OFFER_1180,538,1.2674963580584628,2,1,0.5743491774985175,1,0,0,0,0,0
CUST_2489,OFFER_0690,308,0.695973878289321,2,1,0.0028266977293757403,1,0,0,0,0,0
CUST_0321,OFFER_0665,273,0.6944063312517809,2,1,0.001259150691835527,1,0,0,0,0,0
CUST_0291,OFFER_1090,370,0.7049887162358077,2,1,0.011841535675862488,1,0,0,0,0,0
CUST_0146,OFFER_0729,247,0.694182981508949,3,1,0.0010358009490037325,1,1,0,0,0,0
CUST_0179,OFFER_1308,306,0.6944967048567888,1,1,0.0013495242968435317,1,1,1,0,0,0
CUST_1913,OFFER_1308,279,0.6945935648883501,2,1,0.0014463843284048482,1,0,0,0,0,0
CUST_1534,OFFER_1275,464,0.7970519175777938,2,1,0.1039047370178485,1,0,0,0,0,1
CUST_2806,OFFER_0919,420,0.7307417129375114,2,1,0.03759453237756615,1,0,0,0,0,0
CUST_1972,OFFER_0739,537,1.5349937167919752,3,1,0.84184653623203,1,1,0,0,0,1
CUST_2981,OFFER_0981,518,1.2358731446000872,3,1,0.5427259640401418,1,1,0,0,0,1
CUST_1762,OFFER_1235,489,0.8782843745957659,2,1,0.1851371940358206,1,0,0,0,0,1
CUST_0310,OFFER_0769,571,1.9242915939048615,2,1,1.2311444133449163,1,0,0,0,0,1
CUST_1915,OFFER_0791,516,1.0386254005518893,2,1,0.34547821999194406,1,0,0,0,0,1
CUST_1915,OFFER_0998,516,1.0386254005518893,2,1,0.34547821999194406,1,0,0,0,0,1
CUST_1470,OFFER_1308,293,0.6961453462591546,3,1,0.002998165699209303,1,1,0,0,0,0
CUST_2362,OFFER_0525,446,0.7959745224063164,3,1,0.10282734184637116,1,1,0,0,0,1
CUST_1881,OFFER_0310,255,0.6939779102093113,2,1,0.0008307296493660701,1,0,0,0,0,0
CUST_0392,OFFER_0633,298,0.6965125077718507,3,1,0.003365327211905379,1,1,0,0,0,0
CUST_0798,OFFER_0143,207,0.6932841998529518,1,1,0.0001370192930065154,0,0,1,0,0,0
CUST_0154,OFFER_1140,339,0.7018254865303744,3,1,0.00867830597042909,1,1,0,0,0,0
CUST_0065,OFFER_0071,240,0.6937345951283448,2,1,0.0005874145683994711,1,0,0,0,0,0
CUST_0416,OFFER_0456,501,1.0595821687227875,3,1,0.36643498816284226,1,1,0,0,0,1
CUST_1979,OFFER_1213,218,0.6933238491680312,1,1,0.00017666860808598355,0,0,1,0,0,0
CUST_1428,OFFER_0006,272,0.6937623763850893,1,1,0.0006151958251439808,0,0,1,0,0,0
CUST_0057,OFFER_1090,386,0.7017161257138096,1,1,0.008568945153864273,1,1,1,0,0,0
CUST_2961,OFFER_0863,443,0.7571080488097437,2,1,0.06396086824979844,1,0,0,0,0,1
CUST_0365,OFFER_1224,446,0.7616987417908594,2,1,0.0685515612309141,1,0,0,0,0,1
CUST_0664,OFFER_0233,442,0.7556471805599453,2,1,0.0625,1,0,0,0,0,1
CUST_1955,OFFER_0863,540,1.2946596986010037,2,1,0.6015125180410584,1,0,0,0,0,1
CUST_0460,OFFER_0411,582,3.0742487585122444,3,1,2.381101577952299,1,1,0,0,0,1
CUST_2350,OFFER_1090,351,0.6969642116866416,1,1,0.0038170311266962752,1,1,1,0,0,0
CUST_2866,OFFER_1170,488,0.8740558352399925,2,1,0.1809086546800473,1,0,0,0,0,1
CUST_2064,OFFER_0942,287,0.6957572353982471,3,1,0.0026100548383017745,1,1,0,0,0,0
CUST_1222,OFFER_0592,531,1.5871922728852326,2,2,0.48857998421712295,1,0,0,0,0,0
CUST_2672,OFFER_0904,166,0.6932003147495996,1,1,5.313418965430448e-05,0,0,1,0,0,0
CUST_0753,OFFER_0137,323,0.6991435119583639,3,1,0.005996331398418608,1,1,0,0,0,0
CUST_2125,OFFER_1186,373,0.7121843460995445,3,1,0.019037165539599273,1,1,0,0,0,0
CUST_0828,OFFER_0871,369,0.7105037925008034,3,1,0.017356611940858184,1,1,0,0,0,0
CUST_0854,OFFER_0411,453,0.773732824837419,2,1,0.0805856442774737,1,0,0,0,0,1
CUST_0866,OFFER_0498,517,1.0467005711532191,2,1,0.3535533905932738,1,0,0,0,0,1
CUST_0866,OFFER_0493,517,1.0467005711532191,2,1,0.3535533905932738,1,0,0,0,0,1
CUST_0718,OFFER_0071,182,0.6932240800380883,1,1,7.689947814299773e-05,0,0,1,0,0,0
CUST_2210,OFFER_0871,327,0.6975317979361538,2,1,0.00438461737620849,1,0,0,0,0,0
CUST_2334,OFFER_1207,542,1.3231077055073819,2,1,0.6299605249474366,1,0,0,0,0,1
CUST_2511,OFFER_0071,239,0.6940081775616178,3,1,0.0008609970016725654,1,1,0,0,0,0
CUST_1560,OFFER_1192,505,0.9610905461940187,2,1,0.26794336563407334,1,0,0,0,0,1
CUST_0975,OFFER_0788,588,2.516592157676379,2,1,1.8234449771164336,1,0,0,0,0,1
CUST_2729,OFFER_0992,566,1.7899721602545715,2,1,1.0968249796946261,1,0,0,0,0,1
CUST_0478,OFFER_0676,569,2.4564690399853584,3,1,1.763321859425413,1,1,0,0,0,0
CUST_1951,OFFER_1323,447,0.7633010585792811,2,1,0.0701538780193358,1,0,0,0,0,1
CUST_1412,OFFER_1155,484,0.8580856694065571,2,1,0.1649384888466118,1,0,0,0,0,1
CUST_0374,OFFER_0401,139,0.6931756544671577,1,1,2.847390721242697e-05,0,0,1,0,0,0
CUST_1812,OFFER_0313,257,0.6940171988393792,2,1,0.0008700182794339247,1,0,0,0,0,0
CUST_0718,OFFER_0469,512,1.0081274430336635,2,1,0.31498026247371824,1,0,0,0,0,1
CUST_2298,OFFER_0622,490,0.977344036780645,3,1,0.2841968562206997,1,1,0,0,0,1
CUST_1458,OFFER_0156,495,0.9058139707976592,2,1,0.21266679023771393,1,0,0,0,0,0
CUST_1423,OFFER_0852,123,0.6931668547895052,1,1,1.9674229559930115e-05,0,0,1,0,0,0
CUST_0184,OFFER_0272,326,0.6974316531368774,2,1,0.004284472576932136,1,0,0,0,0,0
CUST_0053,OFFER_0437,519,1.0634215686315862,2,1,0.37027438807164104,1,0,0,0,0,1
CUST_1890,OFFER_0129,523,1.3023364778271218,3,1,0.6091892972671766,1,1,0,0,0,0
CUST_1841,OFFER_1257,536,1.5157659153309146,3,1,0.8226187347709695,1,1,0,0,0,1
CUST_0875,OFFER_0651,309,0.6974863335451599,3,1,0.004339152985214545,1,1,0,0,0,0
CUST_1794,OFFER_0937,270,0.6943220096967442,2,1,0.0011748291367989422,1,0,0,0,0,0
CUST_2330,OFFER_0850,366,0.7093414721220677,3,1,0.016194291562122386,1,1,0,0,0,0
CUST_0983,OFFER_0788,524,1.108766128631339,2,1,0.4156189480713939,1,0,0,0,0,1
CUST_2724,OFFER_0156,545,1.3683221536440402,2,1,0.675174973084095,1,0,0,0,0,0
CUST_1777,OFFER_1320,74,0.6931535224018043,1,1,6.341841858999546e-06,0,0,1,0,0,0
CUST_2959,OFFER_1186,302,0.6956079638605213,2,1,0.0024607833005759233,1,0,0,0,0,0
CUST_0617,OFFER_0529,268,0.694268956297247,2,1,0.001121775737301793,1,0,0,0,0,0
CUST_1557,OFFER_0073,315,0.6981315584561417,3,1,0.004984377896196417,1,1,0,0,0,0
CUST_2828,OFFER_0160,419,0.7482509886669895,3,1,0.055103808107044155,1,1,0,0,0,1
CUST_1666,OFFER_0871,353,0.7051398433567825,3,1,0.011992662796837205,1,1,0,0,0,0
CUST_1472,OFFER_0556,83,0.6931549882831203,1,1,7.807723175024223e-06,0,0,1,0,0,0
CUST_0257,OFFER_1247,31,0.6931495287815589,1,1,2.348221613588176e-06,0,0,1,0,0,0
CUST_2939,OFFER_0665,470,0.8125023810487473,2,1,0.11935520048880205,1,0,0,0,0,0
CUST_2873,OFFER_0665,343,0.702665763329745,3,1,0.009518582769799645,1,1,0,0,0,0
CUST_1095,OFFER_1084,394,0.724073147218685,3,1,0.030925966658739718,1,1,0,0,0,0
CUST_2782,OFFER_0313,332,0.7005295304616731,3,1,0.007382349901727771,1,1,0,0,0,0
CUST_2024,OFFER_0411,570,1.896172216642062,2,1,1.2030250360821166,1,0,0,0,0,1
CUST_1826,OFFER_0358,580,2.966722030325543,3,1,2.2735748497655974,1,1,0,0,0,1
CUST_2493,OFFER_1237,241,0.6940488976595631,3,1,0.0009017170996178585,1,1,0,0,0,0
CUST_2526,OFFER_1180,465,0.8526472732382309,3,1,0.15950009267828552,1,1,0,0,0,0
CUST_1139,OFFER_0871,374,0.7061352726871764,2,1,0.012988092127231059,1,0,0,0,0,0
CUST_2306,OFFER_0871,320,0.6987419555828579,3,1,0.005594775022912596,1,1,0,0,0,0
CUST_1644,OFFER_0411,541,1.6165054905686325,3,1,0.9233583100086873,1,1,0,0,0,1
CUST_2082,OFFER_0411,462,0.7923597463079577,2,1,0.09921256574801246,1,0,0,0,0,1
CUST_0866,OFFER_1092,517,1.0467005711532191,2,1,0.3535533905932738,1,0,0,0,0,1
CUST_2669,OFFER_1173,378,0.7002700125018063,1,1,0.007122831941861066,1,1,1,0,0,0
CUST_2680,OFFER_1194,552,1.486847706544045,2,1,0.7937005259840997,1,0,0,0,0,1
CUST_0779,OFFER_0702,237,0.6936952577319714,2,1,0.0005480771720260616,1,0,0,0,0,0
CUST_0487,OFFER_0553,321,0.6988727272499897,3,1,0.005725546690044412,1,1,0,0,0,0
CUST_2298,OFFER_1195,490,0.882611751373745,2,1,0.18946457081379978,1,0,0,0,0,1
CUST_0841,OFFER_0740,297,0.6953394892480496,2,1,0.0021923086881042446,1,0,0,0,0,0
CUST_0844,OFFER_0005,263,0.6941465691263484,2,1,0.000999388566403101,1,0,0,0,0,0
CUST_0652,OFFER_0953,484,1.105493402676475,5,1,0.4123462221165295,0,0,1,0,0,1
CUST_2877,OFFER_0919,446,0.7959745224063164,3,1,0.10282734184637116,1,1,0,0,0,0
CUST_0792,OFFER_1006,466,0.8563754111779686,3,1,0.1632282306180233,1,1,0,0,0,0
CUST_2559,OFFER_0841,408,0.7216385083273895,2,1,0.028491327767444268,1,0,0,0,0,0
CUST_2036,OFFER_1308,137,0.6931743686311777,1,1,2.7188071232310162e-05,0,0,1,0,0,0
CUST_0493,OFFER_0592,523,1.3023364778271218,3,1,0.6091892972671766,1,1,0,0,0,0
CUST_0374,OFFER_1090,400,0.7168302519116703,2,1,0.02368307135172498,1,0,0,0,0,0
CUST_1685,OFFER_1308,164,0.6931979152948173,1,1,5.073473487199629e-05,0,0,1,0,0,0
CUST_0690,OFFER_1119,421,0.7893303378525169,5,1,0.09618315729257162,0,0,1,0,0,1
CUST_2643,OFFER_1059,373,0.7121843460995445,3,1,0.019037165539599273,1,1,0,0,0,0
CUST_2210,OFFER_0184,327,0.6975317979361538,2,1,0.00438461737620849,1,0,0,0,0,0
CUST_0981,OFFER_0788,509,1.1339776454162986,3,1,0.44083046485635335,0,1,0,0,0,1
CUST_2149,OFFER_0147,450,0.8059307776926438,3,1,0.11278359713269848,1,1,0,0,0,0
CUST_0768,OFFER_0919,422,0.7522059797737675,3,1,0.05905879921382221,1,1,0,0,0,0
CUST_2117,OFFER_0227,273,0.6950359065976985,3,1,0.0018887260377532904,1,1,0,0,0,0
CUST_0553,OFFER_1180,331,0.6955517594922596,1,1,0.00240457893231429,0,0,1,0,0,0
CUST_1130,OFFER_0859,488,0.9645101625800162,3,1,0.2713629820200709,1,1,0,0,0,1
CUST_1262,OFFER_0916,502,0.9431471805599454,2,1,0.25000000000000006,1,0,0,0,0,0
CUST_0815,OFFER_0005,245,0.694136206399424,3,1,0.0009890258394786554,1,1,0,0,0,0
CUST_1398,OFFER_0622,460,0.7878794659668452,2,1,0.09473228540689993,1,0,0,0,0,1
CUST_2964,OFFER_0592,445,0.7266401012642044,1,1,0.033492920704259174,1,1,1,0,0,0
CUST_2566,OFFER_0553,330,0.6978464971071411,2,1,0.004699316547195766,1,0,0,0,0,0
CUST_2368,OFFER_1120,316,0.6982480627667585,3,1,0.005100882206813228,1,1,0,0,0,0
CUST_2682,OFFER_0073,338,0.6988005760186967,2,1,0.005653395458751481,1,0,0,0,0,0
CUST_1295,OFFER_0368,502,0.9431471805599454,2,1,0.25000000000000006,1,0,0,0,0,1
CUST_0683,OFFER_0739,512,1.0081274430336635,2,1,0.31498026247371824,1,0,0,0,0,1
CUST_0373,OFFER_0752,516,1.0386254005518893,2,1,0.34547821999194406,1,0,0,0,0,0
CUST_2106,OFFER_0788,520,1.0720763221875447,2,1,0.3789291416275995,1,0,0,0,0,1
CUST_1644,OFFER_1017,541,1.3087193872324034,2,1,0.6155722066724582,1,0,0,0,0,1
CUST_2483,OFFER_1241,582,3.0742487585122444,3,1,2.381101577952299,1,1,0,0,0,1
CUST_1246,OFFER_0251,570,1.896172216642062,2,1,1.2030250360821166,1,0,0,0,0,1
CUST_0941,OFFER_1140,316,0.6982480627667585,3,1,0.005100882206813228,1,1,0,0,0,0
CUST_2959,OFFER_0868,576,2.075060060527721,2,1,1.381912879967776,1,0,0,0,0,1
CUST_0557,OFFER_0236,539,1.5748081102726519,3,1,0.8816609297127065,1,1,0,0,0,1
CUST_0330,OFFER_0849,520,1.0720763221875447,2,1,0.3789291416275995,1,0,0,0,0,1
CUST_0848,OFFER_1180,289,0.6949695106215407,2,1,0.001822330061595327,1,0,0,0,0,0
CUST_2573,OFFER_0282,556,1.5636977438560695,2,1,0.8705505632961241,1,0,0,0,0,1
CUST_1030,OFFER_1215,442,0.7868971805599453,3,1,0.09375,1,1,0,0,0,1
CUST_0211,OFFER_0401,266,0.6942182987041783,2,1,0.0010711181442330337,1,0,0,0,0,0
CUST_0353,OFFER_1128,468,0.8071124916297223,2,1,0.11396531106977709,1,0,0,0,0,1
CUST_1232,OFFER_0167,589,3.492246155170368,3,1,2.7990989746104225,1,1,0,0,0,1
CUST_1720,OFFER_1295,503,0.948990653559139,2,1,0.2558434729991938,1,0,0,0,0,1
CUST_0140,OFFER_0621,132,0.6931714023777549,1,1,2.422181780957335e-05,0,0,1,0,0,0
CUST_0125,OFFER_0595,392,0.7226765801668564,3,1,0.02952939960691109,1,1,0,0,0,0
CUST_2068,OFFER_1186,334,0.6957243444481735,1,1,0.0025771638882283094,1,1,1,0,0,0
CUST_2322,OFFER_0850,290,0.6959445680714016,3,1,0.0027973875114563,1,1,0,0,0,0
CUST_2899,OFFER_0812,509,1.1339776454162986,3,1,0.44083046485635335,1,1,0,0,0,0
CUST_0655,OFFER_0397,536,1.2415596704072582,2,1,0.548412489847313,1,0,0,0,0,1
CUST_1733,OFFER_1254,323,0.6971447348255577,2,1,0.003997554265612405,1,0,0,0,0,0
CUST_1148,OFFER_0073,427,0.7373413543841045,2,1,0.044194173824159216,1,0,0,0,0,0
CUST_0717,OFFER_1308,270,0.6943220096967442,2,1,0.0011748291367989422,1,0,0,0,0,0
CUST_0157,OFFER_0495,30,0.6931494751481031,1,1,2.2945881578104366e-06,0,0,1,0,0,0
CUST_2364,OFFER_0035,528,1.1490084248390537,2,1,0.45586124427910846,1,0,0,0,0,1
CUST_2776,OFFER_0919,430,0.7641963946151202,3,1,0.07104921405517493,1,1,0,0,0,0
CUST_0508,OFFER_0049,550,1.4510054638151444,2,1,0.757858283255199,1,0,0,0,0,1
CUST_2833,OFFER_0793,529,1.159663676328349,2,1,0.4665164957684037,1,0,0,0,0,1
CUST_2925,OFFER_0184,315,0.6964700991574095,2,1,0.0033229185974642784,1,0,0,0,0,0
CUST_0655,OFFER_0921,536,1.5157659153309146,3,1,0.8226187347709695,1,1,0,0,0,1
CUST_2210,OFFER_0908,407,0.7209877655018309,2,1,0.027840584941885606,1,0,0,0,0,0
CUST_0388,OFFER_1173,443,0.7571080488097437,2,1,0.06396086824979844,1,0,0,0,0,0
CUST_0395,OFFER_0553,331,0.6979563384245738,2,1,0.00480915786462858,1,0,0,0,0,0
CUST_1728,OFFER_1308,300,0.6954968388335432,2,1,0.0023496582735978828,1,0,0,0,0,0
CUST_0205,OFFER_1308,258,0.6944827115490443,3,1,0.0013355309890989507,1,1,0,0,0,0
CUST_0324,OFFER_0102,318,0.6984893045163411,3,1,0.0053421239563958035,1,1,0,0,0,0
CUST_1148,OFFER_0812,427,0.7373413543841045,2,1,0.044194173824159216,1,0,0,0,0,0
CUST_0416,OFFER_0319,501,1.0595821687227875,3,1,0.36643498816284226,1,1,0,0,0,1
CUST_0416,OFFER_0354,501,0.9374371726685068,2,1,0.2442899921085615,1,0,0,0,0,1
CUST_0931,OFFER_0123,569,1.868695086843554,2,1,1.1755479062836087,1,0,0,0,0,1
CUST_1021,OFFER_0433,548,1.4167817992801344,2,1,0.7236346187201891,1,0,0,0,0,1
CUST_2721,OFFER_0710,412,0.7243971805599453,2,1,0.031250000000000014,1,0,0,0,0,0
CUST_0392,OFFER_0009,298,0.6953907320345488,2,1,0.002243551474603586,1,0,0,0,0,0
CUST_0573,OFFER_0493,442,0.7556471805599453,2,1,0.0625,1,0,0,0,0,1
CUST_0707,OFFER_0592,476,0.8988018642526876,3,1,0.2056546836927423,1,1,0,0,0,0
CUST_2406,OFFER_0080,427,0.8036326151203433,5,1,0.11048543456039804,0,0,1,0,0,1
CUST_1028,OFFER_0934,446,0.7616987417908594,2,1,0.0685515612309141,1,0,0,0,0,1
CUST_0048,OFFER_0382,416,0.7274229611754024,2,1,0.034275780615457066,1,0,0,0,0,0
CUST_2167,OFFER_0356,210,0.6932940342020452,1,1,0.00014685364209986775,0,0,1,0,0,0
CUST_1295,OFFER_0992,486,0.9522558455539033,3,1,0.259108664993958,1,1,0,0,0,1
CUST_2334,OFFER_1096,562,2.5986122886681096,3,2,1.5,1,1,0,0,0,1
CUST_0869,OFFER_0310,256,0.6939973275944141,2,1,0.0008501470344688711,1,0,0,0,0,0
CUST_2508,OFFER_0788,587,2.4749446168406237,2,1,1.7817974362806785,1,0,0,0,0,1
CUST_2298,OFFER_0818,490,0.882611751373745,2,1,0.18946457081379978,1,0,0,0,0,1
CUST_2614,OFFER_0916,546,1.3841036205438333,2,1,0.690956439983888,1,0,0,0,0,0
CUST_2099,OFFER_0850,393,0.7132935916293137,2,1,0.02014641106936842,1,0,0,0,0,0
CUST_2898,OFFER_0592,587,2.4749446168406237,2,1,1.7817974362806785,1,0,0,0,0,0
CUST_0726,OFFER_0841,435,0.7463138781193738,2,1,0.053166697559428495,1,0,0,0,0,0
CUST_1295,OFFER_0799,486,0.8658862905559173,2,1,0.172739109995972,1,0,0,0,0,1
CUST_1398,OFFER_0482,460,0.7878794659668452,2,1,0.09473228540689993,1,0,0,0,0,1
CUST_2778,OFFER_0827,64,0.6931522140831645,1,1,5.033523219195926e-06,0,0,1,0,0,0
CUST_1028,OFFER_0509,446,0.7616987417908594,2,1,0.0685515612309141,1,0,0,0,0,1
CUST_1335,OFFER_0992,572,1.9530682304548184,2,1,1.2599210498948732,1,0,0,0,0,1
CUST_1566,OFFER_1180,300,0.6943220096967442,1,1,0.0011748291367989414,0,0,1,0,0,0
CUST_1142,OFFER_1140,318,0.6967085965308758,2,1,0.0035614159709305357,1,0,0,0,0,0
CUST_1167,OFFER_0665,318,0.6967085965308758,2,1,0.0035614159709305357,1,0,0,0,0,0
CUST_2959,OFFER_0411,564,2.2640883647908856,3,1,1.5709411842309402,1,1,0,0,0,1
CUST_1373,OFFER_0592,451,0.7700937063940025,2,1,0.07694652583405727,1,0,0,0,0,0
CUST_0218,OFFER_0251,583,3.129904369628652,3,1,2.4367571890687065,0,1,0,0,0,1
CUST_2707,OFFER_1090,453,0.773732824837419,2,1,0.0805856442774737,1,0,0,0,0,0
CUST_2790,OFFER_0319,543,1.6601749118896296,3,1,0.9670277313296843,1,1,0,0,0,1
CUST_2676,OFFER_0871,385,0.7015204107360101,1,1,0.008373230176064794,1,1,1,0,0,0
CUST_1659,OFFER_0559,256,0.6939973275944141,2,1,0.0008501470344688711,1,0,0,0,0,0
CUST_2732,OFFER_0411,516,1.0386254005518893,2,1,0.34547821999194406,1,0,0,0,0,1
CUST_1811,OFFER_0729,299,0.6965911685666355,3,1,0.0034439880066902593,1,1,0,0,0,0
CUST_0953,OFFER_0184,315,0.6964700991574095,2,1,0.0033229185974642784,1,0,0,0,0,0
CUST_1173,OFFER_1247,129,0.6931697803150766,1,1,2.2599755131325723e-05,0,0,1,0,0,0
CUST_0451,OFFER_0129,523,1.3023364778271218,3,1,0.6091892972671766,1,1,0,0,0,0
CUST_1020,OFFER_0525,581,2.24429194239368,2,1,1.5511447618337346,1,0,0,0,0,1
CUST_2959,OFFER_0812,302,0.6956079638605213,2,1,0.0024607833005759233,1,0,0,0,0,0
CUST_0915,OFFER_0922,455,0.8197424880132131,3,1,0.12659530745326783,1,1,0,0,0,1
CUST_1893,OFFER_0073,388,0.711095592356774,2,1,0.017948411796828677,1,0,0,0,0,0
CUST_1243,OFFER_0698,513,1.1766610462247875,3,1,0.4835138656648422,1,1,0,0,0,1
CUST_1295,OFFER_0399,486,0.9522558455539033,3,1,0.259108664993958,1,1,0,0,0,1
CUST_1676,OFFER_0401,299,0.6965911685666355,3,1,0.0034439880066902593,1,1,0,0,0,0
CUST_0103,OFFER_0005,261,0.6945785672324564,3,1,0.0014313866725111028,1,1,0,0,0,0
CUST_0752,OFFER_0928,258,0.6944827115490443,3,1,0.0013355309890989507,1,1,0,0,0,0
CUST_1459,OFFER_0841,402,0.7179503219969484,2,1,0.024803141437003132,1,0,0,0,0,0
CUST_1030,OFFER_0919,442,0.7868971805599453,3,1,0.09375,1,1,0,0,0,0
CUST_2523,OFFER_0282,586,3.3047988704483178,3,1,2.6116516898883724,1,1,0,0,0,1
CUST_0305,OFFER_1090,357,0.7019164153123623,2,1,0.00876923475241698,1,0,0,0,0,0
CUST_1295,OFFER_0477,486,0.8658862905559173,2,1,0.172739109995972,1,0,0,0,0,1
CUST_1262,OFFER_0271,502,0.9431471805599454,2,1,0.25000000000000006,1,0,0,0,0,0
CUST_1271,OFFER_0863,545,1.3683221536440402,2,1,0.675174973084095,1,0,0,0,0,1
CUST_0703,OFFER_0676,561,1.6703071489941912,2,1,0.9771599684342459,1,0,0,0,0,0
CUST_0617,OFFER_0313,268,0.694268956297247,2,1,0.001121775737301793,1,0,0,0,0,0
CUST_1293,OFFER_0904,253,0.6943370034061702,3,1,0.0011898228462249552,1,1,0,0,0,0
CUST_1446,OFFER_0227,478,0.8367344749345746,2,1,0.1435872943746294,1,0,0,0,0,0
CUST_2775,OFFER_0698,464,0.849004286086718,3,1,0.15585710552677273,1,1,0,0,0,1
CUST_2900,OFFER_1247,105,0.6931601607107166,1,1,1.2980150771344853e-05,0,0,1,0,0,0
CUST_1615,OFFER_0217,286,0.6948474746288831,2,1,0.0017002940689377424,1,0,0,0,0,0
CUST_1486,OFFER_0085,444,0.7586030632362345,2,1,0.06545588267628918,1,0,0,0,0,1
CUST_0443,OFFER_0919,445,0.7601330219684637,2,1,0.06698584140851835,1,0,0,0,0,0
CUST_2180,OFFER_0676,562,1.6931471805599454,2,1,1.0,1,0,0,0,0,0
CUST_2298,OFFER_0980,490,0.882611751373745,2,1,0.18946457081379978,1,0,0,0,0,1
CUST_2559,OFFER_0710,408,0.7358841722111117,3,1,0.0427369916511664,1,1,0,0,0,0
CUST_1097,OFFER_0391,553,1.5053995769161808,2,1,0.8122523963562356,1,0,0,0,0,1
CUST_2206,OFFER_0877,521,1.080933371018379,2,1,0.3877861904584337,1,0,0,0,0,1
CUST_1242,OFFER_1171,435,0.7463138781193738,2,1,0.053166697559428495,1,0,0,0,0,0
CUST_0605,OFFER_0916,481,0.9239867580621172,3,1,0.23083957750217185,1,1,0,0,0,0
CUST_1044,OFFER_0399,460,0.7878794659668452,2,1,0.09473228540689993,1,0,0,0,0,1
CUST_1404,OFFER_0702,327,0.6975317979361538,2,1,0.00438461737620849,1,0,0,0,0,0
CUST_0605,OFFER_0871,481,1.252505340336224,3,2,0.15389305166811457,1,1,0,0,0,0
CUST_1061,OFFER_1308,261,0.6941014383416193,2,1,0.0009542577816740685,1,0,0,0,0,0
CUST_0688,OFFER_0690,310,0.6946273725194281,1,1,0.0014801919594828108,0,0,1,0,0,0
CUST_2524,OFFER_1180,352,0.6970534305599453,1,1,0.003906250000000001,1,1,1,0,0,0
CUST_1558,OFFER_1186,322,0.6970534305599453,2,1,0.00390625,1,0,0,0,0,0
CUST_1841,OFFER_0863,536,1.5157659153309146,3,1,0.8226187347709695,1,1,0,0,0,1
CUST_0557,OFFER_1043,539,1.2809211337017496,2,1,0.5877739531418044,1,0,0,0,0,1
CUST_2334,OFFER_0233,562,2.0986122886681096,2,2,1.0,1,0,0,0,0,1
CUST_0149,OFFER_0181,282,0.694697376899758,2,1,0.0015501963398126951,1,0,0,0,0,0
CUST_2377,OFFER_0710,430,0.7641963946151202,3,1,0.07104921405517493,1,1,0,0,0,0
CUST_2418,OFFER_0386,545,1.7059096401860878,3,1,1.0127624596261424,1,1,0,0,0,0
CUST_2298,OFFER_0619,490,0.882611751373745,2,1,0.18946457081379978,1,0,0,0,0,1
CUST_0579,OFFER_0401,315,0.6964700991574095,2,1,0.0033229185974642784,1,0,0,0,0,0
CUST_1073,OFFER_1090,384,0.7095111512290175,2,1,0.016363970669072303,1,0,0,0,0,0
CUST_2937,OFFER_0313,238,0.6937080684285962,2,1,0.0005608878686508964,1,0,0,0,0,0
CUST_1422,OFFER_1210,443,0.7571080488097437,2,1,0.06396086824979844,1,0,0,0,0,0
CUST_0264,OFFER_0672,238,0.6939885123629216,3,1,0.0008413318029763446,1,1,0,0,0,0
CUST_0264,OFFER_0843,512,1.0081274430336635,2,1,0.31498026247371824,1,0,0,0,0,0
CUST_1096,OFFER_1090,374,0.7061352726871764,2,1,0.012988092127231059,1,0,0,0,0,0
CUST_0557,OFFER_1097,539,1.5748081102726519,3,1,0.8816609297127065,1,1,0,0,0,1
CUST_0557,OFFER_0149,539,1.5748081102726519,3,1,0.8816609297127065,1,1,0,0,0,1
CUST_2712,OFFER_0698,534,1.4786177726754155,3,1,0.7854705921154701,1,1,0,0,0,1
CUST_2174,OFFER_1289,504,0.954970711265102,2,1,0.2618235307051567,1,0,0,0,0,1
CUST_1247,OFFER_1093,520,1.0720763221875447,2,1,0.3789291416275995,1,0,0,0,0,1
CUST_1138,OFFER_1223,169,0.6932041283743702,1,1,5.694781442485395e-05,0,0,1,0,0,0
CUST_0554,OFFER_1186,353,1.1066073971993344,2,2,0.007995108531224803,1,0,0,0,0,0
CUST_2892,OFFER_0928,246,0.6941593237825779,3,1,0.0010121432226326485,1,1,0,0,0,0
CUST_1838,OFFER_0665,286,0.6948474746288831,2,1,0.0017002940689377424,1,0,0,0,0,0
CUST_2484,OFFER_0665,332,0.7005295304616731,3,1,0.007382349901727771,1,1,0,0,0,0
CUST_2158,OFFER_0382,410,0.7229859806821458,2,1,0.02983880012220052,1,0,0,0,0,0
CUST_1660,OFFER_0841,393,0.7233667971639979,3,1,0.030219616604052632,1,1,0,0,0,0
CUST_0557,OFFER_0609,539,1.2809211337017496,2,1,0.5877739531418044,1,0,0,0,0,1
CUST_1100,OFFER_0073,298,0.6953907320345488,2,1,0.002243551474603586,1,0,0,0,0,0
CUST_1398,OFFER_0957,460,0.8352456086702952,3,1,0.1420984281103499,1,1,0,0,0,1
CUST_2838,OFFER_0124,502,0.9431471805599454,2,1,0.25000000000000006,1,0,0,0,0,1
CUST_1295,OFFER_1090,333,0.6981837833272874,2,1,0.0050366027673421085,1,0,0,0,0,0
CUST_0060,OFFER_0702,248,0.6938538549922892,2,1,0.000706674432343935,1,0,0,0,0,0
CUST_2033,OFFER_0595,388,0.7200697982551884,3,1,0.026922617695243015,1,1,0,0,0,0
CUST_2388,OFFER_0147,444,0.7913310045743791,3,1,0.09818382401443378,1,1,0,0,0,0
CUST_0792,OFFER_0812,466,0.8019660009719608,2,1,0.10881882041201553,1,0,0,0,0,0
CUST_0838,OFFER_0665,445,0.7601330219684637,2,1,0.06698584140851835,1,0,0,0,0,0
CUST_0050,OFFER_0638,568,1.8418455355569803,2,1,1.148698354997035,1,0,0,0,0,1
CUST_2919,OFFER_0251,571,1.9242915939048615,2,1,1.2311444133449163,1,0,0,0,0,1
CUST_1030,OFFER_0340,442,0.7556471805599453,2,1,0.0625,1,0,0,0,0,1
CUST_2508,OFFER_0167,587,3.3658433349809633,3,1,2.672696154421018,1,1,0,0,0,1
CUST_0693,OFFER_0411,442,0.7556471805599453,2,1,0.0625,1,0,0,0,0,1
CUST_0617,OFFER_1140,268,0.694268956297247,2,1,0.001121775737301793,1,0,0,0,0,0
CUST_1428,OFFER_0581,318,0.6967085965308758,2,1,0.0035614159709305357,1,0,0,0,0,0
CUST_0033,OFFER_1308,288,0.6949278885454105,2,1,0.0017807079854652676,1,0,0,0,0,0
CUST_1044,OFFER_0217,283,0.6947336110215786,2,1,0.001586430461633274,1,0,0,0,0,0
CUST_0054,OFFER_0778,468,0.8071124916297223,2,1,0.11396531106977709,1,0,0,0,0,1
CUST_0849,OFFER_0690,309,0.6974863335451599,3,1,0.004339152985214545,1,1,0,0,0,0
CUST_1644,OFFER_0841,432,0.7427534634339515,2,1,0.04960628287400622,1,0,0,0,0,0
CUST_0456,OFFER_0201,244,0.6941136170180309,3,1,0.0009664364580856167,1,1,0,0,0,0
CUST_1098,OFFER_0629,514,1.023024158253169,2,1,0.32987697769322366,1,0,0,0,0,1
CUST_0678,OFFER_1180,398,0.7270675533124542,3,1,0.033920372752508865,1,1,0,0,0,0
CUST_1398,OFFER_1090,460,0.7878794659668452,2,1,0.09473228540689993,1,0,0,0,0,0
CUST_0157,OFFER_0076,443,0.7571080488097437,2,1,0.06396086824979844,1,0,0,0,0,1
CUST_1889,OFFER_1059,308,0.695973878289321,2,1,0.0028266977293757403,1,0,0,0,0,0
CUST_2071,OFFER_0553,326,0.6995738894253435,3,1,0.006426708865398204,1,1,0,0,0,0
CUST_2943,OFFER_1036,563,2.1219861806648845,2,2,1.0233738919967748,1,0,0,0,0,1
CUST_1536,OFFER_0788,450,0.8059307776926438,3,1,0.11278359713269848,1,1,0,0,0,1
CUST_1395,OFFER_1247,124,0.6931673146528221,1,1,2.0134092876783674e-05,0,0,1,0,0,0
CUST_2560,OFFER_0301,66,0.6931524521392298,1,1,5.271579284545042e-06,0,0,1,0,0,0
CUST_1344,OFFER_0754,384,0.7340571072326261,5,1,0.04090992667268076,0,0,1,0,0,1
CUST_1295,OFFER_0237,486,0.8658862905559173,2,1,0.172739109995972,1,0,0,0,0,1
CUST_0054,OFFER_0073,396,0.7039433749346935,1,1,0.010796194374748248,1,1,1,0,0,0
CUST_0866,OFFER_0716,517,1.0467005711532191,2,1,0.3535533905932738,1,0,0,0,0,1
CUST_0203,OFFER_1180,357,0.6975317979361538,1,1,0.00438461737620849,1,1,1,0,0,0
CUST_1555,OFFER_0529,295,0.6952404881039614,2,1,0.0020933075440161997,1,0,0,0,0,0
CUST_0181,OFFER_0272,318,0.6967085965308758,2,1,0.0035614159709305357,1,0,0,0,0,0
CUST_1398,OFFER_0068,460,0.8352456086702952,3,1,0.1420984281103499,1,1,0,0,0,1
CUST_1416,OFFER_1180,490,0.882611751373745,2,1,0.18946457081379978,1,0,0,0,0,0
CUST_2341,OFFER_0201,245,0.6938065311195977,2,1,0.0006593505596524369,1,0,0,0,0,0
CUST_0375,OFFER_0529,293,0.6961453462591546,3,1,0.002998165699209303,1,1,0,0,0,0
CUST_2206,OFFER_0233,521,1.080933371018379,2,1,0.3877861904584337,1,0,0,0,0,1
CUST_0487,OFFER_0102,321,0.6988727272499897,3,1,0.005725546690044412,1,1,0,0,0,0
CUST_0722,OFFER_0904,176,0.6932141254439599,1,1,6.694488401456465e-05,0,0,1,0,0,0
CUST_2656,OFFER_0049,540,1.2946596986010037,2,1,0.6015125180410584,1,0,0,0,0,1
CUST_1416,OFFER_0156,490,0.882611751373745,2,1,0.18946457081379978,1,0,0,0,0,0
CUST_0446,OFFER_0868,568,1.8418455355569803,2,1,1.148698354997035,1,0,0,0,0,1
CUST_1508,OFFER_0915,307,0.6945282484919503,1,1,0.0013810679320049757,1,1,1,0,0,0
CUST_2122,OFFER_0592,467,0.8045095203274877,2,1,0.11136233976754244,1,0,0,0,0,0
CUST_1720,OFFER_1034,503,0.948990653559139,2,1,0.2558434729991938,1,0,0,0,0,1
CUST_0470,OFFER_0901,430,0.7168302519116703,1,1,0.02368307135172498,1,1,1,0,0,0
CUST_1604,OFFER_0784,531,1.1817271647770682,2,1,0.48857998421712295,1,0,0,0,0,1
CUST_1543,OFFER_0181,275,0.6951252322389025,3,1,0.0019780516789573107,1,1,0,0,0,0
CUST_0557,OFFER_0292,539,1.2809211337017496,2,1,0.5877739531418044,1,0,0,0,0,1
CUST_2963,OFFER_0592,451,0.8085669693110312,3,1,0.11541978875108591,1,1,0,0,0,0
CUST_2341,OFFER_0005,245,0.694136206399424,3,1,0.0009890258394786554,1,1,0,0,0,0
CUST_0298,OFFER_1289,512,1.1656175742705226,3,1,0.47247039371057736,1,1,0,0,0,1
CUST_0082,OFFER_1125,530,1.1705679825151536,2,1,0.47742080195520825,1,0,0,0,0,1
CUST_0961,OFFER_0352,454,0.7756164249832512,2,1,0.0824692444233059,1,0,0,0,0,1
CUST_2322,OFFER_1059,290,0.6959445680714016,3,1,0.0027973875114563,1,1,0,0,0,0
CUST_2899,OFFER_0690,312,0.6977977695793833,3,1,0.004650589019438086,1,1,0,0,0,0
CUST_0212,OFFER_0227,342,0.6993479659191961,2,1,0.006200785359250782,1,0,0,0,0,0
CUST_1628,OFFER_0980,382,0.7322096805599453,5,1,0.03906250000000001,0,0,1,0,0,1
CUST_2071,OFFER_1140,326,0.6974316531368774,2,1,0.004284472576932136,1,0,0,0,0,0
CUST_1539,OFFER_0411,590,2.602830388380778,2,1,1.909683207820833,1,0,0,0,0,1
CUST_2602,OFFER_0313,306,0.6971957534504759,3,1,0.004048572890530595,1,1,0,0,0,0
CUST_1676,OFFER_1140,299,0.6954431725644055,2,1,0.002295992004460173,1,0,0,0,0,0
CUST_1705,OFFER_1090,382,0.7087721805599453,2,1,0.015625000000000003,1,0,0,0,0,0
CUST_2669,OFFER_0081,514,1.023024158253169,2,1,0.32987697769322366,1,0,0,0,0,1
CUST_2639,OFFER_1180,275,0.6944658816792502,2,1,0.0013187011193048737,1,0,0,0,0,0
CUST_0806,OFFER_0690,314,0.698017715107657,3,1,0.004870534547711646,1,1,0,0,0,0
CUST_2120,OFFER_0503,395,0.7142463984688232,2,1,0.02109921790887797,1,0,0,0,0,0
CUST_0988,OFFER_1289,529,1.159663676328349,2,1,0.4665164957684037,1,0,0,0,0,1
CUST_0998,OFFER_0145,15,0.6931488030787917,1,1,1.6225188464181062e-06,0,0,1,0,0,0
CUST_1458,OFFER_1010,495,1.012147365916516,3,1,0.3190001853565709,1,1,0,0,0,1
CUST_1175,OFFER_0922,486,0.8658862905559173,2,1,0.172739109995972,1,0,0,0,0,1
CUST_2631,OFFER_0651,310,0.6975877564383938,3,1,0.0044405758784484325,1,1,0,0,0,0
CUST_0662,OFFER_1180,216,0.6933158710970507,1,1,0.00016869053710544143,0,0,1,0,0,0
CUST_2901,OFFER_1154,412,0.7087721805599453,1,1,0.015625000000000007,1,1,1,0,0,0
CUST_2574,OFFER_1210,414,0.7258751218980899,2,1,0.032727941338144606,1,0,0,0,0,0
CUST_1022,OFFER_1323,443,0.789088482934643,3,1,0.09594130237469765,1,1,0,0,0,1
CUST_2545,OFFER_1059,407,0.7349080579727737,3,1,0.04176087741282841,1,1,0,0,0,0
CUST_1841,OFFER_0352,536,1.5157659153309146,3,1,0.8226187347709695,1,1,0,0,0,1
CUST_2418,OFFER_1090,545,1.0307346671019928,1,1,0.3375874865420475,1,1,1,0,0,0
CUST_0888,OFFER_0420,455,0.7775440521954572,2,1,0.08439687163551189,1,0,0,0,0,1
CUST_1676,OFFER_1180,299,0.6965911685666355,3,1,0.0034439880066902593,1,1,0,0,0,0
CUST_0149,OFFER_1180,278,0.695267203856977,3,1,0.002120023297031805,1,1,0,0,0,0
CUST_1068,OFFER_1154,413,0.7251276146848445,2,1,0.03198043412489922,1,0,0,0,0,0
CUST_2278,OFFER_1090,410,0.7080665806210455,1,1,0.01491940006110026,1,1,1,0,0,0
CUST_0566,OFFER_0665,371,0.7052654990117714,2,1,0.012118318451826062,1,0,0,0,0,0
CUST_2106,OFFER_0863,520,1.2615408930013445,3,1,0.5683937124413992,1,1,0,0,0,1
CUST_0477,OFFER_0181,242,0.6940699742976613,3,1,0.0009227937377159711,1,1,0,0,0,0
CUST_2826,OFFER_1241,582,2.2805482325281448,2,1,1.5874010519681994,1,0,0,0,0,1
CUST_0597,OFFER_1154,424,0.7549991138774247,3,1,0.061851933317479416,1,1,0,0,0,0
CUST_2958,OFFER_1308,246,0.6938219427083671,2,1,0.0006747621484217657,1,0,0,0,0,0
CUST_1726,OFFER_0665,369,0.7105037925008034,3,1,0.017356611940858184,1,1,0,0,0,0
CUST_0337,OFFER_0990,153,0.6931865290190652,1,1,3.9348459119860236e-05,0,0,1,0,0,0
CUST_0735,OFFER_0578,532,1.1931471805599454,2,1,0.5,1,0,0,0,0,1
CUST_0557,OFFER_0542,539,1.5748081102726519,3,1,0.8816609297127065,1,1,0,0,0,1
CUST_2170,OFFER_1308,315,0.6948086398586775,1,1,0.0016614592987321392,0,0,1,0,0,0
CUST_1295,OFFER_0818,486,0.8658862905559173,2,1,0.172739109995972,1,0,0,0,0,1
CUST_1398,OFFER_0923,460,0.8352456086702952,3,1,0.1420984281103499,1,1,0,0,0,1
CUST_1398,OFFER_0352,460,0.8352456086702952,3,1,0.1420984281103499,1,1,0,0,0,1
CUST_0866,OFFER_0888,517,1.0467005711532191,2,1,0.3535533905932738,1,0,0,0,0,1
CUST_2353,OFFER_0651,310,0.6961075644789109,2,1,0.0029603839189656215,1,0,0,0,0,0
CUST_1993,OFFER_1154,413,0.7251276146848445,2,1,0.03198043412489922,1,0,0,0,0,0
CUST_1816,OFFER_1235,433,0.820061617490607,5,1,0.1269144369306618,0,0,1,0,0,1
CUST_1409,OFFER_1171,207,0.6932841998529518,1,1,0.0001370192930065154,0,0,1,0,0,0
CUST_2987,OFFER_0005,266,0.6942182987041783,2,1,0.0010711181442330337,1,0,0,0,0,0
CUST_2337,OFFER_0665,310,0.6975877564383938,3,1,0.0044405758784484325,1,1,0,0,0,0
CUST_1794,OFFER_1237,270,0.6943220096967442,2,1,0.0011748291367989422,1,0,0,0,0,0
CUST_2254,OFFER_0871,495,1.012147365916516,3,1,0.3190001853565709,1,1,0,0,0,0
CUST_0303,OFFER_1210,444,1.15968478669525,2,2,0.06107249802714039,1,1,1,0,0,0
CUST_1241,OFFER_0852,118,0.6931647083058406,1,1,1.7527745895340508e-05,0,0,1,0,0,0
CUST_1398,OFFER_0871,460,0.8352456086702952,3,1,0.1420984281103499,1,1,0,0,0,0
CUST_1219,OFFER_0073,423,0.7334400026986821,2,1,0.04029282213873684,1,0,0,0,0,0
CUST_1437,OFFER_1192,548,1.778599108640229,3,1,1.0854519280802837,1,1,0,0,0,1
CUST_0605,OFFER_0592,460,0.8352456086702952,3,1,0.1420984281103499,1,1,0,0,0,0
CUST_2590,OFFER_0005,258,0.6944827115490443,3,1,0.0013355309890989507,1,1,0,0,0,0
CUST_1128,OFFER_0382,412,0.7243971805599453,2,1,0.031250000000000014,1,0,0,0,0,0
CUST_0586,OFFER_0820,514,1.023024158253169,2,1,0.32987697769322366,1,0,0,0,0,1
CUST_1096,OFFER_0595,374,0.7061352726871764,2,1,0.012988092127231059,1,0,0,0,0,0
CUST_1398,OFFER_0880,460,0.7878794659668452,2,1,0.09473228540689993,1,0,0,0,0,1
CUST_2795,OFFER_0877,512,1.1656175742705226,3,1,0.47247039371057736,1,1,0,0,0,1
CUST_2896,OFFER_0859,491,0.8870402757891621,2,1,0.1938930952292168,1,0,0,0,0,1
CUST_1247,OFFER_0762,520,1.0720763221875447,2,1,0.3789291416275995,1,0,0,0,0,1
CUST_0021,OFFER_1067,241,0.6940488976595631,3,1,0.0009017170996178585,1,1,0,0,0,0
CUST_2516,OFFER_1120,319,0.6986141707447313,3,1,0.005466990184785981,1,1,0,0,0,0
CUST_0262,OFFER_1246,235,0.6936705074459494,2,1,0.0005233268860040493,1,0,0,0,0,0
CUST_0927,OFFER_0851,578,1.4167817992801344,1,1,0.7236346187201891,0,0,1,0,0,0
CUST_0941,OFFER_1059,316,0.6965477686978208,2,1,0.0034005881378754853,1,0,0,0,0,0
CUST_1065,OFFER_0009,305,0.695784582798555,2,1,0.0026374022386097453,1,0,0,0,0,0
CUST_0050,OFFER_0877,568,1.8418455355569803,2,1,1.148698354997035,1,0,0,0,0,1
CUST_2969,OFFER_0877,513,1.01548975766984,2,1,0.32234257710989483,1,0,0,0,0,1
CUST_0495,OFFER_0863,465,0.7994805756788023,2,1,0.106333395118857,1,0,0,0,0,1
CUST_1660,OFFER_0503,393,0.7132935916293137,2,1,0.02014641106936842,1,0,0,0,0,0
CUST_0909,OFFER_0382,421,0.731620443476974,2,1,0.03847326291702865,1,0,0,0,0,0
CUST_1180,OFFER_1215,487,0.8699238758565822,2,1,0.1767766952966369,1,0,0,0,0,1
CUST_2495,OFFER_0529,319,0.6986141707447313,3,1,0.005466990184785981,1,1,0,0,0,0
CUST_1834,OFFER_0915,309,0.6960399492167549,2,1,0.002892768656809697,1,0,0,0,0,0
CUST_1065,OFFER_0716,446,0.7616987417908594,2,1,0.0685515612309141,1,0,0,0,0,1
CUST_0302,OFFER_1140,339,0.6989327178735647,2,1,0.005785537313619394,1,0,0,0,0,0
CUST_0741,OFFER_0750,570,1.896172216642062,2,1,1.2030250360821166,1,0,0,0,0,1
CUST_2206,OFFER_0592,521,0.8870402757891621,1,1,0.19389309522921686,1,1,1,0,0,0
CUST_1156,OFFER_0184,331,0.7003609173568881,3,1,0.00721373679694287,1,1,0,0,0,0
CUST_1951,OFFER_0268,447,0.798377997588949,3,1,0.10523081702900369,1,1,0,0,0,1
CUST_2024,OFFER_0251,570,1.896172216642062,2,1,1.2030250360821166,1,0,0,0,0,1
CUST_2186,OFFER_0005,264,0.6946813028101708,3,1,0.0015341222502255278,1,1,0,0,0,0
CUST_0557,OFFER_0354,539,1.2809211337017496,2,1,0.5877739531418044,1,0,0,0,0,1
CUST_2334,OFFER_0227,449,0.7666189247026709,2,1,0.07347174414272556,1,0,0,0,0,0
CUST_2590,OFFER_0980,484,0.8580856694065571,2,1,0.1649384888466118,1,0,0,0,0,1
CUST_1864,OFFER_0581,310,0.6975877564383938,3,1,0.0044405758784484325,1,1,0,0,0,0
CUST_1951,OFFER_0227,447,0.7633010585792811,2,1,0.0701538780193358,1,0,0,0,0,0
CUST_2361,OFFER_1154,415,0.7266401012642044,2,1,0.033492920704259174,1,0,0,0,0,0
CUST_2578,OFFER_1289,440,0.7528247808043463,2,1,0.059677600244401045,1,0,0,0,0,1
CUST_0605,OFFER_0227,481,1.252505340336224,2,2,0.15389305166811457,1,0,0,0,0,0
CUST_2090,OFFER_0877,576,2.075060060527721,2,1,1.381912879967776,1,0,0,0,0,1
CUST_2415,OFFER_1237,231,0.6936243094507824,2,1,0.0004771288908370346,1,0,0,0,0,0
CUST_1727,OFFER_0698,519,1.0634215686315862,2,1,0.37027438807164104,1,0,0,0,0,1
CUST_0446,OFFER_0947,568,1.8418455355569803,2,1,1.148698354997035,1,0,0,0,0,1
CUST_1983,OFFER_0167,568,2.416194713055498,3,1,1.7230475324955528,0,1,0,0,0,1
CUST_1698,OFFER_1140,317,0.6983672902365489,3,1,0.00522010967660355,1,1,0,0,0,0
